IdEquipe,SUP,Tipo,DiaEpoch,UltimaFotoEpoch
503,SUP-7813-24,SP,20458,29459520
503,SUP-7813-24,SP,20458,29459520
523,SUP-7813-24,SP,20458,29459520
503,SUP-7813-24,SP,20458,29459520
523,SUP-7813-24,SP,20459,29460960
503,SUP-7813-24,SP,20459,29460960
503,SUP-7813-24,SP,20460,29462400
527,SUP-8370-25,ST,20460,29462400
447,SUP-8370-25,ST,20460,29462400
510,SUP-8370-25,ST,20460,29462400
523,SUP-7813-24,SP,20461,29463840
527,SUP-8370-25,ST,20461,29463840
447,SUP-8370-25,ST,20461,29463840
527,SUP-8370-25,ST,20461,29463840
510,SUP-8370-25,ST,20461,29463840
447,SUP-8370-25,ST,20461,29463840
447,SUP-8370-25,ST,20461,29463840
527,SUP-8370-25,ST,20461,29463840
510,SUP-8370-25,ST,20461,29463840
447,SUP-8370-25,ST,20461,29463840
447,SUP-8370-25,ST,20461,29463840
527,SUP-8370-25,ST,20461,29463840
510,SUP-8370-25,ST,20461,29463840
447,SUP-8370-25,ST,20461,29463840
527,SUP-8370-25,ST,20461,29463840
510,SUP-8370-25,ST,20461,29463840
447,SUP-8370-25,ST,20461,29463840
447,SUP-8370-25,ST,20461,29463840
510,SUP-8370-25,ST,20461,29463840
527,SUP-8370-25,ST,20461,29463840
503,SUP-7813-24,SP,20462,29465280
447,SUP-8370-25,ST,20462,29465280
527,SUP-8370-25,ST,20462,29465280
447,SUP-8370-25,ST,20462,29465280
510,SUP-8370-25,ST,20462,29465280
527,SUP-8370-25,ST,20462,29465280
447,SUP-8370-25,ST,20462,29465280
527,SUP-8370-25,ST,20462,29465280
510,SUP-8370-25,ST,20462,29465280
447,SUP-8370-25,ST,20462,29465280
510,SUP-8370-25,ST,20462,29465280
447,SUP-8370-25,ST,20462,29465280
527,SUP-8370-25,ST,20462,29465280
447,SUP-8370-25,ST,20462,29465280
510,SUP-8370-25,ST,20462,29465280
527,SUP-8370-25,ST,20462,29465280
447,SUP-8370-25,ST,20462,29465280
510,SUP-8370-25,ST,20462,29465280
447,SUP-8370-25,ST,20462,29465280
527,SUP-8370-25,ST,20462,29465280
527,SUP-8370-25,ST,20462,29465280
447,SUP-8370-25,ST,20462,29465280
510,SUP-8370-25,ST,20462,29465280
527,SUP-8370-25,ST,20462,29465280
527,SUP-8370-25,ST,20463,29466720
447,SUP-8370-25,ST,20463,29466720
527,SUP-8370-25,ST,20463,29466720
527,SUP-8370-25,ST,20463,29466720
447,SUP-8370-25,ST,20463,29466720
510,SUP-8370-25,ST,20463,29466720
527,SUP-8370-25,ST,20463,29466720
447,SUP-8370-25,ST,20463,29466720
527,SUP-8370-25,ST,20463,29466720
447,SUP-8370-25,ST,20463,29466720
510,SUP-8370-25,ST,20463,29466720
527,SUP-8370-25,ST,20463,29466720
447,SUP-8370-25,ST,20464,29468160
447,SUP-8370-25,ST,20464,29468160
527,SUP-8370-25,ST,20464,29468160
447,SUP-8370-25,ST,20464,29468160
527,SUP-8370-25,ST,20464,29468160
527,SUP-8370-25,ST,20464,29468160
447,SUP-8370-25,ST,20464,29468160
447,SUP-8370-25,ST,20464,29468160
527,SUP-8370-25,ST,20464,29468160
447,SUP-8370-25,ST,20464,29468160
527,SUP-8370-25,ST,20464,29468160
447,SUP-8370-25,ST,20464,29468160
527,SUP-8370-25,ST,20464,29468160
447,SUP-8370-25,ST,20464,29468160
527,SUP-8370-25,ST,20464,29468160
447,SUP-8370-25,ST,20464,29468160
527,SUP-8370-25,ST,20464,29468160
447,SUP-8370-25,ST,20464,29468160
565,SUP-8370-25,ST,20465,29469600
565,SUP-8370-25,ST,20465,29469600
565,SUP-8370-25,ST,20465,29469600
565,SUP-8370-25,ST,20465,29469600
565,SUP-8370-25,ST,20465,29469600
565,SUP-8370-25,ST,20465,29469600
565,SUP-8370-25,ST,20465,29469600
565,SUP-8370-25,ST,20465,29469600
565,SUP-8370-25,ST,20465,29469600
527,SUP-8370-25,ST,20465,29469600
527,SUP-8370-25,ST,20465,29469600
527,SUP-8370-25,ST,20465,29469600
527,SUP-8370-25,ST,20465,29469600
527,SUP-8370-25,ST,20465,29469600
527,SUP-8370-25,ST,20466,29471040
558,SUP-8370-25,ST,20466,29471040
527,SUP-8370-25,ST,20466,29471040
558,SUP-8370-25,ST,20466,29471040
527,SUP-8370-25,ST,20466,29471040
558,SUP-8370-25,ST,20466,29471040
527,SUP-8370-25,ST,20466,29471040
558,SUP-8370-25,ST,20466,29471040
527,SUP-8370-25,ST,20466,29471040
558,SUP-8370-25,ST,20466,29471040
527,SUP-8370-25,ST,20466,29471040
558,SUP-8370-25,ST,20466,29471040
558,SUP-8370-25,ST,20466,29471040
527,SUP-8370-25,ST,20466,29471040
527,SUP-8370-25,ST,20466,29471040
558,SUP-8370-25,ST,20466,29471040
565,SUP-8370-25,ST,20467,29472480
565,SUP-8370-25,ST,20467,29472480
527,SUP-8370-25,ST,20467,29472480
565,SUP-8370-25,ST,20467,29472480
527,SUP-8370-25,ST,20467,29472480
565,SUP-8370-25,ST,20467,29472480
527,SUP-8370-25,ST,20467,29472480
565,SUP-8370-25,ST,20467,29472480
565,SUP-8370-25,ST,20467,29472480
527,SUP-8370-25,ST,20467,29472480
527,SUP-8370-25,ST,20467,29472480
565,SUP-8370-25,ST,20467,29472480
527,SUP-8370-25,ST,20467,29472480
565,SUP-8370-25,ST,20467,29472480
527,SUP-8370-25,ST,20467,29472480
527,SUP-8370-25,ST,20467,29472480
523,SUP-6785-23 (SO),SP,20468,29473920
463,SUP-6785-23 (SO),SP,20468,29473920
503,SUP-6785-23 (SO),SP,20468,29473920
527,SUP-8370-25,ST,20468,29473920
527,SUP-8370-25,ST,20468,29473920
558,SUP-8370-25,ST,20468,29473920
527,SUP-8370-25,ST,20468,29473920
558,SUP-8370-25,ST,20468,29473920
527,SUP-8370-25,ST,20468,29473920
558,SUP-8370-25,ST,20468,29473920
527,SUP-8370-25,ST,20468,29473920
558,SUP-8370-25,ST,20468,29473920
527,SUP-8370-25,ST,20468,29473920
558,SUP-8370-25,ST,20468,29473920
527,SUP-8370-25,ST,20468,29473920
558,SUP-8370-25,ST,20468,29473920
558,SUP-8370-25,ST,20468,29473920
558,SUP-8370-25,ST,20468,29473920
468,SUP-6806-23,SM / SM.F / SR,20468,29473920
535,SUP-7722-24,SM / SM.F / SR,20469,29475360
509,SUP-7722-24,SM / SM.F / SR,20469,29475360
503,SUP-6785-23 (SO),SP,20469,29475360
523,SUP-6785-23 (SO),SP,20469,29475360
335,SUP-6806-23,SM / SM.F / SR,20469,29475360
4,SUP-8370-25,SM / SM.F / SR,20469,29475360
121,SUP-8370-25,SM / SM.F / SR,20469,29475360
405,SUP-7128-24,SM / SM.F / SR,20469,29475360
565,SUP-8370-25,ST,20469,29475360
527,SUP-8370-25,ST,20469,29475360
565,SUP-8370-25,ST,20469,29475360
527,SUP-8370-25,ST,20469,29475360
565,SUP-8370-25,ST,20469,29475360
565,SUP-8370-25,ST,20469,29475360
527,SUP-8370-25,ST,20469,29475360
565,SUP-8370-25,ST,20469,29475360
527,SUP-8370-25,ST,20469,29475360
565,SUP-8370-25,ST,20469,29475360
527,SUP-8370-25,ST,20469,29475360
565,SUP-8370-25,ST,20469,29475360
565,SUP-8370-25,ST,20469,29475360
527,SUP-8370-25,ST,20469,29475360
565,SUP-8370-25,ST,20469,29475360
527,SUP-8370-25,ST,20469,29475360
565,SUP-8370-25,ST,20469,29475360
468,SUP-6806-23,SM / SM.F / SR,20469,29475360
463,SUP-6785-23 (SO),SP,20470,29476800
26,SUP-8370-25,SM / SM.F / SR,20470,29476800
364,SUP-8370-25,SM / SM.F / SR,20470,29476800
558,SUP-8370-25,ST,20470,29476800
527,SUP-8370-25,ST,20470,29476800
558,SUP-8370-25,ST,20470,29476800
527,SUP-8370-25,ST,20470,29476800
527,SUP-8370-25,ST,20470,29476800
558,SUP-8370-25,ST,20470,29476800
527,SUP-8370-25,ST,20470,29476800
558,SUP-8370-25,ST,20470,29476800
558,SUP-8370-25,ST,20470,29476800
527,SUP-8370-25,ST,20470,29476800
558,SUP-8370-25,ST,20470,29476800
527,SUP-8370-25,ST,20470,29476800
558,SUP-8370-25,ST,20470,29476800
527,SUP-8370-25,ST,20470,29476800
558,SUP-8370-25,ST,20470,29476800
527,SUP-8370-25,ST,20470,29476800
558,SUP-8370-25,ST,20470,29476800
361,SUP-6806-23,SP,20471,29478240
361,SUP-6806-23,SP,20471,29478240
361,SUP-6806-23,SP,20471,29478240
361,SUP-6806-23,SP,20471,29478240
143,SUP-6806-23,SP,20471,29478240
536,SUP-6806-23,SP,20471,29478240
409,SUP-6806-23,SP,20471,29478240
477,SUP-6806-23,SP,20471,29478240
361,SUP-6806-23,SP,20471,29478240
463,SUP-6785-23 (SO),SP,20471,29478240
463,SUP-6785-23 (SO),SP,20471,29478240
503,SUP-6785-23 (SO),SP,20471,29478240
335,SUP-6806-23,SM / SM.F / SR,20471,29478240
520,SUP-8370-25,SM / SM.F / SR,20471,29478240
378,SUP-8370-25,SM / SM.F / SR,20471,29478240
565,SUP-8370-25,ST,20471,29478240
565,SUP-8370-25,ST,20471,29478240
527,SUP-8370-25,ST,20471,29478240
527,SUP-8370-25,ST,20471,29478240
565,SUP-8370-25,ST,20471,29478240
527,SUP-8370-25,ST,20471,29478240
527,SUP-8370-25,ST,20471,29478240
565,SUP-8370-25,ST,20471,29478240
527,SUP-8370-25,ST,20471,29478240
565,SUP-8370-25,ST,20471,29478240
565,SUP-8370-25,ST,20471,29478240
527,SUP-8370-25,ST,20471,29478240
565,SUP-8370-25,ST,20471,29478240
527,SUP-8370-25,ST,20471,29478240
565,SUP-8370-25,ST,20471,29478240
527,SUP-8370-25,ST,20471,29478240
565,SUP-8370-25,ST,20471,29478240
468,SUP-6806-23,SM / SM.F / SR,20471,29478240
441,SUP-7769-24,SM / SM.F / SR,20472,29479680
340,SUP-7769-24,SM / SM.F / SR,20472,29479680
441,SUP-7769-24,SM / SM.F / SR,20472,29479680
509,SUP-7722-24,SM / SM.F / SR,20472,29479680
405,SUP-7722-24,SM / SM.F / SR,20472,29479680
535,SUP-7722-24,SM / SM.F / SR,20472,29479680
337,SUP-7722-24,SM / SM.F / SR,20472,29479680
409,SUP-6806-23,SP,20472,29479680
409,SUP-6806-23,SP,20472,29479680
409,SUP-6806-23,SP,20472,29479680
409,SUP-6806-23,SP,20472,29479680
409,SUP-6806-23,SP,20472,29479680
477,SUP-6806-23,SP,20472,29479680
409,SUP-6806-23,SP,20472,29479680
361,SUP-6806-23,SP,20472,29479680
519,SUP-6806-23,SP,20472,29479680
463,SUP-6785-23 (SO),SP,20472,29479680
136,SUP-7128-24,SM / SM.F / SR,20472,29479680
373,SUP-7128-24,SM / SM.F / SR,20472,29479680
286,SUP-7813-24,SM / SM.F / SR,20472,29479680
428,SUP-7813-24,SM / SM.F / SR,20472,29479680
558,SUP-8370-25,ST,20472,29479680
527,SUP-8370-25,ST,20472,29479680
558,SUP-8370-25,ST,20472,29479680
527,SUP-8370-25,ST,20472,29479680
558,SUP-8370-25,ST,20472,29479680
527,SUP-8370-25,ST,20472,29479680
527,SUP-8370-25,ST,20472,29479680
558,SUP-8370-25,ST,20472,29479680
558,SUP-8370-25,ST,20472,29479680
558,SUP-8370-25,ST,20472,29479680
527,SUP-8370-25,ST,20472,29479680
558,SUP-8370-25,ST,20472,29479680
527,SUP-8370-25,ST,20472,29479680
558,SUP-8370-25,ST,20472,29479680
527,SUP-8370-25,ST,20472,29479680
527,SUP-8370-25,ST,20472,29479680
527,SUP-8370-25,ST,20472,29479680
558,SUP-8370-25,ST,20472,29479680
355,SUP-6806-23,SM / SM.F / SR,20472,29479680
540,SUP-7769-24,SM / SM.F / SR,20472,29479680
536,SUP-6806-23,SP,20473,29481120
463,SUP-6785-23 (SO),SP,20473,29481120
523,SUP-6785-23 (SO),SP,20473,29481120
463,SUP-6785-23 (SO),SP,20473,29481120
520,SUP-8370-25,SM / SM.F / SR,20473,29481120
565,SUP-8370-25,ST,20473,29481120
565,SUP-8370-25,ST,20473,29481120
565,SUP-8370-25,ST,20473,29481120
477,SUP-6806-23,SP,20473,29481120
455,SUP-7128-24,SP,20473,29481120
257,SUP-8370-25,CPTu,20473,29481120
257,SUP-8370-25,CPTu,20473,29481120
560,SUP-7133-24,SM / SM.F / SR,20473,29481120
561,SUP-7133-24,SM / SM.F / SR,20473,29481120
242,SUP-7133-24,SM / SM.F / SR,20473,29481120
337,SUP-7722-24,SM / SM.F / SR,20474,29482560
509,SUP-7722-24,SP,20474,29482560
478,SUP-6806-23,SP,20474,29482560
409,SUP-6806-23,SP,20474,29482560
361,SUP-6806-23,SP,20474,29482560
143,SUP-6806-23,SP,20474,29482560
79,SUP-8370-25,SM / SM.F / SR,20474,29482560
194,SUP-8370-25,SM / SM.F / SR,20474,29482560
568,SUP-8370-25,SP,20474,29482560
552,SUP-8370-25,SP,20474,29482560
299,SUP-8370-25,SP,20474,29482560
321,SUP-8370-25,SP,20474,29482560
558,SUP-8370-25,ST,20474,29482560
447,SUP-8370-25,ST,20474,29482560
565,SUP-8370-25,ST,20474,29482560
447,SUP-8370-25,ST,20474,29482560
527,SUP-8370-25,ST,20474,29482560
527,SUP-8370-25,ST,20474,29482560
558,SUP-8370-25,ST,20474,29482560
447,SUP-8370-25,ST,20474,29482560
527,SUP-8370-25,ST,20474,29482560
447,SUP-8370-25,ST,20474,29482560
565,SUP-8370-25,ST,20474,29482560
558,SUP-8370-25,ST,20474,29482560
447,SUP-8370-25,ST,20474,29482560
447,SUP-8370-25,ST,20474,29482560
527,SUP-8370-25,ST,20474,29482560
565,SUP-8370-25,ST,20474,29482560
447,SUP-8370-25,ST,20474,29482560
527,SUP-8370-25,ST,20474,29482560
558,SUP-8370-25,ST,20474,29482560
527,SUP-8370-25,ST,20474,29482560
447,SUP-8370-25,ST,20474,29482560
527,SUP-8370-25,ST,20474,29482560
565,SUP-8370-25,ST,20474,29482560
558,SUP-8370-25,ST,20474,29482560
447,SUP-8370-25,ST,20474,29482560
565,SUP-8370-25,ST,20474,29482560
527,SUP-8370-25,ST,20474,29482560
447,SUP-8370-25,ST,20474,29482560
558,SUP-8370-25,ST,20474,29482560
527,SUP-8370-25,ST,20474,29482560
447,SUP-8370-25,ST,20474,29482560
558,SUP-8370-25,ST,20474,29482560
565,SUP-8370-25,ST,20474,29482560
447,SUP-8370-25,ST,20474,29482560
558,SUP-8370-25,ST,20474,29482560
527,SUP-8370-25,ST,20474,29482560
565,SUP-8370-25,ST,20474,29482560
558,SUP-8370-25,ST,20474,29482560
447,SUP-8370-25,ST,20474,29482560
565,SUP-8370-25,ST,20474,29482560
216,SUP-7133-24,SM / SM.F / SR,20474,29482560
455,SUP-7128-24,SP,20474,29482560
468,SUP-6806-23,SM / SM.F / SR,20474,29482560
355,SUP-6806-23,SM / SM.F / SR,20474,29482560
257,SUP-8370-25,CPTu,20474,29482560
257,SUP-8370-25,CPTu,20474,29482560
154,SUP-7128-24,SP,20474,29482560
154,SUP-7128-24,SP,20474,29482560
154,SUP-7128-24,SP,20474,29482560
154,SUP-7128-24,SP,20474,29482560
242,SUP-7133-24,SM / SM.F / SR,20474,29482560
306,SUP-7133-24,SM / SM.F / SR,20474,29482560
335,SUP-6806-23,SM / SM.F / SR,20474,29482560
389,SUP-7722-24,ST,20475,29484000
389,SUP-7722-24,ST,20475,29484000
389,SUP-7722-24,ST,20475,29484000
389,SUP-7722-24,ST,20475,29484000
373,SUP-7722-24,SM / SM.F / SR,20475,29484000
373,SUP-7722-24,SM / SM.F / SR,20475,29484000
136,SUP-7722-24,SM / SM.F / SR,20475,29484000
535,SUP-7722-24,SM / SM.F / SR,20475,29484000
405,SUP-7722-24,SM / SM.F / SR,20475,29484000
509,SUP-7722-24,SP,20475,29484000
503,SUP-6785-23 (SO),SP,20475,29484000
463,SUP-8370-25,SP,20475,29484000
523,SUP-8370-25,SP,20475,29484000
463,SUP-8370-25,SP,20475,29484000
503,SUP-8370-25,SP,20475,29484000
557,SUP-8370-25,SP,20475,29484000
552,SUP-8370-25,SP,20475,29484000
321,SUP-8370-25,SP,20475,29484000
299,SUP-8370-25,SP,20475,29484000
321,SUP-8370-25,SP,20475,29484000
299,SUP-8370-25,SP,20475,29484000
297,SUP-6806-23,VT,20475,29484000
297,SUP-6806-23,CPTu,20475,29484000
297,SUP-6806-23,VT,20475,29484000
257,SUP-8370-25,CPTu,20475,29484000
353,SUP-7813-24,ST,20475,29484000
513,SUP-7813-24,ST,20475,29484000
353,SUP-7813-24,ST,20475,29484000
353,SUP-7813-24,ST,20475,29484000
513,SUP-7813-24,ST,20475,29484000
389,SUP-7128-24,ST,20475,29484000
389,SUP-7128-24,ST,20475,29484000
389,SUP-7128-24,ST,20475,29484000
389,SUP-7128-24,ST,20475,29484000
389,SUP-7128-24,ST,20475,29484000
565,SUP-8370-25,ST,20475,29484000
447,SUP-8370-25,ST,20475,29484000
558,SUP-8370-25,ST,20475,29484000
565,SUP-8370-25,ST,20475,29484000
447,SUP-8370-25,ST,20475,29484000
558,SUP-8370-25,ST,20475,29484000
565,SUP-8370-25,ST,20475,29484000
447,SUP-8370-25,ST,20475,29484000
558,SUP-8370-25,ST,20475,29484000
527,SUP-8370-25,ST,20475,29484000
558,SUP-8370-25,ST,20475,29484000
447,SUP-8370-25,ST,20475,29484000
558,SUP-8370-25,ST,20475,29484000
565,SUP-8370-25,ST,20475,29484000
447,SUP-8370-25,ST,20475,29484000
527,SUP-8370-25,ST,20475,29484000
558,SUP-8370-25,ST,20475,29484000
565,SUP-8370-25,ST,20475,29484000
565,SUP-8370-25,ST,20475,29484000
447,SUP-8370-25,ST,20475,29484000
558,SUP-8370-25,ST,20475,29484000
565,SUP-8370-25,ST,20475,29484000
527,SUP-8370-25,ST,20475,29484000
447,SUP-8370-25,ST,20475,29484000
565,SUP-8370-25,ST,20475,29484000
447,SUP-8370-25,ST,20475,29484000
447,SUP-8370-25,ST,20475,29484000
565,SUP-8370-25,ST,20475,29484000
558,SUP-8370-25,ST,20475,29484000
447,SUP-8370-25,ST,20475,29484000
565,SUP-8370-25,ST,20475,29484000
477,SUP-6806-23,SP,20475,29484000
536,SUP-6806-23,SP,20475,29484000
519,SUP-6806-23,SP,20475,29484000
361,SUP-6806-23,SP,20475,29484000
409,SUP-6806-23,SP,20475,29484000
470,SUP-7133-24,SP,20475,29484000
470,SUP-7133-24,SP,20475,29484000
276,SUP-7133-24,SP,20475,29484000
470,SUP-7133-24,SP,20475,29484000
470,SUP-7133-24,SP,20475,29484000
455,SUP-7128-24,SP,20475,29484000
468,SUP-6806-23,SM / SM.F / SR,20475,29484000
355,SUP-6806-23,SM / SM.F / SR,20475,29484000
257,SUP-8370-25,CPTu,20475,29484000
154,SUP-7128-24,SP,20475,29484000
154,SUP-7128-24,SP,20475,29484000
154,SUP-7128-24,SP,20475,29484000
531,SUP-7133-24,SP,20475,29484000
531,SUP-7133-24,SP,20475,29484000
531,SUP-7133-24,SP,20475,29484000
26,SUP-8370-25,SM / SM.F / SR,20475,29484000
335,SUP-6806-23,SM / SM.F / SR,20475,29484000
340,SUP-7769-24,SM / SM.F / SR,20476,29485440
362,SUP-7722-24,SM / SM.F / SR,20476,29485440
557,SUP-8370-25,SP,20476,29485440
520,SUP-8370-25,SM / SM.F / SR,20476,29485440
378,SUP-8370-25,SM / SM.F / SR,20476,29485440
321,SUP-8370-25,SP,20476,29485440
552,SUP-8370-25,SP,20476,29485440
568,SUP-8370-25,SP,20476,29485440
299,SUP-8370-25,SP,20476,29485440
571,SUP-8370-25,SP,20476,29485440
568,SUP-8370-25,SP,20476,29485440
552,SUP-8370-25,SP,20476,29485440
321,SUP-8370-25,SP,20476,29485440
571,SUP-8370-25,SP,20476,29485440
299,SUP-8370-25,SP,20476,29485440
297,SUP-6806-23,SH,20476,29485440
297,SUP-6806-23,VT,20476,29485440
297,SUP-6806-23,SH,20476,29485440
297,SUP-6806-23,VT,20476,29485440
329,SUP-EPR_CRISTAIS,SP,20476,29485440
428,SUP-7813-24,SM / SM.F / SR,20476,29485440
353,SUP-7813-24,ST,20476,29485440
513,SUP-7813-24,ST,20476,29485440
353,SUP-7813-24,ST,20476,29485440
513,SUP-7813-24,ST,20476,29485440
353,SUP-7813-24,ST,20476,29485440
513,SUP-7813-24,ST,20476,29485440
353,SUP-7813-24,ST,20476,29485440
513,SUP-7813-24,ST,20476,29485440
353,SUP-7813-24,ST,20476,29485440
389,SUP-7128-24,ST,20476,29485440
389,SUP-7128-24,ST,20476,29485440
389,SUP-7128-24,ST,20476,29485440
389,SUP-7128-24,ST,20476,29485440
389,SUP-7128-24,ST,20476,29485440
389,SUP-7128-24,ST,20476,29485440
389,SUP-7128-24,ST,20476,29485440
558,SUP-8370-25,ST,20476,29485440
527,SUP-8370-25,ST,20476,29485440
558,SUP-8370-25,ST,20476,29485440
527,SUP-8370-25,ST,20476,29485440
447,SUP-8370-25,ST,20476,29485440
565,SUP-8370-25,ST,20476,29485440
558,SUP-8370-25,ST,20476,29485440
527,SUP-8370-25,ST,20476,29485440
565,SUP-8370-25,ST,20476,29485440
558,SUP-8370-25,ST,20476,29485440
447,SUP-8370-25,ST,20476,29485440
565,SUP-8370-25,ST,20476,29485440
527,SUP-8370-25,ST,20476,29485440
565,SUP-8370-25,ST,20476,29485440
558,SUP-8370-25,ST,20476,29485440
565,SUP-8370-25,ST,20476,29485440
447,SUP-8370-25,ST,20476,29485440
558,SUP-8370-25,ST,20476,29485440
558,SUP-8370-25,ST,20476,29485440
565,SUP-8370-25,ST,20476,29485440
558,SUP-8370-25,ST,20476,29485440
447,SUP-8370-25,ST,20476,29485440
558,SUP-8370-25,ST,20476,29485440
558,SUP-8370-25,ST,20476,29485440
565,SUP-8370-25,ST,20476,29485440
447,SUP-8370-25,ST,20476,29485440
558,SUP-8370-25,ST,20476,29485440
527,SUP-8370-25,ST,20476,29485440
558,SUP-8370-25,ST,20476,29485440
565,SUP-8370-25,ST,20476,29485440
527,SUP-8370-25,ST,20476,29485440
447,SUP-8370-25,ST,20476,29485440
558,SUP-8370-25,ST,20476,29485440
565,SUP-8370-25,ST,20476,29485440
558,SUP-8370-25,ST,20476,29485440
447,SUP-8370-25,ST,20476,29485440
527,SUP-8370-25,ST,20476,29485440
565,SUP-8370-25,ST,20476,29485440
447,SUP-8370-25,ST,20476,29485440
558,SUP-8370-25,ST,20476,29485440
527,SUP-8370-25,ST,20476,29485440
447,SUP-8370-25,ST,20476,29485440
565,SUP-8370-25,ST,20476,29485440
536,SUP-6806-23,SP,20476,29485440
361,SUP-6806-23,SP,20476,29485440
143,SUP-6806-23,SP,20476,29485440
409,SUP-6806-23,SP,20476,29485440
470,SUP-7133-24,SP,20476,29485440
276,SUP-7133-24,SP,20476,29485440
470,SUP-7133-24,SP,20476,29485440
257,SUP-8370-25,VT,20476,29485440
154,SUP-7128-24,SP,20476,29485440
154,SUP-7128-24,SP,20476,29485440
154,SUP-7128-24,SP,20476,29485440
531,SUP-7133-24,SP,20476,29485440
531,SUP-7133-24,SP,20476,29485440
26,SUP-8370-25,SM / SM.F / SR,20476,29485440
571,SUP-8370-25,SP,20476,29485440
389,SUP-7722-24,ST,20477,29486880
389,SUP-7722-24,ST,20477,29486880
389,SUP-7722-24,ST,20477,29486880
389,SUP-7722-24,ST,20477,29486880
389,SUP-7722-24,ST,20477,29486880
389,SUP-7722-24,ST,20477,29486880
389,SUP-7722-24,ST,20477,29486880
389,SUP-7722-24,ST,20477,29486880
389,SUP-7722-24,ST,20477,29486880
389,SUP-7722-24,ST,20477,29486880
389,SUP-7722-24,ST,20477,29486880
389,SUP-7722-24,ST,20477,29486880
389,SUP-7722-24,ST,20477,29486880
389,SUP-7722-24,ST,20477,29486880
389,SUP-7722-24,ST,20477,29486880
479,SUP-7722-24,SM / SM.F / SR,20477,29486880
405,SUP-7722-24,SM / SM.F / SR,20477,29486880
337,SUP-7722-24,SM / SM.F / SR,20477,29486880
535,SUP-7722-24,SM / SM.F / SR,20477,29486880
559,SUP-6806-23,SP,20477,29486880
519,SUP-6806-23,SP,20477,29486880
361,SUP-6806-23,SP,20477,29486880
552,SUP-8370-25,SP,20477,29486880
299,SUP-8370-25,SP,20477,29486880
321,SUP-8370-25,SP,20477,29486880
571,SUP-8370-25,SP,20477,29486880
364,SUP-8370-25,SM / SM.F / SR,20477,29486880
409,SUP-6806-23,SP,20477,29486880
536,SUP-6806-23,SP,20477,29486880
297,SUP-6806-23,SH,20477,29486880
297,SUP-6806-23,VT,20477,29486880
257,SUP-8370-25,CPTu,20477,29486880
257,SUP-8370-25,CPTu,20477,29486880
353,SUP-7813-24,ST,20477,29486880
513,SUP-7813-24,ST,20477,29486880
558,SUP-8370-25,ST,20477,29486880
527,SUP-8370-25,ST,20477,29486880
527,SUP-8370-25,ST,20477,29486880
447,SUP-8370-25,ST,20477,29486880
565,SUP-8370-25,ST,20477,29486880
558,SUP-8370-25,ST,20477,29486880
527,SUP-8370-25,ST,20477,29486880
447,SUP-8370-25,ST,20477,29486880
565,SUP-8370-25,ST,20477,29486880
527,SUP-8370-25,ST,20477,29486880
447,SUP-8370-25,ST,20477,29486880
558,SUP-8370-25,ST,20477,29486880
527,SUP-8370-25,ST,20477,29486880
565,SUP-8370-25,ST,20477,29486880
447,SUP-8370-25,ST,20477,29486880
527,SUP-8370-25,ST,20477,29486880
558,SUP-8370-25,ST,20477,29486880
447,SUP-8370-25,ST,20477,29486880
527,SUP-8370-25,ST,20477,29486880
565,SUP-8370-25,ST,20477,29486880
558,SUP-8370-25,ST,20477,29486880
447,SUP-8370-25,ST,20477,29486880
565,SUP-8370-25,ST,20477,29486880
527,SUP-8370-25,ST,20477,29486880
527,SUP-8370-25,ST,20477,29486880
565,SUP-8370-25,ST,20477,29486880
527,SUP-8370-25,ST,20477,29486880
565,SUP-8370-25,ST,20477,29486880
447,SUP-8370-25,ST,20477,29486880
565,SUP-8370-25,ST,20477,29486880
527,SUP-8370-25,ST,20477,29486880
447,SUP-8370-25,ST,20477,29486880
558,SUP-8370-25,ST,20477,29486880
527,SUP-8370-25,ST,20477,29486880
447,SUP-8370-25,ST,20477,29486880
565,SUP-8370-25,ST,20477,29486880
519,SUP-6806-23,SP,20477,29486880
143,SUP-6806-23,SP,20477,29486880
468,SUP-6806-23,SM / SM.F / SR,20477,29486880
355,SUP-6806-23,SM / SM.F / SR,20477,29486880
257,SUP-8370-25,SH,20477,29486880
154,SUP-7128-24,SP,20477,29486880
216,SUP-7133-24,SM / SM.F / SR,20477,29486880
276,SUP-7133-24,SP,20477,29486880
276,SUP-7133-24,SP,20477,29486880
470,SUP-7133-24,SP,20477,29486880
276,SUP-7133-24,SP,20477,29486880
531,SUP-7133-24,SP,20477,29486880
531,SUP-7133-24,SP,20477,29486880
531,SUP-7133-24,SP,20477,29486880
26,SUP-8370-25,SM / SM.F / SR,20477,29486880
121,SUP-8370-25,SM / SM.F / SR,20477,29486880
136,SUP-7128-24,SP,20477,29486880
136,SUP-7128-24,SP,20477,29486880
136,SUP-7128-24,SP,20477,29486880
455,SUP-7722-24,SM / SM.F / SR,20478,29488320
389,SUP-7722-24,ST,20478,29488320
389,SUP-7722-24,ST,20478,29488320
389,SUP-7722-24,ST,20478,29488320
389,SUP-7722-24,ST,20478,29488320
389,SUP-7722-24,ST,20478,29488320
337,SUP-7722-24,SM / SM.F / SR,20478,29488320
509,SUP-7722-24,SP,20478,29488320
509,SUP-7722-24,SP,20478,29488320
509,SUP-7722-24,SP,20478,29488320
509,SUP-7722-24,SP,20478,29488320
509,SUP-7722-24,SP,20478,29488320
509,SUP-7722-24,SP,20478,29488320
559,SUP-6806-23,SP,20478,29488320
478,SUP-6806-23,SP,20478,29488320
378,SUP-8370-25,SM / SM.F / SR,20478,29488320
517,SUP-8370-25,SM / SM.F / SR,20478,29488320
299,SUP-8370-25,SP,20478,29488320
568,SUP-8370-25,SP,20478,29488320
552,SUP-8370-25,SP,20478,29488320
571,SUP-8370-25,SP,20478,29488320
321,SUP-8370-25,SP,20478,29488320
420,SUP-7722-24,SM / SM.F / SR,20478,29488320
512,SUP-7722-24,SM / SM.F / SR,20478,29488320
297,SUP-6806-23,VT,20478,29488320
297,SUP-6806-23,CPTu,20478,29488320
329,SUP-8238-25,SP,20478,29488320
329,SUP-8238-25,SP,20478,29488320
329,SUP-8238-25,SP,20478,29488320
329,SUP-8238-25,SP,20478,29488320
329,SUP-8238-25,SP,20478,29488320
329,SUP-8238-25,SP,20478,29488320
513,SUP-7813-24,ST,20478,29488320
353,SUP-7813-24,ST,20478,29488320
513,SUP-7813-24,ST,20478,29488320
353,SUP-7813-24,ST,20478,29488320
513,SUP-7813-24,ST,20478,29488320
353,SUP-7813-24,ST,20478,29488320
558,SUP-8370-25,ST,20478,29488320
558,SUP-8370-25,ST,20478,29488320
527,SUP-8370-25,ST,20478,29488320
558,SUP-8370-25,ST,20478,29488320
565,SUP-8370-25,ST,20478,29488320
527,SUP-8370-25,ST,20478,29488320
447,SUP-8370-25,ST,20478,29488320
558,SUP-8370-25,ST,20478,29488320
565,SUP-8370-25,ST,20478,29488320
527,SUP-8370-25,ST,20478,29488320
558,SUP-8370-25,ST,20478,29488320
565,SUP-8370-25,ST,20478,29488320
558,SUP-8370-25,ST,20478,29488320
527,SUP-8370-25,ST,20478,29488320
447,SUP-8370-25,ST,20478,29488320
447,SUP-8370-25,ST,20478,29488320
565,SUP-8370-25,ST,20478,29488320
558,SUP-8370-25,ST,20478,29488320
558,SUP-8370-25,ST,20478,29488320
447,SUP-8370-25,ST,20478,29488320
527,SUP-8370-25,ST,20478,29488320
447,SUP-8370-25,ST,20478,29488320
527,SUP-8370-25,ST,20478,29488320
558,SUP-8370-25,ST,20478,29488320
565,SUP-8370-25,ST,20478,29488320
447,SUP-8370-25,ST,20478,29488320
527,SUP-8370-25,ST,20478,29488320
565,SUP-8370-25,ST,20478,29488320
447,SUP-8370-25,ST,20478,29488320
527,SUP-8370-25,ST,20478,29488320
447,SUP-8370-25,ST,20478,29488320
565,SUP-8370-25,ST,20478,29488320
527,SUP-8370-25,ST,20478,29488320
558,SUP-8370-25,ST,20478,29488320
565,SUP-8370-25,ST,20478,29488320
447,SUP-8370-25,ST,20478,29488320
565,SUP-8370-25,ST,20478,29488320
447,SUP-8370-25,ST,20478,29488320
477,SUP-6806-23,SP,20478,29488320
409,SUP-6806-23,SP,20478,29488320
361,SUP-6806-23,SP,20478,29488320
257,SUP-8370-25,CPTu,20478,29488320
509,SUP-7128-24,SP,20478,29488320
470,SUP-7133-24,SP,20478,29488320
470,SUP-7133-24,SP,20478,29488320
470,SUP-7133-24,SP,20478,29488320
470,SUP-7133-24,SP,20478,29488320
470,SUP-7133-24,SP,20478,29488320
276,SUP-7133-24,SP,20478,29488320
531,SUP-7133-24,SP,20478,29488320
531,SUP-7133-24,SP,20478,29488320
26,SUP-8370-25,SM / SM.F / SR,20478,29488320
121,SUP-8370-25,SM / SM.F / SR,20478,29488320
136,SUP-7128-24,SP,20478,29488320
136,SUP-7128-24,SP,20478,29488320
136,SUP-7128-24,SP,20478,29488320
136,SUP-7128-24,SP,20478,29488320
136,SUP-7128-24,SP,20478,29488320
136,SUP-7128-24,SP,20478,29488320
517,SUP-8370-25,SM / SM.F / SR,20478,29488320
389,SUP-7722-24,ST,20479,29489760
389,SUP-7722-24,ST,20479,29489760
389,SUP-7722-24,ST,20479,29489760
389,SUP-7722-24,ST,20479,29489760
389,SUP-7722-24,ST,20479,29489760
389,SUP-7722-24,ST,20479,29489760
389,SUP-7722-24,ST,20479,29489760
389,SUP-7722-24,ST,20479,29489760
389,SUP-7722-24,ST,20479,29489760
389,SUP-7722-24,ST,20479,29489760
559,SUP-6806-23,SP,20479,29489760
559,SUP-6806-23,SP,20479,29489760
478,SUP-6806-23,SP,20479,29489760
557,SUP-8370-25,SP,20479,29489760
378,SUP-8370-25,SM / SM.F / SR,20479,29489760
361,SUP-6806-23,SP,20479,29489760
552,SUP-8370-25,SP,20479,29489760
321,SUP-8370-25,SP,20479,29489760
571,SUP-8370-25,SP,20479,29489760
329,SUP-6785-23 (RA),SP,20479,29489760
409,SUP-6806-23,SP,20479,29489760
536,SUP-6806-23,SP,20479,29489760
477,SUP-6806-23,SP,20479,29489760
297,SUP-6806-23,SH,20479,29489760
297,SUP-6806-23,VT,20479,29489760
353,SUP-7813-24,ST,20479,29489760
513,SUP-7813-24,ST,20479,29489760
353,SUP-7813-24,ST,20479,29489760
513,SUP-7813-24,ST,20479,29489760
353,SUP-7813-24,ST,20479,29489760
513,SUP-7813-24,ST,20479,29489760
353,SUP-7813-24,ST,20479,29489760
513,SUP-7813-24,ST,20479,29489760
353,SUP-7813-24,ST,20479,29489760
513,SUP-7813-24,ST,20479,29489760
353,SUP-7813-24,ST,20479,29489760
513,SUP-7813-24,ST,20479,29489760
353,SUP-7813-24,ST,20479,29489760
513,SUP-7813-24,ST,20479,29489760
527,SUP-8370-25,ST,20479,29489760
558,SUP-8370-25,ST,20479,29489760
527,SUP-8370-25,ST,20479,29489760
558,SUP-8370-25,ST,20479,29489760
565,SUP-8370-25,ST,20479,29489760
558,SUP-8370-25,ST,20479,29489760
558,SUP-8370-25,ST,20479,29489760
558,SUP-8370-25,ST,20479,29489760
527,SUP-8370-25,ST,20479,29489760
565,SUP-8370-25,ST,20479,29489760
558,SUP-8370-25,ST,20479,29489760
558,SUP-8370-25,ST,20479,29489760
565,SUP-8370-25,ST,20479,29489760
527,SUP-8370-25,ST,20479,29489760
565,SUP-8370-25,ST,20479,29489760
527,SUP-8370-25,ST,20479,29489760
558,SUP-8370-25,ST,20479,29489760
527,SUP-8370-25,ST,20479,29489760
565,SUP-8370-25,ST,20479,29489760
558,SUP-8370-25,ST,20479,29489760
565,SUP-8370-25,ST,20479,29489760
527,SUP-8370-25,ST,20479,29489760
565,SUP-8370-25,ST,20479,29489760
558,SUP-8370-25,ST,20479,29489760
527,SUP-8370-25,ST,20479,29489760
565,SUP-8370-25,ST,20479,29489760
558,SUP-8370-25,ST,20479,29489760
335,SUP-6806-23,SM / SM.F / SR,20479,29489760
561,SUP-7133-24,SM / SM.F / SR,20479,29489760
470,SUP-7133-24,SP,20479,29489760
242,SUP-7133-24,SM / SM.F / SR,20479,29489760
470,SUP-7133-24,SP,20479,29489760
154,SUP-7128-24,SP,20479,29489760
154,SUP-7128-24,SP,20479,29489760
216,SUP-7133-24,SM / SM.F / SR,20479,29489760
531,SUP-7133-24,SP,20479,29489760
224,SUP-8370-25,SM / SM.F / SR,20479,29489760
136,SUP-7128-24,SP,20479,29489760
136,SUP-7128-24,SP,20479,29489760
136,SUP-7128-24,SP,20479,29489760
136,SUP-7128-24,SP,20479,29489760
136,SUP-7128-24,SP,20479,29489760
519,SUP-6806-23,SP,20479,29489760
561,SUP-7133-24,SM / SM.F / SR,20479,29489760
216,SUP-7133-24,SM / SM.F / SR,20479,29489760
389,SUP-7722-24,ST,20480,29491200
389,SUP-7722-24,ST,20480,29491200
389,SUP-7722-24,ST,20480,29491200
389,SUP-7722-24,ST,20480,29491200
389,SUP-7722-24,ST,20480,29491200
389,SUP-7722-24,ST,20480,29491200
389,SUP-7722-24,ST,20480,29491200
389,SUP-7722-24,ST,20480,29491200
373,SUP-7722-24,SM / SM.F / SR,20480,29491200
389,SUP-7722-24,ST,20480,29491200
389,SUP-7722-24,ST,20480,29491200
389,SUP-7722-24,ST,20480,29491200
559,SUP-6806-23,SP,20480,29491200
478,SUP-6806-23,SP,20480,29491200
523,SUP-8370-25,SP,20480,29491200
503,SUP-8370-25,SP,20480,29491200
520,SUP-8370-25,SM / SM.F / SR,20480,29491200
361,SUP-6806-23,SP,20480,29491200
552,SUP-8370-25,SP,20480,29491200
571,SUP-8370-25,SP,20480,29491200
571,SUP-8370-25,SP,20480,29491200
571,SUP-8370-25,SP,20480,29491200
299,SUP-8370-25,SP,20480,29491200
552,SUP-8370-25,SP,20480,29491200
321,SUP-8370-25,SP,20480,29491200
568,SUP-8370-25,SP,20480,29491200
297,SUP-6806-23,SH,20480,29491200
297,SUP-6806-23,CPTu,20480,29491200
257,SUP-8370-25,CPTu,20480,29491200
257,SUP-8370-25,CPTu,20480,29491200
428,SUP-7813-24,SM / SM.F / SR,20480,29491200
513,SUP-7813-24,ST,20480,29491200
353,SUP-7813-24,ST,20480,29491200
513,SUP-7813-24,ST,20480,29491200
353,SUP-7813-24,ST,20480,29491200
513,SUP-7813-24,ST,20480,29491200
353,SUP-7813-24,ST,20480,29491200
513,SUP-7813-24,ST,20480,29491200
353,SUP-7813-24,ST,20480,29491200
513,SUP-7813-24,ST,20480,29491200
353,SUP-7813-24,ST,20480,29491200
513,SUP-7813-24,ST,20480,29491200
353,SUP-7813-24,ST,20480,29491200
513,SUP-7813-24,ST,20480,29491200
353,SUP-7813-24,ST,20480,29491200
527,SUP-8370-25,ST,20480,29491200
558,SUP-8370-25,ST,20480,29491200
565,SUP-8370-25,ST,20480,29491200
527,SUP-8370-25,ST,20480,29491200
558,SUP-8370-25,ST,20480,29491200
447,SUP-8370-25,ST,20480,29491200
565,SUP-8370-25,ST,20480,29491200
527,SUP-8370-25,ST,20480,29491200
558,SUP-8370-25,ST,20480,29491200
558,SUP-8370-25,ST,20480,29491200
565,SUP-8370-25,ST,20480,29491200
447,SUP-8370-25,ST,20480,29491200
558,SUP-8370-25,ST,20480,29491200
447,SUP-8370-25,ST,20480,29491200
558,SUP-8370-25,ST,20480,29491200
527,SUP-8370-25,ST,20480,29491200
565,SUP-8370-25,ST,20480,29491200
447,SUP-8370-25,ST,20480,29491200
527,SUP-8370-25,ST,20480,29491200
527,SUP-8370-25,ST,20480,29491200
558,SUP-8370-25,ST,20480,29491200
447,SUP-8370-25,ST,20480,29491200
565,SUP-8370-25,ST,20480,29491200
527,SUP-8370-25,ST,20480,29491200
558,SUP-8370-25,ST,20480,29491200
447,SUP-8370-25,ST,20480,29491200
527,SUP-8370-25,ST,20480,29491200
565,SUP-8370-25,ST,20480,29491200
447,SUP-8370-25,ST,20480,29491200
527,SUP-8370-25,ST,20480,29491200
565,SUP-8370-25,ST,20480,29491200
447,SUP-8370-25,ST,20480,29491200
527,SUP-8370-25,ST,20480,29491200
565,SUP-8370-25,ST,20480,29491200
447,SUP-8370-25,ST,20480,29491200
558,SUP-8370-25,ST,20480,29491200
565,SUP-8370-25,ST,20480,29491200
447,SUP-8370-25,ST,20480,29491200
276,SUP-7133-24,SP,20480,29491200
276,SUP-7133-24,SP,20480,29491200
276,SUP-7133-24,SP,20480,29491200
276,SUP-7133-24,SP,20480,29491200
409,SUP-6806-23,SP,20480,29491200
477,SUP-6806-23,SP,20480,29491200
536,SUP-6806-23,SP,20480,29491200
355,SUP-6806-23,SM / SM.F / SR,20480,29491200
509,SUP-7128-24,SP,20480,29491200
154,SUP-7128-24,SP,20480,29491200
509,SUP-7128-24,SP,20480,29491200
509,SUP-7128-24,SP,20480,29491200
154,SUP-7128-24,SP,20480,29491200
154,SUP-7128-24,SP,20480,29491200
509,SUP-7128-24,SP,20480,29491200
306,SUP-7133-24,SM / SM.F / SR,20480,29491200
26,SUP-8370-25,SM / SM.F / SR,20480,29491200
121,SUP-8370-25,SM / SM.F / SR,20480,29491200
286,SUP-8370-25,SM / SM.F / SR,20480,29491200
224,SUP-8370-25,SM / SM.F / SR,20480,29491200
164,SUP-8370-25,SM / SM.F / SR,20480,29491200
136,SUP-7128-24,SP,20480,29491200
136,SUP-7128-24,SP,20480,29491200
136,SUP-7128-24,SP,20480,29491200
136,SUP-7128-24,SP,20480,29491200
143,SUP-6806-23,SP,20480,29491200
428,SUP-7813-24,SM / SM.F / SR,20480,29491200
557,SUP-6785-23 (SO),SP,20481,29492640
557,SUP-6785-23 (SO),SP,20481,29492640
136,SUP-7722-24,SM / SM.F / SR,20481,29492640
559,SUP-6806-23,SP,20481,29492640
478,SUP-6806-23,SP,20481,29492640
355,SUP-6806-23,SM / SM.F / SR,20481,29492640
463,SUP-8370-25,SP,20481,29492640
520,SUP-8370-25,SM / SM.F / SR,20481,29492640
519,SUP-6806-23,SP,20481,29492640
552,SUP-8370-25,SP,20481,29492640
321,SUP-8370-25,SP,20481,29492640
299,SUP-8370-25,SP,20481,29492640
571,SUP-8370-25,SP,20481,29492640
568,SUP-8370-25,SP,20481,29492640
364,SUP-8370-25,SM / SM.F / SR,20481,29492640
568,SUP-8370-25,SP,20481,29492640
321,SUP-8370-25,SP,20481,29492640
329,SUP-6785-23 (RA),SP,20481,29492640
297,SUP-6806-23,CPTu,20481,29492640
297,SUP-6806-23,CPTu,20481,29492640
353,SUP-7813-24,ST,20481,29492640
513,SUP-7813-24,ST,20481,29492640
513,SUP-7813-24,ST,20481,29492640
353,SUP-7813-24,ST,20481,29492640
513,SUP-7813-24,ST,20481,29492640
353,SUP-7813-24,ST,20481,29492640
513,SUP-7813-24,ST,20481,29492640
513,SUP-7813-24,ST,20481,29492640
513,SUP-7813-24,ST,20481,29492640
353,SUP-7813-24,ST,20481,29492640
513,SUP-7813-24,ST,20481,29492640
353,SUP-7813-24,ST,20481,29492640
513,SUP-7813-24,ST,20481,29492640
353,SUP-7813-24,ST,20481,29492640
558,SUP-8370-25,ST,20481,29492640
565,SUP-8370-25,ST,20481,29492640
558,SUP-8370-25,ST,20481,29492640
565,SUP-8370-25,ST,20481,29492640
558,SUP-8370-25,ST,20481,29492640
565,SUP-8370-25,ST,20481,29492640
447,SUP-8370-25,ST,20481,29492640
558,SUP-8370-25,ST,20481,29492640
558,SUP-8370-25,ST,20481,29492640
447,SUP-8370-25,ST,20481,29492640
565,SUP-8370-25,ST,20481,29492640
447,SUP-8370-25,ST,20481,29492640
447,SUP-8370-25,ST,20481,29492640
558,SUP-8370-25,ST,20481,29492640
447,SUP-8370-25,ST,20481,29492640
558,SUP-8370-25,ST,20481,29492640
447,SUP-8370-25,ST,20481,29492640
565,SUP-8370-25,ST,20481,29492640
447,SUP-8370-25,ST,20481,29492640
565,SUP-8370-25,ST,20481,29492640
558,SUP-8370-25,ST,20481,29492640
447,SUP-8370-25,ST,20481,29492640
565,SUP-8370-25,ST,20481,29492640
565,SUP-8370-25,ST,20481,29492640
447,SUP-8370-25,ST,20481,29492640
565,SUP-8370-25,ST,20481,29492640
447,SUP-8370-25,ST,20481,29492640
558,SUP-8370-25,ST,20481,29492640
565,SUP-8370-25,ST,20481,29492640
335,SUP-6806-23,SM / SM.F / SR,20481,29492640
468,SUP-6806-23,SM / SM.F / SR,20481,29492640
276,SUP-7133-24,SP,20481,29492640
276,SUP-7133-24,SP,20481,29492640
216,SUP-7133-24,SP,20481,29492640
477,SUP-6806-23,SP,20481,29492640
409,SUP-6806-23,SP,20481,29492640
340,SUP-7593-24,SM / SM.F / SR,20481,29492640
154,SUP-7128-24,SP,20481,29492640
535,SUP-7128-24,SM / SM.F / SR,20481,29492640
337,SUP-7128-24,SM / SM.F / SR,20481,29492640
154,SUP-7128-24,SP,20481,29492640
405,SUP-7128-24,SM / SM.F / SR,20481,29492640
479,SUP-7128-24,SM / SM.F / SR,20481,29492640
154,SUP-7128-24,SP,20481,29492640
154,SUP-7128-24,SP,20481,29492640
560,SUP-7133-24,SM / SM.F / SR,20481,29492640
531,SUP-7133-24,SP,20481,29492640
531,SUP-7133-24,SP,20481,29492640
121,SUP-8370-25,SM / SM.F / SR,20481,29492640
26,SUP-8370-25,SM / SM.F / SR,20481,29492640
286,SUP-8370-25,SM / SM.F / SR,20481,29492640
224,SUP-8370-25,SM / SM.F / SR,20481,29492640
143,SUP-6806-23,SP,20481,29492640
520,SUP-8370-25,SM / SM.F / SR,20481,29492640
364,SUP-8370-25,SM / SM.F / SR,20481,29492640
337,SUP-7128-24,SM / SM.F / SR,20481,29492640
535,SUP-7128-24,SM / SM.F / SR,20481,29492640
560,SUP-7133-24,SM / SM.F / SR,20481,29492640
559,SUP-6806-23,SP,20482,29494080
478,SUP-6806-23,SP,20482,29494080
143,SUP-6806-23,SP,20482,29494080
143,SUP-6806-23,SP,20482,29494080
552,SUP-8370-25,SP,20482,29494080
571,SUP-8370-25,SP,20482,29494080
568,SUP-8370-25,SP,20482,29494080
571,SUP-8370-25,SP,20482,29494080
297,SUP-6806-23,SH,20482,29494080
297,SUP-6806-23,VT,20482,29494080
297,SUP-6806-23,CPTu,20482,29494080
257,SUP-8370-25,CPTu,20482,29494080
257,SUP-8370-25,CPTu,20482,29494080
353,SUP-7813-24,ST,20482,29494080
513,SUP-7813-24,ST,20482,29494080
353,SUP-7813-24,ST,20482,29494080
565,SUP-8370-25,ST,20482,29494080
558,SUP-8370-25,ST,20482,29494080
527,SUP-8370-25,ST,20482,29494080
447,SUP-8370-25,ST,20482,29494080
565,SUP-8370-25,ST,20482,29494080
558,SUP-8370-25,ST,20482,29494080
447,SUP-8370-25,ST,20482,29494080
527,SUP-8370-25,ST,20482,29494080
447,SUP-8370-25,ST,20482,29494080
527,SUP-8370-25,ST,20482,29494080
447,SUP-8370-25,ST,20482,29494080
565,SUP-8370-25,ST,20482,29494080
447,SUP-8370-25,ST,20482,29494080
527,SUP-8370-25,ST,20482,29494080
447,SUP-8370-25,ST,20482,29494080
558,SUP-8370-25,ST,20482,29494080
565,SUP-8370-25,ST,20482,29494080
447,SUP-8370-25,ST,20482,29494080
527,SUP-8370-25,ST,20482,29494080
527,SUP-8370-25,ST,20482,29494080
527,SUP-8370-25,ST,20482,29494080
558,SUP-8370-25,ST,20482,29494080
527,SUP-8370-25,ST,20482,29494080
558,SUP-8370-25,ST,20482,29494080
565,SUP-8370-25,ST,20482,29494080
447,SUP-8370-25,ST,20482,29494080
527,SUP-8370-25,ST,20482,29494080
565,SUP-8370-25,ST,20482,29494080
558,SUP-8370-25,ST,20482,29494080
527,SUP-8370-25,ST,20482,29494080
565,SUP-8370-25,ST,20482,29494080
527,SUP-8370-25,ST,20482,29494080
565,SUP-8370-25,ST,20482,29494080
558,SUP-8370-25,ST,20482,29494080
276,SUP-7133-24,SP,20482,29494080
455,SUP-7128-24,SP,20482,29494080
340,SUP-7593-24,SM / SM.F / SR,20482,29494080
441,SUP-7593-24,SM / SM.F / SR,20482,29494080
409,SUP-6806-23,ST,20482,29494080
536,SUP-6806-23,ST,20482,29494080
409,SUP-6806-23,ST,20482,29494080
409,SUP-6806-23,ST,20482,29494080
276,SUP-7133-24,SP,20482,29494080
531,SUP-7133-24,SP,20482,29494080
531,SUP-7133-24,SP,20482,29494080
566,SUP-8360-25,PI,20482,29494080
389,SUP-8360-25,PI,20482,29494080
566,SUP-8360-25,PI,20482,29494080
389,SUP-8360-25,PI,20482,29494080
121,SUP-8370-25,SM / SM.F / SR,20482,29494080
224,SUP-8370-25,SM / SM.F / SR,20482,29494080
286,SUP-8370-25,SM / SM.F / SR,20482,29494080
164,SUP-8370-25,SM / SM.F / SR,20482,29494080
468,SUP-6806-23,SM / SM.F / SR,20482,29494080
519,SUP-6806-23,SP,20482,29494080
361,SUP-6806-23,SP,20482,29494080
340,SUP-7593-24,SM / SM.F / SR,20482,29494080
441,SUP-7593-24,SM / SM.F / SR,20482,29494080
224,SUP-8370-25,SM / SM.F / SR,20482,29494080
468,SUP-6806-23,SM / SM.F / SR,20482,29494080
557,SUP-6785-23 (SO),SP,20483,29495520
373,SUP-7722-24,SM / SM.F / SR,20483,29495520
455,SUP-7722-24,SP,20483,29495520
455,SUP-7722-24,SP,20483,29495520
559,SUP-6806-23,SP,20483,29495520
478,SUP-6806-23,SP,20483,29495520
523,SUP-8370-25,SP,20483,29495520
503,SUP-8370-25,SP,20483,29495520
143,SUP-6806-23,SP,20483,29495520
552,SUP-8370-25,SP,20483,29495520
299,SUP-8370-25,SP,20483,29495520
571,SUP-8370-25,SP,20483,29495520
321,SUP-8370-25,SP,20483,29495520
329,SUP-6785-23 (RA),SP,20483,29495520
297,SUP-6806-23,CPTu,20483,29495520
297,SUP-6806-23,SH,20483,29495520
297,SUP-6806-23,CPTu,20483,29495520
297,SUP-6806-23,SH,20483,29495520
257,SUP-8370-25,CPTu,20483,29495520
513,SUP-7813-24,ST,20483,29495520
353,SUP-7813-24,ST,20483,29495520
527,SUP-8370-25,ST,20483,29495520
527,SUP-8370-25,ST,20483,29495520
527,SUP-8370-25,ST,20483,29495520
565,SUP-8370-25,ST,20483,29495520
558,SUP-8370-25,ST,20483,29495520
447,SUP-8370-25,ST,20483,29495520
558,SUP-8370-25,ST,20483,29495520
565,SUP-8370-25,ST,20483,29495520
447,SUP-8370-25,ST,20483,29495520
565,SUP-8370-25,ST,20483,29495520
558,SUP-8370-25,ST,20483,29495520
527,SUP-8370-25,ST,20483,29495520
527,SUP-8370-25,ST,20483,29495520
527,SUP-8370-25,ST,20483,29495520
565,SUP-8370-25,ST,20483,29495520
558,SUP-8370-25,ST,20483,29495520
447,SUP-8370-25,ST,20483,29495520
527,SUP-8370-25,ST,20483,29495520
447,SUP-8370-25,ST,20483,29495520
565,SUP-8370-25,ST,20483,29495520
558,SUP-8370-25,ST,20483,29495520
565,SUP-8370-25,ST,20483,29495520
558,SUP-8370-25,ST,20483,29495520
527,SUP-8370-25,ST,20483,29495520
558,SUP-8370-25,ST,20483,29495520
565,SUP-8370-25,ST,20483,29495520
558,SUP-8370-25,ST,20483,29495520
565,SUP-8370-25,ST,20483,29495520
276,SUP-7133-24,SP,20483,29495520
276,SUP-7133-24,SP,20483,29495520
216,SUP-7133-24,SP,20483,29495520
216,SUP-7133-24,SP,20483,29495520
216,SUP-7133-24,SP,20483,29495520
216,SUP-7133-24,SP,20483,29495520
455,SUP-7128-24,SP,20483,29495520
455,SUP-7128-24,SP,20483,29495520
257,SUP-8370-25,CPTu,20483,29495520
154,SUP-7128-24,SP,20483,29495520
154,SUP-7128-24,SP,20483,29495520
154,SUP-7128-24,SP,20483,29495520
509,SUP-7128-24,SM / SM.F / SR,20483,29495520
154,SUP-7128-24,SP,20483,29495520
154,SUP-7128-24,SP,20483,29495520
154,SUP-7128-24,SP,20483,29495520
536,SUP-6806-23,ST,20483,29495520
536,SUP-6806-23,ST,20483,29495520
536,SUP-6806-23,ST,20483,29495520
566,SUP-8360-25,PI,20483,29495520
389,SUP-8360-25,PI,20483,29495520
566,SUP-8360-25,PI,20483,29495520
389,SUP-8360-25,PI,20483,29495520
26,SUP-8370-25,SM / SM.F / SR,20483,29495520
26,SUP-8370-25,SM / SM.F / SR,20483,29495520
286,SUP-8370-25,SM / SM.F / SR,20483,29495520
164,SUP-8370-25,SM / SM.F / SR,20483,29495520
468,SUP-6806-23,SM / SM.F / SR,20483,29495520
463,SUP-8370-25,SP,20483,29495520
519,SUP-6806-23,SP,20483,29495520
361,SUP-6806-23,SP,20483,29495520
523,SUP-8370-25,SP,20483,29495520
463,SUP-8370-25,SP,20483,29495520
509,SUP-7128-24,SM / SM.F / SR,20483,29495520
26,SUP-8370-25,SM / SM.F / SR,20483,29495520
468,SUP-6806-23,SM / SM.F / SR,20483,29495520
463,SUP-8370-25,SP,20483,29495520
557,SUP-6785-23 (SO),SP,20484,29496960
455,SUP-7722-24,SM / SM.F / SR,20484,29496960
455,SUP-7722-24,SP,20484,29496960
478,SUP-6806-23,SP,20484,29496960
559,SUP-6806-23,SP,20484,29496960
523,SUP-8370-25,SP,20484,29496960
503,SUP-8370-25,SP,20484,29496960
143,SUP-6806-23,SP,20484,29496960
568,SUP-8370-25,SP,20484,29496960
571,SUP-8370-25,SP,20484,29496960
552,SUP-8370-25,SP,20484,29496960
224,SUP-8370-25,SM / SM.F / SR,20484,29496960
552,SUP-8370-25,SP,20484,29496960
299,SUP-8370-25,SP,20484,29496960
571,SUP-8370-25,SP,20484,29496960
321,SUP-8370-25,SP,20484,29496960
512,SUP-7722-24,SM / SM.F / SR,20484,29496960
257,SUP-8370-25,VT,20484,29496960
257,SUP-8370-25,VT,20484,29496960
513,SUP-7813-24,ST,20484,29496960
353,SUP-7813-24,ST,20484,29496960
513,SUP-7813-24,ST,20484,29496960
353,SUP-7813-24,ST,20484,29496960
513,SUP-7813-24,ST,20484,29496960
353,SUP-7813-24,ST,20484,29496960
297,SUP-6806-23,SH,20484,29496960
297,SUP-6806-23,VT,20484,29496960
297,SUP-6806-23,CPTu,20484,29496960
565,SUP-8370-25,ST,20484,29496960
527,SUP-8370-25,ST,20484,29496960
565,SUP-8370-25,ST,20484,29496960
447,SUP-8370-25,ST,20484,29496960
527,SUP-8370-25,ST,20484,29496960
565,SUP-8370-25,ST,20484,29496960
447,SUP-8370-25,ST,20484,29496960
527,SUP-8370-25,ST,20484,29496960
558,SUP-8370-25,ST,20484,29496960
565,SUP-8370-25,ST,20484,29496960
447,SUP-8370-25,ST,20484,29496960
558,SUP-8370-25,ST,20484,29496960
565,SUP-8370-25,ST,20484,29496960
527,SUP-8370-25,ST,20484,29496960
527,SUP-8370-25,ST,20484,29496960
447,SUP-8370-25,ST,20484,29496960
558,SUP-8370-25,ST,20484,29496960
565,SUP-8370-25,ST,20484,29496960
527,SUP-8370-25,ST,20484,29496960
558,SUP-8370-25,ST,20484,29496960
447,SUP-8370-25,ST,20484,29496960
558,SUP-8370-25,ST,20484,29496960
565,SUP-8370-25,ST,20484,29496960
558,SUP-8370-25,ST,20484,29496960
447,SUP-8370-25,ST,20484,29496960
558,SUP-8370-25,ST,20484,29496960
565,SUP-8370-25,ST,20484,29496960
447,SUP-8370-25,ST,20484,29496960
447,SUP-8370-25,ST,20484,29496960
558,SUP-8370-25,ST,20484,29496960
447,SUP-8370-25,ST,20484,29496960
447,SUP-8370-25,ST,20484,29496960
565,SUP-8370-25,ST,20484,29496960
558,SUP-8370-25,ST,20484,29496960
447,SUP-8370-25,ST,20484,29496960
527,SUP-8370-25,ST,20484,29496960
527,SUP-8370-25,ST,20484,29496960
447,SUP-8370-25,ST,20484,29496960
558,SUP-8370-25,ST,20484,29496960
565,SUP-8370-25,ST,20484,29496960
447,SUP-8370-25,ST,20484,29496960
558,SUP-8370-25,ST,20484,29496960
565,SUP-8370-25,ST,20484,29496960
447,SUP-8370-25,ST,20484,29496960
470,SUP-7133-24,SP,20484,29496960
470,SUP-7133-24,SP,20484,29496960
216,SUP-7133-24,SP,20484,29496960
216,SUP-7133-24,SP,20484,29496960
216,SUP-7133-24,SP,20484,29496960
216,SUP-7133-24,SP,20484,29496960
216,SUP-7133-24,SP,20484,29496960
216,SUP-7133-24,SP,20484,29496960
216,SUP-7133-24,SP,20484,29496960
216,SUP-7133-24,SP,20484,29496960
389,SUP-6806-23,ST,20484,29496960
389,SUP-6806-23,ST,20484,29496960
566,SUP-6806-23,ST,20484,29496960
389,SUP-6806-23,ST,20484,29496960
566,SUP-6806-23,ST,20484,29496960
566,SUP-6806-23,ST,20484,29496960
389,SUP-6806-23,ST,20484,29496960
355,SUP-6806-23,SM / SM.F / SR,20484,29496960
355,SUP-6806-23,SM / SM.F / SR,20484,29496960
335,SUP-7133-24,SM / SM.F / SR,20484,29496960
340,SUP-7593-24,SM / SM.F / SR,20484,29496960
405,SUP-7128-24,SM / SM.F / SR,20484,29496960
337,SUP-7128-24,SM / SM.F / SR,20484,29496960
154,SUP-7128-24,SP,20484,29496960
536,SUP-6806-23,ST,20484,29496960
536,SUP-6806-23,ST,20484,29496960
477,SUP-6806-23,ST,20484,29496960
536,SUP-6806-23,ST,20484,29496960
536,SUP-6806-23,ST,20484,29496960
477,SUP-6806-23,ST,20484,29496960
536,SUP-6806-23,ST,20484,29496960
470,SUP-7133-24,SP,20484,29496960
276,SUP-7133-24,SP,20484,29496960
121,SUP-8370-25,SM / SM.F / SR,20484,29496960
329,SUP-8370-25,SP,20484,29496960
468,SUP-6806-23,SM / SM.F / SR,20484,29496960
378,SUP-8370-25,SM / SM.F / SR,20484,29496960
519,SUP-6806-23,SP,20484,29496960
361,SUP-6806-23,SP,20484,29496960
428,SUP-7813-24,SM / SM.F / SR,20484,29496960
136,SUP-7128-24,SM / SM.F / SR,20484,29496960
373,SUP-7128-24,SM / SM.F / SR,20484,29496960
455,SUP-7722-24,SM / SM.F / SR,20484,29496960
463,SUP-8370-25,SP,20484,29496960
523,SUP-8370-25,SP,20484,29496960
224,SUP-8370-25,SM / SM.F / SR,20484,29496960
568,SUP-8370-25,SP,20484,29496960
571,SUP-8370-25,SP,20484,29496960
512,SUP-7722-24,SM / SM.F / SR,20484,29496960
355,SUP-6806-23,SM / SM.F / SR,20484,29496960
355,SUP-6806-23,SM / SM.F / SR,20484,29496960
340,SUP-7593-24,SM / SM.F / SR,20484,29496960
405,SUP-7128-24,SM / SM.F / SR,20484,29496960
337,SUP-7128-24,SM / SM.F / SR,20484,29496960
121,SUP-8370-25,SM / SM.F / SR,20484,29496960
329,SUP-8370-25,SP,20484,29496960
468,SUP-6806-23,SM / SM.F / SR,20484,29496960
378,SUP-8370-25,SM / SM.F / SR,20484,29496960
361,SUP-6806-23,SP,20484,29496960
519,SUP-6806-23,SP,20484,29496960
428,SUP-7813-24,SM / SM.F / SR,20484,29496960
136,SUP-7128-24,SM / SM.F / SR,20484,29496960
373,SUP-7128-24,SM / SM.F / SR,20484,29496960
559,SUP-6806-23,SP,20485,29498400
478,SUP-6806-23,SP,20485,29498400
463,SUP-8370-25,SP,20485,29498400
523,SUP-8370-25,SP,20485,29498400
523,SUP-8370-25,SP,20485,29498400
523,SUP-8370-25,SP,20485,29498400
210,SUP-8370-25,SM / SM.F / SR,20485,29498400
552,SUP-8370-25,SP,20485,29498400
364,SUP-8370-25,SM / SM.F / SR,20485,29498400
224,SUP-8370-25,SM / SM.F / SR,20485,29498400
299,SUP-8370-25,SP,20485,29498400
552,SUP-8370-25,SP,20485,29498400
321,SUP-8370-25,SP,20485,29498400
257,SUP-8370-25,VT,20485,29498400
353,SUP-7813-24,ST,20485,29498400
513,SUP-7813-24,ST,20485,29498400
513,SUP-7813-24,ST,20485,29498400
353,SUP-7813-24,ST,20485,29498400
513,SUP-7813-24,ST,20485,29498400
353,SUP-7813-24,ST,20485,29498400
353,SUP-7813-24,ST,20485,29498400
353,SUP-7813-24,ST,20485,29498400
513,SUP-7813-24,ST,20485,29498400
353,SUP-7813-24,ST,20485,29498400
513,SUP-7813-24,ST,20485,29498400
297,SUP-6806-23,SH,20485,29498400
297,SUP-6806-23,VT,20485,29498400
297,SUP-6806-23,CPTu,20485,29498400
527,SUP-8370-25,ST,20485,29498400
527,SUP-8370-25,ST,20485,29498400
527,SUP-8370-25,ST,20485,29498400
558,SUP-8370-25,ST,20485,29498400
447,SUP-8370-25,ST,20485,29498400
527,SUP-8370-25,ST,20485,29498400
558,SUP-8370-25,ST,20485,29498400
447,SUP-8370-25,ST,20485,29498400
565,SUP-8370-25,ST,20485,29498400
558,SUP-8370-25,ST,20485,29498400
447,SUP-8370-25,ST,20485,29498400
558,SUP-8370-25,ST,20485,29498400
447,SUP-8370-25,ST,20485,29498400
565,SUP-8370-25,ST,20485,29498400
527,SUP-8370-25,ST,20485,29498400
527,SUP-8370-25,ST,20485,29498400
527,SUP-8370-25,ST,20485,29498400
558,SUP-8370-25,ST,20485,29498400
447,SUP-8370-25,ST,20485,29498400
558,SUP-8370-25,ST,20485,29498400
527,SUP-8370-25,ST,20485,29498400
447,SUP-8370-25,ST,20485,29498400
527,SUP-8370-25,ST,20485,29498400
565,SUP-8370-25,ST,20485,29498400
447,SUP-8370-25,ST,20485,29498400
558,SUP-8370-25,ST,20485,29498400
527,SUP-8370-25,ST,20485,29498400
565,SUP-8370-25,ST,20485,29498400
447,SUP-8370-25,ST,20485,29498400
565,SUP-8370-25,ST,20485,29498400
447,SUP-8370-25,ST,20485,29498400
558,SUP-8370-25,ST,20485,29498400
565,SUP-8370-25,ST,20485,29498400
531,SUP-7133-24,SM / SM.F / SR,20485,29498400
242,SUP-7133-24,SM / SM.F / SR,20485,29498400
216,SUP-7133-24,SP,20485,29498400
389,SUP-6806-23,ST,20485,29498400
389,SUP-6806-23,ST,20485,29498400
389,SUP-6806-23,ST,20485,29498400
566,SUP-6806-23,ST,20485,29498400
389,SUP-6806-23,ST,20485,29498400
389,SUP-6806-23,ST,20485,29498400
566,SUP-6806-23,ST,20485,29498400
389,SUP-6806-23,ST,20485,29498400
566,SUP-6806-23,ST,20485,29498400
389,SUP-6806-23,ST,20485,29498400
257,SUP-8370-25,VT,20485,29498400
257,SUP-8370-25,VT,20485,29498400
540,SUP-7593-24,SM / SM.F / SR,20485,29498400
479,SUP-7128-24,SM / SM.F / SR,20485,29498400
536,SUP-6806-23,ST,20485,29498400
477,SUP-6806-23,ST,20485,29498400
409,SUP-6806-23,ST,20485,29498400
536,SUP-6806-23,ST,20485,29498400
477,SUP-6806-23,ST,20485,29498400
536,SUP-6806-23,ST,20485,29498400
409,SUP-6806-23,ST,20485,29498400
329,SUP-8370-25,SP,20485,29498400
523,SUP-8370-25,SP,20485,29498400
463,SUP-8370-25,SP,20485,29498400
378,SUP-8370-25,SM / SM.F / SR,20485,29498400
519,SUP-6806-23,SP,20485,29498400
559,SUP-6806-23,SP,20486,29499840
478,SUP-6806-23,SP,20486,29499840
559,SUP-6806-23,SP,20486,29499840
503,SUP-8370-25,SP,20486,29499840
503,SUP-8370-25,SP,20486,29499840
503,SUP-8370-25,SP,20486,29499840
571,SUP-8370-25,SP,20486,29499840
299,SUP-8370-25,SP,20486,29499840
571,SUP-8370-25,SP,20486,29499840
552,SUP-8370-25,SP,20486,29499840
321,SUP-8370-25,SP,20486,29499840
164,SUP-8370-25,SM / SM.F / SR,20486,29499840
420,SUP-7722-24,SM / SM.F / SR,20486,29499840
257,SUP-8370-25,VT,20486,29499840
513,SUP-7813-24,ST,20486,29499840
513,SUP-7813-24,ST,20486,29499840
513,SUP-7813-24,ST,20486,29499840
513,SUP-7813-24,ST,20486,29499840
513,SUP-7813-24,ST,20486,29499840
513,SUP-7813-24,ST,20486,29499840
447,SUP-8370-25,ST,20486,29499840
527,SUP-8370-25,ST,20486,29499840
447,SUP-8370-25,ST,20486,29499840
558,SUP-8370-25,ST,20486,29499840
565,SUP-8370-25,ST,20486,29499840
447,SUP-8370-25,ST,20486,29499840
447,SUP-8370-25,ST,20486,29499840
565,SUP-8370-25,ST,20486,29499840
447,SUP-8370-25,ST,20486,29499840
558,SUP-8370-25,ST,20486,29499840
527,SUP-8370-25,ST,20486,29499840
447,SUP-8370-25,ST,20486,29499840
558,SUP-8370-25,ST,20486,29499840
447,SUP-8370-25,ST,20486,29499840
527,SUP-8370-25,ST,20486,29499840
565,SUP-8370-25,ST,20486,29499840
558,SUP-8370-25,ST,20486,29499840
527,SUP-8370-25,ST,20486,29499840
447,SUP-8370-25,ST,20486,29499840
558,SUP-8370-25,ST,20486,29499840
565,SUP-8370-25,ST,20486,29499840
447,SUP-8370-25,ST,20486,29499840
561,SUP-7133-24,SM / SM.F / SR,20486,29499840
306,SUP-7133-24,SM / SM.F / SR,20486,29499840
389,SUP-6806-23,ST,20486,29499840
389,SUP-6806-23,ST,20486,29499840
566,SUP-6806-23,ST,20486,29499840
389,SUP-6806-23,ST,20486,29499840
566,SUP-6806-23,ST,20486,29499840
566,SUP-6806-23,ST,20486,29499840
566,SUP-6806-23,ST,20486,29499840
389,SUP-6806-23,ST,20486,29499840
389,SUP-6806-23,ST,20486,29499840
566,SUP-6806-23,ST,20486,29499840
389,SUP-6806-23,ST,20486,29499840
566,SUP-6806-23,ST,20486,29499840
389,SUP-6806-23,ST,20486,29499840
566,SUP-6806-23,ST,20486,29499840
389,SUP-6806-23,ST,20486,29499840
566,SUP-6806-23,ST,20486,29499840
389,SUP-6806-23,ST,20486,29499840
389,SUP-6806-23,ST,20486,29499840
566,SUP-6806-23,ST,20486,29499840
389,SUP-6806-23,ST,20486,29499840
355,SUP-6806-23,SM / SM.F / SR,20486,29499840
535,SUP-7128-24,SM / SM.F / SR,20486,29499840
509,SUP-7128-24,SM / SM.F / SR,20486,29499840
409,SUP-6806-23,ST,20486,29499840
409,SUP-6806-23,ST,20486,29499840
477,SUP-6806-23,ST,20486,29499840
536,SUP-6806-23,ST,20486,29499840
477,SUP-6806-23,ST,20486,29499840
409,SUP-6806-23,ST,20486,29499840
477,SUP-6806-23,ST,20486,29499840
409,SUP-6806-23,ST,20486,29499840
536,SUP-6806-23,ST,20486,29499840
276,SUP-7133-24,SP,20486,29499840
470,SUP-7133-24,SP,20486,29499840
121,SUP-8370-25,SM / SM.F / SR,20486,29499840
329,SUP-8370-25,SP,20486,29499840
329,SUP-8370-25,SP,20486,29499840
329,SUP-8370-25,SP,20486,29499840
378,SUP-8370-25,SM / SM.F / SR,20486,29499840
143,SUP-6806-23,SP,20486,29499840
143,SUP-6806-23,SP,20486,29499840
297,SUP-6806-23,SH,20486,29499840
297,SUP-6806-23,VT,20486,29499840
297,SUP-6806-23,VT,20486,29499840
297,SUP-6806-23,SH,20486,29499840
335,SUP-7128-24,SM / SM.F / SR,20486,29499840
478,SUP-6806-23,SP,20487,29501280
523,SUP-8370-25,SP,20487,29501280
523,SUP-8370-25,SP,20487,29501280
523,SUP-8370-25,SP,20487,29501280
523,SUP-8370-25,SP,20487,29501280
164,SUP-8370-25,SM / SM.F / SR,20487,29501280
552,SUP-8370-25,SP,20487,29501280
517,SUP-8370-25,SM / SM.F / SR,20487,29501280
299,SUP-8370-25,SP,20487,29501280
321,SUP-8370-25,SP,20487,29501280
571,SUP-8370-25,SP,20487,29501280
299,SUP-8370-25,SP,20487,29501280
568,SUP-8370-25,SP,20487,29501280
224,SUP-8370-25,SM / SM.F / SR,20487,29501280
257,SUP-8370-25,VT,20487,29501280
513,SUP-7813-24,ST,20487,29501280
353,SUP-7813-24,ST,20487,29501280
513,SUP-7813-24,ST,20487,29501280
513,SUP-7813-24,ST,20487,29501280
353,SUP-7813-24,ST,20487,29501280
513,SUP-7813-24,ST,20487,29501280
513,SUP-7813-24,ST,20487,29501280
353,SUP-7813-24,ST,20487,29501280
154,SUP-7128-24,SP,20487,29501280
154,SUP-7128-24,SP,20487,29501280
527,SUP-8370-25,ST,20487,29501280
447,SUP-8370-25,ST,20487,29501280
527,SUP-8370-25,ST,20487,29501280
527,SUP-8370-25,ST,20487,29501280
527,SUP-8370-25,ST,20487,29501280
447,SUP-8370-25,ST,20487,29501280
565,SUP-8370-25,ST,20487,29501280
447,SUP-8370-25,ST,20487,29501280
527,SUP-8370-25,ST,20487,29501280
447,SUP-8370-25,ST,20487,29501280
558,SUP-8370-25,ST,20487,29501280
565,SUP-8370-25,ST,20487,29501280
447,SUP-8370-25,ST,20487,29501280
558,SUP-8370-25,ST,20487,29501280
447,SUP-8370-25,ST,20487,29501280
565,SUP-8370-25,ST,20487,29501280
527,SUP-8370-25,ST,20487,29501280
447,SUP-8370-25,ST,20487,29501280
558,SUP-8370-25,ST,20487,29501280
527,SUP-8370-25,ST,20487,29501280
565,SUP-8370-25,ST,20487,29501280
527,SUP-8370-25,ST,20487,29501280
558,SUP-8370-25,ST,20487,29501280
565,SUP-8370-25,ST,20487,29501280
527,SUP-8370-25,ST,20487,29501280
447,SUP-8370-25,ST,20487,29501280
560,SUP-7133-24,SM / SM.F / SR,20487,29501280
566,SUP-6806-23,ST,20487,29501280
389,SUP-6806-23,ST,20487,29501280
389,SUP-6806-23,ST,20487,29501280
389,SUP-6806-23,ST,20487,29501280
389,SUP-6806-23,ST,20487,29501280
566,SUP-6806-23,ST,20487,29501280
389,SUP-6806-23,ST,20487,29501280
389,SUP-6806-23,ST,20487,29501280
566,SUP-6806-23,ST,20487,29501280
389,SUP-6806-23,ST,20487,29501280
468,SUP-6806-23,SM / SM.F / SR,20487,29501280
566,SUP-6806-23,ST,20487,29501280
389,SUP-6806-23,ST,20487,29501280
566,SUP-6806-23,ST,20487,29501280
389,SUP-6806-23,ST,20487,29501280
389,SUP-6806-23,ST,20487,29501280
361,SUP-6806-23,SP,20487,29501280
566,SUP-6806-23,ST,20487,29501280
389,SUP-6806-23,ST,20487,29501280
194,SUP-8370-25,SP,20487,29501280
257,SUP-8370-25,SH,20487,29501280
340,SUP-7593-24,SM / SM.F / SR,20487,29501280
337,SUP-7128-24,SM / SM.F / SR,20487,29501280
405,SUP-7128-24,SM / SM.F / SR,20487,29501280
477,SUP-6806-23,ST,20487,29501280
409,SUP-6806-23,ST,20487,29501280
536,SUP-6806-23,ST,20487,29501280
477,SUP-6806-23,ST,20487,29501280
470,SUP-7133-24,SP,20487,29501280
276,SUP-7133-24,SP,20487,29501280
276,SUP-7133-24,SP,20487,29501280
470,SUP-7133-24,SP,20487,29501280
121,SUP-8370-25,SM / SM.F / SR,20487,29501280
373,SUP-7722-24,SM / SM.F / SR,20488,29502720
136,SUP-7722-24,SM / SM.F / SR,20488,29502720
335,SUP-7128-24,SM / SM.F / SR,20488,29502720
463,SUP-8370-25,SP,20488,29502720
299,SUP-8370-25,SP,20488,29502720
568,SUP-8370-25,SP,20488,29502720
568,SUP-8370-25,SP,20488,29502720
571,SUP-8370-25,SP,20488,29502720
568,SUP-8370-25,SP,20488,29502720
nome:Luis Eduardo Alves da Silva Pacífico,SUP-7722-24,SM / SM.F / SR,20488,29502720
441,SUP-7593-24,SP,20488,29502720
257,SUP-8370-25,VT,20488,29502720
353,SUP-7813-24,ST,20488,29502720
513,SUP-7813-24,ST,20488,29502720
353,SUP-7813-24,ST,20488,29502720
353,SUP-7813-24,ST,20488,29502720
353,SUP-7813-24,ST,20488,29502720
513,SUP-7813-24,ST,20488,29502720
154,SUP-7128-24,SP,20488,29502720
154,SUP-7128-24,SP,20488,29502720
527,SUP-8370-25,ST,20488,29502720
558,SUP-8370-25,ST,20488,29502720
527,SUP-8370-25,ST,20488,29502720
558,SUP-8370-25,ST,20488,29502720
527,SUP-8370-25,ST,20488,29502720
447,SUP-8370-25,ST,20488,29502720
527,SUP-8370-25,ST,20488,29502720
565,SUP-8370-25,ST,20488,29502720
558,SUP-8370-25,ST,20488,29502720
447,SUP-8370-25,ST,20488,29502720
527,SUP-8370-25,ST,20488,29502720
447,SUP-8370-25,ST,20488,29502720
558,SUP-8370-25,ST,20488,29502720
447,SUP-8370-25,ST,20488,29502720
527,SUP-8370-25,ST,20488,29502720
447,SUP-8370-25,ST,20488,29502720
527,SUP-8370-25,ST,20488,29502720
565,SUP-8370-25,ST,20488,29502720
558,SUP-8370-25,ST,20488,29502720
527,SUP-8370-25,ST,20488,29502720
565,SUP-8370-25,ST,20488,29502720
558,SUP-8370-25,ST,20488,29502720
527,SUP-8370-25,ST,20488,29502720
558,SUP-8370-25,ST,20488,29502720
565,SUP-8370-25,ST,20488,29502720
527,SUP-8370-25,ST,20488,29502720
558,SUP-8370-25,ST,20488,29502720
447,SUP-8370-25,ST,20488,29502720
558,SUP-8370-25,ST,20488,29502720
565,SUP-8370-25,ST,20488,29502720
527,SUP-8370-25,ST,20488,29502720
447,SUP-8370-25,ST,20488,29502720
565,SUP-8370-25,ST,20488,29502720
447,SUP-8370-25,ST,20488,29502720
558,SUP-8370-25,ST,20488,29502720
565,SUP-8370-25,ST,20488,29502720
447,SUP-8370-25,ST,20488,29502720
558,SUP-8370-25,ST,20488,29502720
565,SUP-8370-25,ST,20488,29502720
447,SUP-8370-25,ST,20488,29502720
566,SUP-6806-23,ST,20488,29502720
468,SUP-6806-23,SM / SM.F / SR,20488,29502720
566,SUP-6806-23,ST,20488,29502720
389,SUP-6806-23,ST,20488,29502720
566,SUP-6806-23,ST,20488,29502720
389,SUP-6806-23,ST,20488,29502720
566,SUP-6806-23,ST,20488,29502720
389,SUP-6806-23,ST,20488,29502720
389,SUP-6806-23,ST,20488,29502720
389,SUP-6806-23,ST,20488,29502720
389,SUP-6806-23,ST,20488,29502720
566,SUP-6806-23,ST,20488,29502720
389,SUP-6806-23,ST,20488,29502720
389,SUP-6806-23,ST,20488,29502720
566,SUP-6806-23,ST,20488,29502720
389,SUP-6806-23,ST,20488,29502720
566,SUP-6806-23,ST,20488,29502720
389,SUP-6806-23,ST,20488,29502720
566,SUP-6806-23,ST,20488,29502720
389,SUP-6806-23,ST,20488,29502720
389,SUP-6806-23,ST,20488,29502720
566,SUP-6806-23,ST,20488,29502720
194,SUP-8370-25,SP,20488,29502720
257,SUP-8370-25,VT,20488,29502720
257,SUP-8370-25,SH,20488,29502720
509,SUP-7128-24,SM / SM.F / SR,20488,29502720
276,SUP-7133-24,SP,20488,29502720
409,SUP-6806-23,SP,20488,29502720
477,SUP-6806-23,SP,20488,29502720
409,SUP-6806-23,SP,20488,29502720
143,SUP-6806-23,SP,20488,29502720
536,SUP-6806-23,SP,20488,29502720
519,SUP-6806-23,SP,20488,29502720
143,SUP-6806-23,SP,20488,29502720
143,SUP-6806-23,SP,20488,29502720
143,SUP-6806-23,SP,20488,29502720
143,SUP-6806-23,SP,20488,29502720
519,SUP-6806-23,SP,20488,29502720
361,SUP-6806-23,SP,20488,29502720
378,SUP-8370-25,SM / SM.F / SR,20488,29502720
537,SUP-7722-24,SM / SM.F / SR,20489,29504160
373,SUP-7722-24,SM / SM.F / SR,20489,29504160
164,SUP-8370-25,SM / SM.F / SR,20489,29504160
568,SUP-8370-25,SP,20489,29504160
571,SUP-8370-25,SP,20489,29504160
321,SUP-8370-25,SP,20489,29504160
257,SUP-8370-25,VT,20489,29504160
513,SUP-7813-24,ST,20489,29504160
513,SUP-7813-24,ST,20489,29504160
353,SUP-7813-24,ST,20489,29504160
513,SUP-7813-24,ST,20489,29504160
353,SUP-7813-24,ST,20489,29504160
353,SUP-7813-24,ST,20489,29504160
154,SUP-7128-24,SP,20489,29504160
154,SUP-7128-24,SP,20489,29504160
154,SUP-7128-24,SP,20489,29504160
527,SUP-8370-25,ST,20489,29504160
510,SUP-8370-25,ST,20489,29504160
527,SUP-8370-25,ST,20489,29504160
510,SUP-8370-25,ST,20489,29504160
565,SUP-8370-25,ST,20489,29504160
527,SUP-8370-25,ST,20489,29504160
558,SUP-8370-25,ST,20489,29504160
510,SUP-8370-25,ST,20489,29504160
565,SUP-8370-25,ST,20489,29504160
527,SUP-8370-25,ST,20489,29504160
565,SUP-8370-25,ST,20489,29504160
558,SUP-8370-25,ST,20489,29504160
527,SUP-8370-25,ST,20489,29504160
510,SUP-8370-25,ST,20489,29504160
558,SUP-8370-25,ST,20489,29504160
565,SUP-8370-25,ST,20489,29504160
558,SUP-8370-25,ST,20489,29504160
527,SUP-8370-25,ST,20489,29504160
527,SUP-8370-25,ST,20489,29504160
565,SUP-8370-25,ST,20489,29504160
558,SUP-8370-25,ST,20489,29504160
510,SUP-8370-25,ST,20489,29504160
565,SUP-8370-25,ST,20489,29504160
527,SUP-8370-25,ST,20489,29504160
565,SUP-8370-25,ST,20489,29504160
558,SUP-8370-25,ST,20489,29504160
527,SUP-8370-25,ST,20489,29504160
510,SUP-8370-25,ST,20489,29504160
558,SUP-8370-25,ST,20489,29504160
565,SUP-8370-25,ST,20489,29504160
527,SUP-8370-25,ST,20489,29504160
565,SUP-8370-25,ST,20489,29504160
510,SUP-8370-25,ST,20489,29504160
558,SUP-8370-25,ST,20489,29504160
297,SUP-7133-24,CPTu,20489,29504160
297,SUP-7133-24,VT,20489,29504160
297,SUP-7133-24,CPTu,20489,29504160
566,SUP-6806-23,ST,20489,29504160
389,SUP-6806-23,ST,20489,29504160
389,SUP-6806-23,ST,20489,29504160
566,SUP-6806-23,ST,20489,29504160
79,SUP-8370-25,SP,20489,29504160
194,SUP-8370-25,SP,20489,29504160
79,SUP-8370-25,SP,20489,29504160
194,SUP-8370-25,SP,20489,29504160
194,SUP-8370-25,SP,20489,29504160
79,SUP-8370-25,SP,20489,29504160
257,SUP-8370-25,VT,20489,29504160
540,SUP-7593-24,SM / SM.F / SR,20489,29504160
531,SUP-7133-24,SM / SM.F / SR,20489,29504160
242,SUP-7133-24,SM / SM.F / SR,20489,29504160
297,SUP-7133-24,CPTu,20489,29504160
297,SUP-7133-24,VT,20489,29504160
470,SUP-7133-24,SP,20489,29504160
276,SUP-7133-24,SP,20489,29504160
470,SUP-7133-24,SP,20489,29504160
121,SUP-8370-25,SM / SM.F / SR,20489,29504160
79,SUP-8370-25,SM / SM.F / SR,20489,29504160
26,SUP-8370-25,SM / SM.F / SR,20489,29504160
194,SUP-8370-25,SM / SM.F / SR,20489,29504160
121,SUP-8370-25,SM / SM.F / SR,20489,29504160
26,SUP-8370-25,SM / SM.F / SR,20489,29504160
329,SUP-8370-25,SP,20489,29504160
329,SUP-8370-25,SP,20489,29504160
329,SUP-8370-25,SP,20489,29504160
286,SUP-7813-24,SM / SM.F / SR,20489,29504160
335,SUP-7128-24,SM / SM.F / SR,20489,29504160
531,SUP-7133-24,SM / SM.F / SR,20489,29504160
455,SUP-7722-24,SP,20490,29505600
136,SUP-7722-24,SM / SM.F / SR,20490,29505600
571,SUP-8370-25,SP,20490,29505600
299,SUP-8370-25,SP,20490,29505600
321,SUP-8370-25,SP,20490,29505600
568,SUP-8370-25,SP,20490,29505600
552,SUP-8370-25,SP,20490,29505600
571,SUP-8370-25,SP,20490,29505600
321,SUP-8370-25,SP,20490,29505600
299,SUP-8370-25,SP,20490,29505600
353,SUP-7813-24,ST,20490,29505600
513,SUP-7813-24,ST,20490,29505600
353,SUP-7813-24,ST,20490,29505600
513,SUP-7813-24,ST,20490,29505600
513,SUP-7813-24,ST,20490,29505600
353,SUP-7813-24,ST,20490,29505600
527,SUP-8370-25,ST,20490,29505600
527,SUP-8370-25,ST,20490,29505600
510,SUP-8370-25,ST,20490,29505600
510,SUP-8370-25,ST,20490,29505600
565,SUP-8370-25,ST,20490,29505600
565,SUP-8370-25,ST,20490,29505600
510,SUP-8370-25,ST,20490,29505600
510,SUP-8370-25,ST,20490,29505600
565,SUP-8370-25,ST,20490,29505600
558,SUP-8370-25,ST,20490,29505600
565,SUP-8370-25,ST,20490,29505600
510,SUP-8370-25,ST,20490,29505600
510,SUP-8370-25,ST,20490,29505600
565,SUP-8370-25,ST,20490,29505600
510,SUP-8370-25,ST,20490,29505600
561,SUP-7133-24,SM / SM.F / SR,20490,29505600
560,SUP-7133-24,SM / SM.F / SR,20490,29505600
566,SUP-6806-23,ST,20490,29505600
566,SUP-6806-23,ST,20490,29505600
389,SUP-6806-23,ST,20490,29505600
389,SUP-6806-23,ST,20490,29505600
389,SUP-6806-23,ST,20490,29505600
566,SUP-6806-23,ST,20490,29505600
389,SUP-6806-23,ST,20490,29505600
389,SUP-6806-23,ST,20490,29505600
566,SUP-6806-23,ST,20490,29505600
468,SUP-6806-23,SM / SM.F / SR,20490,29505600
566,SUP-6806-23,ST,20490,29505600
566,SUP-6806-23,ST,20490,29505600
566,SUP-6806-23,ST,20490,29505600
566,SUP-6806-23,ST,20490,29505600
566,SUP-6806-23,ST,20490,29505600
389,SUP-6806-23,ST,20490,29505600
566,SUP-6806-23,ST,20490,29505600
257,SUP-8370-25,VT,20490,29505600
257,SUP-8370-25,VT,20490,29505600
340,SUP-7593-24,SM / SM.F / SR,20490,29505600
337,SUP-7128-24,SM / SM.F / SR,20490,29505600
405,SUP-7128-24,SM / SM.F / SR,20490,29505600
559,SUP-7133-24,SP,20490,29505600
297,SUP-7133-24,SH,20490,29505600
276,SUP-7133-24,SP,20490,29505600
297,SUP-7133-24,VT,20490,29505600
470,SUP-7133-24,SP,20490,29505600
276,SUP-7133-24,SP,20490,29505600
470,SUP-7133-24,SP,20490,29505600
559,SUP-7133-24,SP,20490,29505600
478,SUP-7133-24,SP,20490,29505600
297,SUP-7133-24,CPTu,20490,29505600
121,SUP-8370-25,SM / SM.F / SR,20490,29505600
26,SUP-8370-25,SM / SM.F / SR,20490,29505600
329,SUP-8370-25,SP,20490,29505600
329,SUP-8370-25,SP,20490,29505600
329,SUP-8370-25,SP,20490,29505600
329,SUP-8370-25,SP,20490,29505600
329,SUP-8370-25,SP,20490,29505600
329,SUP-8370-25,SP,20490,29505600
519,SUP-6806-23,SP,20490,29505600
143,SUP-6806-23,SP,20490,29505600
477,SUP-6806-23,SP,20490,29505600
409,SUP-6806-23,SP,20490,29505600
335,SUP-7128-24,SM / SM.F / SR,20490,29505600
455,SUP-7722-24,SP,20491,29507040
552,SUP-8370-25,SP,20491,29507040
321,SUP-8370-25,SP,20491,29507040
571,SUP-8370-25,SP,20491,29507040
552,SUP-8370-25,SP,20491,29507040
299,SUP-8370-25,SP,20491,29507040
568,SUP-8370-25,SP,20491,29507040
299,SUP-8370-25,SP,20491,29507040
571,SUP-8370-25,SP,20491,29507040
321,SUP-8370-25,SP,20491,29507040
447,SUP-8370-25,ST,20491,29507040
447,SUP-8370-25,ST,20491,29507040
447,SUP-8370-25,ST,20491,29507040
441,SUP-7593-24,SP,20491,29507040
441,SUP-7593-24,SP,20491,29507040
527,SUP-8370-25,ST,20491,29507040
527,SUP-8370-25,ST,20491,29507040
527,SUP-8370-25,ST,20491,29507040
513,SUP-7813-24,ST,20491,29507040
353,SUP-7813-24,ST,20491,29507040
447,SUP-8370-25,ST,20491,29507040
306,SUP-7133-24,SM / SM.F / SR,20491,29507040
468,SUP-6806-23,SM / SM.F / SR,20491,29507040
566,SUP-6806-23,ST,20491,29507040
389,SUP-6806-23,ST,20491,29507040
566,SUP-6806-23,ST,20491,29507040
566,SUP-6806-23,ST,20491,29507040
389,SUP-6806-23,ST,20491,29507040
566,SUP-6806-23,ST,20491,29507040
389,SUP-6806-23,ST,20491,29507040
389,SUP-6806-23,ST,20491,29507040
566,SUP-6806-23,ST,20491,29507040
389,SUP-6806-23,ST,20491,29507040
389,SUP-6806-23,ST,20491,29507040
257,SUP-8370-25,SH,20491,29507040
nome:Tiago Henrique Santos Souza,SUP-6806-23,ST,20491,29507040
nome:Tiago Henrique Santos Souza,SUP-6806-23,ST,20491,29507040
nome:Tiago Henrique Santos Souza,SUP-6806-23,ST,20491,29507040
nome:Tiago Henrique Santos Souza,SUP-6806-23,ST,20491,29507040
nome:Tiago Henrique Santos Souza,SUP-6806-23,ST,20491,29507040
531,SUP-7133-24,SP,20491,29507040
297,SUP-7133-24,CPTu,20491,29507040
478,SUP-7133-24,SP,20491,29507040
297,SUP-7133-24,VT,20491,29507040
470,SUP-7133-24,SP,20491,29507040
297,SUP-7133-24,SH,20491,29507040
26,SUP-8370-25,SM / SM.F / SR,20491,29507040
121,SUP-8370-25,SM / SM.F / SR,20491,29507040
329,SUP-8370-25,SP,20491,29507040
503,SUP-8370-25,SP,20491,29507040
582,SUP-8370-25,SP,20491,29507040
463,SUP-8370-25,SP,20491,29507040
510,SUP-8370-25,ST,20491,29507040
565,SUP-8370-25,ST,20491,29507040
510,SUP-8370-25,ST,20491,29507040
565,SUP-8370-25,ST,20491,29507040
565,SUP-8370-25,ST,20491,29507040
510,SUP-8370-25,ST,20491,29507040
565,SUP-8370-25,ST,20491,29507040
510,SUP-8370-25,ST,20491,29507040
565,SUP-8370-25,ST,20491,29507040
510,SUP-8370-25,ST,20491,29507040
455,SUP-7722-24,SP,20492,29508480
455,SUP-7722-24,SP,20492,29508480
455,SUP-7722-24,SP,20492,29508480
455,SUP-7722-24,SP,20492,29508480
537,SUP-7722-24,SP,20492,29508480
136,SUP-7128-24,SM / SM.F / SR,20492,29508480
571,SUP-8370-25,SP,20492,29508480
552,SUP-8370-25,SP,20492,29508480
571,SUP-8370-25,SP,20492,29508480
571,SUP-8370-25,SP,20492,29508480
568,SUP-8370-25,SP,20492,29508480
552,SUP-8370-25,SP,20492,29508480
299,SUP-8370-25,SP,20492,29508480
571,SUP-8370-25,SP,20492,29508480
321,SUP-8370-25,SP,20492,29508480
542,SUP-7722-24,SM / SM.F / SR,20492,29508480
527,SUP-8370-25,ST,20492,29508480
527,SUP-8370-25,ST,20492,29508480
527,SUP-8370-25,ST,20492,29508480
257,SUP-8370-25,VT,20492,29508480
513,SUP-7813-24,PI,20492,29508480
353,SUP-7813-24,PI,20492,29508480
513,SUP-7813-24,PI,20492,29508480
513,SUP-7813-24,PI,20492,29508480
353,SUP-7813-24,ST,20492,29508480
353,SUP-7813-24,ST,20492,29508480
513,SUP-7813-24,PI,20492,29508480
353,SUP-7813-24,ST,20492,29508480
447,SUP-8370-25,ST,20492,29508480
447,SUP-8370-25,ST,20492,29508480
447,SUP-8370-25,ST,20492,29508480
447,SUP-8370-25,ST,20492,29508480
447,SUP-8370-25,ST,20492,29508480
561,SUP-7133-24,SM / SM.F / SR,20492,29508480
409,SUP-6806-23,SP,20492,29508480
143,SUP-6806-23,SP,20492,29508480
361,SUP-6806-23,SP,20492,29508480
477,SUP-6806-23,SP,20492,29508480
361,SUP-6806-23,SP,20492,29508480
536,SUP-6806-23,SP,20492,29508480
409,SUP-6806-23,SP,20492,29508480
519,SUP-6806-23,SP,20492,29508480
143,SUP-6806-23,SP,20492,29508480
566,SUP-6806-23,ST,20492,29508480
566,SUP-6806-23,ST,20492,29508480
566,SUP-6806-23,ST,20492,29508480
566,SUP-6806-23,ST,20492,29508480
566,SUP-6806-23,ST,20492,29508480
566,SUP-6806-23,ST,20492,29508480
257,SUP-8370-25,SH,20492,29508480
nome:Tiago Henrique Santos Souza,SUP-6806-23,ST,20492,29508480
nome:Tiago Henrique Santos Souza,SUP-6806-23,ST,20492,29508480
nome:Tiago Henrique Santos Souza,SUP-6806-23,ST,20492,29508480
509,SUP-7128-24,SM / SM.F / SR,20492,29508480
405,SUP-7128-24,SM / SM.F / SR,20492,29508480
389,SUP-6806-23,ST,20492,29508480
389,SUP-6806-23,ST,20492,29508480
389,SUP-6806-23,ST,20492,29508480
389,SUP-6806-23,ST,20492,29508480
389,SUP-6806-23,ST,20492,29508480
389,SUP-6806-23,ST,20492,29508480
389,SUP-6806-23,ST,20492,29508480
297,SUP-7133-24,SH,20492,29508480
297,SUP-7133-24,VT,20492,29508480
297,SUP-7133-24,SH,20492,29508480
276,SUP-7133-24,SP,20492,29508480
478,SUP-7133-24,SP,20492,29508480
470,SUP-7133-24,SP,20492,29508480
559,SUP-7133-24,SP,20492,29508480
121,SUP-8370-25,SM / SM.F / SR,20492,29508480
26,SUP-8370-25,SM / SM.F / SR,20492,29508480
582,SUP-8370-25,SP,20492,29508480
463,SUP-8370-25,SP,20492,29508480
329,SUP-8370-25,SP,20492,29508480
329,SUP-8370-25,SP,20492,29508480
503,SUP-8370-25,SP,20492,29508480
455,SUP-7722-24,SP,20493,29509920
455,SUP-7722-24,SP,20493,29509920
373,SUP-7722-24,SM / SM.F / SR,20493,29509920
455,SUP-7722-24,SP,20493,29509920
537,SUP-7722-24,SP,20493,29509920
321,SUP-8370-25,SP,20493,29509920
299,SUP-8370-25,SP,20493,29509920
571,SUP-8370-25,SP,20493,29509920
224,SUP-8370-25,SM / SM.F / SR,20493,29509920
321,SUP-8370-25,SP,20493,29509920
568,SUP-8370-25,SP,20493,29509920
552,SUP-8370-25,SP,20493,29509920
321,SUP-8370-25,SP,20493,29509920
512,SUP-7722-24,SM / SM.F / SR,20493,29509920
154,SUP-7128-24,SP,20493,29509920
154,SUP-7128-24,SP,20493,29509920
154,SUP-7128-24,SP,20493,29509920
560,SUP-7133-24,SM / SM.F / SR,20493,29509920
477,SUP-6806-23,SP,20493,29509920
143,SUP-6806-23,SP,20493,29509920
361,SUP-6806-23,SP,20493,29509920
519,SUP-6806-23,SP,20493,29509920
536,SUP-6806-23,SP,20493,29509920
479,SUP-7128-24,SM / SM.F / SR,20493,29509920
566,SUP-6806-23,ST,20493,29509920
566,SUP-6806-23,ST,20493,29509920
389,SUP-6806-23,ST,20493,29509920
566,SUP-6806-23,ST,20493,29509920
389,SUP-6806-23,ST,20493,29509920
389,SUP-6806-23,ST,20493,29509920
389,SUP-6806-23,ST,20493,29509920
566,SUP-6806-23,ST,20493,29509920
566,SUP-6806-23,ST,20493,29509920
566,SUP-6806-23,ST,20493,29509920
389,SUP-6806-23,ST,20493,29509920
389,SUP-6806-23,ST,20493,29509920
389,SUP-6806-23,ST,20493,29509920
566,SUP-6806-23,ST,20493,29509920
389,SUP-6806-23,ST,20493,29509920
242,SUP-7133-24,SM / SM.F / SR,20493,29509920
216,SUP-7133-24,SM / SM.F / SR,20493,29509920
470,SUP-7133-24,SP,20493,29509920
297,SUP-7133-24,SH,20493,29509920
276,SUP-7133-24,SP,20493,29509920
276,SUP-7133-24,SP,20493,29509920
276,SUP-7133-24,SP,20493,29509920
297,SUP-7133-24,CPTu,20493,29509920
470,SUP-7133-24,SP,20493,29509920
478,SUP-7133-24,SP,20493,29509920
559,SUP-7133-24,SP,20493,29509920
121,SUP-8370-25,SM / SM.F / SR,20493,29509920
26,SUP-8370-25,SM / SM.F / SR,20493,29509920
582,SUP-8370-25,SP,20493,29509920
582,SUP-8370-25,SP,20493,29509920
582,SUP-8370-25,SP,20493,29509920
463,SUP-8370-25,SP,20493,29509920
582,SUP-8370-25,SP,20493,29509920
463,SUP-8370-25,SP,20493,29509920
468,SUP-6806-23,SM / SM.F / SR,20493,29509920
428,SUP-7813-24,SM / SM.F / SR,20493,29509920
136,SUP-7722-24,SM / SM.F / SR,20493,29509920
537,SUP-7722-24,SP,20494,29511360
455,SUP-7722-24,SP,20494,29511360
537,SUP-7722-24,SP,20494,29511360
455,SUP-7722-24,SP,20494,29511360
537,SUP-7722-24,SP,20494,29511360
455,SUP-7722-24,SP,20494,29511360
455,SUP-7722-24,SP,20494,29511360
455,SUP-7722-24,SP,20494,29511360
455,SUP-7722-24,SP,20494,29511360
535,SUP-7722-24,SM / SM.F / SR,20494,29511360
353,SUP-7813-24,ST,20494,29511360
513,SUP-7813-24,ST,20494,29511360
353,SUP-7813-24,ST,20494,29511360
335,SUP-7770-24,SM / SM.F / SR,20494,29511360
389,SUP-6806-23,ST,20494,29511360
389,SUP-6806-23,ST,20494,29511360
389,SUP-6806-23,ST,20494,29511360
389,SUP-6806-23,ST,20494,29511360
566,SUP-6806-23,ST,20494,29511360
566,SUP-6806-23,ST,20494,29511360
276,SUP-7133-24,SP,20494,29511360
306,SUP-7133-24,SM / SM.F / SR,20494,29511360
477,SUP-6806-23,SP,20494,29511360
519,SUP-6806-23,SP,20494,29511360
361,SUP-6806-23,SP,20494,29511360
143,SUP-6806-23,SP,20494,29511360
143,SUP-6806-23,SP,20494,29511360
477,SUP-6806-23,SP,20494,29511360
409,SUP-6806-23,SP,20494,29511360
519,SUP-6806-23,SP,20494,29511360
536,SUP-6806-23,SP,20494,29511360
361,SUP-6806-23,SP,20494,29511360
389,SUP-6806-23,ST,20494,29511360
540,SUP-7593-24,SM / SM.F / SR,20494,29511360
276,SUP-7133-24,SP,20494,29511360
297,SUP-7133-24,CPTu,20494,29511360
297,SUP-7133-24,VT,20494,29511360
297,SUP-7133-24,SH,20494,29511360
478,SUP-7133-24,SP,20494,29511360
559,SUP-7133-24,SP,20494,29511360
531,SUP-7133-24,SP,20494,29511360
520,SUP-8370-25,SM / SM.F / SR,20494,29511360
503,SUP-8370-25,SP,20494,29511360
503,SUP-8370-25,SP,20494,29511360
582,SUP-8370-25,SP,20494,29511360
463,SUP-8370-25,SP,20494,29511360
566,SUP-6806-23,ST,20494,29511360
566,SUP-6806-23,ST,20494,29511360
566,SUP-6806-23,ST,20494,29511360
468,SUP-6806-23,SM / SM.F / SR,20494,29511360
286,SUP-7813-24,SM / SM.F / SR,20494,29511360
154,SUP-7128-24,SP,20494,29511360
297,SUP-7133-24,SH,20494,29511360
297,SUP-7133-24,SH,20494,29511360
565,SUP-7128-24,ST,20494,29511360
527,SUP-7128-24,ST,20494,29511360
510,SUP-7128-24,ST,20494,29511360
447,SUP-7128-24,ST,20494,29511360
136,SUP-7722-24,SM / SM.F / SR,20495,29512800
509,SUP-7722-24,SM / SM.F / SR,20495,29512800
503,SUP-8370-25,SP,20495,29512800
503,SUP-8370-25,SP,20495,29512800
503,SUP-8370-25,SP,20495,29512800
503,SUP-8370-25,SP,20495,29512800
582,SUP-8370-25,SP,20495,29512800
463,SUP-8370-25,SP,20495,29512800
503,SUP-8370-25,SP,20495,29512800
299,SUP-8370-25,SP,20495,29512800
210,SUP-8370-25,SM / SM.F / SR,20495,29512800
364,SUP-8370-25,SM / SM.F / SR,20495,29512800
299,SUP-8370-25,SP,20495,29512800
568,SUP-8370-25,SP,20495,29512800
552,SUP-8370-25,SP,20495,29512800
571,SUP-8370-25,SP,20495,29512800
299,SUP-8370-25,SP,20495,29512800
552,SUP-8370-25,SP,20495,29512800
321,SUP-8370-25,SP,20495,29512800
552,SUP-8370-25,SP,20495,29512800
542,SUP-7128-24,SM / SM.F / SR,20495,29512800
335,SUP-7770-24,SM / SM.F / SR,20495,29512800
335,SUP-7770-24,SM / SM.F / SR,20495,29512800
335,SUP-7770-24,SM / SM.F / SR,20495,29512800
335,SUP-7770-24,SM / SM.F / SR,20495,29512800
566,SUP-6806-23,ST,20495,29512800
389,SUP-6806-23,ST,20495,29512800
566,SUP-6806-23,ST,20495,29512800
389,SUP-6806-23,ST,20495,29512800
566,SUP-6806-23,ST,20495,29512800
389,SUP-6806-23,ST,20495,29512800
566,SUP-6806-23,ST,20495,29512800
566,SUP-6806-23,ST,20495,29512800
389,SUP-6806-23,ST,20495,29512800
389,SUP-6806-23,ST,20495,29512800
477,SUP-6806-23,SP,20495,29512800
409,SUP-6806-23,SP,20495,29512800
573,SUP-6806-23,PI,20495,29512800
536,SUP-6806-23,SP,20495,29512800
519,SUP-6806-23,SP,20495,29512800
361,SUP-6806-23,SP,20495,29512800
361,SUP-6806-23,SP,20495,29512800
297,SUP-7133-24,CPTu,20495,29512800
216,SUP-7133-24,SM / SM.F / SR,20495,29512800
531,SUP-7133-24,SP,20495,29512800
242,SUP-7133-24,SM / SM.F / SR,20495,29512800
470,SUP-7133-24,SP,20495,29512800
276,SUP-7133-24,SP,20495,29512800
276,SUP-7133-24,SP,20495,29512800
276,SUP-7133-24,SP,20495,29512800
276,SUP-7133-24,SP,20495,29512800
559,SUP-7133-24,SP,20495,29512800
478,SUP-7133-24,SP,20495,29512800
470,SUP-7133-24,SP,20495,29512800
531,SUP-7133-24,SP,20495,29512800
329,SUP-8360-25,SP,20495,29512800
297,SUP-7133-24,VT,20495,29512800
297,SUP-7133-24,SH,20495,29512800
468,SUP-6806-23,SM / SM.F / SR,20495,29512800
566,SUP-6806-23,ST,20495,29512800
389,SUP-6806-23,ST,20495,29512800
566,SUP-6806-23,ST,20495,29512800
286,SUP-7813-24,SM / SM.F / SR,20495,29512800
297,SUP-7133-24,SH,20495,29512800
527,SUP-7128-24,ST,20495,29512800
527,SUP-7128-24,ST,20495,29512800
510,SUP-7128-24,ST,20495,29512800
565,SUP-7128-24,ST,20495,29512800
455,SUP-7722-24,SM / SM.F / SR,20496,29514240
582,SUP-8370-25,SP,20496,29514240
582,SUP-8370-25,SP,20496,29514240
503,SUP-8370-25,SP,20496,29514240
582,SUP-8370-25,SP,20496,29514240
582,SUP-8370-25,SP,20496,29514240
503,SUP-8370-25,SP,20496,29514240
299,SUP-8370-25,SP,20496,29514240
517,SUP-8370-25,SM / SM.F / SR,20496,29514240
321,SUP-8370-25,SP,20496,29514240
552,SUP-8370-25,SP,20496,29514240
321,SUP-8370-25,SP,20496,29514240
321,SUP-8370-25,SP,20496,29514240
321,SUP-8370-25,SP,20496,29514240
571,SUP-8370-25,SP,20496,29514240
321,SUP-8370-25,SP,20496,29514240
517,SUP-8370-25,SM / SM.F / SR,20496,29514240
552,SUP-8370-25,SP,20496,29514240
571,SUP-8370-25,SP,20496,29514240
321,SUP-8370-25,SP,20496,29514240
527,SUP-7722-24,ST,20496,29514240
527,SUP-7722-24,ST,20496,29514240
527,SUP-7722-24,ST,20496,29514240
510,SUP-7722-24,ST,20496,29514240
510,SUP-7722-24,ST,20496,29514240
527,SUP-7722-24,ST,20496,29514240
510,SUP-7722-24,ST,20496,29514240
510,SUP-7722-24,ST,20496,29514240
527,SUP-7722-24,ST,20496,29514240
510,SUP-7722-24,ST,20496,29514240
527,SUP-7722-24,ST,20496,29514240
510,SUP-7722-24,ST,20496,29514240
527,SUP-7722-24,ST,20496,29514240
510,SUP-7722-24,ST,20496,29514240
510,SUP-7722-24,ST,20496,29514240
527,SUP-7722-24,ST,20496,29514240
510,SUP-7722-24,ST,20496,29514240
565,SUP-7722-24,ST,20496,29514240
565,SUP-7722-24,ST,20496,29514240
565,SUP-7722-24,ST,20496,29514240
565,SUP-7722-24,ST,20496,29514240
565,SUP-7722-24,ST,20496,29514240
565,SUP-7722-24,ST,20496,29514240
565,SUP-7722-24,ST,20496,29514240
565,SUP-7722-24,ST,20496,29514240
565,SUP-7722-24,ST,20496,29514240
565,SUP-7722-24,ST,20496,29514240
565,SUP-7722-24,ST,20496,29514240
420,SUP-7128-24,SM / SM.F / SR,20496,29514240
154,SUP-7128-24,SP,20496,29514240
389,SUP-6806-23,ST,20496,29514240
389,SUP-6806-23,ST,20496,29514240
566,SUP-6806-23,ST,20496,29514240
389,SUP-6806-23,ST,20496,29514240
566,SUP-6806-23,ST,20496,29514240
566,SUP-6806-23,ST,20496,29514240
389,SUP-6806-23,ST,20496,29514240
389,SUP-6806-23,ST,20496,29514240
566,SUP-6806-23,ST,20496,29514240
389,SUP-6806-23,ST,20496,29514240
566,SUP-6806-23,ST,20496,29514240
389,SUP-6806-23,ST,20496,29514240
566,SUP-6806-23,ST,20496,29514240
470,SUP-7133-24,SP,20496,29514240
276,SUP-7133-24,SP,20496,29514240
276,SUP-7133-24,SP,20496,29514240
470,SUP-7133-24,SP,20496,29514240
361,SUP-6806-23,SP,20496,29514240
143,SUP-6806-23,SP,20496,29514240
573,SUP-6806-23,PI,20496,29514240
573,SUP-6806-23,PI,20496,29514240
477,SUP-6806-23,SP,20496,29514240
409,SUP-6806-23,SP,20496,29514240
536,SUP-6806-23,SP,20496,29514240
361,SUP-6806-23,SP,20496,29514240
519,SUP-6806-23,SP,20496,29514240
478,SUP-7133-24,SP,20496,29514240
559,SUP-7133-24,SP,20496,29514240
520,SUP-8370-25,SM / SM.F / SR,20496,29514240
520,SUP-8370-25,SM / SM.F / SR,20496,29514240
520,SUP-8370-25,SM / SM.F / SR,20496,29514240
378,SUP-8370-25,SM / SM.F / SR,20496,29514240
297,SUP-7133-24,CPTu,20496,29514240
297,SUP-7133-24,VT,20496,29514240
175,SUP-7133-24,SH,20496,29514240
566,SUP-6806-23,ST,20496,29514240
561,SUP-7133-24,SM / SM.F / SR,20496,29514240
337,SUP-7128-24,SM / SM.F / SR,20496,29514240
558,SUP-7722-24,ST,20497,29515680
510,SUP-7722-24,ST,20497,29515680
558,SUP-7722-24,ST,20497,29515680
510,SUP-7722-24,ST,20497,29515680
558,SUP-7722-24,ST,20497,29515680
510,SUP-7722-24,ST,20497,29515680
558,SUP-7722-24,ST,20497,29515680
558,SUP-7722-24,ST,20497,29515680
510,SUP-7722-24,ST,20497,29515680
558,SUP-7722-24,ST,20497,29515680
510,SUP-7722-24,ST,20497,29515680
558,SUP-7722-24,ST,20497,29515680
558,SUP-7722-24,ST,20497,29515680
558,SUP-7722-24,ST,20497,29515680
558,SUP-7722-24,ST,20497,29515680
510,SUP-7722-24,ST,20497,29515680
510,SUP-7722-24,ST,20497,29515680
510,SUP-7722-24,ST,20497,29515680
558,SUP-7722-24,ST,20497,29515680
558,SUP-7722-24,ST,20497,29515680
510,SUP-7722-24,ST,20497,29515680
582,SUP-8370-25,SP,20497,29515680
463,SUP-8370-25,SP,20497,29515680
582,SUP-8370-25,SP,20497,29515680
582,SUP-8370-25,SP,20497,29515680
463,SUP-8370-25,SP,20497,29515680
582,SUP-8370-25,SP,20497,29515680
364,SUP-8370-25,SM / SM.F / SR,20497,29515680
571,SUP-8370-25,SP,20497,29515680
571,SUP-8370-25,SP,20497,29515680
571,SUP-8370-25,SP,20497,29515680
571,SUP-8370-25,SP,20497,29515680
571,SUP-8370-25,SP,20497,29515680
321,SUP-8370-25,SP,20497,29515680
164,SUP-8370-25,SM / SM.F / SR,20497,29515680
568,SUP-8370-25,SP,20497,29515680
566,SUP-6806-23,ST,20497,29515680
519,SUP-6806-23,SP,20497,29515680
573,SUP-6806-23,PI,20497,29515680
477,SUP-6806-23,SP,20497,29515680
536,SUP-6806-23,SP,20497,29515680
409,SUP-6806-23,SP,20497,29515680
519,SUP-6806-23,SP,20497,29515680
143,SUP-6806-23,SP,20497,29515680
143,SUP-6806-23,SP,20497,29515680
531,SUP-7133-24,SP,20497,29515680
478,SUP-7133-24,SP,20497,29515680
154,SUP-7128-24,SP,20497,29515680
329,SUP-8360-25,SP,20497,29515680
26,SUP-8370-25,SM / SM.F / SR,20497,29515680
121,SUP-8370-25,SM / SM.F / SR,20497,29515680
79,SUP-8370-25,SM / SM.F / SR,20497,29515680
297,SUP-7133-24,VT,20497,29515680
175,SUP-7133-24,SH,20497,29515680
297,SUP-7133-24,CPTu,20497,29515680
513,SUP-7769-24,ST,20497,29515680
513,SUP-7769-24,ST,20497,29515680
513,SUP-7769-24,ST,20497,29515680
513,SUP-7769-24,ST,20497,29515680
513,SUP-7769-24,ST,20497,29515680
513,SUP-7769-24,ST,20497,29515680
513,SUP-7769-24,ST,20497,29515680
513,SUP-7769-24,ST,20497,29515680
513,SUP-7769-24,ST,20497,29515680
566,SUP-6806-23,ST,20497,29515680
566,SUP-6806-23,ST,20497,29515680
566,SUP-6806-23,ST,20497,29515680
389,SUP-6806-23,ST,20497,29515680
276,SUP-7133-24,SP,20497,29515680
470,SUP-7133-24,SP,20497,29515680
276,SUP-7133-24,SP,20497,29515680
276,SUP-7133-24,SP,20497,29515680
470,SUP-7133-24,SP,20497,29515680
458,SUP-8370-25,SH,20497,29515680
458,SUP-8370-25,SH,20497,29515680
575,SUP-8370-25,VT,20497,29515680
458,SUP-8370-25,SH,20497,29515680
257,SUP-8370-25,CPTu,20497,29515680
575,SUP-8370-25,VT,20497,29515680
458,SUP-8370-25,SH,20497,29515680
257,SUP-8370-25,CPTu,20497,29515680
560,SUP-7133-24,SM / SM.F / SR,20497,29515680
306,SUP-7133-24,SM / SM.F / SR,20497,29515680
468,SUP-6806-23,SM / SM.F / SR,20497,29515680
136,SUP-7722-24,SM / SM.F / SR,20498,29517120
447,SUP-7722-24,ST,20498,29517120
510,SUP-7722-24,ST,20498,29517120
447,SUP-7722-24,ST,20498,29517120
510,SUP-7722-24,ST,20498,29517120
447,SUP-7722-24,ST,20498,29517120
510,SUP-7722-24,ST,20498,29517120
447,SUP-7722-24,ST,20498,29517120
510,SUP-7722-24,ST,20498,29517120
510,SUP-7722-24,ST,20498,29517120
510,SUP-7722-24,ST,20498,29517120
447,SUP-7722-24,ST,20498,29517120
510,SUP-7722-24,ST,20498,29517120
510,SUP-7722-24,ST,20498,29517120
447,SUP-7722-24,ST,20498,29517120
510,SUP-7722-24,ST,20498,29517120
447,SUP-7722-24,ST,20498,29517120
510,SUP-7722-24,ST,20498,29517120
447,SUP-7722-24,ST,20498,29517120
527,SUP-7722-24,ST,20498,29517120
527,SUP-7722-24,ST,20498,29517120
527,SUP-7722-24,ST,20498,29517120
527,SUP-7722-24,ST,20498,29517120
565,SUP-7722-24,ST,20498,29517120
527,SUP-7722-24,ST,20498,29517120
565,SUP-7722-24,ST,20498,29517120
565,SUP-7722-24,ST,20498,29517120
527,SUP-7722-24,ST,20498,29517120
565,SUP-7722-24,ST,20498,29517120
565,SUP-7722-24,ST,20498,29517120
565,SUP-7722-24,ST,20498,29517120
527,SUP-7722-24,ST,20498,29517120
565,SUP-7722-24,ST,20498,29517120
527,SUP-7722-24,ST,20498,29517120
565,SUP-7722-24,ST,20498,29517120
565,SUP-7722-24,ST,20498,29517120
527,SUP-7722-24,ST,20498,29517120
565,SUP-7722-24,ST,20498,29517120
510,SUP-7722-24,ST,20498,29517120
321,SUP-8370-25,SP,20498,29517120
299,SUP-8370-25,SP,20498,29517120
571,SUP-8370-25,SP,20498,29517120
463,SUP-8370-25,SP,20498,29517120
463,SUP-8370-25,SP,20498,29517120
463,SUP-8370-25,SP,20498,29517120
224,SUP-8370-25,SM / SM.F / SR,20498,29517120
568,SUP-8370-25,SP,20498,29517120
568,SUP-8370-25,SP,20498,29517120
568,SUP-8370-25,SP,20498,29517120
568,SUP-8370-25,SP,20498,29517120
568,SUP-8370-25,SP,20498,29517120
542,SUP-7128-24,SM / SM.F / SR,20498,29517120
566,SUP-6806-23,ST,20498,29517120
353,SUP-6806-23,ST,20498,29517120
566,SUP-6806-23,ST,20498,29517120
353,SUP-6806-23,ST,20498,29517120
573,SUP-6806-23,PI,20498,29517120
573,SUP-6806-23,PI,20498,29517120
573,SUP-6806-23,PI,20498,29517120
477,SUP-6806-23,SP,20498,29517120
409,SUP-6806-23,SP,20498,29517120
361,SUP-6806-23,SP,20498,29517120
519,SUP-6806-23,SP,20498,29517120
588,SUP-7593-24,SM / SM.F / SR,20498,29517120
535,SUP-7128-24,SP,20498,29517120
535,SUP-7128-24,SP,20498,29517120
535,SUP-7128-24,SP,20498,29517120
242,SUP-7133-24,SM / SM.F / SR,20498,29517120
216,SUP-7133-24,SM / SM.F / SR,20498,29517120
478,SUP-7133-24,SP,20498,29517120
559,SUP-7133-24,SP,20498,29517120
297,SUP-7133-24,CPTu,20498,29517120
175,SUP-7133-24,SH,20498,29517120
297,SUP-7133-24,VT,20498,29517120
297,SUP-7133-24,VT,20498,29517120
175,SUP-7133-24,SH,20498,29517120
297,SUP-7133-24,CPTu,20498,29517120
513,SUP-7769-24,ST,20498,29517120
513,SUP-7769-24,ST,20498,29517120
513,SUP-7769-24,ST,20498,29517120
513,SUP-7769-24,ST,20498,29517120
513,SUP-7769-24,ST,20498,29517120
513,SUP-7769-24,ST,20498,29517120
513,SUP-7769-24,ST,20498,29517120
513,SUP-7769-24,ST,20498,29517120
513,SUP-7769-24,ST,20498,29517120
513,SUP-7769-24,ST,20498,29517120
513,SUP-7769-24,ST,20498,29517120
566,SUP-6806-23,ST,20498,29517120
389,SUP-6806-23,ST,20498,29517120
389,SUP-6806-23,ST,20498,29517120
566,SUP-6806-23,ST,20498,29517120
353,SUP-6806-23,ST,20498,29517120
566,SUP-6806-23,ST,20498,29517120
353,SUP-6806-23,ST,20498,29517120
389,SUP-6806-23,ST,20498,29517120
566,SUP-6806-23,ST,20498,29517120
389,SUP-6806-23,ST,20498,29517120
353,SUP-6806-23,ST,20498,29517120
389,SUP-6806-23,ST,20498,29517120
566,SUP-6806-23,ST,20498,29517120
353,SUP-6806-23,ST,20498,29517120
566,SUP-6806-23,ST,20498,29517120
389,SUP-6806-23,ST,20498,29517120
353,SUP-6806-23,ST,20498,29517120
389,SUP-6806-23,ST,20498,29517120
353,SUP-6806-23,ST,20498,29517120
566,SUP-6806-23,ST,20498,29517120
566,SUP-6806-23,ST,20498,29517120
566,SUP-6806-23,ST,20498,29517120
276,SUP-7133-24,SP,20498,29517120
470,SUP-7133-24,SP,20498,29517120
276,SUP-7133-24,SP,20498,29517120
470,SUP-7133-24,SP,20498,29517120
575,SUP-8370-25,VT,20498,29517120
458,SUP-8370-25,SH,20498,29517120
575,SUP-8370-25,VT,20498,29517120
458,SUP-8370-25,SH,20498,29517120
458,SUP-8370-25,SH,20498,29517120
575,SUP-8370-25,VT,20498,29517120
257,SUP-8370-25,CPTu,20498,29517120
257,SUP-8370-25,CPTu,20498,29517120
575,SUP-8370-25,VT,20498,29517120
458,SUP-8370-25,SH,20498,29517120
306,SUP-7133-24,SM / SM.F / SR,20498,29517120
468,SUP-6806-23,SM / SM.F / SR,20498,29517120
535,SUP-7128-24,SP,20498,29517120
535,SUP-7128-24,SP,20498,29517120
455,SUP-7722-24,SM / SM.F / SR,20499,29518560
510,SUP-7722-24,ST,20499,29518560
447,SUP-7722-24,ST,20499,29518560
510,SUP-7722-24,ST,20499,29518560
447,SUP-7722-24,ST,20499,29518560
510,SUP-7722-24,ST,20499,29518560
447,SUP-7722-24,ST,20499,29518560
447,SUP-7722-24,ST,20499,29518560
447,SUP-7722-24,ST,20499,29518560
527,SUP-7722-24,ST,20499,29518560
527,SUP-7722-24,ST,20499,29518560
527,SUP-7722-24,ST,20499,29518560
527,SUP-7722-24,ST,20499,29518560
527,SUP-7722-24,ST,20499,29518560
565,SUP-7722-24,ST,20499,29518560
527,SUP-7722-24,ST,20499,29518560
565,SUP-7722-24,ST,20499,29518560
510,SUP-7722-24,ST,20499,29518560
510,SUP-7722-24,ST,20499,29518560
527,SUP-7722-24,ST,20499,29518560
510,SUP-7722-24,ST,20499,29518560
527,SUP-7722-24,ST,20499,29518560
510,SUP-7722-24,ST,20499,29518560
527,SUP-7722-24,ST,20499,29518560
565,SUP-7722-24,ST,20499,29518560
510,SUP-7722-24,ST,20499,29518560
447,SUP-7722-24,ST,20499,29518560
565,SUP-7722-24,ST,20499,29518560
527,SUP-7722-24,ST,20499,29518560
510,SUP-7722-24,ST,20499,29518560
447,SUP-7722-24,ST,20499,29518560
510,SUP-7722-24,ST,20499,29518560
565,SUP-7722-24,ST,20499,29518560
447,SUP-7722-24,ST,20499,29518560
527,SUP-7722-24,ST,20499,29518560
510,SUP-7722-24,ST,20499,29518560
447,SUP-7722-24,ST,20499,29518560
527,SUP-7722-24,ST,20499,29518560
565,SUP-7722-24,ST,20499,29518560
447,SUP-7722-24,ST,20499,29518560
510,SUP-7722-24,ST,20499,29518560
527,SUP-7722-24,ST,20499,29518560
447,SUP-7722-24,ST,20499,29518560
510,SUP-7722-24,ST,20499,29518560
565,SUP-7722-24,ST,20499,29518560
447,SUP-7722-24,ST,20499,29518560
527,SUP-7722-24,ST,20499,29518560
510,SUP-7722-24,ST,20499,29518560
447,SUP-7722-24,ST,20499,29518560
510,SUP-7722-24,ST,20499,29518560
447,SUP-7722-24,ST,20499,29518560
565,SUP-7722-24,ST,20499,29518560
447,SUP-7722-24,ST,20499,29518560
510,SUP-7722-24,ST,20499,29518560
552,SUP-8370-25,SP,20499,29518560
571,SUP-8370-25,SP,20499,29518560
571,SUP-8370-25,SP,20499,29518560
571,SUP-8370-25,SP,20499,29518560
571,SUP-8370-25,SP,20499,29518560
571,SUP-8370-25,SP,20499,29518560
568,SUP-8370-25,SP,20499,29518560
321,SUP-8370-25,SP,20499,29518560
568,SUP-8370-25,SP,20499,29518560
552,SUP-8370-25,SP,20499,29518560
568,SUP-8370-25,SP,20499,29518560
299,SUP-8370-25,SP,20499,29518560
571,SUP-8370-25,SP,20499,29518560
458,SUP-8370-25,PI,20499,29518560
257,SUP-8370-25,PI,20499,29518560
458,SUP-8370-25,PI,20499,29518560
257,SUP-8370-25,PI,20499,29518560
458,SUP-8370-25,PI,20499,29518560
257,SUP-8370-25,PI,20499,29518560
458,SUP-8370-25,PI,20499,29518560
257,SUP-8370-25,PI,20499,29518560
257,SUP-8370-25,PI,20499,29518560
458,SUP-8370-25,PI,20499,29518560
458,SUP-8370-25,PI,20499,29518560
257,SUP-8370-25,PI,20499,29518560
257,SUP-8370-25,PI,20499,29518560
257,SUP-8370-25,PI,20499,29518560
458,SUP-8370-25,PI,20499,29518560
257,SUP-8370-25,PI,20499,29518560
458,SUP-8370-25,PI,20499,29518560
257,SUP-8370-25,PI,20499,29518560
257,SUP-8370-25,PI,20499,29518560
573,SUP-6806-23,PI,20499,29518560
573,SUP-6806-23,PI,20499,29518560
573,SUP-6806-23,PI,20499,29518560
573,SUP-6806-23,PI,20499,29518560
536,SUP-6806-23,SP,20499,29518560
519,SUP-6806-23,SP,20499,29518560
361,SUP-6806-23,SP,20499,29518560
409,SUP-6806-23,SP,20499,29518560
479,SUP-7128-24,SM / SM.F / SR,20499,29518560
478,SUP-7133-24,SP,20499,29518560
559,SUP-7133-24,SP,20499,29518560
329,SUP-8360-25,SP,20499,29518560
378,SUP-8370-25,SM / SM.F / SR,20499,29518560
297,SUP-7133-24,VT,20499,29518560
175,SUP-7133-24,SH,20499,29518560
297,SUP-7133-24,VT,20499,29518560
297,SUP-7133-24,CPTu,20499,29518560
175,SUP-7133-24,SH,20499,29518560
513,SUP-7769-24,ST,20499,29518560
513,SUP-7769-24,ST,20499,29518560
513,SUP-7769-24,ST,20499,29518560
513,SUP-7769-24,ST,20499,29518560
513,SUP-7769-24,ST,20499,29518560
513,SUP-7769-24,ST,20499,29518560
513,SUP-7769-24,ST,20499,29518560
513,SUP-7769-24,ST,20499,29518560
389,SUP-6806-23,ST,20499,29518560
353,SUP-6806-23,ST,20499,29518560
566,SUP-6806-23,ST,20499,29518560
389,SUP-6806-23,ST,20499,29518560
353,SUP-6806-23,ST,20499,29518560
389,SUP-6806-23,ST,20499,29518560
566,SUP-6806-23,ST,20499,29518560
353,SUP-6806-23,ST,20499,29518560
389,SUP-6806-23,ST,20499,29518560
566,SUP-6806-23,ST,20499,29518560
353,SUP-6806-23,ST,20499,29518560
566,SUP-6806-23,ST,20499,29518560
389,SUP-6806-23,ST,20499,29518560
353,SUP-6806-23,ST,20499,29518560
566,SUP-6806-23,ST,20499,29518560
389,SUP-6806-23,ST,20499,29518560
353,SUP-6806-23,ST,20499,29518560
389,SUP-6806-23,ST,20499,29518560
353,SUP-6806-23,ST,20499,29518560
566,SUP-6806-23,ST,20499,29518560
353,SUP-6806-23,ST,20499,29518560
566,SUP-6806-23,ST,20499,29518560
566,SUP-6806-23,ST,20499,29518560
566,SUP-6806-23,ST,20499,29518560
566,SUP-6806-23,ST,20499,29518560
566,SUP-6806-23,ST,20499,29518560
353,SUP-6806-23,ST,20499,29518560
566,SUP-6806-23,ST,20499,29518560
389,SUP-6806-23,ST,20499,29518560
389,SUP-6806-23,ST,20499,29518560
389,SUP-6806-23,ST,20499,29518560
337,SUP-7128-24,SM / SM.F / SR,20499,29518560
510,SUP-7722-24,ST,20500,29520000
510,SUP-7722-24,ST,20500,29520000
447,SUP-7722-24,ST,20500,29520000
510,SUP-7722-24,ST,20500,29520000
447,SUP-7722-24,ST,20500,29520000
447,SUP-7722-24,ST,20500,29520000
447,SUP-7722-24,ST,20500,29520000
571,SUP-8370-25,SP,20500,29520000
299,SUP-8370-25,SP,20500,29520000
321,SUP-8370-25,SP,20500,29520000
568,SUP-8370-25,SP,20500,29520000
552,SUP-8370-25,SP,20500,29520000
458,SUP-8370-25,PI,20500,29520000
79,SUP-8370-25,SM / SM.F / SR,20500,29520000
458,SUP-8370-25,PI,20500,29520000
458,SUP-8370-25,PI,20500,29520000
527,SUP-7722-24,ST,20500,29520000
527,SUP-7722-24,ST,20500,29520000
527,SUP-7722-24,ST,20500,29520000
565,SUP-7722-24,ST,20500,29520000
527,SUP-7722-24,ST,20500,29520000
527,SUP-7722-24,ST,20500,29520000
565,SUP-7722-24,ST,20500,29520000
527,SUP-7722-24,ST,20500,29520000
527,SUP-7722-24,ST,20500,29520000
565,SUP-7722-24,ST,20500,29520000
527,SUP-7722-24,ST,20500,29520000
565,SUP-7722-24,ST,20500,29520000
565,SUP-7722-24,ST,20500,29520000
573,SUP-6806-23,PI,20500,29520000
573,SUP-6806-23,PI,20500,29520000
573,SUP-6806-23,PI,20500,29520000
477,SUP-6806-23,SP,20500,29520000
536,SUP-6806-23,SP,20500,29520000
536,SUP-6806-23,SP,20500,29520000
361,SUP-6806-23,SP,20500,29520000
143,SUP-6806-23,SP,20500,29520000
143,SUP-6806-23,SP,20500,29520000
361,SUP-6806-23,SP,20500,29520000
143,SUP-6806-23,SP,20500,29520000
340,SUP-7593-24,SM / SM.F / SR,20500,29520000
559,SUP-7133-24,SP,20500,29520000
478,SUP-7133-24,SP,20500,29520000
559,SUP-7133-24,SP,20500,29520000
470,SUP-7133-24,SP,20500,29520000
154,SUP-7128-24,SP,20500,29520000
329,SUP-8360-25,SP,20500,29520000
297,SUP-7133-24,VT,20500,29520000
175,SUP-7133-24,SH,20500,29520000
297,SUP-7133-24,VT,20500,29520000
175,SUP-7133-24,SH,20500,29520000
389,SUP-6806-23,ST,20500,29520000
353,SUP-6806-23,ST,20500,29520000
389,SUP-6806-23,ST,20500,29520000
353,SUP-6806-23,ST,20500,29520000
566,SUP-6806-23,ST,20500,29520000
389,SUP-6806-23,ST,20500,29520000
353,SUP-6806-23,ST,20500,29520000
389,SUP-6806-23,ST,20500,29520000
389,SUP-6806-23,ST,20500,29520000
353,SUP-6806-23,ST,20500,29520000
353,SUP-6806-23,ST,20500,29520000
353,SUP-6806-23,ST,20500,29520000
353,SUP-6806-23,ST,20500,29520000
353,SUP-6806-23,ST,20500,29520000
353,SUP-6806-23,ST,20500,29520000
286,SUP-7813-24,SM / SM.F / SR,20500,29520000
566,SUP-6806-23,ST,20500,29520000
566,SUP-6806-23,ST,20500,29520000
566,SUP-6806-23,ST,20500,29520000
566,SUP-6806-23,ST,20500,29520000
389,SUP-6806-23,ST,20500,29520000
389,SUP-6806-23,ST,20500,29520000
566,SUP-6806-23,ST,20500,29520000
566,SUP-6806-23,ST,20500,29520000
389,SUP-6806-23,ST,20500,29520000
276,SUP-7133-24,SP,20500,29520000
276,SUP-7133-24,SP,20500,29520000
470,SUP-7133-24,SP,20500,29520000
276,SUP-7133-24,SP,20500,29520000
468,SUP-6806-23,SM / SM.F / SR,20500,29520000
428,SUP-7813-24,SM / SM.F / SR,20500,29520000
373,SUP-7722-24,SM / SM.F / SR,20501,29521440
136,SUP-7722-24,SM / SM.F / SR,20501,29521440
527,SUP-7722-24,ST,20501,29521440
527,SUP-7722-24,ST,20501,29521440
565,SUP-7722-24,ST,20501,29521440
565,SUP-7722-24,ST,20501,29521440
527,SUP-7722-24,ST,20501,29521440
565,SUP-7722-24,ST,20501,29521440
527,SUP-7722-24,ST,20501,29521440
527,SUP-7722-24,ST,20501,29521440
510,SUP-7722-24,ST,20501,29521440
510,SUP-7722-24,ST,20501,29521440
527,SUP-7722-24,ST,20501,29521440
527,SUP-7722-24,ST,20501,29521440
510,SUP-7722-24,ST,20501,29521440
527,SUP-7722-24,ST,20501,29521440
510,SUP-7722-24,ST,20501,29521440
510,SUP-7722-24,ST,20501,29521440
510,SUP-7722-24,ST,20501,29521440
510,SUP-7722-24,ST,20501,29521440
510,SUP-7722-24,ST,20501,29521440
458,SUP-8370-25,PI,20501,29521440
299,SUP-8370-25,SP,20501,29521440
321,SUP-8370-25,SP,20501,29521440
571,SUP-8370-25,SP,20501,29521440
552,SUP-8370-25,SP,20501,29521440
297,SUP-7128-24,VT,20501,29521440
164,SUP-8370-25,SM / SM.F / SR,20501,29521440
458,SUP-8370-25,PI,20501,29521440
458,SUP-8370-25,PI,20501,29521440
458,SUP-8370-25,PI,20501,29521440
447,SUP-7722-24,ST,20501,29521440
510,SUP-7722-24,ST,20501,29521440
510,SUP-7722-24,ST,20501,29521440
447,SUP-7722-24,ST,20501,29521440
447,SUP-7722-24,ST,20501,29521440
447,SUP-7722-24,ST,20501,29521440
565,SUP-7722-24,ST,20501,29521440
447,SUP-7722-24,ST,20501,29521440
565,SUP-7722-24,ST,20501,29521440
527,SUP-7722-24,ST,20501,29521440
447,SUP-7722-24,ST,20501,29521440
565,SUP-7722-24,ST,20501,29521440
527,SUP-7722-24,ST,20501,29521440
447,SUP-7722-24,ST,20501,29521440
565,SUP-7722-24,ST,20501,29521440
447,SUP-7722-24,ST,20501,29521440
565,SUP-7722-24,ST,20501,29521440
447,SUP-7722-24,ST,20501,29521440
447,SUP-7722-24,ST,20501,29521440
513,SUP-7593-24,ST,20501,29521440
513,SUP-7593-24,ST,20501,29521440
513,SUP-7593-24,ST,20501,29521440
513,SUP-7593-24,ST,20501,29521440
513,SUP-7593-24,ST,20501,29521440
513,SUP-7593-24,ST,20501,29521440
513,SUP-7593-24,ST,20501,29521440
513,SUP-7593-24,ST,20501,29521440
513,SUP-7593-24,ST,20501,29521440
513,SUP-7593-24,ST,20501,29521440
566,SUP-6806-23,ST,20501,29521440
389,SUP-6806-23,ST,20501,29521440
353,SUP-6806-23,ST,20501,29521440
389,SUP-6806-23,ST,20501,29521440
566,SUP-6806-23,ST,20501,29521440
531,SUP-7133-24,SP,20501,29521440
573,SUP-6806-23,PI,20501,29521440
573,SUP-6806-23,PI,20501,29521440
573,SUP-6806-23,PI,20501,29521440
573,SUP-6806-23,PI,20501,29521440
477,SUP-6806-23,SP,20501,29521440
536,SUP-6806-23,SP,20501,29521440
477,SUP-6806-23,SP,20501,29521440
477,SUP-6806-23,SP,20501,29521440
519,SUP-6806-23,SP,20501,29521440
143,SUP-6806-23,SP,20501,29521440
361,SUP-6806-23,SP,20501,29521440
519,SUP-6806-23,SP,20501,29521440
519,SUP-6806-23,SP,20501,29521440
519,SUP-6806-23,SP,20501,29521440
519,SUP-6806-23,SP,20501,29521440
519,SUP-6806-23,SP,20501,29521440
470,SUP-7133-24,SP,20501,29521440
276,SUP-7133-24,SP,20501,29521440
470,SUP-7133-24,SP,20501,29521440
478,SUP-7133-24,SP,20501,29521440
559,SUP-7133-24,SP,20501,29521440
154,SUP-7128-24,SP,20501,29521440
378,SUP-8370-25,SM / SM.F / SR,20501,29521440
520,SUP-8370-25,SM / SM.F / SR,20501,29521440
520,SUP-8370-25,SM / SM.F / SR,20501,29521440
520,SUP-8370-25,SM / SM.F / SR,20501,29521440
566,SUP-6806-23,ST,20501,29521440
353,SUP-6806-23,ST,20501,29521440
389,SUP-6806-23,ST,20501,29521440
353,SUP-6806-23,ST,20501,29521440
389,SUP-6806-23,ST,20501,29521440
566,SUP-6806-23,ST,20501,29521440
560,SUP-7133-24,SM / SM.F / SR,20501,29521440
468,SUP-6806-23,SM / SM.F / SR,20501,29521440
509,SUP-7128-24,SM / SM.F / SR,20501,29521440
535,SUP-7128-24,SM / SM.F / SR,20501,29521440
337,SUP-7128-24,SM / SM.F / SR,20501,29521440
329,SUP-5947-23 (VS),SP,20502,29522880
373,SUP-7722-24,SM / SM.F / SR,20502,29522880
455,SUP-7722-24,SM / SM.F / SR,20502,29522880
527,SUP-7722-24,ST,20502,29522880
527,SUP-7722-24,ST,20502,29522880
527,SUP-7722-24,ST,20502,29522880
565,SUP-7722-24,ST,20502,29522880
527,SUP-7722-24,ST,20502,29522880
565,SUP-7722-24,ST,20502,29522880
447,SUP-7722-24,ST,20502,29522880
565,SUP-7722-24,ST,20502,29522880
527,SUP-7722-24,ST,20502,29522880
447,SUP-7722-24,ST,20502,29522880
565,SUP-7722-24,ST,20502,29522880
447,SUP-7722-24,ST,20502,29522880
527,SUP-7722-24,ST,20502,29522880
565,SUP-7722-24,ST,20502,29522880
527,SUP-7722-24,ST,20502,29522880
447,SUP-7722-24,ST,20502,29522880
565,SUP-7722-24,ST,20502,29522880
447,SUP-7722-24,ST,20502,29522880
527,SUP-7722-24,ST,20502,29522880
565,SUP-7722-24,ST,20502,29522880
447,SUP-7722-24,ST,20502,29522880
527,SUP-7722-24,ST,20502,29522880
447,SUP-7722-24,ST,20502,29522880
565,SUP-7722-24,ST,20502,29522880
447,SUP-7722-24,ST,20502,29522880
527,SUP-7722-24,ST,20502,29522880
447,SUP-7722-24,ST,20502,29522880
565,SUP-7722-24,ST,20502,29522880
447,SUP-7722-24,ST,20502,29522880
565,SUP-7722-24,ST,20502,29522880
447,SUP-7722-24,ST,20502,29522880
447,SUP-7722-24,ST,20502,29522880
510,SUP-7722-24,ST,20502,29522880
510,SUP-7722-24,ST,20502,29522880
510,SUP-7722-24,ST,20502,29522880
510,SUP-7722-24,ST,20502,29522880
510,SUP-7722-24,ST,20502,29522880
510,SUP-7722-24,ST,20502,29522880
510,SUP-7722-24,ST,20502,29522880
510,SUP-7722-24,ST,20502,29522880
510,SUP-7722-24,ST,20502,29522880
510,SUP-7722-24,ST,20502,29522880
510,SUP-7722-24,ST,20502,29522880
477,SUP-6806-23,SP,20502,29522880
477,SUP-6806-23,SP,20502,29522880
477,SUP-6806-23,SP,20502,29522880
536,SUP-6806-23,SP,20502,29522880
361,SUP-6806-23,SP,20502,29522880
458,SUP-8370-25,PI,20502,29522880
458,SUP-8370-25,PI,20502,29522880
321,SUP-8370-25,SP,20502,29522880
458,SUP-8370-25,PI,20502,29522880
321,SUP-8370-25,SP,20502,29522880
321,SUP-8370-25,SP,20502,29522880
571,SUP-8370-25,SP,20502,29522880
568,SUP-8370-25,SP,20502,29522880
458,SUP-8370-25,PI,20502,29522880
582,SUP-8370-25,SP,20502,29522880
503,SUP-8370-25,SP,20502,29522880
503,SUP-8370-25,SP,20502,29522880
224,SUP-8370-25,SM / SM.F / SR,20502,29522880
154,SUP-7128-24,SP,20502,29522880
513,SUP-7593-24,ST,20502,29522880
513,SUP-7593-24,ST,20502,29522880
513,SUP-7593-24,ST,20502,29522880
513,SUP-7593-24,ST,20502,29522880
513,SUP-7593-24,ST,20502,29522880
470,SUP-7133-24,SP,20502,29522880
470,SUP-7133-24,SP,20502,29522880
470,SUP-7133-24,SP,20502,29522880
470,SUP-7133-24,SP,20502,29522880
276,SUP-7133-24,SP,20502,29522880
531,SUP-7133-24,SP,20502,29522880
573,SUP-6806-23,PI,20502,29522880
573,SUP-6806-23,PI,20502,29522880
573,SUP-6806-23,PI,20502,29522880
405,SUP-7128-24,SM / SM.F / SR,20502,29522880
353,SUP-6806-23,ST,20502,29522880
389,SUP-6806-23,ST,20502,29522880
566,SUP-6806-23,ST,20502,29522880
389,SUP-6806-23,ST,20502,29522880
389,SUP-6806-23,ST,20502,29522880
353,SUP-6806-23,ST,20502,29522880
566,SUP-6806-23,ST,20502,29522880
389,SUP-6806-23,ST,20502,29522880
353,SUP-6806-23,ST,20502,29522880
389,SUP-6806-23,ST,20502,29522880
566,SUP-6806-23,ST,20502,29522880
566,SUP-6806-23,ST,20502,29522880
353,SUP-6806-23,ST,20502,29522880
353,SUP-6806-23,ST,20502,29522880
353,SUP-6806-23,ST,20502,29522880
566,SUP-6806-23,ST,20502,29522880
353,SUP-6806-23,ST,20502,29522880
531,SUP-7133-24,SP,20502,29522880
216,SUP-7133-24,SM / SM.F / SR,20502,29522880
242,SUP-7133-24,SM / SM.F / SR,20502,29522880
559,SUP-7133-24,SP,20502,29522880
478,SUP-7133-24,SP,20502,29522880
520,SUP-8370-25,SM / SM.F / SR,20502,29522880
389,SUP-6806-23,ST,20502,29522880
389,SUP-6806-23,ST,20502,29522880
389,SUP-6806-23,ST,20502,29522880
389,SUP-6806-23,ST,20502,29522880
389,SUP-6806-23,ST,20502,29522880
566,SUP-6806-23,ST,20502,29522880
353,SUP-6806-23,ST,20502,29522880
566,SUP-6806-23,ST,20502,29522880
175,SUP-5947-23 (VC),SH,20502,29522880
297,SUP-5947-23 (VC),VT,20502,29522880
175,SUP-5947-23 (VC),SH,20502,29522880
297,SUP-5947-23 (VC),CPTu,20502,29522880
175,SUP-5947-23 (VC),SH,20502,29522880
175,SUP-5947-23 (VC),SH,20502,29522880
175,SUP-5947-23 (VC),SH,20502,29522880
297,SUP-5947-23 (VC),VT,20502,29522880
297,SUP-5947-23 (VC),CPTu,20502,29522880
175,SUP-5947-23 (VC),SH,20502,29522880
463,SUP-8370-25,SP,20502,29522880
286,SUP-7813-24,SM / SM.F / SR,20502,29522880
503,SUP-8370-25,SP,20502,29522880
561,SUP-7133-24,SM / SM.F / SR,20502,29522880
306,SUP-7133-24,SM / SM.F / SR,20502,29522880
468,SUP-6806-23,SM / SM.F / SR,20502,29522880
536,SUP-6806-23,SP,20503,29524320
536,SUP-6806-23,SP,20503,29524320
409,SUP-6806-23,SP,20503,29524320
477,SUP-6806-23,SP,20503,29524320
536,SUP-6806-23,SP,20503,29524320
536,SUP-6806-23,SP,20503,29524320
477,SUP-6806-23,SP,20503,29524320
536,SUP-6806-23,SP,20503,29524320
299,SUP-8370-25,SP,20503,29524320
575,SUP-8370-25,PI,20503,29524320
299,SUP-8370-25,SP,20503,29524320
299,SUP-8370-25,SP,20503,29524320
568,SUP-8370-25,SP,20503,29524320
321,SUP-8370-25,SP,20503,29524320
552,SUP-8370-25,SP,20503,29524320
575,SUP-8370-25,PI,20503,29524320
571,SUP-8370-25,SP,20503,29524320
503,SUP-8370-25,SP,20503,29524320
463,SUP-8370-25,SP,20503,29524320
164,SUP-8370-25,SM / SM.F / SR,20503,29524320
527,SUP-7722-24,ST,20503,29524320
527,SUP-7722-24,ST,20503,29524320
527,SUP-7722-24,ST,20503,29524320
510,SUP-7722-24,ST,20503,29524320
447,SUP-7722-24,ST,20503,29524320
510,SUP-7722-24,ST,20503,29524320
447,SUP-7722-24,ST,20503,29524320
527,SUP-7722-24,ST,20503,29524320
447,SUP-7722-24,ST,20503,29524320
565,SUP-7722-24,ST,20503,29524320
447,SUP-7722-24,ST,20503,29524320
527,SUP-7722-24,ST,20503,29524320
565,SUP-7722-24,ST,20503,29524320
447,SUP-7722-24,ST,20503,29524320
510,SUP-7722-24,ST,20503,29524320
527,SUP-7722-24,ST,20503,29524320
565,SUP-7722-24,ST,20503,29524320
447,SUP-7722-24,ST,20503,29524320
510,SUP-7722-24,ST,20503,29524320
527,SUP-7722-24,ST,20503,29524320
447,SUP-7722-24,ST,20503,29524320
565,SUP-7722-24,ST,20503,29524320
510,SUP-7722-24,ST,20503,29524320
527,SUP-7722-24,ST,20503,29524320
447,SUP-7722-24,ST,20503,29524320
527,SUP-7722-24,ST,20503,29524320
510,SUP-7722-24,ST,20503,29524320
527,SUP-7722-24,ST,20503,29524320
510,SUP-7722-24,ST,20503,29524320
510,SUP-7722-24,ST,20503,29524320
510,SUP-7722-24,ST,20503,29524320
565,SUP-7722-24,ST,20503,29524320
510,SUP-7722-24,ST,20503,29524320
565,SUP-7722-24,ST,20503,29524320
447,SUP-7722-24,ST,20503,29524320
447,SUP-7722-24,ST,20503,29524320
463,SUP-8370-25,SP,20503,29524320
503,SUP-8370-25,SP,20503,29524320
582,SUP-8370-25,SP,20503,29524320
470,SUP-7133-24,SP,20503,29524320
276,SUP-7133-24,SP,20503,29524320
479,SUP-7128-24,SM / SM.F / SR,20503,29524320
353,SUP-6806-23,ST,20503,29524320
566,SUP-6806-23,ST,20503,29524320
353,SUP-6806-23,ST,20503,29524320
566,SUP-6806-23,ST,20503,29524320
389,SUP-6806-23,ST,20503,29524320
353,SUP-6806-23,ST,20503,29524320
389,SUP-6806-23,ST,20503,29524320
566,SUP-6806-23,ST,20503,29524320
389,SUP-6806-23,ST,20503,29524320
353,SUP-6806-23,ST,20503,29524320
566,SUP-6806-23,ST,20503,29524320
389,SUP-6806-23,ST,20503,29524320
353,SUP-6806-23,ST,20503,29524320
389,SUP-6806-23,ST,20503,29524320
566,SUP-6806-23,ST,20503,29524320
353,SUP-6806-23,ST,20503,29524320
389,SUP-6806-23,ST,20503,29524320
566,SUP-6806-23,ST,20503,29524320
389,SUP-6806-23,ST,20503,29524320
353,SUP-6806-23,ST,20503,29524320
566,SUP-6806-23,ST,20503,29524320
389,SUP-6806-23,ST,20503,29524320
566,SUP-6806-23,ST,20503,29524320
389,SUP-6806-23,ST,20503,29524320
566,SUP-6806-23,ST,20503,29524320
353,SUP-6806-23,ST,20503,29524320
559,SUP-7133-24,SP,20503,29524320
478,SUP-7133-24,SP,20503,29524320
531,SUP-7133-24,SP,20503,29524320
175,SUP-5947-23 (VC),SH,20503,29524320
297,SUP-5947-23 (VC),CPTu,20503,29524320
175,SUP-5947-23 (VC),SH,20503,29524320
175,SUP-5947-23 (VC),SH,20503,29524320
175,SUP-5947-23 (VC),SH,20503,29524320
575,SUP-8370-25,SH,20503,29524320
575,SUP-8370-25,CPTu,20503,29524320
575,SUP-8370-25,VT,20503,29524320
575,SUP-8370-25,SH,20503,29524320
575,SUP-8370-25,VT,20503,29524320
575,SUP-8370-25,CPTu,20503,29524320
306,SUP-7133-24,SM / SM.F / SR,20503,29524320
468,SUP-6806-23,SM / SM.F / SR,20503,29524320
527,SUP-7722-24,ST,20504,29525760
527,SUP-7722-24,ST,20504,29525760
510,SUP-7722-24,ST,20504,29525760
527,SUP-7722-24,ST,20504,29525760
565,SUP-7722-24,ST,20504,29525760
565,SUP-7722-24,ST,20504,29525760
510,SUP-7722-24,ST,20504,29525760
527,SUP-7722-24,ST,20504,29525760
527,SUP-7722-24,ST,20504,29525760
510,SUP-7722-24,ST,20504,29525760
527,SUP-7722-24,ST,20504,29525760
565,SUP-7722-24,ST,20504,29525760
510,SUP-7722-24,ST,20504,29525760
527,SUP-7722-24,ST,20504,29525760
510,SUP-7722-24,ST,20504,29525760
527,SUP-7722-24,ST,20504,29525760
510,SUP-7722-24,ST,20504,29525760
565,SUP-7722-24,ST,20504,29525760
510,SUP-7722-24,ST,20504,29525760
527,SUP-7722-24,ST,20504,29525760
565,SUP-7722-24,ST,20504,29525760
565,SUP-7722-24,ST,20504,29525760
510,SUP-7722-24,ST,20504,29525760
527,SUP-7722-24,ST,20504,29525760
510,SUP-7722-24,ST,20504,29525760
565,SUP-7722-24,ST,20504,29525760
510,SUP-7722-24,ST,20504,29525760
447,SUP-7722-24,ST,20504,29525760
447,SUP-7722-24,ST,20504,29525760
447,SUP-7722-24,ST,20504,29525760
447,SUP-7722-24,ST,20504,29525760
447,SUP-7722-24,ST,20504,29525760
447,SUP-7722-24,ST,20504,29525760
447,SUP-7722-24,ST,20504,29525760
447,SUP-7722-24,ST,20504,29525760
447,SUP-7722-24,ST,20504,29525760
447,SUP-7722-24,ST,20504,29525760
447,SUP-7722-24,ST,20504,29525760
458,SUP-7441-24 (Adt1),ST,20504,29525760
458,SUP-7441-24 (Adt1),ST,20504,29525760
257,SUP-7441-24 (Adt1),ST,20504,29525760
257,SUP-7441-24 (Adt1),ST,20504,29525760
458,SUP-7441-24 (Adt1),ST,20504,29525760
536,SUP-6806-23,SP,20504,29525760
477,SUP-6806-23,SP,20504,29525760
409,SUP-6806-23,SP,20504,29525760
143,SUP-6806-23,SP,20504,29525760
143,SUP-6806-23,SP,20504,29525760
361,SUP-6806-23,SP,20504,29525760
175,SUP-5947-23 (VC),ST,20504,29525760
297,SUP-5947-23 (VC),ST,20504,29525760
329,SUP-5947-23 (VC),SP,20504,29525760
297,SUP-5947-23 (VC),ST,20504,29525760
329,SUP-5947-23 (VC),SP,20504,29525760
297,SUP-5947-23 (VC),ST,20504,29525760
517,SUP-8370-25,SM / SM.F / SR,20504,29525760
513,SUP-7593-24,ST,20504,29525760
513,SUP-7593-24,ST,20504,29525760
513,SUP-7593-24,ST,20504,29525760
513,SUP-7593-24,ST,20504,29525760
513,SUP-7593-24,ST,20504,29525760
513,SUP-7593-24,ST,20504,29525760
513,SUP-7593-24,ST,20504,29525760
513,SUP-7593-24,ST,20504,29525760
513,SUP-7593-24,ST,20504,29525760
573,SUP-6806-23,PI,20504,29525760
389,SUP-6806-23,ST,20504,29525760
389,SUP-6806-23,ST,20504,29525760
389,SUP-6806-23,ST,20504,29525760
566,SUP-6806-23,ST,20504,29525760
389,SUP-6806-23,ST,20504,29525760
353,SUP-6806-23,ST,20504,29525760
389,SUP-6806-23,ST,20504,29525760
389,SUP-6806-23,ST,20504,29525760
353,SUP-6806-23,ST,20504,29525760
531,SUP-7133-24,SP,20504,29525760
531,SUP-7133-24,SP,20504,29525760
531,SUP-7133-24,SP,20504,29525760
531,SUP-7133-24,SP,20504,29525760
566,SUP-6806-23,ST,20504,29525760
353,SUP-6806-23,ST,20504,29525760
389,SUP-6806-23,ST,20504,29525760
389,SUP-6806-23,ST,20504,29525760
353,SUP-6806-23,ST,20504,29525760
566,SUP-6806-23,ST,20504,29525760
353,SUP-6806-23,ST,20504,29525760
389,SUP-6806-23,ST,20504,29525760
566,SUP-6806-23,ST,20504,29525760
353,SUP-6806-23,ST,20504,29525760
353,SUP-6806-23,ST,20504,29525760
566,SUP-6806-23,ST,20504,29525760
353,SUP-6806-23,ST,20504,29525760
566,SUP-6806-23,ST,20504,29525760
286,SUP-7813-24,SM / SM.F / SR,20504,29525760
389,SUP-6806-23,ST,20504,29525760
566,SUP-6806-23,ST,20504,29525760
353,SUP-6806-23,ST,20504,29525760
566,SUP-6806-23,ST,20504,29525760
468,SUP-6806-23,SM / SM.F / SR,20504,29525760
297,SUP-5947-23 (VC),ST,20504,29525760
297,SUP-5947-23 (VC),ST,20504,29525760
337,SUP-7128-24,SM / SM.F / SR,20504,29525760
535,SUP-7128-24,SM / SM.F / SR,20504,29525760
509,SUP-7128-24,SM / SM.F / SR,20504,29525760
409,SUP-6806-23,SP,20505,29527200
143,SUP-6806-23,SP,20505,29527200
519,SUP-6806-23,SP,20505,29527200
361,SUP-6806-23,SP,20505,29527200
297,SUP-5947-23 (VC),ST,20505,29527200
297,SUP-5947-23 (VC),ST,20505,29527200
297,SUP-5947-23 (VC),ST,20505,29527200
297,SUP-5947-23 (VC),ST,20505,29527200
297,SUP-5947-23 (VC),ST,20505,29527200
297,SUP-5947-23 (VC),ST,20505,29527200
297,SUP-5947-23 (VC),ST,20505,29527200
297,SUP-5947-23 (VC),ST,20505,29527200
175,SUP-5947-23 (VC),ST,20505,29527200
175,SUP-5947-23 (VC),ST,20505,29527200
297,SUP-5947-23 (VC),ST,20505,29527200
175,SUP-5947-23 (VC),ST,20505,29527200
297,SUP-5947-23 (VC),ST,20505,29527200
297,SUP-5947-23 (VC),ST,20505,29527200
297,SUP-5947-23 (VC),ST,20505,29527200
79,SUP-8370-25,SM / SM.F / SR,20505,29527200
510,SUP-7722-24,ST,20505,29527200
510,SUP-7722-24,ST,20505,29527200
510,SUP-7722-24,ST,20505,29527200
510,SUP-7722-24,ST,20505,29527200
510,SUP-7722-24,ST,20505,29527200
510,SUP-7722-24,ST,20505,29527200
510,SUP-7722-24,ST,20505,29527200
510,SUP-7722-24,ST,20505,29527200
527,SUP-7722-24,ST,20505,29527200
527,SUP-7722-24,ST,20505,29527200
527,SUP-7722-24,ST,20505,29527200
527,SUP-7722-24,ST,20505,29527200
527,SUP-7722-24,ST,20505,29527200
527,SUP-7722-24,ST,20505,29527200
527,SUP-7722-24,ST,20505,29527200
447,SUP-7722-24,ST,20505,29527200
447,SUP-7722-24,ST,20505,29527200
527,SUP-7722-24,ST,20505,29527200
510,SUP-7722-24,ST,20505,29527200
447,SUP-7722-24,ST,20505,29527200
527,SUP-7722-24,ST,20505,29527200
510,SUP-7722-24,ST,20505,29527200
447,SUP-7722-24,ST,20505,29527200
527,SUP-7722-24,ST,20505,29527200
510,SUP-7722-24,ST,20505,29527200
447,SUP-7722-24,ST,20505,29527200
527,SUP-7722-24,ST,20505,29527200
447,SUP-7722-24,ST,20505,29527200
447,SUP-7722-24,ST,20505,29527200
510,SUP-7722-24,ST,20505,29527200
447,SUP-7722-24,ST,20505,29527200
447,SUP-7722-24,ST,20505,29527200
447,SUP-7722-24,ST,20505,29527200
447,SUP-7722-24,ST,20505,29527200
447,SUP-7722-24,ST,20505,29527200
513,SUP-7593-24,ST,20505,29527200
513,SUP-7593-24,ST,20505,29527200
513,SUP-7593-24,ST,20505,29527200
513,SUP-7593-24,ST,20505,29527200
513,SUP-7593-24,ST,20505,29527200
513,SUP-7593-24,ST,20505,29527200
513,SUP-7593-24,ST,20505,29527200
513,SUP-7593-24,ST,20505,29527200
513,SUP-7593-24,ST,20505,29527200
463,SUP-8370-25,SP,20505,29527200
582,SUP-8370-25,SP,20505,29527200
503,SUP-8370-25,SP,20505,29527200
542,SUP-5947-23 (VC),SM / SM.F / SR,20505,29527200
420,SUP-5947-23 (VC),SM / SM.F / SR,20505,29527200
566,SUP-6806-23,ST,20505,29527200
559,SUP-7133-24,SP,20505,29527200
559,SUP-7133-24,SP,20505,29527200
478,SUP-7133-24,SP,20505,29527200
242,SUP-7133-24,SM / SM.F / SR,20505,29527200
216,SUP-7133-24,SM / SM.F / SR,20505,29527200
566,SUP-6806-23,ST,20505,29527200
353,SUP-6806-23,ST,20505,29527200
566,SUP-6806-23,ST,20505,29527200
353,SUP-6806-23,ST,20505,29527200
573,SUP-6806-23,ST,20505,29527200
573,SUP-6806-23,ST,20505,29527200
573,SUP-6806-23,ST,20505,29527200
389,SUP-6806-23,ST,20505,29527200
389,SUP-6806-23,ST,20505,29527200
389,SUP-6806-23,ST,20505,29527200
389,SUP-6806-23,ST,20505,29527200
588,SUP-7593-24,SM / SM.F / SR,20505,29527200
340,SUP-7593-24,SM / SM.F / SR,20505,29527200
468,SUP-6806-23,SM / SM.F / SR,20505,29527200
175,SUP-5947-23 (VC),ST,20505,29527200
297,SUP-5947-23 (VC),ST,20505,29527200
175,SUP-5947-23 (VC),ST,20505,29527200
297,SUP-5947-23 (VC),ST,20505,29527200
175,SUP-5947-23 (VC),ST,20505,29527200
175,SUP-5947-23 (VC),ST,20505,29527200
297,SUP-5947-23 (VC),ST,20505,29527200
175,SUP-5947-23 (VC),ST,20505,29527200
297,SUP-5947-23 (VC),ST,20505,29527200
297,SUP-5947-23 (VC),ST,20505,29527200
297,SUP-5947-23 (VC),ST,20505,29527200
297,SUP-5947-23 (VC),ST,20505,29527200
175,SUP-5947-23 (VC),ST,20505,29527200
535,SUP-7128-24,SM / SM.F / SR,20505,29527200
560,SUP-7133-24,SM / SM.F / SR,20505,29527200
561,SUP-7133-24,SM / SM.F / SR,20505,29527200
257,SUP-8365-25,VT,20505,29527200
587,SUP-8365-25,SP,20505,29527200
577,SUP-8365-25,SP,20505,29527200
458,SUP-8365-25,SH,20505,29527200
575,SUP-8365-25,VT,20505,29527200
458,SUP-8365-25,SH,20505,29527200
575,SUP-8365-25,VT,20505,29527200
542,SUP-5947-23 (VC),SM / SM.F / SR,20505,29527200
519,SUP-6806-23,SP,20506,29528640
477,SUP-6806-23,SP,20506,29528640
409,SUP-6806-23,SP,20506,29528640
143,SUP-6806-23,SP,20506,29528640
519,SUP-6806-23,SP,20506,29528640
361,SUP-6806-23,SP,20506,29528640
297,SUP-5947-23 (VC),ST,20506,29528640
175,SUP-5947-23 (VC),ST,20506,29528640
175,SUP-5947-23 (VC),ST,20506,29528640
297,SUP-5947-23 (VC),ST,20506,29528640
175,SUP-5947-23 (VC),ST,20506,29528640
297,SUP-5947-23 (VC),ST,20506,29528640
329,SUP-5947-23 (VC),SP,20506,29528640
297,SUP-5947-23 (VC),ST,20506,29528640
297,SUP-5947-23 (VC),ST,20506,29528640
329,SUP-5947-23 (VC),SP,20506,29528640
175,SUP-5947-23 (VC),ST,20506,29528640
527,SUP-7722-24,ST,20506,29528640
527,SUP-7722-24,ST,20506,29528640
527,SUP-7722-24,ST,20506,29528640
527,SUP-7722-24,ST,20506,29528640
510,SUP-7722-24,ST,20506,29528640
510,SUP-7722-24,ST,20506,29528640
527,SUP-7722-24,ST,20506,29528640
510,SUP-7722-24,ST,20506,29528640
527,SUP-7722-24,ST,20506,29528640
447,SUP-7722-24,ST,20506,29528640
510,SUP-7722-24,ST,20506,29528640
447,SUP-7722-24,ST,20506,29528640
510,SUP-7722-24,ST,20506,29528640
447,SUP-7722-24,ST,20506,29528640
527,SUP-7722-24,ST,20506,29528640
510,SUP-7722-24,ST,20506,29528640
510,SUP-7722-24,ST,20506,29528640
527,SUP-7722-24,ST,20506,29528640
527,SUP-7722-24,ST,20506,29528640
527,SUP-7722-24,ST,20506,29528640
447,SUP-7722-24,ST,20506,29528640
510,SUP-7722-24,ST,20506,29528640
527,SUP-7722-24,ST,20506,29528640
447,SUP-7722-24,ST,20506,29528640
510,SUP-7722-24,ST,20506,29528640
527,SUP-7722-24,ST,20506,29528640
447,SUP-7722-24,ST,20506,29528640
510,SUP-7722-24,ST,20506,29528640
527,SUP-7722-24,ST,20506,29528640
447,SUP-7722-24,ST,20506,29528640
510,SUP-7722-24,ST,20506,29528640
447,SUP-7722-24,ST,20506,29528640
510,SUP-7722-24,ST,20506,29528640
447,SUP-7722-24,ST,20506,29528640
447,SUP-7722-24,ST,20506,29528640
510,SUP-7722-24,ST,20506,29528640
121,SUP-7722-24,SM / SM.F / SR,20506,29528640
540,SUP-7593-24,SP,20506,29528640
540,SUP-7593-24,SP,20506,29528640
503,SUP-8370-25,SP,20506,29528640
463,SUP-8370-25,SP,20506,29528640
582,SUP-8370-25,SP,20506,29528640
531,SUP-7133-24,SP,20506,29528640
389,SUP-6806-23,ST,20506,29528640
389,SUP-6806-23,ST,20506,29528640
389,SUP-6806-23,ST,20506,29528640
389,SUP-6806-23,ST,20506,29528640
513,SUP-7593-24,PI,20506,29528640
513,SUP-7593-24,PI,20506,29528640
513,SUP-7593-24,PI,20506,29528640
513,SUP-7593-24,PI,20506,29528640
513,SUP-7593-24,PI,20506,29528640
405,SUP-7128-24,SM / SM.F / SR,20506,29528640
559,SUP-7133-24,SP,20506,29528640
531,SUP-7133-24,SP,20506,29528640
559,SUP-7133-24,SP,20506,29528640
478,SUP-7133-24,SP,20506,29528640
389,SUP-6806-23,ST,20506,29528640
566,SUP-6806-23,ST,20506,29528640
389,SUP-6806-23,ST,20506,29528640
353,SUP-6806-23,ST,20506,29528640
389,SUP-6806-23,ST,20506,29528640
353,SUP-6806-23,ST,20506,29528640
566,SUP-6806-23,ST,20506,29528640
353,SUP-6806-23,ST,20506,29528640
389,SUP-6806-23,ST,20506,29528640
566,SUP-6806-23,ST,20506,29528640
566,SUP-6806-23,ST,20506,29528640
566,SUP-6806-23,ST,20506,29528640
566,SUP-6806-23,ST,20506,29528640
353,SUP-6806-23,ST,20506,29528640
353,SUP-6806-23,ST,20506,29528640
353,SUP-6806-23,ST,20506,29528640
353,SUP-6806-23,ST,20506,29528640
389,SUP-6806-23,ST,20506,29528640
389,SUP-6806-23,ST,20506,29528640
389,SUP-6806-23,ST,20506,29528640
389,SUP-6806-23,ST,20506,29528640
389,SUP-6806-23,ST,20506,29528640
389,SUP-6806-23,ST,20506,29528640
468,SUP-6806-23,SM / SM.F / SR,20506,29528640
297,SUP-5947-23 (VC),ST,20506,29528640
297,SUP-5947-23 (VC),ST,20506,29528640
306,SUP-7133-24,SM / SM.F / SR,20506,29528640
577,SUP-8365-25,SP,20506,29528640
577,SUP-8365-25,SP,20506,29528640
458,SUP-8365-25,SH,20506,29528640
458,SUP-8365-25,SH,20506,29528640
257,SUP-8365-25,VT,20506,29528640
337,SUP-7128-24,SP,20506,29528640
509,SUP-7128-24,SP,20506,29528640
509,SUP-7128-24,SP,20506,29528640
509,SUP-7128-24,SP,20506,29528640
121,SUP-7722-24,SM / SM.F / SR,20506,29528640
143,SUP-6806-23,SP,20507,29530080
536,SUP-6806-23,SP,20507,29530080
409,SUP-6806-23,SP,20507,29530080
477,SUP-6806-23,SP,20507,29530080
361,SUP-6806-23,SP,20507,29530080
143,SUP-6806-23,SP,20507,29530080
175,SUP-5947-23 (VC),ST,20507,29530080
175,SUP-5947-23 (VC),ST,20507,29530080
175,SUP-5947-23 (VC),ST,20507,29530080
175,SUP-5947-23 (VC),ST,20507,29530080
224,SUP-8370-25,SM / SM.F / SR,20507,29530080
565,SUP-7722-24,ST,20507,29530080
527,SUP-7722-24,ST,20507,29530080
527,SUP-7722-24,ST,20507,29530080
527,SUP-7722-24,ST,20507,29530080
527,SUP-7722-24,ST,20507,29530080
121,SUP-7722-24,SM / SM.F / SR,20507,29530080
565,SUP-7722-24,ST,20507,29530080
527,SUP-7722-24,ST,20507,29530080
565,SUP-7722-24,ST,20507,29530080
527,SUP-7722-24,ST,20507,29530080
565,SUP-7722-24,ST,20507,29530080
565,SUP-7722-24,ST,20507,29530080
527,SUP-7722-24,ST,20507,29530080
565,SUP-7722-24,ST,20507,29530080
527,SUP-7722-24,ST,20507,29530080
565,SUP-7722-24,ST,20507,29530080
565,SUP-7722-24,ST,20507,29530080
527,SUP-7722-24,ST,20507,29530080
565,SUP-7722-24,ST,20507,29530080
565,SUP-7722-24,ST,20507,29530080
527,SUP-7722-24,ST,20507,29530080
565,SUP-7722-24,ST,20507,29530080
565,SUP-7722-24,ST,20507,29530080
565,SUP-7722-24,ST,20507,29530080
26,SUP-7722-24,SM / SM.F / SR,20507,29530080
513,SUP-7593-24,ST,20507,29530080
540,SUP-7593-24,SP,20507,29530080
513,SUP-7593-24,ST,20507,29530080
513,SUP-7593-24,ST,20507,29530080
513,SUP-7593-24,ST,20507,29530080
513,SUP-7593-24,ST,20507,29530080
463,SUP-8370-25,SP,20507,29530080
463,SUP-8370-25,SP,20507,29530080
463,SUP-8370-25,SP,20507,29530080
582,SUP-8370-25,SP,20507,29530080
nome:Fagner Danilo de Matos,SUP-7133-24,PI,20507,29530080
531,SUP-7133-24,SP,20507,29530080
389,SUP-6806-23,ST,20507,29530080
389,SUP-6806-23,ST,20507,29530080
389,SUP-6806-23,ST,20507,29530080
389,SUP-6806-23,ST,20507,29530080
389,SUP-6806-23,ST,20507,29530080
353,SUP-6806-23,ST,20507,29530080
353,SUP-6806-23,ST,20507,29530080
353,SUP-6806-23,ST,20507,29530080
566,SUP-6806-23,ST,20507,29530080
566,SUP-6806-23,ST,20507,29530080
566,SUP-6806-23,ST,20507,29530080
510,SUP-7128-24,ST,20507,29530080
510,SUP-7128-24,ST,20507,29530080
510,SUP-7128-24,ST,20507,29530080
510,SUP-7128-24,ST,20507,29530080
510,SUP-7128-24,ST,20507,29530080
510,SUP-7128-24,ST,20507,29530080
510,SUP-7128-24,ST,20507,29530080
510,SUP-7128-24,ST,20507,29530080
510,SUP-7128-24,ST,20507,29530080
510,SUP-7128-24,ST,20507,29530080
510,SUP-7128-24,ST,20507,29530080
510,SUP-7128-24,ST,20507,29530080
510,SUP-7128-24,ST,20507,29530080
242,SUP-7133-24,SM / SM.F / SR,20507,29530080
559,SUP-7133-24,SP,20507,29530080
478,SUP-7133-24,SP,20507,29530080
573,SUP-7133-24,PI,20507,29530080
573,SUP-7133-24,PI,20507,29530080
573,SUP-7133-24,PI,20507,29530080
378,SUP-8370-25,SM / SM.F / SR,20507,29530080
378,SUP-8370-25,SM / SM.F / SR,20507,29530080
378,SUP-8370-25,SM / SM.F / SR,20507,29530080
378,SUP-8370-25,SM / SM.F / SR,20507,29530080
566,SUP-6806-23,ST,20507,29530080
566,SUP-6806-23,ST,20507,29530080
566,SUP-6806-23,ST,20507,29530080
353,SUP-6806-23,ST,20507,29530080
566,SUP-6806-23,ST,20507,29530080
353,SUP-6806-23,ST,20507,29530080
566,SUP-6806-23,ST,20507,29530080
297,SUP-5947-23 (VC),ST,20507,29530080
297,SUP-5947-23 (VC),ST,20507,29530080
175,SUP-5947-23 (VC),ST,20507,29530080
297,SUP-5947-23 (VC),ST,20507,29530080
175,SUP-5947-23 (VC),ST,20507,29530080
175,SUP-5947-23 (VC),ST,20507,29530080
175,SUP-5947-23 (VC),ST,20507,29530080
175,SUP-5947-23 (VC),ST,20507,29530080
297,SUP-5947-23 (VC),ST,20507,29530080
175,SUP-5947-23 (VC),ST,20507,29530080
297,SUP-5947-23 (VC),ST,20507,29530080
297,SUP-5947-23 (VC),ST,20507,29530080
175,SUP-5947-23 (VC),ST,20507,29530080
297,SUP-5947-23 (VC),ST,20507,29530080
175,SUP-5947-23 (VC),ST,20507,29530080
297,SUP-5947-23 (VC),ST,20507,29530080
297,SUP-5947-23 (VC),ST,20507,29530080
175,SUP-5947-23 (VC),ST,20507,29530080
297,SUP-5947-23 (VC),ST,20507,29530080
297,SUP-5947-23 (VC),ST,20507,29530080
297,SUP-5947-23 (VC),ST,20507,29530080
175,SUP-5947-23 (VC),ST,20507,29530080
577,SUP-8365-25,SP,20507,29530080
577,SUP-8365-25,SP,20507,29530080
577,SUP-8365-25,SP,20507,29530080
337,SUP-7128-24,SP,20507,29530080
509,SUP-7128-24,SP,20507,29530080
509,SUP-7128-24,SP,20507,29530080
337,SUP-7128-24,SP,20507,29530080
26,SUP-7722-24,SM / SM.F / SR,20507,29530080
329,SUP-5947-23 (VS),SP,20508,29531520
509,SUP-7722-24,SM / SM.F / SR,20508,29531520
535,SUP-7722-24,SM / SM.F / SR,20508,29531520
337,SUP-7722-24,SM / SM.F / SR,20508,29531520
477,SUP-6806-23,SP,20508,29531520
143,SUP-6806-23,SP,20508,29531520
361,SUP-6806-23,SP,20508,29531520
297,SUP-5947-23 (VC),ST,20508,29531520
175,SUP-5947-23 (VC),ST,20508,29531520
297,SUP-5947-23 (VC),ST,20508,29531520
175,SUP-5947-23 (VC),ST,20508,29531520
297,SUP-5947-23 (VC),ST,20508,29531520
175,SUP-5947-23 (VC),ST,20508,29531520
297,SUP-5947-23 (VC),ST,20508,29531520
175,SUP-5947-23 (VC),ST,20508,29531520
297,SUP-5947-23 (VC),ST,20508,29531520
175,SUP-5947-23 (VC),ST,20508,29531520
297,SUP-5947-23 (VC),ST,20508,29531520
297,SUP-5947-23 (VC),ST,20508,29531520
175,SUP-5947-23 (VC),ST,20508,29531520
565,SUP-7722-24,ST,20508,29531520
565,SUP-7722-24,ST,20508,29531520
565,SUP-7722-24,ST,20508,29531520
565,SUP-7722-24,ST,20508,29531520
565,SUP-7722-24,ST,20508,29531520
565,SUP-7722-24,ST,20508,29531520
527,SUP-7722-24,ST,20508,29531520
527,SUP-7722-24,ST,20508,29531520
527,SUP-7722-24,ST,20508,29531520
527,SUP-7722-24,ST,20508,29531520
527,SUP-7722-24,ST,20508,29531520
527,SUP-7722-24,ST,20508,29531520
527,SUP-7722-24,ST,20508,29531520
527,SUP-7722-24,ST,20508,29531520
565,SUP-7722-24,ST,20508,29531520
565,SUP-7722-24,ST,20508,29531520
527,SUP-7722-24,ST,20508,29531520
565,SUP-7722-24,ST,20508,29531520
527,SUP-7722-24,ST,20508,29531520
565,SUP-7722-24,ST,20508,29531520
26,SUP-7722-24,SM / SM.F / SR,20508,29531520
513,SUP-7593-24,ST,20508,29531520
513,SUP-7593-24,ST,20508,29531520
540,SUP-7593-24,SP,20508,29531520
463,SUP-8370-25,SP,20508,29531520
503,SUP-8370-25,SP,20508,29531520
582,SUP-8370-25,SP,20508,29531520
389,SUP-6806-23,ST,20508,29531520
389,SUP-6806-23,ST,20508,29531520
389,SUP-6806-23,ST,20508,29531520
389,SUP-6806-23,ST,20508,29531520
389,SUP-6806-23,ST,20508,29531520
389,SUP-6806-23,ST,20508,29531520
353,SUP-6806-23,ST,20508,29531520
353,SUP-6806-23,ST,20508,29531520
353,SUP-6806-23,ST,20508,29531520
353,SUP-6806-23,ST,20508,29531520
353,SUP-6806-23,ST,20508,29531520
353,SUP-6806-23,ST,20508,29531520
389,SUP-6806-23,ST,20508,29531520
389,SUP-6806-23,ST,20508,29531520
389,SUP-6806-23,ST,20508,29531520
510,SUP-7128-24,ST,20508,29531520
510,SUP-7128-24,ST,20508,29531520
510,SUP-7128-24,ST,20508,29531520
510,SUP-7128-24,ST,20508,29531520
510,SUP-7128-24,ST,20508,29531520
479,SUP-7128-24,SM / SM.F / SR,20508,29531520
510,SUP-7128-24,ST,20508,29531520
510,SUP-7128-24,ST,20508,29531520
510,SUP-7128-24,ST,20508,29531520
510,SUP-7128-24,ST,20508,29531520
510,SUP-7128-24,ST,20508,29531520
478,SUP-7133-24,SP,20508,29531520
559,SUP-7133-24,SP,20508,29531520
478,SUP-7133-24,SP,20508,29531520
573,SUP-7133-24,PI,20508,29531520
573,SUP-7133-24,PI,20508,29531520
573,SUP-7133-24,PI,20508,29531520
573,SUP-7133-24,PI,20508,29531520
378,SUP-8370-25,SM / SM.F / SR,20508,29531520
520,SUP-8370-25,SM / SM.F / SR,20508,29531520
566,SUP-6806-23,ST,20508,29531520
566,SUP-6806-23,ST,20508,29531520
566,SUP-6806-23,ST,20508,29531520
566,SUP-6806-23,ST,20508,29531520
428,SUP-7813-24,SM / SM.F / SR,20508,29531520
286,SUP-7813-24,SM / SM.F / SR,20508,29531520
566,SUP-6806-23,ST,20508,29531520
566,SUP-6806-23,ST,20508,29531520
566,SUP-6806-23,ST,20508,29531520
566,SUP-6806-23,ST,20508,29531520
566,SUP-6806-23,ST,20508,29531520
468,SUP-6806-23,SM / SM.F / SR,20508,29531520
297,SUP-5947-23 (VC),ST,20508,29531520
297,SUP-5947-23 (VC),ST,20508,29531520
297,SUP-5947-23 (VC),ST,20508,29531520
297,SUP-5947-23 (VC),ST,20508,29531520
297,SUP-5947-23 (VC),ST,20508,29531520
306,SUP-7133-24,SM / SM.F / SR,20508,29531520
nome:Fagner Danilo de Matos,SUP-6785-23 (PV),PI,20508,29531520
nome:Fagner Danilo de Matos,SUP-6785-23 (PV),PI,20508,29531520
nome:Fagner Danilo de Matos,SUP-6785-23 (PV),PI,20508,29531520
nome:Fagner Danilo de Matos,SUP-6785-23 (PV),PI,20508,29531520
587,SUP-8365-25,SP,20508,29531520
535,SUP-7722-24,SM / SM.F / SR,20508,29531520
329,SUP-5947-23 (VS),SP,20509,29532960
337,SUP-7722-24,SM / SM.F / SR,20509,29532960
510,SUP-7722-24,ST,20509,29532960
510,SUP-7722-24,ST,20509,29532960
510,SUP-7722-24,ST,20509,29532960
510,SUP-7722-24,ST,20509,29532960
510,SUP-7722-24,ST,20509,29532960
510,SUP-7722-24,ST,20509,29532960
510,SUP-7722-24,ST,20509,29532960
565,SUP-7722-24,ST,20509,29532960
510,SUP-7722-24,ST,20509,29532960
565,SUP-7722-24,ST,20509,29532960
565,SUP-7722-24,ST,20509,29532960
510,SUP-7722-24,ST,20509,29532960
536,SUP-6806-23,SP,20509,29532960
361,SUP-6806-23,SP,20509,29532960
409,SUP-6806-23,SP,20509,29532960
552,SUP-8370-25,SP,20509,29532960
552,SUP-8370-25,SP,20509,29532960
321,SUP-8370-25,SP,20509,29532960
552,SUP-8370-25,SP,20509,29532960
571,SUP-8370-25,SP,20509,29532960
299,SUP-8370-25,SP,20509,29532960
321,SUP-8370-25,SP,20509,29532960
321,SUP-8370-25,SP,20509,29532960
568,SUP-8370-25,SP,20509,29532960
321,SUP-8370-25,SP,20509,29532960
175,SUP-5947-23 (VC),ST,20509,29532960
297,SUP-5947-23 (VC),ST,20509,29532960
297,SUP-5947-23 (VC),ST,20509,29532960
175,SUP-5947-23 (VC),ST,20509,29532960
297,SUP-5947-23 (VC),ST,20509,29532960
175,SUP-5947-23 (VC),ST,20509,29532960
297,SUP-5947-23 (VC),ST,20509,29532960
297,SUP-5947-23 (VC),ST,20509,29532960
175,SUP-5947-23 (VC),ST,20509,29532960
297,SUP-5947-23 (VC),ST,20509,29532960
175,SUP-5947-23 (VC),ST,20509,29532960
297,SUP-5947-23 (VC),ST,20509,29532960
297,SUP-5947-23 (VC),ST,20509,29532960
175,SUP-5947-23 (VC),ST,20509,29532960
175,SUP-5947-23 (VC),ST,20509,29532960
297,SUP-5947-23 (VC),ST,20509,29532960
565,SUP-7722-24,ST,20509,29532960
565,SUP-7722-24,ST,20509,29532960
565,SUP-7722-24,ST,20509,29532960
565,SUP-7722-24,ST,20509,29532960
565,SUP-7722-24,ST,20509,29532960
565,SUP-7722-24,ST,20509,29532960
565,SUP-7722-24,ST,20509,29532960
565,SUP-7722-24,ST,20509,29532960
447,SUP-7722-24,ST,20509,29532960
447,SUP-7722-24,ST,20509,29532960
447,SUP-7722-24,ST,20509,29532960
121,SUP-7722-24,SM / SM.F / SR,20509,29532960
447,SUP-7722-24,ST,20509,29532960
26,SUP-7722-24,SM / SM.F / SR,20509,29532960
447,SUP-7722-24,ST,20509,29532960
447,SUP-7722-24,ST,20509,29532960
447,SUP-7722-24,ST,20509,29532960
447,SUP-7722-24,ST,20509,29532960
447,SUP-7722-24,ST,20509,29532960
513,SUP-7593-24,ST,20509,29532960
513,SUP-7593-24,ST,20509,29532960
513,SUP-7593-24,ST,20509,29532960
513,SUP-7593-24,ST,20509,29532960
513,SUP-7593-24,ST,20509,29532960
513,SUP-7593-24,ST,20509,29532960
nome:Fagner Danilo de Matos,SUP-7133-24,PI,20509,29532960
531,SUP-7133-24,SP,20509,29532960
389,SUP-6806-23,ST,20509,29532960
353,SUP-6806-23,ST,20509,29532960
353,SUP-6806-23,ST,20509,29532960
389,SUP-6806-23,ST,20509,29532960
405,SUP-7128-24,SM / SM.F / SR,20509,29532960
559,SUP-7133-24,SP,20509,29532960
478,SUP-7133-24,SP,20509,29532960
559,SUP-7133-24,SP,20509,29532960
216,SUP-7133-24,SM / SM.F / SR,20509,29532960
559,SUP-7133-24,SP,20509,29532960
286,SUP-7813-24,SM / SM.F / SR,20509,29532960
353,SUP-6806-23,ST,20509,29532960
353,SUP-6806-23,ST,20509,29532960
566,SUP-6806-23,ST,20509,29532960
353,SUP-6806-23,ST,20509,29532960
540,SUP-7593-24,SP,20509,29532960
503,SUP-8370-25,SP,20509,29532960
463,SUP-8370-25,SP,20509,29532960
503,SUP-8370-25,SP,20509,29532960
463,SUP-8370-25,SP,20509,29532960
588,SUP-7593-24,SM / SM.F / SR,20509,29532960
340,SUP-7593-24,SM / SM.F / SR,20509,29532960
468,SUP-6806-23,SM / SM.F / SR,20509,29532960
297,SUP-5947-23 (VC),ST,20509,29532960
561,SUP-7133-24,SM / SM.F / SR,20509,29532960
573,SUP-7133-24,PI,20509,29532960
573,SUP-7133-24,PI,20509,29532960
573,SUP-7133-24,PI,20509,29532960
575,SUP-7133-24,ST,20509,29532960
575,SUP-7133-24,ST,20509,29532960
575,SUP-7133-24,ST,20509,29532960
26,SUP-7722-24,SM / SM.F / SR,20509,29532960
121,SUP-7722-24,SM / SM.F / SR,20509,29532960
286,SUP-7813-24,SM / SM.F / SR,20509,29532960
540,SUP-7593-24,SP,20509,29532960
340,SUP-7593-24,SM / SM.F / SR,20509,29532960
329,SUP-5947-23 (VS),SP,20510,29534400
276,SUP-7133-24,SP,20510,29534400
509,SUP-7722-24,SM / SM.F / SR,20510,29534400
535,SUP-7722-24,SM / SM.F / SR,20510,29534400
143,SUP-6806-23,SP,20510,29534400
361,SUP-6806-23,SP,20510,29534400
409,SUP-6806-23,SP,20510,29534400
175,SUP-5947-23 (VC),ST,20510,29534400
297,SUP-5947-23 (VC),ST,20510,29534400
297,SUP-5947-23 (VC),ST,20510,29534400
175,SUP-5947-23 (VC),ST,20510,29534400
571,SUP-8370-25,SP,20510,29534400
299,SUP-8370-25,SP,20510,29534400
299,SUP-8370-25,SP,20510,29534400
321,SUP-8370-25,SP,20510,29534400
571,SUP-8370-25,SP,20510,29534400
568,SUP-8370-25,SP,20510,29534400
297,SUP-5947-23 (VC),ST,20510,29534400
175,SUP-5947-23 (VC),ST,20510,29534400
79,SUP-8370-25,SM / SM.F / SR,20510,29534400
26,SUP-7722-24,SM / SM.F / SR,20510,29534400
121,SUP-7722-24,SM / SM.F / SR,20510,29534400
405,SUP-7128-24,SM / SM.F / SR,20510,29534400
513,SUP-7593-24,ST,20510,29534400
513,SUP-7593-24,ST,20510,29534400
513,SUP-7593-24,ST,20510,29534400
513,SUP-7593-24,ST,20510,29534400
513,SUP-7593-24,ST,20510,29534400
nome:Fagner Danilo de Matos,SUP-7133-24,PI,20510,29534400
nome:Fagner Danilo de Matos,SUP-7133-24,ST,20510,29534400
nome:Fagner Danilo de Matos,SUP-7133-24,ST,20510,29534400
573,SUP-7133-24,PI,20510,29534400
nome:Fagner Danilo de Matos,SUP-7133-24,PI,20510,29534400
595,SUP-6806-23,ST,20510,29534400
353,SUP-6806-23,ST,20510,29534400
389,SUP-6806-23,ST,20510,29534400
353,SUP-6806-23,ST,20510,29534400
389,SUP-6806-23,ST,20510,29534400
470,SUP-7133-24,SP,20510,29534400
559,SUP-7133-24,SP,20510,29534400
478,SUP-7133-24,SP,20510,29534400
559,SUP-7133-24,SP,20510,29534400
595,SUP-6806-23,ST,20510,29534400
353,SUP-6806-23,ST,20510,29534400
595,SUP-6806-23,ST,20510,29534400
428,SUP-7813-24,SM / SM.F / SR,20510,29534400
468,SUP-6806-23,SM / SM.F / SR,20510,29534400
577,SUP-5947-23 (VC),SP,20510,29534400
297,SUP-5947-23 (VC),ST,20510,29534400
297,SUP-5947-23 (VC),ST,20510,29534400
297,SUP-5947-23 (VC),ST,20510,29534400
297,SUP-5947-23 (VC),ST,20510,29534400
175,SUP-5947-23 (VC),ST,20510,29534400
575,SUP-7133-24,ST,20510,29534400
575,SUP-7133-24,ST,20510,29534400
527,SUP-7128-24,ST,20510,29534400
565,SUP-7128-24,ST,20510,29534400
510,SUP-7128-24,ST,20510,29534400
527,SUP-7128-24,ST,20510,29534400
510,SUP-7128-24,ST,20510,29534400
565,SUP-7128-24,ST,20510,29534400
527,SUP-7128-24,ST,20510,29534400
510,SUP-7128-24,ST,20510,29534400
565,SUP-7128-24,ST,20510,29534400
527,SUP-7128-24,ST,20510,29534400
510,SUP-7128-24,ST,20510,29534400
565,SUP-7128-24,ST,20510,29534400
79,SUP-8370-25,SM / SM.F / SR,20510,29534400
26,SUP-7722-24,SM / SM.F / SR,20510,29534400
121,SUP-7722-24,SM / SM.F / SR,20510,29534400
329,SUP-5947-23 (VS),SP,20511,29535840
329,SUP-5947-23 (VS),SP,20511,29535840
329,SUP-5947-23 (VS),SP,20511,29535840
479,SUP-7722-24,SM / SM.F / SR,20511,29535840
297,SUP-5947-23 (VC),ST,20511,29535840
297,SUP-5947-23 (VC),ST,20511,29535840
297,SUP-5947-23 (VC),ST,20511,29535840
175,SUP-5947-23 (VC),ST,20511,29535840
175,SUP-5947-23 (VC),ST,20511,29535840
175,SUP-5947-23 (VC),ST,20511,29535840
297,SUP-5947-23 (VC),ST,20511,29535840
175,SUP-5947-23 (VC),ST,20511,29535840
409,SUP-6806-23,SP,20511,29535840
536,SUP-6806-23,SP,20511,29535840
519,SUP-6806-23,SP,20511,29535840
513,SUP-7593-24,ST,20511,29535840
513,SUP-7593-24,ST,20511,29535840
513,SUP-7593-24,ST,20511,29535840
513,SUP-7593-24,ST,20511,29535840
513,SUP-7593-24,ST,20511,29535840
513,SUP-7593-24,ST,20511,29535840
573,SUP-7133-24,ST,20511,29535840
nome:Fagner Danilo de Matos,SUP-7133-24,ST,20511,29535840
573,SUP-7133-24,PI,20511,29535840
nome:Fagner Danilo de Matos,SUP-7133-24,PI,20511,29535840
573,SUP-7133-24,PI,20511,29535840
nome:Fagner Danilo de Matos,SUP-7133-24,PI,20511,29535840
276,SUP-7133-24,SP,20511,29535840
276,SUP-7133-24,SP,20511,29535840
470,SUP-7133-24,SP,20511,29535840
276,SUP-7133-24,SP,20511,29535840
276,SUP-7133-24,SP,20511,29535840
276,SUP-7133-24,SP,20511,29535840
470,SUP-7133-24,SP,20511,29535840
321,SUP-8370-25,SP,20511,29535840
571,SUP-8370-25,SP,20511,29535840
299,SUP-8370-25,SP,20511,29535840
321,SUP-8370-25,SP,20511,29535840
568,SUP-8370-25,SP,20511,29535840
552,SUP-8370-25,SP,20511,29535840
175,SUP-5947-23 (VC),ST,20511,29535840
297,SUP-5947-23 (VC),ST,20511,29535840
513,SUP-7593-24,ST,20511,29535840
478,SUP-7133-24,SP,20511,29535840
559,SUP-7133-24,SP,20511,29535840
216,SUP-7133-24,SM / SM.F / SR,20511,29535840
216,SUP-7133-24,SM / SM.F / SR,20511,29535840
242,SUP-7133-24,SM / SM.F / SR,20511,29535840
154,SUP-7128-24,SP,20511,29535840
154,SUP-7128-24,SP,20511,29535840
378,SUP-8370-25,SM / SM.F / SR,20511,29535840
378,SUP-8370-25,SM / SM.F / SR,20511,29535840
378,SUP-8370-25,SM / SM.F / SR,20511,29535840
458,SUP-7133-24,ST,20511,29535840
458,SUP-7133-24,ST,20511,29535840
458,SUP-7133-24,ST,20511,29535840
575,SUP-7133-24,ST,20511,29535840
458,SUP-7133-24,ST,20511,29535840
575,SUP-7133-24,ST,20511,29535840
575,SUP-7133-24,ST,20511,29535840
575,SUP-7133-24,ST,20511,29535840
458,SUP-7133-24,ST,20511,29535840
458,SUP-7133-24,ST,20511,29535840
575,SUP-7133-24,ST,20511,29535840
575,SUP-7133-24,ST,20511,29535840
458,SUP-7133-24,ST,20511,29535840
297,SUP-5947-23 (VC),VT,20511,29535840
420,SUP-5947-23 (VC),SM / SM.F / SR,20511,29535840
463,SUP-8370-25,SP,20511,29535840
468,SUP-6806-23,SM / SM.F / SR,20511,29535840
577,SUP-5947-23 (VC),SP,20511,29535840
297,SUP-5947-23 (VC),ST,20511,29535840
577,SUP-5947-23 (VC),SP,20511,29535840
175,SUP-5947-23 (VC),ST,20511,29535840
297,SUP-5947-23 (VC),ST,20511,29535840
297,SUP-5947-23 (VC),ST,20511,29535840
297,SUP-5947-23 (VC),ST,20511,29535840
577,SUP-5947-23 (VC),SP,20511,29535840
527,SUP-7128-24,ST,20511,29535840
565,SUP-7128-24,ST,20511,29535840
510,SUP-7128-24,ST,20511,29535840
565,SUP-7128-24,ST,20511,29535840
527,SUP-7128-24,ST,20511,29535840
565,SUP-7128-24,ST,20511,29535840
510,SUP-7128-24,ST,20511,29535840
527,SUP-7128-24,ST,20511,29535840
565,SUP-7128-24,ST,20511,29535840
510,SUP-7128-24,ST,20511,29535840
527,SUP-7128-24,ST,20511,29535840
510,SUP-7128-24,ST,20511,29535840
565,SUP-7128-24,ST,20511,29535840
143,SUP-6806-23,SP,20511,29535840
306,SUP-7133-24,SM / SM.F / SR,20511,29535840
560,SUP-7133-24,SM / SM.F / SR,20511,29535840
561,SUP-7133-24,SP,20511,29535840
561,SUP-7133-24,SP,20511,29535840
595,SUP-6806-23,ST,20511,29535840
389,SUP-6806-23,ST,20511,29535840
389,SUP-6806-23,ST,20511,29535840
353,SUP-6806-23,ST,20511,29535840
389,SUP-6806-23,ST,20511,29535840
353,SUP-6806-23,ST,20511,29535840
389,SUP-6806-23,ST,20511,29535840
353,SUP-6806-23,ST,20511,29535840
353,SUP-6806-23,ST,20511,29535840
389,SUP-6806-23,ST,20511,29535840
353,SUP-6806-23,ST,20511,29535840
595,SUP-6806-23,ST,20511,29535840
353,SUP-6806-23,ST,20511,29535840
353,SUP-6806-23,ST,20511,29535840
595,SUP-6806-23,ST,20511,29535840
353,SUP-6806-23,ST,20511,29535840
353,SUP-6806-23,ST,20511,29535840
389,SUP-6806-23,ST,20511,29535840
353,SUP-6806-23,ST,20511,29535840
479,SUP-7722-24,SM / SM.F / SR,20511,29535840
409,SUP-6806-23,SP,20511,29535840
216,SUP-7133-24,SM / SM.F / SR,20511,29535840
242,SUP-7133-24,SM / SM.F / SR,20511,29535840
420,SUP-5947-23 (VC),SM / SM.F / SR,20511,29535840
468,SUP-6806-23,SM / SM.F / SR,20511,29535840
561,SUP-7133-24,SP,20511,29535840
561,SUP-7133-24,SP,20511,29535840
560,SUP-7133-24,SM / SM.F / SR,20511,29535840
306,SUP-7133-24,SM / SM.F / SR,20511,29535840
329,SUP-5947-23 (VS),SP,20512,29537280
329,SUP-5947-23 (VS),SP,20512,29537280
329,SUP-5947-23 (VS),SP,20512,29537280
329,SUP-5947-23 (VS),SP,20512,29537280
535,SUP-7722-24,SM / SM.F / SR,20512,29537280
509,SUP-7722-24,SM / SM.F / SR,20512,29537280
477,SUP-6806-23,SP,20512,29537280
477,SUP-6806-23,SP,20512,29537280
519,SUP-6806-23,SP,20512,29537280
409,SUP-6806-23,SP,20512,29537280
143,SUP-6806-23,SP,20512,29537280
224,SUP-8370-25,SM / SM.F / SR,20512,29537280
455,SUP-7722-24,SM / SM.F / SR,20512,29537280
458,SUP-7722-24,ST,20512,29537280
458,SUP-7722-24,ST,20512,29537280
458,SUP-7722-24,ST,20512,29537280
575,SUP-7722-24,ST,20512,29537280
458,SUP-7722-24,ST,20512,29537280
458,SUP-7722-24,ST,20512,29537280
458,SUP-7722-24,ST,20512,29537280
575,SUP-7722-24,ST,20512,29537280
136,SUP-7722-24,SM / SM.F / SR,20512,29537280
537,SUP-7722-24,SM / SM.F / SR,20512,29537280
373,SUP-7722-24,SM / SM.F / SR,20512,29537280
577,SUP-5947-23 (VC),SP,20512,29537280
573,SUP-7133-24,ST,20512,29537280
573,SUP-7133-24,ST,20512,29537280
nome:Fagner Danilo de Matos,SUP-7133-24,PI,20512,29537280
nome:Fagner Danilo de Matos,SUP-7133-24,ST,20512,29537280
nome:Fagner Danilo de Matos,SUP-7133-24,ST,20512,29537280
nome:Fagner Danilo de Matos,SUP-7133-24,ST,20512,29537280
470,SUP-7133-24,SP,20512,29537280
470,SUP-7133-24,SP,20512,29537280
470,SUP-7133-24,SP,20512,29537280
470,SUP-7133-24,SP,20512,29537280
470,SUP-7133-24,SP,20512,29537280
470,SUP-7133-24,SP,20512,29537280
571,SUP-8370-25,SP,20512,29537280
321,SUP-8370-25,SP,20512,29537280
299,SUP-8370-25,SP,20512,29537280
552,SUP-8370-25,SP,20512,29537280
568,SUP-8370-25,SP,20512,29537280
299,SUP-8370-25,SP,20512,29537280
571,SUP-8370-25,SP,20512,29537280
458,SUP-7133-24,ST,20512,29537280
575,SUP-7133-24,ST,20512,29537280
458,SUP-7133-24,ST,20512,29537280
575,SUP-7133-24,ST,20512,29537280
458,SUP-7133-24,ST,20512,29537280
458,SUP-7133-24,ST,20512,29537280
458,SUP-7133-24,ST,20512,29537280
458,SUP-7133-24,ST,20512,29537280
575,SUP-7133-24,ST,20512,29537280
389,SUP-6806-23,ST,20512,29537280
595,SUP-6806-23,ST,20512,29537280
389,SUP-6806-23,ST,20512,29537280
595,SUP-6806-23,ST,20512,29537280
389,SUP-6806-23,ST,20512,29537280
595,SUP-6806-23,ST,20512,29537280
595,SUP-6806-23,ST,20512,29537280
389,SUP-6806-23,ST,20512,29537280
389,SUP-6806-23,ST,20512,29537280
595,SUP-6806-23,ST,20512,29537280
389,SUP-6806-23,ST,20512,29537280
595,SUP-6806-23,ST,20512,29537280
513,SUP-7593-24,ST,20512,29537280
513,SUP-7593-24,ST,20512,29537280
513,SUP-7593-24,ST,20512,29537280
297,SUP-7133-24,ST,20512,29537280
175,SUP-7133-24,ST,20512,29537280
559,SUP-7133-24,SP,20512,29537280
154,SUP-7128-24,SP,20512,29537280
154,SUP-7128-24,SP,20512,29537280
154,SUP-7128-24,SP,20512,29537280
378,SUP-8370-25,SM / SM.F / SR,20512,29537280
378,SUP-8370-25,SM / SM.F / SR,20512,29537280
378,SUP-8370-25,SM / SM.F / SR,20512,29537280
378,SUP-8370-25,SM / SM.F / SR,20512,29537280
378,SUP-8370-25,SM / SM.F / SR,20512,29537280
575,SUP-7133-24,ST,20512,29537280
587,SUP-7769-24,SP,20512,29537280
595,SUP-6806-23,ST,20512,29537280
595,SUP-6806-23,ST,20512,29537280
428,SUP-7813-24,SM / SM.F / SR,20512,29537280
463,SUP-8370-25,SP,20512,29537280
340,SUP-7593-24,SM / SM.F / SR,20512,29537280
588,SUP-7593-24,SM / SM.F / SR,20512,29537280
513,SUP-7593-24,ST,20512,29537280
513,SUP-7593-24,ST,20512,29537280
513,SUP-7593-24,ST,20512,29537280
361,SUP-6806-23,SP,20512,29537280
561,SUP-7133-24,SP,20512,29537280
561,SUP-7133-24,SP,20512,29537280
341,SUP-7593-24,SM / SM.F / SR,20512,29537280
329,SUP-5947-23 (VS),SP,20512,29537280
329,SUP-5947-23 (VS),SP,20512,29537280
329,SUP-5947-23 (VS),SP,20512,29537280
329,SUP-5947-23 (VS),SP,20512,29537280
535,SUP-7722-24,SM / SM.F / SR,20512,29537280
509,SUP-7722-24,SM / SM.F / SR,20512,29537280
519,SUP-6806-23,SP,20512,29537280
409,SUP-6806-23,SP,20512,29537280
143,SUP-6806-23,SP,20512,29537280
455,SUP-7722-24,SM / SM.F / SR,20512,29537280
373,SUP-7722-24,SM / SM.F / SR,20512,29537280
136,SUP-7722-24,SM / SM.F / SR,20512,29537280
537,SUP-7722-24,SM / SM.F / SR,20512,29537280
577,SUP-5947-23 (VC),SP,20512,29537280
571,SUP-8370-25,SP,20512,29537280
552,SUP-8370-25,SP,20512,29537280
428,SUP-7813-24,SM / SM.F / SR,20512,29537280
588,SUP-7593-24,SM / SM.F / SR,20512,29537280
340,SUP-7593-24,SM / SM.F / SR,20512,29537280
361,SUP-6806-23,SP,20512,29537280
561,SUP-7133-24,SP,20512,29537280
561,SUP-7133-24,SP,20512,29537280
341,SUP-7593-24,SM / SM.F / SR,20512,29537280
329,SUP-5947-23 (VS),SP,20513,29538720
329,SUP-5947-23 (VS),SP,20513,29538720
405,SUP-7722-24,SP,20513,29538720
405,SUP-7722-24,SP,20513,29538720
479,SUP-7722-24,SP,20513,29538720
361,SUP-6806-23,SP,20513,29538720
143,SUP-6806-23,SP,20513,29538720
519,SUP-6806-23,SP,20513,29538720
520,SUP-7722-24,SM / SM.F / SR,20513,29538720
517,SUP-7722-24,SM / SM.F / SR,20513,29538720
364,SUP-7722-24,SM / SM.F / SR,20513,29538720
458,SUP-7722-24,ST,20513,29538720
257,SUP-7722-24,ST,20513,29538720
458,SUP-7722-24,ST,20513,29538720
257,SUP-7722-24,ST,20513,29538720
575,SUP-7722-24,ST,20513,29538720
458,SUP-7722-24,ST,20513,29538720
257,SUP-7722-24,ST,20513,29538720
458,SUP-7722-24,ST,20513,29538720
575,SUP-7722-24,ST,20513,29538720
458,SUP-7722-24,ST,20513,29538720
575,SUP-7722-24,ST,20513,29538720
458,SUP-7722-24,ST,20513,29538720
575,SUP-7722-24,ST,20513,29538720
257,SUP-7722-24,ST,20513,29538720
458,SUP-7722-24,ST,20513,29538720
257,SUP-7722-24,ST,20513,29538720
575,SUP-7722-24,ST,20513,29538720
458,SUP-7722-24,ST,20513,29538720
257,SUP-7722-24,ST,20513,29538720
257,SUP-7722-24,ST,20513,29538720
575,SUP-7722-24,ST,20513,29538720
257,SUP-7722-24,ST,20513,29538720
458,SUP-7722-24,ST,20513,29538720
575,SUP-7722-24,ST,20513,29538720
257,SUP-7722-24,ST,20513,29538720
458,SUP-7722-24,ST,20513,29538720
257,SUP-7722-24,ST,20513,29538720
575,SUP-7722-24,ST,20513,29538720
458,SUP-7722-24,ST,20513,29538720
257,SUP-7722-24,ST,20513,29538720
575,SUP-7722-24,ST,20513,29538720
458,SUP-7722-24,ST,20513,29538720
154,SUP-7128-24,SP,20513,29538720
nome:Fagner Danilo de Matos,SUP-7133-24,ST,20513,29538720
nome:Fagner Danilo de Matos,SUP-7133-24,ST,20513,29538720
573,SUP-7133-24,PI,20513,29538720
nome:Fagner Danilo de Matos,SUP-7133-24,ST,20513,29538720
573,SUP-7133-24,ST,20513,29538720
276,SUP-7133-24,SP,20513,29538720
470,SUP-7133-24,SP,20513,29538720
568,SUP-8370-25,SP,20513,29538720
463,SUP-8370-25,SP,20513,29538720
299,SUP-8370-25,SP,20513,29538720
321,SUP-8370-25,SP,20513,29538720
571,SUP-8370-25,SP,20513,29538720
582,SUP-8370-25,SP,20513,29538720
568,SUP-8370-25,SP,20513,29538720
463,SUP-8370-25,SP,20513,29538720
353,SUP-6806-23,ST,20513,29538720
353,SUP-6806-23,ST,20513,29538720
353,SUP-6806-23,ST,20513,29538720
389,SUP-6806-23,ST,20513,29538720
389,SUP-6806-23,ST,20513,29538720
389,SUP-6806-23,ST,20513,29538720
389,SUP-6806-23,ST,20513,29538720
389,SUP-6806-23,ST,20513,29538720
389,SUP-6806-23,ST,20513,29538720
389,SUP-6806-23,ST,20513,29538720
389,SUP-6806-23,ST,20513,29538720
389,SUP-6806-23,ST,20513,29538720
389,SUP-6806-23,ST,20513,29538720
389,SUP-6806-23,ST,20513,29538720
389,SUP-6806-23,ST,20513,29538720
297,SUP-7133-24,ST,20513,29538720
297,SUP-7133-24,ST,20513,29538720
175,SUP-7133-24,ST,20513,29538720
297,SUP-7133-24,ST,20513,29538720
175,SUP-7133-24,ST,20513,29538720
297,SUP-7133-24,ST,20513,29538720
297,SUP-7133-24,ST,20513,29538720
297,SUP-7133-24,ST,20513,29538720
297,SUP-7133-24,ST,20513,29538720
175,SUP-7133-24,ST,20513,29538720
297,SUP-7133-24,ST,20513,29538720
297,SUP-7133-24,ST,20513,29538720
297,SUP-7133-24,ST,20513,29538720
175,SUP-7133-24,ST,20513,29538720
297,SUP-7133-24,ST,20513,29538720
565,SUP-7133-24,ST,20513,29538720
565,SUP-7133-24,ST,20513,29538720
565,SUP-7133-24,ST,20513,29538720
565,SUP-7133-24,ST,20513,29538720
565,SUP-7133-24,ST,20513,29538720
565,SUP-7133-24,ST,20513,29538720
565,SUP-7133-24,ST,20513,29538720
565,SUP-7133-24,ST,20513,29538720
510,SUP-7133-24,ST,20513,29538720
510,SUP-7133-24,ST,20513,29538720
510,SUP-7133-24,ST,20513,29538720
510,SUP-7133-24,ST,20513,29538720
510,SUP-7133-24,ST,20513,29538720
510,SUP-7133-24,ST,20513,29538720
510,SUP-7133-24,ST,20513,29538720
510,SUP-7133-24,ST,20513,29538720
587,SUP-7769-24,SP,20513,29538720
540,SUP-7593-24,SP,20513,29538720
527,SUP-7133-24,ST,20513,29538720
527,SUP-7133-24,ST,20513,29538720
527,SUP-7133-24,ST,20513,29538720
527,SUP-7133-24,ST,20513,29538720
527,SUP-7133-24,ST,20513,29538720
527,SUP-7133-24,ST,20513,29538720
527,SUP-7133-24,ST,20513,29538720
527,SUP-7133-24,ST,20513,29538720
513,SUP-7593-24,ST,20513,29538720
513,SUP-7593-24,ST,20513,29538720
513,SUP-7593-24,ST,20513,29538720
513,SUP-7593-24,ST,20513,29538720
513,SUP-7593-24,ST,20513,29538720
513,SUP-7593-24,ST,20513,29538720
513,SUP-7593-24,ST,20513,29538720
513,SUP-7593-24,ST,20513,29538720
329,SUP-5947-23 (VS),SP,20514,29540160
405,SUP-7722-24,SP,20514,29540160
405,SUP-7722-24,SP,20514,29540160
479,SUP-7722-24,SP,20514,29540160
509,SUP-7722-24,SM / SM.F / SR,20514,29540160
143,SUP-6806-23,SP,20514,29540160
143,SUP-6806-23,SP,20514,29540160
519,SUP-6806-23,SP,20514,29540160
536,SUP-6806-23,SP,20514,29540160
477,SUP-6806-23,SP,20514,29540160
378,SUP-7722-24,SM / SM.F / SR,20514,29540160
210,SUP-7722-24,SM / SM.F / SR,20514,29540160
575,SUP-7722-24,ST,20514,29540160
575,SUP-7722-24,ST,20514,29540160
458,SUP-7722-24,ST,20514,29540160
575,SUP-7722-24,ST,20514,29540160
458,SUP-7722-24,ST,20514,29540160
458,SUP-7722-24,ST,20514,29540160
575,SUP-7722-24,ST,20514,29540160
458,SUP-7722-24,ST,20514,29540160
458,SUP-7722-24,ST,20514,29540160
575,SUP-7722-24,ST,20514,29540160
575,SUP-7722-24,ST,20514,29540160
458,SUP-7722-24,ST,20514,29540160
458,SUP-7722-24,ST,20514,29540160
575,SUP-7722-24,ST,20514,29540160
458,SUP-7722-24,ST,20514,29540160
458,SUP-7722-24,ST,20514,29540160
458,SUP-7722-24,ST,20514,29540160
575,SUP-7722-24,ST,20514,29540160
575,SUP-7722-24,ST,20514,29540160
458,SUP-7722-24,ST,20514,29540160
136,SUP-7722-24,SM / SM.F / SR,20514,29540160
577,SUP-5947-23 (VC),SP,20514,29540160
573,SUP-7133-24,ST,20514,29540160
276,SUP-7133-24,SP,20514,29540160
573,SUP-7133-24,ST,20514,29540160
470,SUP-7133-24,SP,20514,29540160
573,SUP-7133-24,ST,20514,29540160
573,SUP-7133-24,ST,20514,29540160
nome:Fagner Danilo de Matos,SUP-7133-24,PI,20514,29540160
573,SUP-7133-24,ST,20514,29540160
470,SUP-7133-24,SP,20514,29540160
510,SUP-7133-24,ST,20514,29540160
510,SUP-7133-24,ST,20514,29540160
510,SUP-7133-24,ST,20514,29540160
510,SUP-7133-24,ST,20514,29540160
510,SUP-7133-24,ST,20514,29540160
510,SUP-7133-24,ST,20514,29540160
510,SUP-7133-24,ST,20514,29540160
510,SUP-7133-24,ST,20514,29540160
510,SUP-7133-24,ST,20514,29540160
510,SUP-7133-24,ST,20514,29540160
568,SUP-8370-25,SP,20514,29540160
321,SUP-8370-25,SP,20514,29540160
571,SUP-8370-25,SP,20514,29540160
299,SUP-8370-25,SP,20514,29540160
568,SUP-8370-25,SP,20514,29540160
552,SUP-8370-25,SP,20514,29540160
321,SUP-8370-25,SP,20514,29540160
389,SUP-6806-23,ST,20514,29540160
353,SUP-6806-23,ST,20514,29540160
389,SUP-6806-23,ST,20514,29540160
353,SUP-6806-23,ST,20514,29540160
353,SUP-6806-23,ST,20514,29540160
353,SUP-6806-23,ST,20514,29540160
353,SUP-6806-23,ST,20514,29540160
389,SUP-6806-23,ST,20514,29540160
389,SUP-6806-23,ST,20514,29540160
389,SUP-6806-23,ST,20514,29540160
353,SUP-6806-23,ST,20514,29540160
389,SUP-6806-23,ST,20514,29540160
595,SUP-6806-23,ST,20514,29540160
353,SUP-6806-23,ST,20514,29540160
353,SUP-6806-23,ST,20514,29540160
353,SUP-6806-23,ST,20514,29540160
389,SUP-6806-23,ST,20514,29540160
353,SUP-6806-23,ST,20514,29540160
389,SUP-6806-23,ST,20514,29540160
353,SUP-6806-23,ST,20514,29540160
531,SUP-7133-24,SM / SM.F / SR,20514,29540160
175,SUP-7133-24,ST,20514,29540160
297,SUP-7133-24,ST,20514,29540160
297,SUP-7133-24,ST,20514,29540160
175,SUP-7133-24,ST,20514,29540160
175,SUP-7133-24,ST,20514,29540160
297,SUP-7133-24,ST,20514,29540160
175,SUP-7133-24,ST,20514,29540160
297,SUP-7133-24,ST,20514,29540160
297,SUP-7133-24,ST,20514,29540160
297,SUP-7133-24,ST,20514,29540160
297,SUP-7133-24,ST,20514,29540160
297,SUP-7133-24,ST,20514,29540160
297,SUP-7133-24,ST,20514,29540160
478,SUP-7133-24,SP,20514,29540160
559,SUP-7133-24,SP,20514,29540160
154,SUP-7128-24,SP,20514,29540160
286,SUP-7813-24,SM / SM.F / SR,20514,29540160
224,SUP-8370-25,SM / SM.F / SR,20514,29540160
527,SUP-7133-24,ST,20514,29540160
527,SUP-7133-24,ST,20514,29540160
527,SUP-7133-24,ST,20514,29540160
527,SUP-7133-24,ST,20514,29540160
527,SUP-7133-24,ST,20514,29540160
527,SUP-7133-24,ST,20514,29540160
527,SUP-7133-24,ST,20514,29540160
527,SUP-7133-24,ST,20514,29540160
565,SUP-7133-24,ST,20514,29540160
468,SUP-6806-23,SM / SM.F / SR,20514,29540160
nome:Fagner Danilo de Matos,SUP-7133-24,PI,20514,29540160
513,SUP-7593-24,ST,20514,29540160
513,SUP-7593-24,ST,20514,29540160
513,SUP-7593-24,ST,20514,29540160
513,SUP-7593-24,ST,20514,29540160
513,SUP-7593-24,ST,20514,29540160
519,SUP-6806-23,SP,20514,29540160
306,SUP-7133-24,SM / SM.F / SR,20514,29540160
561,SUP-7133-24,SP,20514,29540160
561,SUP-7133-24,SP,20514,29540160
561,SUP-7133-24,SP,20514,29540160
337,SUP-7128-24,SM / SM.F / SR,20514,29540160
329,SUP-5947-23 (VS),SP,20515,29541600
143,SUP-6806-23,SP,20515,29541600
519,SUP-6806-23,SP,20515,29541600
143,SUP-6806-23,SP,20515,29541600
361,SUP-6806-23,SP,20515,29541600
409,SUP-6806-23,SP,20515,29541600
520,SUP-7722-24,SM / SM.F / SR,20515,29541600
378,SUP-7722-24,SM / SM.F / SR,20515,29541600
458,SUP-7722-24,ST,20515,29541600
575,SUP-7722-24,ST,20515,29541600
458,SUP-7722-24,ST,20515,29541600
458,SUP-7722-24,ST,20515,29541600
458,SUP-7722-24,ST,20515,29541600
575,SUP-7722-24,ST,20515,29541600
458,SUP-7722-24,ST,20515,29541600
458,SUP-7722-24,ST,20515,29541600
575,SUP-7722-24,ST,20515,29541600
575,SUP-7722-24,ST,20515,29541600
458,SUP-7722-24,ST,20515,29541600
458,SUP-7722-24,ST,20515,29541600
575,SUP-7722-24,ST,20515,29541600
575,SUP-7722-24,ST,20515,29541600
458,SUP-7722-24,ST,20515,29541600
575,SUP-7722-24,ST,20515,29541600
458,SUP-7722-24,ST,20515,29541600
575,SUP-7722-24,ST,20515,29541600
458,SUP-7722-24,ST,20515,29541600
458,SUP-7722-24,ST,20515,29541600
575,SUP-7722-24,ST,20515,29541600
513,SUP-7593-24,ST,20515,29541600
513,SUP-7593-24,ST,20515,29541600
513,SUP-7593-24,ST,20515,29541600
513,SUP-7593-24,ST,20515,29541600
513,SUP-7593-24,ST,20515,29541600
513,SUP-7593-24,ST,20515,29541600
513,SUP-7593-24,ST,20515,29541600
513,SUP-7593-24,ST,20515,29541600
513,SUP-7593-24,ST,20515,29541600
513,SUP-7593-24,ST,20515,29541600
513,SUP-7593-24,ST,20515,29541600
513,SUP-7593-24,ST,20515,29541600
513,SUP-7593-24,ST,20515,29541600
577,SUP-5947-23 (VC),SP,20515,29541600
276,SUP-7133-24,SP,20515,29541600
470,SUP-7133-24,SP,20515,29541600
573,SUP-7133-24,PI,20515,29541600
573,SUP-7133-24,ST,20515,29541600
276,SUP-7133-24,SP,20515,29541600
470,SUP-7133-24,SP,20515,29541600
573,SUP-7133-24,PI,20515,29541600
510,SUP-7133-24,ST,20515,29541600
510,SUP-7133-24,ST,20515,29541600
510,SUP-7133-24,ST,20515,29541600
510,SUP-7133-24,ST,20515,29541600
510,SUP-7133-24,ST,20515,29541600
582,SUP-8370-25,SP,20515,29541600
571,SUP-8370-25,SP,20515,29541600
463,SUP-8370-25,SP,20515,29541600
321,SUP-8370-25,SP,20515,29541600
552,SUP-8370-25,SP,20515,29541600
299,SUP-8370-25,SP,20515,29541600
568,SUP-8370-25,SP,20515,29541600
571,SUP-8370-25,SP,20515,29541600
463,SUP-8370-25,SP,20515,29541600
582,SUP-8370-25,SP,20515,29541600
299,SUP-8370-25,SP,20515,29541600
595,SUP-6806-23,ST,20515,29541600
595,SUP-6806-23,ST,20515,29541600
595,SUP-6806-23,ST,20515,29541600
595,SUP-6806-23,ST,20515,29541600
595,SUP-6806-23,ST,20515,29541600
542,SUP-5947-23 (VC),SM / SM.F / SR,20515,29541600
297,SUP-7133-24,ST,20515,29541600
297,SUP-7133-24,ST,20515,29541600
175,SUP-7133-24,ST,20515,29541600
297,SUP-7133-24,ST,20515,29541600
297,SUP-7133-24,ST,20515,29541600
175,SUP-7133-24,ST,20515,29541600
297,SUP-7133-24,ST,20515,29541600
175,SUP-7133-24,ST,20515,29541600
297,SUP-7133-24,ST,20515,29541600
297,SUP-7133-24,ST,20515,29541600
175,SUP-7133-24,ST,20515,29541600
297,SUP-7133-24,ST,20515,29541600
297,SUP-7133-24,ST,20515,29541600
175,SUP-7133-24,ST,20515,29541600
297,SUP-7133-24,ST,20515,29541600
478,SUP-7133-24,SP,20515,29541600
559,SUP-7133-24,SP,20515,29541600
565,SUP-7133-24,ST,20515,29541600
510,SUP-7133-24,ST,20515,29541600
565,SUP-7133-24,ST,20515,29541600
510,SUP-7133-24,ST,20515,29541600
565,SUP-7133-24,ST,20515,29541600
565,SUP-7133-24,ST,20515,29541600
565,SUP-7133-24,ST,20515,29541600
565,SUP-7133-24,ST,20515,29541600
565,SUP-7133-24,ST,20515,29541600
565,SUP-7133-24,ST,20515,29541600
565,SUP-7133-24,ST,20515,29541600
565,SUP-7133-24,ST,20515,29541600
389,SUP-6806-23,ST,20515,29541600
595,SUP-6806-23,ST,20515,29541600
595,SUP-6806-23,ST,20515,29541600
389,SUP-6806-23,ST,20515,29541600
588,SUP-7593-24,SM / SM.F / SR,20515,29541600
527,SUP-7133-24,ST,20515,29541600
527,SUP-7133-24,ST,20515,29541600
527,SUP-7133-24,ST,20515,29541600
527,SUP-7133-24,ST,20515,29541600
527,SUP-7133-24,ST,20515,29541600
527,SUP-7133-24,ST,20515,29541600
527,SUP-7133-24,ST,20515,29541600
527,SUP-7133-24,ST,20515,29541600
560,SUP-7133-24,SP,20515,29541600
510,SUP-7133-24,ST,20515,29541600
560,SUP-7133-24,SP,20515,29541600
560,SUP-7133-24,SP,20515,29541600
286,SUP-7813-24,SM / SM.F / SR,20515,29541600
224,SUP-7813-24,SM / SM.F / SR,20515,29541600
428,SUP-7813-24,SM / SM.F / SR,20515,29541600
329,SUP-5947-23 (VS),SP,20516,29543040
329,SUP-5947-23 (VS),SP,20516,29543040
nome:Fagner Danilo de Matos,SUP-7722-24,PI,20516,29543040
nome:Fagner Danilo de Matos,SUP-7722-24,PI,20516,29543040
nome:Fagner Danilo de Matos,SUP-7722-24,PI,20516,29543040
405,SUP-7722-24,SM / SM.F / SR,20516,29543040
536,SUP-6806-23,SP,20516,29543040
519,SUP-6806-23,SP,20516,29543040
361,SUP-6806-23,SP,20516,29543040
79,SUP-8370-25,SM / SM.F / SR,20516,29543040
520,SUP-7722-24,SM / SM.F / SR,20516,29543040
210,SUP-7722-24,SM / SM.F / SR,20516,29543040
517,SUP-7722-24,SM / SM.F / SR,20516,29543040
575,SUP-7722-24,ST,20516,29543040
575,SUP-7722-24,ST,20516,29543040
575,SUP-7722-24,ST,20516,29543040
575,SUP-7722-24,ST,20516,29543040
458,SUP-7722-24,ST,20516,29543040
458,SUP-7722-24,ST,20516,29543040
458,SUP-7722-24,ST,20516,29543040
458,SUP-7722-24,ST,20516,29543040
458,SUP-7722-24,ST,20516,29543040
575,SUP-7722-24,ST,20516,29543040
458,SUP-7722-24,ST,20516,29543040
575,SUP-7722-24,ST,20516,29543040
458,SUP-7722-24,ST,20516,29543040
575,SUP-7722-24,ST,20516,29543040
513,SUP-7593-24,ST,20516,29543040
513,SUP-7593-24,ST,20516,29543040
513,SUP-7593-24,ST,20516,29543040
513,SUP-7593-24,ST,20516,29543040
513,SUP-7593-24,ST,20516,29543040
513,SUP-7593-24,ST,20516,29543040
577,SUP-5947-23 (VC),SP,20516,29543040
276,SUP-7133-24,SP,20516,29543040
470,SUP-7133-24,SP,20516,29543040
573,SUP-7133-24,PI,20516,29543040
470,SUP-7133-24,SP,20516,29543040
573,SUP-7133-24,PI,20516,29543040
463,SUP-8370-25,SP,20516,29543040
568,SUP-8370-25,SP,20516,29543040
299,SUP-8370-25,SP,20516,29543040
571,SUP-8370-25,SP,20516,29543040
582,SUP-8370-25,SP,20516,29543040
463,SUP-8370-25,SP,20516,29543040
552,SUP-8370-25,SP,20516,29543040
568,SUP-8370-25,SP,20516,29543040
299,SUP-8370-25,SP,20516,29543040
321,SUP-8370-25,SP,20516,29543040
389,SUP-6806-23,ST,20516,29543040
389,SUP-6806-23,ST,20516,29543040
353,SUP-6806-23,ST,20516,29543040
595,SUP-6806-23,ST,20516,29543040
389,SUP-6806-23,ST,20516,29543040
389,SUP-6806-23,ST,20516,29543040
595,SUP-6806-23,ST,20516,29543040
353,SUP-6806-23,ST,20516,29543040
595,SUP-6806-23,ST,20516,29543040
353,SUP-6806-23,ST,20516,29543040
595,SUP-6806-23,ST,20516,29543040
595,SUP-6806-23,ST,20516,29543040
353,SUP-6806-23,ST,20516,29543040
389,SUP-6806-23,ST,20516,29543040
595,SUP-6806-23,ST,20516,29543040
389,SUP-6806-23,ST,20516,29543040
513,SUP-7593-24,ST,20516,29543040
509,SUP-7128-24,SP,20516,29543040
509,SUP-7128-24,SP,20516,29543040
509,SUP-7128-24,SP,20516,29543040
479,SUP-7128-24,SP,20516,29543040
535,SUP-7128-24,SP,20516,29543040
509,SUP-7128-24,SP,20516,29543040
531,SUP-7133-24,SM / SM.F / SR,20516,29543040
242,SUP-7133-24,SM / SM.F / SR,20516,29543040
297,SUP-7133-24,ST,20516,29543040
175,SUP-7133-24,ST,20516,29543040
297,SUP-7133-24,ST,20516,29543040
175,SUP-7133-24,ST,20516,29543040
297,SUP-7133-24,ST,20516,29543040
297,SUP-7133-24,ST,20516,29543040
175,SUP-7133-24,ST,20516,29543040
297,SUP-7133-24,ST,20516,29543040
297,SUP-7133-24,ST,20516,29543040
297,SUP-7133-24,ST,20516,29543040
175,SUP-7133-24,ST,20516,29543040
297,SUP-7133-24,ST,20516,29543040
478,SUP-7133-24,SP,20516,29543040
242,SUP-7133-24,SM / SM.F / SR,20516,29543040
216,SUP-7133-24,SM / SM.F / SR,20516,29543040
297,SUP-7133-24,ST,20516,29543040
559,SUP-7133-24,SP,20516,29543040
297,SUP-7133-24,ST,20516,29543040
175,SUP-7133-24,ST,20516,29543040
565,SUP-7133-24,ST,20516,29543040
565,SUP-7133-24,ST,20516,29543040
565,SUP-7133-24,ST,20516,29543040
565,SUP-7133-24,ST,20516,29543040
565,SUP-7133-24,ST,20516,29543040
565,SUP-7133-24,ST,20516,29543040
527,SUP-7133-24,ST,20516,29543040
527,SUP-7133-24,ST,20516,29543040
565,SUP-7133-24,ST,20516,29543040
565,SUP-7133-24,ST,20516,29543040
527,SUP-7133-24,ST,20516,29543040
527,SUP-7133-24,ST,20516,29543040
527,SUP-7133-24,ST,20516,29543040
420,SUP-5947-23 (VC),SM / SM.F / SR,20516,29543040
540,SUP-7593-24,SP,20516,29543040
340,SUP-7593-24,SM / SM.F / SR,20516,29543040
164,SUP-8370-25,SM / SM.F / SR,20516,29543040
468,SUP-6806-23,SM / SM.F / SR,20516,29543040
306,SUP-7133-24,SM / SM.F / SR,20516,29543040
560,SUP-7133-24,SM / SM.F / SR,20516,29543040
527,SUP-7133-24,ST,20516,29543040
527,SUP-7133-24,ST,20516,29543040
527,SUP-7133-24,ST,20516,29543040
154,SUP-7128-24,SP,20516,29543040
154,SUP-7128-24,SP,20516,29543040
428,SUP-7813-24,SM / SM.F / SR,20516,29543040
79,SUP-8370-25,SM / SM.F / SR,20516,29543040
329,SUP-5947-23 (VS),SP,20517,29544480
329,SUP-5947-23 (VS),SP,20517,29544480
329,SUP-5947-23 (VS),SP,20517,29544480
477,SUP-6806-23,SP,20517,29544480
536,SUP-6806-23,SP,20517,29544480
477,SUP-6806-23,SP,20517,29544480
378,SUP-7722-24,SM / SM.F / SR,20517,29544480
517,SUP-7722-24,SM / SM.F / SR,20517,29544480
257,SUP-7722-24,ST,20517,29544480
257,SUP-7722-24,ST,20517,29544480
257,SUP-7722-24,ST,20517,29544480
455,SUP-7722-24,SM / SM.F / SR,20517,29544480
537,SUP-7722-24,SM / SM.F / SR,20517,29544480
458,SUP-7722-24,ST,20517,29544480
257,SUP-7722-24,ST,20517,29544480
458,SUP-7722-24,ST,20517,29544480
136,SUP-7722-24,SM / SM.F / SR,20517,29544480
257,SUP-7722-24,ST,20517,29544480
458,SUP-7722-24,ST,20517,29544480
458,SUP-7722-24,ST,20517,29544480
257,SUP-7722-24,ST,20517,29544480
458,SUP-7722-24,ST,20517,29544480
257,SUP-7722-24,ST,20517,29544480
458,SUP-7722-24,ST,20517,29544480
257,SUP-7722-24,ST,20517,29544480
389,SUP-6806-23,ST,20517,29544480
353,SUP-6806-23,ST,20517,29544480
389,SUP-6806-23,ST,20517,29544480
595,SUP-6806-23,ST,20517,29544480
353,SUP-6806-23,ST,20517,29544480
568,SUP-8370-25,SP,20517,29544480
582,SUP-8370-25,SP,20517,29544480
463,SUP-8370-25,SP,20517,29544480
299,SUP-8370-25,SP,20517,29544480
321,SUP-8370-25,SP,20517,29544480
571,SUP-8370-25,SP,20517,29544480
568,SUP-8370-25,SP,20517,29544480
568,SUP-8370-25,SP,20517,29544480
582,SUP-8370-25,SP,20517,29544480
568,SUP-8370-25,SP,20517,29544480
552,SUP-8370-25,SP,20517,29544480
321,SUP-8370-25,SP,20517,29544480
571,SUP-8370-25,SP,20517,29544480
595,SUP-6806-23,ST,20517,29544480
353,SUP-6806-23,ST,20517,29544480
595,SUP-6806-23,ST,20517,29544480
389,SUP-6806-23,ST,20517,29544480
389,SUP-6806-23,ST,20517,29544480
389,SUP-6806-23,ST,20517,29544480
353,SUP-6806-23,ST,20517,29544480
595,SUP-6806-23,ST,20517,29544480
389,SUP-6806-23,ST,20517,29544480
353,SUP-6806-23,ST,20517,29544480
595,SUP-6806-23,ST,20517,29544480
389,SUP-6806-23,ST,20517,29544480
513,SUP-7593-24,ST,20517,29544480
513,SUP-7593-24,ST,20517,29544480
513,SUP-7593-24,ST,20517,29544480
513,SUP-7593-24,ST,20517,29544480
513,SUP-7593-24,ST,20517,29544480
513,SUP-7593-24,ST,20517,29544480
513,SUP-7593-24,ST,20517,29544480
513,SUP-7593-24,PI,20517,29544480
513,SUP-7593-24,ST,20517,29544480
535,SUP-7128-24,SP,20517,29544480
535,SUP-7128-24,SP,20517,29544480
535,SUP-7128-24,SP,20517,29544480
509,SUP-7128-24,SP,20517,29544480
297,SUP-7133-24,ST,20517,29544480
297,SUP-7133-24,ST,20517,29544480
297,SUP-7133-24,ST,20517,29544480
175,SUP-7133-24,ST,20517,29544480
297,SUP-7133-24,ST,20517,29544480
559,SUP-7133-24,SP,20517,29544480
297,SUP-7133-24,ST,20517,29544480
175,SUP-7133-24,ST,20517,29544480
297,SUP-7133-24,ST,20517,29544480
297,SUP-7133-24,ST,20517,29544480
175,SUP-7133-24,ST,20517,29544480
297,SUP-7133-24,ST,20517,29544480
297,SUP-7133-24,ST,20517,29544480
478,SUP-7133-24,SP,20517,29544480
175,SUP-7133-24,ST,20517,29544480
561,SUP-7133-24,SP,20517,29544480
561,SUP-7133-24,SP,20517,29544480
561,SUP-7133-24,SP,20517,29544480
561,SUP-7133-24,SP,20517,29544480
154,SUP-7128-24,SP,20517,29544480
329,SUP-5947-23 (VS),SP,20518,29545920
329,SUP-5947-23 (VS),SP,20518,29545920
329,SUP-5947-23 (VS),SP,20518,29545920
329,SUP-5947-23 (VS),SP,20518,29545920
329,SUP-5947-23 (VS),SP,20518,29545920
329,SUP-5947-23 (VS),SP,20518,29545920
337,SUP-7722-24,SP,20518,29545920
337,SUP-7722-24,SP,20518,29545920
337,SUP-7722-24,SP,20518,29545920
520,SUP-7722-24,SM / SM.F / SR,20518,29545920
520,SUP-7722-24,SM / SM.F / SR,20518,29545920
143,SUP-6806-23,SP,20518,29545920
477,SUP-6806-23,SP,20518,29545920
536,SUP-6806-23,SP,20518,29545920
143,SUP-6806-23,SP,20518,29545920
519,SUP-6806-23,SP,20518,29545920
409,SUP-6806-23,SP,20518,29545920
378,SUP-7722-24,SM / SM.F / SR,20518,29545920
364,SUP-7722-24,SM / SM.F / SR,20518,29545920
458,SUP-7722-24,ST,20518,29545920
458,SUP-7722-24,ST,20518,29545920
458,SUP-7722-24,ST,20518,29545920
257,SUP-7722-24,ST,20518,29545920
458,SUP-7722-24,ST,20518,29545920
257,SUP-7722-24,ST,20518,29545920
537,SUP-7722-24,SM / SM.F / SR,20518,29545920
257,SUP-7722-24,ST,20518,29545920
458,SUP-7722-24,ST,20518,29545920
257,SUP-7722-24,ST,20518,29545920
458,SUP-7722-24,ST,20518,29545920
257,SUP-7722-24,ST,20518,29545920
373,SUP-7722-24,SM / SM.F / SR,20518,29545920
458,SUP-7722-24,ST,20518,29545920
458,SUP-7722-24,ST,20518,29545920
458,SUP-7722-24,ST,20518,29545920
513,SUP-7593-24,ST,20518,29545920
513,SUP-7593-24,ST,20518,29545920
513,SUP-7593-24,ST,20518,29545920
513,SUP-7593-24,ST,20518,29545920
513,SUP-7593-24,ST,20518,29545920
276,SUP-7133-24,SP,20518,29545920
276,SUP-7133-24,SP,20518,29545920
470,SUP-7133-24,SP,20518,29545920
276,SUP-7133-24,SP,20518,29545920
463,SUP-8370-25,SP,20518,29545920
582,SUP-8370-25,SP,20518,29545920
299,SUP-8370-25,SP,20518,29545920
552,SUP-8370-25,SP,20518,29545920
321,SUP-8370-25,SP,20518,29545920
463,SUP-8370-25,SP,20518,29545920
571,SUP-8370-25,SP,20518,29545920
299,SUP-8370-25,SP,20518,29545920
321,SUP-8370-25,SP,20518,29545920
571,SUP-8370-25,SP,20518,29545920
389,SUP-6806-23,ST,20518,29545920
389,SUP-6806-23,ST,20518,29545920
389,SUP-6806-23,ST,20518,29545920
513,SUP-7593-24,ST,20518,29545920
513,SUP-7593-24,ST,20518,29545920
513,SUP-7593-24,ST,20518,29545920
513,SUP-7593-24,ST,20518,29545920
513,SUP-7593-24,ST,20518,29545920
513,SUP-7593-24,ST,20518,29545920
535,SUP-7128-24,SP,20518,29545920
509,SUP-7128-24,SP,20518,29545920
535,SUP-7128-24,SP,20518,29545920
479,SUP-7128-24,SP,20518,29545920
405,SUP-7128-24,SP,20518,29545920
353,SUP-6806-23,ST,20518,29545920
595,SUP-6806-23,ST,20518,29545920
389,SUP-6806-23,ST,20518,29545920
595,SUP-6806-23,ST,20518,29545920
595,SUP-6806-23,ST,20518,29545920
353,SUP-6806-23,ST,20518,29545920
595,SUP-6806-23,ST,20518,29545920
389,SUP-6806-23,ST,20518,29545920
595,SUP-6806-23,ST,20518,29545920
353,SUP-6806-23,ST,20518,29545920
389,SUP-6806-23,ST,20518,29545920
595,SUP-6806-23,ST,20518,29545920
353,SUP-6806-23,ST,20518,29545920
389,SUP-6806-23,ST,20518,29545920
353,SUP-6806-23,ST,20518,29545920
595,SUP-6806-23,ST,20518,29545920
353,SUP-6806-23,ST,20518,29545920
595,SUP-6806-23,ST,20518,29545920
595,SUP-6806-23,ST,20518,29545920
353,SUP-6806-23,ST,20518,29545920
595,SUP-6806-23,ST,20518,29545920
353,SUP-6806-23,ST,20518,29545920
297,SUP-7133-24,ST,20518,29545920
297,SUP-7133-24,ST,20518,29545920
175,SUP-7133-24,ST,20518,29545920
175,SUP-7133-24,ST,20518,29545920
175,SUP-7133-24,ST,20518,29545920
559,SUP-7133-24,SP,20518,29545920
297,SUP-7133-24,ST,20518,29545920
297,SUP-7133-24,ST,20518,29545920
297,SUP-7133-24,ST,20518,29545920
175,SUP-7133-24,ST,20518,29545920
297,SUP-7133-24,ST,20518,29545920
478,SUP-7133-24,SP,20518,29545920
297,SUP-7133-24,ST,20518,29545920
175,SUP-7133-24,ST,20518,29545920
216,SUP-7133-24,SM / SM.F / SR,20518,29545920
216,SUP-7133-24,SM / SM.F / SR,20518,29545920
216,SUP-7133-24,SM / SM.F / SR,20518,29545920
216,SUP-7133-24,SM / SM.F / SR,20518,29545920
216,SUP-7133-24,SM / SM.F / SR,20518,29545920
216,SUP-7133-24,SM / SM.F / SR,20518,29545920
242,SUP-7133-24,SM / SM.F / SR,20518,29545920
242,SUP-7133-24,SM / SM.F / SR,20518,29545920
216,SUP-7133-24,SM / SM.F / SR,20518,29545920
587,SUP-7769-24,SP,20518,29545920
577,SUP-5947-23 (VC),SP,20518,29545920
340,SUP-7593-24,SM / SM.F / SR,20518,29545920
540,SUP-7593-24,SP,20518,29545920
468,SUP-6806-23,SM / SM.F / SR,20518,29545920
561,SUP-7133-24,SP,20518,29545920
561,SUP-7133-24,SP,20518,29545920
519,SUP-6806-23,SP,20518,29545920
154,SUP-7128-24,SP,20518,29545920
154,SUP-7128-24,SP,20518,29545920
428,SUP-7813-24,SM / SM.F / SR,20518,29545920
224,SUP-7813-24,SM / SM.F / SR,20518,29545920
286,SUP-7813-24,SM / SM.F / SR,20518,29545920
329,SUP-5947-23 (VS),SP,20519,29547360
143,SUP-6806-23,SP,20519,29547360
361,SUP-6806-23,SP,20519,29547360
409,SUP-6806-23,SP,20519,29547360
143,SUP-6806-23,SP,20519,29547360
455,SUP-7722-24,SM / SM.F / SR,20519,29547360
257,SUP-7722-24,ST,20519,29547360
257,SUP-7722-24,ST,20519,29547360
458,SUP-7722-24,ST,20519,29547360
458,SUP-7722-24,ST,20519,29547360
257,SUP-7722-24,ST,20519,29547360
458,SUP-7722-24,ST,20519,29547360
458,SUP-7722-24,ST,20519,29547360
257,SUP-7722-24,ST,20519,29547360
470,SUP-7133-24,SP,20519,29547360
276,SUP-7133-24,SP,20519,29547360
571,SUP-8370-25,SP,20519,29547360
321,SUP-8370-25,SP,20519,29547360
299,SUP-8370-25,SP,20519,29547360
568,SUP-8370-25,SP,20519,29547360
463,SUP-8370-25,SP,20519,29547360
552,SUP-8370-25,SP,20519,29547360
582,SUP-8370-25,SP,20519,29547360
571,SUP-8370-25,SP,20519,29547360
299,SUP-8370-25,SP,20519,29547360
571,SUP-8370-25,SP,20519,29547360
568,SUP-8370-25,SP,20519,29547360
552,SUP-8370-25,SP,20519,29547360
321,SUP-8370-25,SP,20519,29547360
513,SUP-7593-24,ST,20519,29547360
513,SUP-7593-24,ST,20519,29547360
513,SUP-7593-24,ST,20519,29547360
513,SUP-7593-24,ST,20519,29547360
513,SUP-7593-24,ST,20519,29547360
513,SUP-7593-24,ST,20519,29547360
513,SUP-7593-24,ST,20519,29547360
513,SUP-7593-24,ST,20519,29547360
513,SUP-7593-24,ST,20519,29547360
513,SUP-7593-24,ST,20519,29547360
513,SUP-7593-24,ST,20519,29547360
509,SUP-7128-24,SP,20519,29547360
509,SUP-7128-24,SP,20519,29547360
509,SUP-7128-24,SP,20519,29547360
479,SUP-7128-24,SP,20519,29547360
405,SUP-7128-24,SP,20519,29547360
337,SUP-7128-24,SP,20519,29547360
389,SUP-6806-23,ST,20519,29547360
353,SUP-6806-23,ST,20519,29547360
389,SUP-6806-23,ST,20519,29547360
353,SUP-6806-23,ST,20519,29547360
389,SUP-6806-23,ST,20519,29547360
389,SUP-6806-23,ST,20519,29547360
353,SUP-6806-23,ST,20519,29547360
389,SUP-6806-23,ST,20519,29547360
353,SUP-6806-23,ST,20519,29547360
389,SUP-6806-23,ST,20519,29547360
353,SUP-6806-23,ST,20519,29547360
389,SUP-6806-23,ST,20519,29547360
353,SUP-6806-23,ST,20519,29547360
389,SUP-6806-23,ST,20519,29547360
353,SUP-6806-23,ST,20519,29547360
389,SUP-6806-23,ST,20519,29547360
353,SUP-6806-23,ST,20519,29547360
389,SUP-6806-23,ST,20519,29547360
353,SUP-6806-23,ST,20519,29547360
389,SUP-6806-23,ST,20519,29547360
353,SUP-6806-23,ST,20519,29547360
389,SUP-6806-23,ST,20519,29547360
389,SUP-6806-23,ST,20519,29547360
353,SUP-6806-23,ST,20519,29547360
353,SUP-6806-23,ST,20519,29547360
389,SUP-6806-23,ST,20519,29547360
353,SUP-6806-23,ST,20519,29547360
389,SUP-6806-23,ST,20519,29547360
353,SUP-6806-23,ST,20519,29547360
389,SUP-6806-23,ST,20519,29547360
353,SUP-6806-23,ST,20519,29547360
389,SUP-6806-23,ST,20519,29547360
353,SUP-6806-23,ST,20519,29547360
389,SUP-6806-23,ST,20519,29547360
353,SUP-6806-23,ST,20519,29547360
297,SUP-7133-24,ST,20519,29547360
297,SUP-7133-24,ST,20519,29547360
175,SUP-7133-24,ST,20519,29547360
297,SUP-7133-24,ST,20519,29547360
297,SUP-7133-24,ST,20519,29547360
175,SUP-7133-24,ST,20519,29547360
297,SUP-7133-24,ST,20519,29547360
175,SUP-7133-24,ST,20519,29547360
297,SUP-7133-24,ST,20519,29547360
175,SUP-7133-24,ST,20519,29547360
297,SUP-7133-24,ST,20519,29547360
175,SUP-7133-24,ST,20519,29547360
297,SUP-7133-24,ST,20519,29547360
478,SUP-7133-24,SP,20519,29547360
297,SUP-7133-24,ST,20519,29547360
297,SUP-7133-24,ST,20519,29547360
175,SUP-7133-24,ST,20519,29547360
577,SUP-5947-23 (VC),SP,20519,29547360
577,SUP-5947-23 (VC),SP,20519,29547360
577,SUP-5947-23 (VC),SP,20519,29547360
577,SUP-5947-23 (VC),SP,20519,29547360
420,SUP-5947-23 (VC),SM / SM.F / SR,20519,29547360
588,SUP-7593-24,SM / SM.F / SR,20519,29547360
561,SUP-7133-24,SP,20519,29547360
561,SUP-7133-24,SP,20519,29547360
561,SUP-7133-24,SP,20519,29547360
143,SUP-6806-23,SP,20519,29547360
341,SUP-7593-24,SM / SM.F / SR,20519,29547360
154,SUP-7128-24,SP,20519,29547360
329,SUP-5947-23 (VS),SP,20520,29548800
361,SUP-6806-23,SP,20520,29548800
519,SUP-6806-23,SP,20520,29548800
143,SUP-6806-23,SP,20520,29548800
519,SUP-6806-23,SP,20520,29548800
378,SUP-7722-24,SM / SM.F / SR,20520,29548800
517,SUP-7722-24,SM / SM.F / SR,20520,29548800
210,SUP-7722-24,SM / SM.F / SR,20520,29548800
458,SUP-7133-24,ST,20520,29548800
458,SUP-7133-24,ST,20520,29548800
458,SUP-7133-24,ST,20520,29548800
458,SUP-7133-24,ST,20520,29548800
458,SUP-7133-24,ST,20520,29548800
458,SUP-7133-24,ST,20520,29548800
458,SUP-7133-24,ST,20520,29548800
458,SUP-7133-24,ST,20520,29548800
458,SUP-7133-24,ST,20520,29548800
552,SUP-8370-25,SP,20520,29548800
463,SUP-8370-25,SP,20520,29548800
321,SUP-8370-25,SP,20520,29548800
568,SUP-8370-25,SP,20520,29548800
299,SUP-8370-25,SP,20520,29548800
552,SUP-8370-25,SP,20520,29548800
463,SUP-8370-25,SP,20520,29548800
582,SUP-8370-25,SP,20520,29548800
299,SUP-8370-25,SP,20520,29548800
321,SUP-8370-25,SP,20520,29548800
536,SUP-6806-23,SP,20520,29548800
409,SUP-6806-23,SP,20520,29548800
513,SUP-7593-24,PI,20520,29548800
513,SUP-7593-24,PI,20520,29548800
513,SUP-7593-24,PI,20520,29548800
513,SUP-7593-24,PI,20520,29548800
513,SUP-7593-24,PI,20520,29548800
535,SUP-7128-24,SP,20520,29548800
509,SUP-7128-24,SP,20520,29548800
509,SUP-7128-24,SP,20520,29548800
535,SUP-7128-24,SP,20520,29548800
337,SUP-7128-24,SP,20520,29548800
535,SUP-7128-24,SP,20520,29548800
509,SUP-7128-24,SP,20520,29548800
535,SUP-7128-24,SP,20520,29548800
535,SUP-7128-24,SP,20520,29548800
509,SUP-7128-24,SP,20520,29548800
509,SUP-7128-24,SP,20520,29548800
509,SUP-7128-24,SP,20520,29548800
535,SUP-7128-24,SP,20520,29548800
479,SUP-7128-24,SP,20520,29548800
509,SUP-7128-24,SP,20520,29548800
337,SUP-7128-24,SP,20520,29548800
389,SUP-6806-23,ST,20520,29548800
389,SUP-6806-23,ST,20520,29548800
389,SUP-6806-23,ST,20520,29548800
389,SUP-6806-23,ST,20520,29548800
353,SUP-6806-23,ST,20520,29548800
389,SUP-6806-23,ST,20520,29548800
353,SUP-6806-23,ST,20520,29548800
389,SUP-6806-23,ST,20520,29548800
353,SUP-6806-23,ST,20520,29548800
389,SUP-6806-23,ST,20520,29548800
353,SUP-6806-23,ST,20520,29548800
389,SUP-6806-23,ST,20520,29548800
353,SUP-6806-23,ST,20520,29548800
389,SUP-6806-23,ST,20520,29548800
389,SUP-6806-23,ST,20520,29548800
353,SUP-6806-23,ST,20520,29548800
353,SUP-6806-23,ST,20520,29548800
389,SUP-6806-23,ST,20520,29548800
353,SUP-6806-23,ST,20520,29548800
353,SUP-6806-23,ST,20520,29548800
389,SUP-6806-23,ST,20520,29548800
353,SUP-6806-23,ST,20520,29548800
389,SUP-6806-23,ST,20520,29548800
353,SUP-6806-23,ST,20520,29548800
353,SUP-6806-23,ST,20520,29548800
389,SUP-6806-23,ST,20520,29548800
353,SUP-6806-23,ST,20520,29548800
353,SUP-6806-23,ST,20520,29548800
389,SUP-6806-23,ST,20520,29548800
353,SUP-6806-23,ST,20520,29548800
389,SUP-6806-23,ST,20520,29548800
353,SUP-6806-23,ST,20520,29548800
389,SUP-6806-23,ST,20520,29548800
353,SUP-6806-23,ST,20520,29548800
389,SUP-6806-23,ST,20520,29548800
353,SUP-6806-23,ST,20520,29548800
353,SUP-6806-23,ST,20520,29548800
389,SUP-6806-23,ST,20520,29548800
353,SUP-6806-23,ST,20520,29548800
175,SUP-7133-24,ST,20520,29548800
297,SUP-7133-24,ST,20520,29548800
175,SUP-7133-24,ST,20520,29548800
297,SUP-7133-24,ST,20520,29548800
297,SUP-7133-24,ST,20520,29548800
175,SUP-7133-24,ST,20520,29548800
297,SUP-7133-24,ST,20520,29548800
297,SUP-7133-24,ST,20520,29548800
297,SUP-7133-24,ST,20520,29548800
175,SUP-7133-24,ST,20520,29548800
297,SUP-7133-24,ST,20520,29548800
587,SUP-7769-24,SP,20520,29548800
577,SUP-5947-23 (VC),SP,20520,29548800
577,SUP-5947-23 (VC),SP,20520,29548800
468,SUP-6806-23,SM / SM.F / SR,20520,29548800
560,SUP-7133-24,SM / SM.F / SR,20520,29548800
154,SUP-7128-24,SP,20520,29548800
477,SUP-6806-23,SP,20521,29550240
519,SUP-6806-23,SP,20521,29550240
536,SUP-6806-23,SP,20521,29550240
409,SUP-6806-23,SP,20521,29550240
361,SUP-6806-23,SP,20521,29550240
26,SUP-7722-24,SM / SM.F / SR,20521,29550240
373,SUP-7722-24,SM / SM.F / SR,20521,29550240
458,SUP-7133-24,ST,20521,29550240
458,SUP-7133-24,ST,20521,29550240
458,SUP-7133-24,ST,20521,29550240
257,SUP-7133-24,ST,20521,29550240
257,SUP-7133-24,ST,20521,29550240
458,SUP-7133-24,ST,20521,29550240
257,SUP-7133-24,ST,20521,29550240
458,SUP-7133-24,ST,20521,29550240
458,SUP-7133-24,ST,20521,29550240
257,SUP-7133-24,ST,20521,29550240
458,SUP-7133-24,ST,20521,29550240
257,SUP-7133-24,ST,20521,29550240
458,SUP-7133-24,ST,20521,29550240
257,SUP-7133-24,ST,20521,29550240
470,SUP-7133-24,SP,20521,29550240
276,SUP-7133-24,SP,20521,29550240
276,SUP-7133-24,SP,20521,29550240
299,SUP-8370-25,SP,20521,29550240
568,SUP-8370-25,SP,20521,29550240
571,SUP-8370-25,SP,20521,29550240
509,SUP-7128-24,SP,20521,29550240
509,SUP-7128-24,SP,20521,29550240
509,SUP-7128-24,SP,20521,29550240
405,SUP-7128-24,SP,20521,29550240
509,SUP-7128-24,SP,20521,29550240
509,SUP-7128-24,SP,20521,29550240
535,SUP-7128-24,SP,20521,29550240
509,SUP-7128-24,SP,20521,29550240
389,SUP-6806-23,ST,20521,29550240
353,SUP-6806-23,ST,20521,29550240
389,SUP-6806-23,ST,20521,29550240
595,SUP-6806-23,ST,20521,29550240
389,SUP-6806-23,ST,20521,29550240
595,SUP-6806-23,ST,20521,29550240
353,SUP-6806-23,ST,20521,29550240
389,SUP-6806-23,ST,20521,29550240
353,SUP-6806-23,ST,20521,29550240
353,SUP-6806-23,ST,20521,29550240
595,SUP-6806-23,ST,20521,29550240
353,SUP-6806-23,ST,20521,29550240
559,SUP-7133-24,SP,20521,29550240
478,SUP-7133-24,SP,20521,29550240
297,SUP-7133-24,ST,20521,29550240
297,SUP-7133-24,ST,20521,29550240
531,SUP-7133-24,SM / SM.F / SR,20521,29550240
216,SUP-7133-24,SM / SM.F / SR,20521,29550240
154,SUP-7128-24,SP,20521,29550240
587,SUP-7769-24,SP,20521,29550240
577,SUP-5947-23 (VC),SP,20521,29550240
577,SUP-5947-23 (VC),SP,20521,29550240
577,SUP-5947-23 (VC),SP,20521,29550240
577,SUP-5947-23 (VC),SP,20521,29550240
175,SUP-7133-24,ST,20521,29550240
297,SUP-7133-24,ST,20521,29550240
175,SUP-7133-24,ST,20521,29550240
297,SUP-7133-24,ST,20521,29550240
175,SUP-7133-24,ST,20521,29550240
297,SUP-7133-24,ST,20521,29550240
561,SUP-7133-24,SP,20521,29550240
561,SUP-7133-24,SP,20521,29550240
561,SUP-7133-24,SP,20521,29550240
341,SUP-7593-24,SM / SM.F / SR,20521,29550240
224,SUP-7813-24,SM / SM.F / SR,20521,29550240
329,SUP-5947-23 (VS),SP,20522,29551680
329,SUP-5947-23 (VS),SP,20522,29551680
536,SUP-6806-23,SP,20522,29551680
361,SUP-6806-23,SP,20522,29551680
409,SUP-6806-23,SP,20522,29551680
378,SUP-7722-24,SM / SM.F / SR,20522,29551680
136,SUP-7722-24,SM / SM.F / SR,20522,29551680
458,SUP-7133-24,ST,20522,29551680
458,SUP-7133-24,ST,20522,29551680
458,SUP-7133-24,ST,20522,29551680
458,SUP-7133-24,ST,20522,29551680
470,SUP-7133-24,SP,20522,29551680
276,SUP-7133-24,SP,20522,29551680
568,SUP-8370-25,SP,20522,29551680
571,SUP-8370-25,SP,20522,29551680
321,SUP-8370-25,SP,20522,29551680
513,SUP-7593-24,ST,20522,29551680
513,SUP-7593-24,ST,20522,29551680
513,SUP-7593-24,ST,20522,29551680
513,SUP-7593-24,ST,20522,29551680
513,SUP-7593-24,ST,20522,29551680
513,SUP-7593-24,ST,20522,29551680
513,SUP-7593-24,ST,20522,29551680
513,SUP-7593-24,ST,20522,29551680
513,SUP-7593-24,ST,20522,29551680
595,SUP-6806-23,ST,20522,29551680
353,SUP-6806-23,ST,20522,29551680
595,SUP-6806-23,ST,20522,29551680
353,SUP-6806-23,ST,20522,29551680
353,SUP-6806-23,ST,20522,29551680
595,SUP-6806-23,ST,20522,29551680
353,SUP-6806-23,ST,20522,29551680
595,SUP-6806-23,ST,20522,29551680
353,SUP-6806-23,ST,20522,29551680
389,SUP-6806-23,ST,20522,29551680
559,SUP-7133-24,SP,20522,29551680
478,SUP-7133-24,SP,20522,29551680
154,SUP-7128-24,SP,20522,29551680
587,SUP-7769-24,SP,20522,29551680
577,SUP-5947-23 (VC),SP,20522,29551680
577,SUP-5947-23 (VC),SP,20522,29551680
577,SUP-5947-23 (VC),SP,20522,29551680
540,SUP-7593-24,SP,20522,29551680
175,SUP-7133-24,ST,20522,29551680
297,SUP-7133-24,ST,20522,29551680
175,SUP-7133-24,ST,20522,29551680
297,SUP-7133-24,ST,20522,29551680
297,SUP-7133-24,ST,20522,29551680
297,SUP-7133-24,ST,20522,29551680
468,SUP-6806-23,SM / SM.F / SR,20522,29551680
561,SUP-7133-24,SP,20522,29551680
561,SUP-7133-24,SP,20522,29551680
561,SUP-7133-24,SP,20522,29551680
216,SUP-7133-24,SM / SM.F / SR,20522,29551680
306,SUP-7133-24,SM / SM.F / SR,20522,29551680
353,SUP-6806-23,ST,20522,29551680
595,SUP-6806-23,ST,20522,29551680
353,SUP-6806-23,ST,20522,29551680
595,SUP-6806-23,ST,20522,29551680
428,SUP-7813-24,SM / SM.F / SR,20522,29551680
600,SUP-8370-25,ST,20522,29551680
600,SUP-8370-25,ST,20522,29551680
600,SUP-8370-25,ST,20522,29551680
286,SUP-7813-24,SM / SM.F / SR,20522,29551680
329,SUP-5947-23 (VS),SP,20523,29553120
329,SUP-5947-23 (VS),SP,20523,29553120
329,SUP-5947-23 (VS),SP,20523,29553120
378,SUP-7722-24,SM / SM.F / SR,20523,29553120
535,SUP-7722-24,SM / SM.F / SR,20523,29553120
509,SUP-7722-24,SP,20523,29553120
509,SUP-7722-24,SP,20523,29553120
519,SUP-6806-23,SP,20523,29553120
143,SUP-6806-23,SP,20523,29553120
477,SUP-6806-23,SP,20523,29553120
276,SUP-7133-24,SP,20523,29553120
276,SUP-7133-24,SP,20523,29553120
582,SUP-8370-25,SP,20523,29553120
299,SUP-8370-25,SP,20523,29553120
463,SUP-8370-25,SP,20523,29553120
582,SUP-8370-25,SP,20523,29553120
552,SUP-8370-25,SP,20523,29553120
568,SUP-8370-25,SP,20523,29553120
571,SUP-8370-25,SP,20523,29553120
321,SUP-8370-25,SP,20523,29553120
513,SUP-7593-24,ST,20523,29553120
513,SUP-7593-24,ST,20523,29553120
513,SUP-7593-24,ST,20523,29553120
513,SUP-7593-24,ST,20523,29553120
513,SUP-7593-24,ST,20523,29553120
513,SUP-7593-24,ST,20523,29553120
513,SUP-7593-24,ST,20523,29553120
513,SUP-7593-24,ST,20523,29553120
513,SUP-7593-24,ST,20523,29553120
405,SUP-7128-24,SP,20523,29553120
337,SUP-7128-24,SM / SM.F / SR,20523,29553120
479,SUP-7128-24,SP,20523,29553120
389,SUP-6806-23,ST,20523,29553120
389,SUP-6806-23,ST,20523,29553120
531,SUP-7133-24,SM / SM.F / SR,20523,29553120
559,SUP-7133-24,SP,20523,29553120
478,SUP-7133-24,SP,20523,29553120
154,SUP-7128-24,SP,20523,29553120
577,SUP-5947-23 (VC),SP,20523,29553120
577,SUP-5947-23 (VC),SP,20523,29553120
577,SUP-5947-23 (VC),SP,20523,29553120
577,SUP-5947-23 (VC),SP,20523,29553120
164,SUP-8370-25,SM / SM.F / SR,20523,29553120
175,SUP-7133-24,ST,20523,29553120
297,SUP-7133-24,ST,20523,29553120
297,SUP-7133-24,ST,20523,29553120
175,SUP-7133-24,ST,20523,29553120
175,SUP-7133-24,ST,20523,29553120
175,SUP-7133-24,ST,20523,29553120
297,SUP-7133-24,ST,20523,29553120
297,SUP-7133-24,ST,20523,29553120
297,SUP-7133-24,ST,20523,29553120
297,SUP-7133-24,ST,20523,29553120
297,SUP-7133-24,ST,20523,29553120
341,SUP-7593-24,SM / SM.F / SR,20523,29553120
561,SUP-7133-24,SM / SM.F / SR,20523,29553120
560,SUP-7133-24,SM / SM.F / SR,20523,29553120
595,SUP-6806-23,ST,20523,29553120
595,SUP-6806-23,ST,20523,29553120
286,SUP-7813-24,SM / SM.F / SR,20523,29553120
520,SUP-7722-24,SM / SM.F / SR,20524,29554560
509,SUP-7722-24,SM / SM.F / SR,20524,29554560
455,SUP-7722-24,SP,20524,29554560
513,SUP-7593-24,ST,20524,29554560
513,SUP-7593-24,ST,20524,29554560
513,SUP-7593-24,ST,20524,29554560
513,SUP-7593-24,ST,20524,29554560
513,SUP-7593-24,ST,20524,29554560
513,SUP-7593-24,ST,20524,29554560
513,SUP-7593-24,ST,20524,29554560
513,SUP-7593-24,ST,20524,29554560
513,SUP-7593-24,ST,20524,29554560
389,SUP-6806-23,ST,20524,29554560
353,SUP-6806-23,ST,20524,29554560
595,SUP-6806-23,ST,20524,29554560
353,SUP-6806-23,ST,20524,29554560
389,SUP-6806-23,ST,20524,29554560
595,SUP-6806-23,ST,20524,29554560
353,SUP-6806-23,ST,20524,29554560
595,SUP-6806-23,ST,20524,29554560
353,SUP-6806-23,ST,20524,29554560
595,SUP-6806-23,ST,20524,29554560
595,SUP-6806-23,ST,20524,29554560
353,SUP-6806-23,ST,20524,29554560
389,SUP-6806-23,ST,20524,29554560
577,SUP-5947-23 (VC),SP,20524,29554560
577,SUP-5947-23 (VC),SP,20524,29554560
577,SUP-5947-23 (VC),SP,20524,29554560
577,SUP-5947-23 (VC),SP,20524,29554560
540,SUP-7593-24,SP,20524,29554560
340,SUP-7593-24,SM / SM.F / SR,20524,29554560
175,SUP-7133-24,ST,20524,29554560
297,SUP-7133-24,ST,20524,29554560
175,SUP-7133-24,ST,20524,29554560
297,SUP-7133-24,ST,20524,29554560
297,SUP-7133-24,ST,20524,29554560
297,SUP-7133-24,ST,20524,29554560
468,SUP-6806-23,SM / SM.F / SR,20524,29554560
306,SUP-7133-24,SM / SM.F / SR,20524,29554560
428,SUP-7813-24,SM / SM.F / SR,20524,29554560
509,SUP-7722-24,SP,20525,29556000
361,SUP-6806-23,SP,20525,29556000
536,SUP-6806-23,SP,20525,29556000
477,SUP-6806-23,SP,20525,29556000
519,SUP-6806-23,SP,20525,29556000
361,SUP-6806-23,SP,20525,29556000
409,SUP-6806-23,SP,20525,29556000
143,SUP-6806-23,SP,20525,29556000
519,SUP-6806-23,SP,20525,29556000
455,SUP-7722-24,SP,20525,29556000
455,SUP-7722-24,SP,20525,29556000
455,SUP-7722-24,SP,20525,29556000
276,SUP-7133-24,SP,20525,29556000
594,SUP-7133-24,SP,20525,29556000
276,SUP-7133-24,SP,20525,29556000
568,SUP-8370-25,SP,20525,29556000
299,SUP-8370-25,SP,20525,29556000
582,SUP-8370-25,SP,20525,29556000
321,SUP-8370-25,SP,20525,29556000
571,SUP-8370-25,SP,20525,29556000
463,SUP-8370-25,SP,20525,29556000
299,SUP-8370-25,SP,20525,29556000
552,SUP-8370-25,SP,20525,29556000
571,SUP-8370-25,SP,20525,29556000
463,SUP-8370-25,SP,20525,29556000
568,SUP-8370-25,SP,20525,29556000
582,SUP-8370-25,SP,20525,29556000
600,SUP-7769-24,PI,20525,29556000
598,SUP-7769-24,PI,20525,29556000
600,SUP-7769-24,PI,20525,29556000
513,SUP-7593-24,ST,20525,29556000
513,SUP-7593-24,ST,20525,29556000
513,SUP-7593-24,ST,20525,29556000
513,SUP-7593-24,ST,20525,29556000
513,SUP-7593-24,ST,20525,29556000
513,SUP-7593-24,ST,20525,29556000
513,SUP-7593-24,ST,20525,29556000
479,SUP-7128-24,SM / SM.F / SR,20525,29556000
389,SUP-6806-23,ST,20525,29556000
389,SUP-6806-23,ST,20525,29556000
389,SUP-6806-23,ST,20525,29556000
389,SUP-6806-23,ST,20525,29556000
478,SUP-7133-24,SP,20525,29556000
154,SUP-7128-24,SP,20525,29556000
587,SUP-7769-24,SP,20525,29556000
587,SUP-7769-24,SP,20525,29556000
577,SUP-5947-23 (VC),SP,20525,29556000
577,SUP-5947-23 (VC),SP,20525,29556000
585,SUP-5947-23 (VC),SM / SM.F / SR,20525,29556000
512,SUP-5947-23 (VC),SM / SM.F / SR,20525,29556000
542,SUP-5947-23 (VC),SM / SM.F / SR,20525,29556000
297,SUP-7133-24,ST,20525,29556000
175,SUP-7133-24,ST,20525,29556000
297,SUP-7133-24,ST,20525,29556000
175,SUP-7133-24,ST,20525,29556000
297,SUP-7133-24,ST,20525,29556000
175,SUP-7133-24,ST,20525,29556000
297,SUP-7133-24,ST,20525,29556000
175,SUP-7133-24,ST,20525,29556000
297,SUP-7133-24,ST,20525,29556000
297,SUP-7133-24,ST,20525,29556000
297,SUP-7133-24,ST,20525,29556000
297,SUP-7133-24,ST,20525,29556000
297,SUP-7133-24,ST,20525,29556000
297,SUP-7133-24,ST,20525,29556000
297,SUP-7133-24,ST,20525,29556000
297,SUP-7133-24,ST,20525,29556000
297,SUP-7133-24,ST,20525,29556000
588,SUP-7593-24,SM / SM.F / SR,20525,29556000
389,SUP-6806-23,ST,20525,29556000
389,SUP-6806-23,ST,20525,29556000
389,SUP-6806-23,ST,20525,29556000
389,SUP-6806-23,ST,20525,29556000
341,SUP-7593-24,SM / SM.F / SR,20525,29556000
257,SUP-7813-24,BL,20525,29556000
509,SUP-7722-24,SP,20526,29557440
378,SUP-7722-24,SM / SM.F / SR,20526,29557440
519,SUP-6806-23,SP,20526,29557440
143,SUP-6806-23,SP,20526,29557440
513,SUP-7593-24,ST,20526,29557440
513,SUP-7593-24,ST,20526,29557440
513,SUP-7593-24,ST,20526,29557440
513,SUP-7593-24,ST,20526,29557440
513,SUP-7593-24,ST,20526,29557440
513,SUP-7593-24,ST,20526,29557440
594,SUP-7133-24,SP,20526,29557440
276,SUP-7133-24,SP,20526,29557440
594,SUP-7133-24,SP,20526,29557440
552,SUP-8370-25,SP,20526,29557440
463,SUP-8370-25,SP,20526,29557440
582,SUP-8370-25,SP,20526,29557440
571,SUP-8370-25,SP,20526,29557440
571,SUP-8370-25,SP,20526,29557440
582,SUP-8370-25,SP,20526,29557440
463,SUP-8370-25,SP,20526,29557440
299,SUP-8370-25,SP,20526,29557440
552,SUP-8370-25,SP,20526,29557440
321,SUP-8370-25,SP,20526,29557440
571,SUP-8370-25,SP,20526,29557440
477,SUP-6806-23,SP,20526,29557440
600,SUP-7769-24,PI,20526,29557440
600,SUP-7769-24,PI,20526,29557440
600,SUP-7769-24,PI,20526,29557440
600,SUP-7769-24,PI,20526,29557440
513,SUP-7593-24,ST,20526,29557440
513,SUP-7593-24,ST,20526,29557440
513,SUP-7593-24,ST,20526,29557440
513,SUP-7593-24,ST,20526,29557440
513,SUP-7593-24,ST,20526,29557440
559,SUP-7133-24,SP,20526,29557440
478,SUP-7133-24,SP,20526,29557440
587,SUP-7769-24,SP,20526,29557440
577,SUP-5947-23 (VC),SP,20526,29557440
577,SUP-5947-23 (VC),SP,20526,29557440
577,SUP-5947-23 (VC),SP,20526,29557440
154,SUP-7128-24,SP,20526,29557440
540,SUP-7593-24,SP,20526,29557440
175,SUP-7133-24,ST,20526,29557440
175,SUP-7133-24,ST,20526,29557440
297,SUP-7133-24,ST,20526,29557440
297,SUP-7133-24,ST,20526,29557440
297,SUP-7133-24,ST,20526,29557440
297,SUP-7133-24,ST,20526,29557440
297,SUP-7133-24,ST,20526,29557440
175,SUP-7133-24,ST,20526,29557440
297,SUP-7133-24,ST,20526,29557440
297,SUP-7133-24,ST,20526,29557440
175,SUP-7133-24,ST,20526,29557440
297,SUP-7133-24,ST,20526,29557440
175,SUP-7133-24,ST,20526,29557440
297,SUP-7133-24,ST,20526,29557440
468,SUP-6806-23,SM / SM.F / SR,20526,29557440
389,SUP-6806-23,ST,20526,29557440
389,SUP-6806-23,ST,20526,29557440
353,SUP-6806-23,ST,20526,29557440
389,SUP-6806-23,ST,20526,29557440
389,SUP-6806-23,ST,20526,29557440
353,SUP-6806-23,ST,20526,29557440
389,SUP-6806-23,ST,20526,29557440
353,SUP-6806-23,ST,20526,29557440
353,SUP-6806-23,ST,20526,29557440
389,SUP-6806-23,ST,20526,29557440
536,SUP-6806-23,SP,20526,29557440
409,SUP-6806-23,SP,20526,29557440
257,SUP-7813-24,VT,20526,29557440
257,SUP-7813-24,ST,20526,29557440
568,SUP-8370-25,SP,20526,29557440
321,SUP-8370-25,SP,20526,29557440
299,SUP-8370-25,SP,20526,29557440
568,SUP-8370-25,SP,20526,29557440
224,SUP-7813-24,SM / SM.F / SR,20526,29557440
509,SUP-7722-24,SP,20527,29558880
509,SUP-7722-24,SP,20527,29558880
509,SUP-7722-24,SP,20527,29558880
361,SUP-6806-23,SP,20527,29558880
519,SUP-6806-23,SP,20527,29558880
143,SUP-6806-23,SP,20527,29558880
143,SUP-6806-23,SP,20527,29558880
321,SUP-8370-25,SP,20527,29558880
299,SUP-8370-25,SP,20527,29558880
321,SUP-8370-25,SP,20527,29558880
571,SUP-8370-25,SP,20527,29558880
537,SUP-7722-24,SM / SM.F / SR,20527,29558880
455,SUP-7722-24,SP,20527,29558880
373,SUP-7722-24,SM / SM.F / SR,20527,29558880
537,SUP-7722-24,SM / SM.F / SR,20527,29558880
594,SUP-7133-24,SP,20527,29558880
409,SUP-6806-23,SP,20527,29558880
600,SUP-7769-24,PI,20527,29558880
600,SUP-7769-24,PI,20527,29558880
600,SUP-7769-24,PI,20527,29558880
513,SUP-7593-24,PI,20527,29558880
513,SUP-7593-24,PI,20527,29558880
513,SUP-7593-24,PI,20527,29558880
513,SUP-7593-24,PI,20527,29558880
405,SUP-7128-24,SP,20527,29558880
577,SUP-5947-23 (VC),SP,20527,29558880
577,SUP-5947-23 (VC),SP,20527,29558880
577,SUP-5947-23 (VC),SP,20527,29558880
428,SUP-7813-24,SM / SM.F / SR,20527,29558880
154,SUP-7128-24,SP,20527,29558880
340,SUP-7593-24,SM / SM.F / SR,20527,29558880
297,SUP-7133-24,ST,20527,29558880
175,SUP-7133-24,ST,20527,29558880
297,SUP-7133-24,ST,20527,29558880
175,SUP-7133-24,ST,20527,29558880
297,SUP-7133-24,ST,20527,29558880
297,SUP-7133-24,ST,20527,29558880
297,SUP-7133-24,ST,20527,29558880
297,SUP-7133-24,ST,20527,29558880
175,SUP-7133-24,ST,20527,29558880
297,SUP-7133-24,ST,20527,29558880
175,SUP-7133-24,ST,20527,29558880
297,SUP-7133-24,ST,20527,29558880
175,SUP-7133-24,ST,20527,29558880
588,SUP-7593-24,SM / SM.F / SR,20527,29558880
468,SUP-6806-23,SM / SM.F / SR,20527,29558880
276,SUP-7133-24,SP,20527,29558880
276,SUP-7133-24,SP,20527,29558880
276,SUP-7133-24,SP,20527,29558880
389,SUP-6806-23,ST,20527,29558880
389,SUP-6806-23,ST,20527,29558880
389,SUP-6806-23,ST,20527,29558880
389,SUP-6806-23,ST,20527,29558880
458,SUP-7813-24,SH,20527,29558880
552,SUP-8370-25,SP,20527,29558880
552,SUP-8370-25,SP,20527,29558880
568,SUP-8370-25,SP,20527,29558880
552,SUP-8370-25,SP,20527,29558880
568,SUP-8370-25,SP,20527,29558880
535,SUP-7722-24,SP,20528,29560320
509,SUP-7722-24,SP,20528,29560320
520,SUP-7722-24,SM / SM.F / SR,20528,29560320
143,SUP-6806-23,SP,20528,29560320
143,SUP-6806-23,SP,20528,29560320
519,SUP-6806-23,SP,20528,29560320
568,SUP-8370-25,SP,20528,29560320
571,SUP-8370-25,SP,20528,29560320
299,SUP-8370-25,SP,20528,29560320
321,SUP-8370-25,SP,20528,29560320
552,SUP-8370-25,SP,20528,29560320
455,SUP-7722-24,SP,20528,29560320
136,SUP-7722-24,SM / SM.F / SR,20528,29560320
409,SUP-6806-23,SP,20528,29560320
536,SUP-6806-23,SP,20528,29560320
600,SUP-7769-24,PI,20528,29560320
600,SUP-7769-24,PI,20528,29560320
513,SUP-7593-24,ST,20528,29560320
513,SUP-7593-24,ST,20528,29560320
513,SUP-7593-24,ST,20528,29560320
513,SUP-7593-24,ST,20528,29560320
513,SUP-7593-24,ST,20528,29560320
513,SUP-7593-24,ST,20528,29560320
513,SUP-7593-24,ST,20528,29560320
513,SUP-7593-24,ST,20528,29560320
513,SUP-7593-24,ST,20528,29560320
513,SUP-7593-24,ST,20528,29560320
513,SUP-7593-24,ST,20528,29560320
405,SUP-7128-24,SP,20528,29560320
405,SUP-7128-24,SP,20528,29560320
405,SUP-7128-24,SP,20528,29560320
353,SUP-6806-23,ST,20528,29560320
353,SUP-6806-23,ST,20528,29560320
353,SUP-6806-23,ST,20528,29560320
353,SUP-6806-23,ST,20528,29560320
389,SUP-6806-23,ST,20528,29560320
389,SUP-6806-23,ST,20528,29560320
353,SUP-6806-23,ST,20528,29560320
353,SUP-6806-23,ST,20528,29560320
389,SUP-6806-23,ST,20528,29560320
353,SUP-6806-23,ST,20528,29560320
478,SUP-7133-24,SP,20528,29560320
559,SUP-7133-24,SP,20528,29560320
577,SUP-5947-23 (VC),SP,20528,29560320
577,SUP-5947-23 (VC),SP,20528,29560320
577,SUP-5947-23 (VC),SP,20528,29560320
463,SUP-7813-24,SP,20528,29560320
582,SUP-7813-24,SP,20528,29560320
154,SUP-7128-24,SP,20528,29560320
164,SUP-8370-25,SM / SM.F / SR,20528,29560320
297,SUP-7133-24,ST,20528,29560320
297,SUP-7133-24,ST,20528,29560320
175,SUP-7133-24,ST,20528,29560320
297,SUP-7133-24,ST,20528,29560320
175,SUP-7133-24,ST,20528,29560320
297,SUP-7133-24,ST,20528,29560320
175,SUP-7133-24,ST,20528,29560320
297,SUP-7133-24,ST,20528,29560320
175,SUP-7133-24,ST,20528,29560320
297,SUP-7133-24,ST,20528,29560320
297,SUP-7133-24,ST,20528,29560320
297,SUP-7133-24,ST,20528,29560320
175,SUP-7133-24,ST,20528,29560320
297,SUP-7133-24,ST,20528,29560320
297,SUP-7133-24,ST,20528,29560320
175,SUP-7133-24,ST,20528,29560320
297,SUP-7133-24,ST,20528,29560320
276,SUP-7133-24,SP,20528,29560320
276,SUP-7133-24,SP,20528,29560320
594,SUP-7133-24,SP,20528,29560320
276,SUP-7133-24,SP,20528,29560320
276,SUP-7133-24,SP,20528,29560320
276,SUP-7133-24,SP,20528,29560320
276,SUP-7133-24,SP,20528,29560320
594,SUP-7133-24,SP,20528,29560320
353,SUP-6806-23,ST,20528,29560320
353,SUP-6806-23,ST,20528,29560320
353,SUP-6806-23,ST,20528,29560320
353,SUP-6806-23,ST,20528,29560320
353,SUP-6806-23,ST,20528,29560320
353,SUP-6806-23,ST,20528,29560320
353,SUP-6806-23,ST,20528,29560320
353,SUP-6806-23,ST,20528,29560320
353,SUP-6806-23,ST,20528,29560320
389,SUP-6806-23,ST,20528,29560320
389,SUP-6806-23,ST,20528,29560320
409,SUP-6806-23,SP,20528,29560320
257,SUP-7813-24,ST,20528,29560320
79,SUP-8370-25,SM / SM.F / SR,20528,29560320
458,SUP-7813-24,ST,20528,29560320
455,SUP-7128-24,SP,20529,29561760
455,SUP-7128-24,SP,20529,29561760
455,SUP-7128-24,SP,20529,29561760
535,SUP-7722-24,SP,20529,29561760
509,SUP-7722-24,SP,20529,29561760
337,SUP-7722-24,SM / SM.F / SR,20529,29561760
378,SUP-7722-24,SM / SM.F / SR,20529,29561760
519,SUP-6806-23,SP,20529,29561760
361,SUP-6806-23,SP,20529,29561760
568,SUP-8370-25,SP,20529,29561760
552,SUP-8370-25,SP,20529,29561760
571,SUP-8370-25,SP,20529,29561760
552,SUP-8370-25,SP,20529,29561760
299,SUP-8370-25,SP,20529,29561760
571,SUP-8370-25,SP,20529,29561760
321,SUP-8370-25,SP,20529,29561760
520,SUP-7722-24,SM / SM.F / SR,20529,29561760
513,SUP-7593-24,ST,20529,29561760
513,SUP-7593-24,ST,20529,29561760
594,SUP-7133-24,SP,20529,29561760
513,SUP-7593-24,ST,20529,29561760
513,SUP-7593-24,ST,20529,29561760
513,SUP-7593-24,ST,20529,29561760
513,SUP-7593-24,ST,20529,29561760
513,SUP-7593-24,ST,20529,29561760
405,SUP-7128-24,SP,20529,29561760
353,SUP-6806-23,ST,20529,29561760
353,SUP-6806-23,ST,20529,29561760
353,SUP-6806-23,ST,20529,29561760
478,SUP-7133-24,SP,20529,29561760
559,SUP-7133-24,SP,20529,29561760
257,SUP-6830-23,ST,20529,29561760
587,SUP-7769-24,SP,20529,29561760
577,SUP-5947-23 (VC),SP,20529,29561760
577,SUP-5947-23 (VC),SP,20529,29561760
542,SUP-5947-23 (VC),SM / SM.F / SR,20529,29561760
512,SUP-5947-23 (VC),SM / SM.F / SR,20529,29561760
585,SUP-5947-23 (VC),SM / SM.F / SR,20529,29561760
154,SUP-7128-24,SP,20529,29561760
154,SUP-7128-24,SP,20529,29561760
154,SUP-7128-24,SP,20529,29561760
297,SUP-7133-24,ST,20529,29561760
297,SUP-7133-24,ST,20529,29561760
175,SUP-7133-24,ST,20529,29561760
175,SUP-7133-24,ST,20529,29561760
175,SUP-7133-24,ST,20529,29561760
175,SUP-7133-24,ST,20529,29561760
297,SUP-7133-24,ST,20529,29561760
175,SUP-7133-24,ST,20529,29561760
297,SUP-7133-24,ST,20529,29561760
175,SUP-7133-24,ST,20529,29561760
297,SUP-7133-24,ST,20529,29561760
175,SUP-7133-24,ST,20529,29561760
297,SUP-7133-24,ST,20529,29561760
175,SUP-7133-24,ST,20529,29561760
468,SUP-6806-23,SM / SM.F / SR,20529,29561760
276,SUP-7133-24,SP,20529,29561760
594,SUP-7133-24,SP,20529,29561760
594,SUP-7133-24,SP,20529,29561760
594,SUP-7133-24,SP,20529,29561760
276,SUP-7133-24,SP,20529,29561760
600,SUP-7769-24,ST,20529,29561760
600,SUP-7769-24,ST,20529,29561760
600,SUP-7769-24,ST,20529,29561760
600,SUP-7769-24,ST,20529,29561760
600,SUP-7769-24,ST,20529,29561760
389,SUP-6806-23,ST,20529,29561760
389,SUP-6806-23,ST,20529,29561760
389,SUP-6806-23,ST,20529,29561760
389,SUP-6806-23,ST,20529,29561760
353,SUP-6806-23,ST,20529,29561760
353,SUP-6806-23,ST,20529,29561760
353,SUP-6806-23,ST,20529,29561760
353,SUP-6806-23,ST,20529,29561760
353,SUP-6806-23,ST,20529,29561760
353,SUP-6806-23,ST,20529,29561760
353,SUP-6806-23,ST,20529,29561760
353,SUP-6806-23,ST,20529,29561760
389,SUP-6806-23,ST,20529,29561760
353,SUP-6806-23,ST,20529,29561760
389,SUP-6806-23,ST,20529,29561760
353,SUP-6806-23,ST,20529,29561760
224,SUP-7813-24,SM / SM.F / SR,20529,29561760
428,SUP-7813-24,SM / SM.F / SR,20529,29561760
136,SUP-7128-24,SM / SM.F / SR,20529,29561760
509,SUP-7722-24,SP,20530,29563200
509,SUP-7722-24,SP,20530,29563200
509,SUP-7722-24,SP,20530,29563200
378,SUP-7722-24,SM / SM.F / SR,20530,29563200
405,SUP-7722-24,SM / SM.F / SR,20530,29563200
586,SUP-6806-23,SP,20530,29563200
536,SUP-6806-23,SP,20530,29563200
143,SUP-6806-23,SP,20530,29563200
519,SUP-6806-23,SP,20530,29563200
299,SUP-8370-25,SP,20530,29563200
299,SUP-8370-25,SP,20530,29563200
455,SUP-7722-24,SP,20530,29563200
455,SUP-7722-24,SP,20530,29563200
257,SUP-6830-23,CPTu,20530,29563200
527,SUP-7133-24,ST,20530,29563200
527,SUP-7133-24,ST,20530,29563200
527,SUP-7133-24,ST,20530,29563200
527,SUP-7133-24,ST,20530,29563200
527,SUP-7133-24,ST,20530,29563200
527,SUP-7133-24,ST,20530,29563200
527,SUP-7133-24,ST,20530,29563200
527,SUP-7133-24,ST,20530,29563200
513,SUP-7593-24,ST,20530,29563200
513,SUP-7593-24,ST,20530,29563200
513,SUP-7593-24,ST,20530,29563200
513,SUP-7593-24,ST,20530,29563200
513,SUP-7593-24,ST,20530,29563200
513,SUP-7593-24,ST,20530,29563200
513,SUP-7593-24,ST,20530,29563200
513,SUP-7593-24,ST,20530,29563200
513,SUP-7593-24,ST,20530,29563200
513,SUP-7593-24,ST,20530,29563200
513,SUP-7593-24,ST,20530,29563200
513,SUP-7593-24,ST,20530,29563200
513,SUP-7593-24,ST,20530,29563200
513,SUP-7593-24,ST,20530,29563200
353,SUP-6806-23,ST,20530,29563200
353,SUP-6806-23,ST,20530,29563200
389,SUP-6806-23,ST,20530,29563200
478,SUP-7133-24,SP,20530,29563200
559,SUP-7133-24,SP,20530,29563200
559,SUP-7133-24,SP,20530,29563200
559,SUP-7133-24,SP,20530,29563200
559,SUP-7133-24,SP,20530,29563200
478,SUP-7133-24,SP,20530,29563200
587,SUP-7769-24,SP,20530,29563200
577,SUP-5947-23 (VC),SP,20530,29563200
577,SUP-5947-23 (VC),SP,20530,29563200
577,SUP-5947-23 (VC),SP,20530,29563200
420,SUP-5947-23 (VC),SM / SM.F / SR,20530,29563200
154,SUP-7128-24,SP,20530,29563200
468,SUP-6806-23,SM / SM.F / SR,20530,29563200
297,SUP-7133-24,ST,20530,29563200
297,SUP-7133-24,ST,20530,29563200
276,SUP-7133-24,SP,20530,29563200
297,SUP-7133-24,ST,20530,29563200
175,SUP-7133-24,ST,20530,29563200
175,SUP-7133-24,ST,20530,29563200
594,SUP-7133-24,SP,20530,29563200
297,SUP-7133-24,ST,20530,29563200
175,SUP-7133-24,ST,20530,29563200
297,SUP-7133-24,ST,20530,29563200
276,SUP-7133-24,SP,20530,29563200
594,SUP-7133-24,SP,20530,29563200
600,SUP-7769-24,ST,20530,29563200
600,SUP-7769-24,ST,20530,29563200
600,SUP-7769-24,ST,20530,29563200
600,SUP-7769-24,ST,20530,29563200
600,SUP-7769-24,ST,20530,29563200
600,SUP-7769-24,ST,20530,29563200
600,SUP-7769-24,ST,20530,29563200
600,SUP-7769-24,ST,20530,29563200
600,SUP-7769-24,ST,20530,29563200
600,SUP-7769-24,ST,20530,29563200
341,SUP-7593-24,SM / SM.F / SR,20530,29563200
164,SUP-8370-25,SM / SM.F / SR,20530,29563200
428,SUP-7813-24,SM / SM.F / SR,20530,29563200
447,SUP-7133-24,ST,20530,29563200
447,SUP-7133-24,ST,20530,29563200
447,SUP-7133-24,ST,20530,29563200
447,SUP-7133-24,ST,20530,29563200
447,SUP-7133-24,ST,20530,29563200
297,SUP-7133-24,ST,20530,29563200
447,SUP-7133-24,ST,20530,29563200
297,SUP-7133-24,ST,20530,29563200
447,SUP-7133-24,ST,20530,29563200
447,SUP-7133-24,ST,20530,29563200
447,SUP-7133-24,ST,20530,29563200
447,SUP-7133-24,ST,20530,29563200
447,SUP-7133-24,ST,20530,29563200
447,SUP-7133-24,ST,20530,29563200
447,SUP-7133-24,ST,20530,29563200
447,SUP-7133-24,ST,20530,29563200
447,SUP-7133-24,ST,20530,29563200
463,SUP-7813-24,SP,20530,29563200
582,SUP-7813-24,SP,20530,29563200
447,SUP-7133-24,ST,20530,29563200
136,SUP-7128-24,SM / SM.F / SR,20530,29563200
389,SUP-6806-23,ST,20530,29563200
353,SUP-6806-23,ST,20530,29563200
389,SUP-6806-23,ST,20530,29563200
353,SUP-6806-23,ST,20530,29563200
353,SUP-6806-23,ST,20530,29563200
389,SUP-6806-23,ST,20530,29563200
353,SUP-6806-23,ST,20530,29563200
535,SUP-7722-24,SP,20531,29564640
535,SUP-7722-24,SP,20531,29564640
535,SUP-7722-24,SP,20531,29564640
535,SUP-7722-24,SP,20531,29564640
535,SUP-7722-24,SP,20531,29564640
509,SUP-7722-24,SP,20531,29564640
535,SUP-7722-24,SP,20531,29564640
154,SUP-7722-24,SP,20531,29564640
361,SUP-6806-23,SP,20531,29564640
409,SUP-6806-23,SP,20531,29564640
299,SUP-8370-25,SP,20531,29564640
321,SUP-8370-25,SP,20531,29564640
568,SUP-8370-25,SP,20531,29564640
552,SUP-8370-25,SP,20531,29564640
321,SUP-8370-25,SP,20531,29564640
321,SUP-8370-25,SP,20531,29564640
299,SUP-8370-25,SP,20531,29564640
552,SUP-8370-25,SP,20531,29564640
568,SUP-8370-25,SP,20531,29564640
520,SUP-7722-24,SM / SM.F / SR,20531,29564640
455,SUP-7722-24,SP,20531,29564640
527,SUP-7133-24,ST,20531,29564640
527,SUP-7133-24,ST,20531,29564640
527,SUP-7133-24,ST,20531,29564640
527,SUP-7133-24,ST,20531,29564640
527,SUP-7133-24,ST,20531,29564640
527,SUP-7133-24,ST,20531,29564640
527,SUP-7133-24,ST,20531,29564640
527,SUP-7133-24,ST,20531,29564640
513,SUP-7593-24,ST,20531,29564640
513,SUP-7593-24,ST,20531,29564640
513,SUP-7593-24,ST,20531,29564640
478,SUP-7133-24,SP,20531,29564640
257,SUP-6830-23,ST,20531,29564640
257,SUP-6830-23,ST,20531,29564640
257,SUP-6830-23,ST,20531,29564640
257,SUP-6830-23,ST,20531,29564640
257,SUP-6830-23,ST,20531,29564640
257,SUP-6830-23,ST,20531,29564640
257,SUP-6830-23,ST,20531,29564640
257,SUP-6830-23,ST,20531,29564640
587,SUP-7769-24,SP,20531,29564640
577,SUP-5947-23 (VC),SP,20531,29564640
517,SUP-7285-24,SP,20531,29564640
364,SUP-7285-24,SP,20531,29564640
26,SUP-7285-24,SP,20531,29564640
121,SUP-7285-24,SP,20531,29564640
540,SUP-7593-24,SP,20531,29564640
588,SUP-7593-24,SM / SM.F / SR,20531,29564640
276,SUP-7133-24,SP,20531,29564640
594,SUP-7133-24,SP,20531,29564640
594,SUP-7133-24,SP,20531,29564640
594,SUP-7133-24,SP,20531,29564640
594,SUP-7133-24,SP,20531,29564640
594,SUP-7133-24,SP,20531,29564640
594,SUP-7133-24,SP,20531,29564640
594,SUP-7133-24,SP,20531,29564640
594,SUP-7133-24,SP,20531,29564640
276,SUP-7133-24,SP,20531,29564640
594,SUP-7133-24,SP,20531,29564640
600,SUP-7769-24,ST,20531,29564640
600,SUP-7769-24,ST,20531,29564640
600,SUP-7769-24,ST,20531,29564640
600,SUP-7769-24,ST,20531,29564640
600,SUP-7769-24,ST,20531,29564640
600,SUP-7769-24,ST,20531,29564640
600,SUP-7769-24,ST,20531,29564640
600,SUP-7769-24,ST,20531,29564640
600,SUP-7769-24,ST,20531,29564640
600,SUP-7769-24,ST,20531,29564640
600,SUP-7769-24,ST,20531,29564640
447,SUP-7133-24,ST,20531,29564640
447,SUP-7133-24,ST,20531,29564640
447,SUP-7133-24,ST,20531,29564640
447,SUP-7133-24,ST,20531,29564640
447,SUP-7133-24,ST,20531,29564640
447,SUP-7133-24,ST,20531,29564640
447,SUP-7133-24,ST,20531,29564640
447,SUP-7133-24,ST,20531,29564640
447,SUP-7133-24,ST,20531,29564640
447,SUP-7133-24,ST,20531,29564640
447,SUP-7133-24,ST,20531,29564640
447,SUP-7133-24,ST,20531,29564640
447,SUP-7133-24,ST,20531,29564640
175,SUP-7133-24,ST,20531,29564640
447,SUP-7133-24,ST,20531,29564640
297,SUP-7133-24,ST,20531,29564640
297,SUP-7133-24,ST,20531,29564640
297,SUP-7133-24,ST,20531,29564640
447,SUP-7133-24,ST,20531,29564640
447,SUP-7133-24,ST,20531,29564640
297,SUP-7133-24,ST,20531,29564640
463,SUP-7813-24,SP,20531,29564640
468,SUP-6806-23,SM / SM.F / SR,20531,29564640
297,SUP-7133-24,ST,20531,29564640
175,SUP-7133-24,ST,20531,29564640
297,SUP-7133-24,VT,20531,29564640
297,SUP-7133-24,VT,20531,29564640
389,SUP-6806-23,ST,20531,29564640
353,SUP-6806-23,ST,20531,29564640
389,SUP-6806-23,ST,20531,29564640
353,SUP-6806-23,ST,20531,29564640
389,SUP-6806-23,ST,20531,29564640
353,SUP-6806-23,ST,20531,29564640
389,SUP-6806-23,ST,20531,29564640
353,SUP-6806-23,ST,20531,29564640
389,SUP-6806-23,ST,20531,29564640
353,SUP-6806-23,ST,20531,29564640
389,SUP-6806-23,ST,20531,29564640
353,SUP-6806-23,ST,20531,29564640
389,SUP-6806-23,ST,20531,29564640
389,SUP-6806-23,ST,20531,29564640
353,SUP-6806-23,ST,20531,29564640
389,SUP-6806-23,ST,20531,29564640
353,SUP-6806-23,ST,20531,29564640
353,SUP-6806-23,ST,20531,29564640
353,SUP-6806-23,ST,20531,29564640
447,SUP-7133-24,ST,20531,29564640
509,SUP-7722-24,SP,20532,29566080
337,SUP-7722-24,SM / SM.F / SR,20532,29566080
509,SUP-7722-24,SP,20532,29566080
509,SUP-7722-24,SP,20532,29566080
509,SUP-7722-24,SP,20532,29566080
535,SUP-7722-24,SM / SM.F / SR,20532,29566080
378,SUP-7722-24,SM / SM.F / SR,20532,29566080
571,SUP-8370-25,SP,20532,29566080
299,SUP-8370-25,SP,20532,29566080
299,SUP-8370-25,SP,20532,29566080
568,SUP-8370-25,SP,20532,29566080
552,SUP-8370-25,SP,20532,29566080
571,SUP-8370-25,SP,20532,29566080
321,SUP-8370-25,SP,20532,29566080
299,SUP-8370-25,SP,20532,29566080
537,SUP-7722-24,SM / SM.F / SR,20532,29566080
455,SUP-7722-24,SP,20532,29566080
373,SUP-7722-24,SM / SM.F / SR,20532,29566080
478,SUP-7133-24,SP,20532,29566080
559,SUP-7133-24,SP,20532,29566080
559,SUP-7133-24,SP,20532,29566080
559,SUP-7133-24,SP,20532,29566080
559,SUP-7133-24,SP,20532,29566080
447,SUP-7133-24,ST,20532,29566080
447,SUP-7133-24,ST,20532,29566080
447,SUP-7133-24,ST,20532,29566080
447,SUP-7133-24,ST,20532,29566080
447,SUP-7133-24,ST,20532,29566080
447,SUP-7133-24,ST,20532,29566080
447,SUP-7133-24,ST,20532,29566080
447,SUP-7133-24,ST,20532,29566080
527,SUP-7133-24,ST,20532,29566080
527,SUP-7133-24,ST,20532,29566080
527,SUP-7133-24,ST,20532,29566080
527,SUP-7133-24,ST,20532,29566080
527,SUP-7133-24,ST,20532,29566080
527,SUP-7133-24,ST,20532,29566080
527,SUP-7133-24,ST,20532,29566080
527,SUP-7133-24,ST,20532,29566080
527,SUP-7133-24,ST,20532,29566080
527,SUP-7133-24,ST,20532,29566080
257,SUP-6830-23,ST,20532,29566080
257,SUP-6830-23,ST,20532,29566080
257,SUP-6830-23,ST,20532,29566080
257,SUP-6830-23,ST,20532,29566080
257,SUP-6830-23,ST,20532,29566080
257,SUP-6830-23,ST,20532,29566080
257,SUP-6830-23,ST,20532,29566080
542,SUP-5947-23 (VC),SM / SM.F / SR,20532,29566080
512,SUP-5947-23 (VC),SM / SM.F / SR,20532,29566080
585,SUP-5947-23 (VC),SM / SM.F / SR,20532,29566080
210,SUP-7285-24,SP,20532,29566080
175,SUP-7133-24,ST,20532,29566080
175,SUP-7133-24,ST,20532,29566080
297,SUP-7133-24,ST,20532,29566080
297,SUP-7133-24,ST,20532,29566080
297,SUP-7133-24,ST,20532,29566080
297,SUP-7133-24,ST,20532,29566080
175,SUP-7133-24,ST,20532,29566080
297,SUP-7133-24,ST,20532,29566080
297,SUP-7133-24,ST,20532,29566080
175,SUP-7133-24,ST,20532,29566080
276,SUP-7133-24,SP,20532,29566080
276,SUP-7133-24,SP,20532,29566080
276,SUP-7133-24,SP,20532,29566080
594,SUP-7133-24,SP,20532,29566080
276,SUP-7133-24,SP,20532,29566080
594,SUP-7133-24,SP,20532,29566080
600,SUP-7769-24,ST,20532,29566080
600,SUP-7769-24,ST,20532,29566080
600,SUP-7769-24,ST,20532,29566080
600,SUP-7769-24,ST,20532,29566080
600,SUP-7769-24,ST,20532,29566080
600,SUP-7769-24,ST,20532,29566080
600,SUP-7769-24,ST,20532,29566080
600,SUP-7769-24,ST,20532,29566080
600,SUP-7769-24,ST,20532,29566080
164,SUP-8370-25,SM / SM.F / SR,20532,29566080
224,SUP-7813-24,SM / SM.F / SR,20532,29566080
79,SUP-8370-25,SM / SM.F / SR,20532,29566080
577,SUP-5947-23 (VS),SP,20532,29566080
447,SUP-7133-24,ST,20532,29566080
447,SUP-7133-24,ST,20532,29566080
447,SUP-7133-24,ST,20532,29566080
447,SUP-7133-24,ST,20532,29566080
447,SUP-7133-24,ST,20532,29566080
447,SUP-7133-24,ST,20532,29566080
447,SUP-7133-24,ST,20532,29566080
447,SUP-7133-24,ST,20532,29566080
447,SUP-7133-24,ST,20532,29566080
447,SUP-7133-24,ST,20532,29566080
361,SUP-8360-25,SP,20532,29566080
519,SUP-8360-25,SP,20532,29566080
143,SUP-8360-25,SP,20532,29566080
353,SUP-6806-23,ST,20532,29566080
389,SUP-6806-23,ST,20532,29566080
353,SUP-6806-23,ST,20532,29566080
353,SUP-6806-23,ST,20532,29566080
353,SUP-6806-23,ST,20532,29566080
353,SUP-6806-23,ST,20532,29566080
154,SUP-7128-24,SP,20532,29566080
154,SUP-7128-24,SP,20532,29566080
571,SUP-6785-23 (SO),SP,20533,29567520
299,SUP-6785-23 (SO),SP,20533,29567520
299,SUP-6785-23 (SO),SP,20533,29567520
299,SUP-6785-23 (SO),SP,20533,29567520
321,SUP-6785-23 (SO),SP,20533,29567520
405,SUP-7722-24,SM / SM.F / SR,20533,29567520
509,SUP-7722-24,SM / SM.F / SR,20533,29567520
321,SUP-8370-25,SP,20533,29567520
520,SUP-7722-24,SM / SM.F / SR,20533,29567520
455,SUP-7722-24,SP,20533,29567520
257,SUP-6830-23,CPTu,20533,29567520
513,SUP-7593-24,ST,20533,29567520
513,SUP-7593-24,ST,20533,29567520
513,SUP-7593-24,ST,20533,29567520
513,SUP-7593-24,ST,20533,29567520
513,SUP-7593-24,PI,20533,29567520
513,SUP-7593-24,PI,20533,29567520
458,SUP-6830-23,ST,20533,29567520
458,SUP-6830-23,ST,20533,29567520
458,SUP-6830-23,ST,20533,29567520
458,SUP-6830-23,ST,20533,29567520
458,SUP-6830-23,ST,20533,29567520
458,SUP-6830-23,ST,20533,29567520
540,SUP-7593-24,SP,20533,29567520
447,SUP-7133-24,ST,20533,29567520
447,SUP-7133-24,ST,20533,29567520
447,SUP-7133-24,ST,20533,29567520
447,SUP-7133-24,ST,20533,29567520
447,SUP-7133-24,ST,20533,29567520
447,SUP-7133-24,ST,20533,29567520
447,SUP-7133-24,ST,20533,29567520
447,SUP-7133-24,ST,20533,29567520
447,SUP-7133-24,ST,20533,29567520
447,SUP-7133-24,ST,20533,29567520
297,SUP-7133-24,ST,20533,29567520
297,SUP-7133-24,ST,20533,29567520
175,SUP-7133-24,ST,20533,29567520
297,SUP-7133-24,ST,20533,29567520
297,SUP-7133-24,ST,20533,29567520
175,SUP-7133-24,ST,20533,29567520
175,SUP-7133-24,ST,20533,29567520
175,SUP-7133-24,ST,20533,29567520
297,SUP-7133-24,ST,20533,29567520
175,SUP-7133-24,ST,20533,29567520
297,SUP-7133-24,ST,20533,29567520
175,SUP-7133-24,ST,20533,29567520
175,SUP-7133-24,ST,20533,29567520
297,SUP-7133-24,ST,20533,29567520
297,SUP-7133-24,ST,20533,29567520
297,SUP-7133-24,ST,20533,29567520
175,SUP-7133-24,ST,20533,29567520
594,SUP-7133-24,SP,20533,29567520
276,SUP-7133-24,SP,20533,29567520
175,SUP-7133-24,ST,20533,29567520
297,SUP-7133-24,ST,20533,29567520
527,SUP-7133-24,ST,20533,29567520
527,SUP-7133-24,ST,20533,29567520
527,SUP-7133-24,ST,20533,29567520
527,SUP-7133-24,ST,20533,29567520
527,SUP-7133-24,ST,20533,29567520
527,SUP-7133-24,ST,20533,29567520
527,SUP-7133-24,ST,20533,29567520
527,SUP-7133-24,ST,20533,29567520
527,SUP-7133-24,ST,20533,29567520
527,SUP-7133-24,ST,20533,29567520
600,SUP-7769-24,ST,20533,29567520
600,SUP-7769-24,ST,20533,29567520
600,SUP-7769-24,ST,20533,29567520
600,SUP-7769-24,ST,20533,29567520
600,SUP-7769-24,ST,20533,29567520
600,SUP-7769-24,ST,20533,29567520
600,SUP-7769-24,ST,20533,29567520
600,SUP-7769-24,ST,20533,29567520
600,SUP-7769-24,ST,20533,29567520
600,SUP-7769-24,ST,20533,29567520
600,SUP-7769-24,ST,20533,29567520
600,SUP-7769-24,ST,20533,29567520
341,SUP-7593-24,SM / SM.F / SR,20533,29567520
223,SUP-7813-24,SM / SM.F / SR,20533,29567520
577,SUP-5947-23 (VS),SP,20533,29567520
519,SUP-8360-25,SP,20533,29567520
143,SUP-8360-25,SP,20533,29567520
536,SUP-8360-25,SP,20533,29567520
586,SUP-8360-25,SP,20533,29567520
409,SUP-8360-25,SP,20533,29567520
389,SUP-6806-23,ST,20533,29567520
389,SUP-6806-23,ST,20533,29567520
389,SUP-6806-23,ST,20533,29567520
389,SUP-6806-23,ST,20533,29567520
389,SUP-6806-23,ST,20533,29567520
353,SUP-6806-23,ST,20533,29567520
389,SUP-6806-23,ST,20533,29567520
353,SUP-6806-23,ST,20533,29567520
389,SUP-6806-23,ST,20533,29567520
353,SUP-6806-23,ST,20533,29567520
389,SUP-6806-23,ST,20533,29567520
353,SUP-6806-23,ST,20533,29567520
389,SUP-6806-23,ST,20533,29567520
353,SUP-6806-23,ST,20533,29567520
353,SUP-6806-23,ST,20533,29567520
154,SUP-7128-24,SP,20533,29567520
321,SUP-6785-23 (SO),SP,20534,29568960
299,SUP-6785-23 (SO),SP,20534,29568960
321,SUP-6785-23 (SO),SP,20534,29568960
568,SUP-8370-25,SP,20534,29568960
552,SUP-8370-25,SP,20534,29568960
552,SUP-8370-25,SP,20534,29568960
552,SUP-8370-25,SP,20534,29568960
552,SUP-8370-25,SP,20534,29568960
513,SUP-7593-24,PI,20534,29568960
513,SUP-7593-24,PI,20534,29568960
513,SUP-7593-24,PI,20534,29568960
588,SUP-7593-24,SM / SM.F / SR,20534,29568960
447,SUP-7133-24,ST,20534,29568960
447,SUP-7133-24,ST,20534,29568960
447,SUP-7133-24,ST,20534,29568960
447,SUP-7133-24,ST,20534,29568960
447,SUP-7133-24,ST,20534,29568960
447,SUP-7133-24,ST,20534,29568960
447,SUP-7133-24,ST,20534,29568960
594,SUP-7133-24,SP,20534,29568960
276,SUP-7133-24,SP,20534,29568960
297,SUP-7133-24,ST,20534,29568960
297,SUP-7133-24,ST,20534,29568960
276,SUP-7133-24,SP,20534,29568960
297,SUP-7133-24,ST,20534,29568960
594,SUP-7133-24,SP,20534,29568960
527,SUP-7133-24,ST,20534,29568960
527,SUP-7133-24,ST,20534,29568960
527,SUP-7133-24,ST,20534,29568960
527,SUP-7133-24,ST,20534,29568960
527,SUP-7133-24,ST,20534,29568960
527,SUP-7133-24,ST,20534,29568960
527,SUP-7133-24,ST,20534,29568960
527,SUP-7133-24,ST,20534,29568960
600,SUP-7769-24,ST,20534,29568960
600,SUP-7769-24,ST,20534,29568960
600,SUP-7769-24,ST,20534,29568960
600,SUP-7769-24,ST,20534,29568960
600,SUP-7769-24,ST,20534,29568960
164,SUP-8370-25,SM / SM.F / SR,20534,29568960
577,SUP-5947-23 (VS),SP,20534,29568960
143,SUP-8360-25,SP,20534,29568960
536,SUP-8360-25,SP,20534,29568960
409,SUP-8360-25,SP,20534,29568960
586,SUP-8360-25,SP,20534,29568960
361,SUP-8360-25,SP,20534,29568960
468,SUP-6806-23,SM / SM.F / SR,20534,29568960
297,SUP-7133-24,ST,20534,29568960
297,SUP-7133-24,ST,20534,29568960
175,SUP-7133-24,ST,20534,29568960
175,SUP-7133-24,ST,20534,29568960
297,SUP-7133-24,ST,20534,29568960
175,SUP-7133-24,ST,20534,29568960
297,SUP-7133-24,ST,20534,29568960
175,SUP-7133-24,ST,20534,29568960
297,SUP-7133-24,ST,20534,29568960
337,SUP-7722-24,SM / SM.F / SR,20535,29570400
362,SUP-7722-24,SM / SM.F / SR,20535,29570400
405,SUP-7722-24,SM / SM.F / SR,20535,29570400
154,SUP-7722-24,SP,20535,29570400
154,SUP-7722-24,SP,20535,29570400
154,SUP-7722-24,SP,20535,29570400
154,SUP-7722-24,SP,20535,29570400
154,SUP-7722-24,SP,20535,29570400
154,SUP-7722-24,SP,20535,29570400
154,SUP-7722-24,SP,20535,29570400
154,SUP-7722-24,SP,20535,29570400
154,SUP-7722-24,SP,20535,29570400
154,SUP-7722-24,SP,20535,29570400
154,SUP-7722-24,SP,20535,29570400
154,SUP-7722-24,SP,20535,29570400
479,SUP-7722-24,SM / SM.F / SR,20535,29570400
455,SUP-7722-24,SP,20535,29570400
513,SUP-7593-24,ST,20535,29570400
513,SUP-7593-24,ST,20535,29570400
513,SUP-7593-24,ST,20535,29570400
513,SUP-7593-24,ST,20535,29570400
513,SUP-7593-24,ST,20535,29570400
513,SUP-7593-24,ST,20535,29570400
513,SUP-7593-24,ST,20535,29570400
559,SUP-7133-24,SP,20535,29570400
478,SUP-7133-24,SP,20535,29570400
447,SUP-7133-24,ST,20535,29570400
575,SUP-6830-23,ST,20535,29570400
458,SUP-6830-23,ST,20535,29570400
575,SUP-6830-23,ST,20535,29570400
458,SUP-6830-23,ST,20535,29570400
575,SUP-6830-23,ST,20535,29570400
458,SUP-6830-23,ST,20535,29570400
552,SUP-8370-25,SP,20535,29570400
571,SUP-8370-25,SP,20535,29570400
568,SUP-8370-25,SP,20535,29570400
321,SUP-8370-25,SP,20535,29570400
299,SUP-8370-25,SP,20535,29570400
571,SUP-8370-25,SP,20535,29570400
552,SUP-8370-25,SP,20535,29570400
568,SUP-8370-25,SP,20535,29570400
587,SUP-7769-24,SP,20535,29570400
587,SUP-7769-24,SP,20535,29570400
542,SUP-5947-23 (VC),SM / SM.F / SR,20535,29570400
420,SUP-5947-23 (VC),SM / SM.F / SR,20535,29570400
340,SUP-7593-24,SM / SM.F / SR,20535,29570400
447,SUP-7133-24,ST,20535,29570400
447,SUP-7133-24,ST,20535,29570400
447,SUP-7133-24,ST,20535,29570400
447,SUP-7133-24,ST,20535,29570400
447,SUP-7133-24,ST,20535,29570400
447,SUP-7133-24,ST,20535,29570400
447,SUP-7133-24,ST,20535,29570400
297,SUP-7133-24,ST,20535,29570400
276,SUP-7133-24,SP,20535,29570400
297,SUP-7133-24,ST,20535,29570400
297,SUP-7133-24,ST,20535,29570400
594,SUP-7133-24,SP,20535,29570400
297,SUP-7133-24,ST,20535,29570400
297,SUP-7133-24,ST,20535,29570400
276,SUP-7133-24,SP,20535,29570400
594,SUP-7133-24,SP,20535,29570400
297,SUP-7133-24,ST,20535,29570400
527,SUP-7133-24,ST,20535,29570400
527,SUP-7133-24,ST,20535,29570400
527,SUP-7133-24,ST,20535,29570400
527,SUP-7133-24,ST,20535,29570400
527,SUP-7133-24,ST,20535,29570400
527,SUP-7133-24,ST,20535,29570400
527,SUP-7133-24,ST,20535,29570400
527,SUP-7133-24,ST,20535,29570400
600,SUP-7769-24,ST,20535,29570400
600,SUP-7769-24,ST,20535,29570400
600,SUP-7769-24,ST,20535,29570400
600,SUP-7769-24,ST,20535,29570400
600,SUP-7769-24,ST,20535,29570400
600,SUP-7769-24,ST,20535,29570400
600,SUP-7769-24,ST,20535,29570400
600,SUP-7769-24,ST,20535,29570400
341,SUP-7593-24,SM / SM.F / SR,20535,29570400
428,SUP-7813-24,SM / SM.F / SR,20535,29570400
577,SUP-5947-23 (VS),SP,20535,29570400
447,SUP-7133-24,ST,20535,29570400
447,SUP-7133-24,ST,20535,29570400
447,SUP-7133-24,ST,20535,29570400
286,SUP-7813-24,SM / SM.F / SR,20535,29570400
409,SUP-8360-25,SP,20535,29570400
586,SUP-8360-25,SP,20535,29570400
519,SUP-8360-25,SP,20535,29570400
361,SUP-8360-25,SP,20535,29570400
468,SUP-6806-23,SM / SM.F / SR,20535,29570400
175,SUP-7133-24,ST,20535,29570400
297,SUP-7133-24,ST,20535,29570400
175,SUP-7133-24,ST,20535,29570400
297,SUP-7133-24,ST,20535,29570400
175,SUP-7133-24,ST,20535,29570400
297,SUP-7133-24,ST,20535,29570400
297,SUP-7133-24,ST,20535,29570400
175,SUP-7133-24,ST,20535,29570400
353,SUP-6806-23,ST,20535,29570400
353,SUP-6806-23,ST,20535,29570400
353,SUP-6806-23,ST,20535,29570400
353,SUP-6806-23,ST,20535,29570400
389,SUP-6806-23,ST,20535,29570400
389,SUP-6806-23,ST,20535,29570400
389,SUP-6806-23,ST,20535,29570400
389,SUP-6806-23,ST,20535,29570400
595,SUP-6806-23,ST,20535,29570400
353,SUP-6806-23,ST,20535,29570400
389,SUP-6806-23,ST,20535,29570400
520,SUP-7722-24,SM / SM.F / SR,20536,29571840
154,SUP-7722-24,SP,20536,29571840
378,SUP-7722-24,SM / SM.F / SR,20536,29571840
537,SUP-7722-24,SM / SM.F / SR,20536,29571840
373,SUP-7722-24,SM / SM.F / SR,20536,29571840
455,SUP-7722-24,SP,20536,29571840
455,SUP-7722-24,SP,20536,29571840
257,SUP-6830-23,CPTu,20536,29571840
257,SUP-6830-23,CPTu,20536,29571840
513,SUP-7593-24,ST,20536,29571840
513,SUP-7593-24,ST,20536,29571840
513,SUP-7593-24,ST,20536,29571840
513,SUP-7593-24,ST,20536,29571840
513,SUP-7593-24,ST,20536,29571840
513,SUP-7593-24,ST,20536,29571840
513,SUP-7593-24,ST,20536,29571840
513,SUP-7593-24,ST,20536,29571840
513,SUP-7593-24,ST,20536,29571840
513,SUP-7593-24,ST,20536,29571840
513,SUP-7593-24,ST,20536,29571840
559,SUP-7133-24,SP,20536,29571840
478,SUP-7133-24,SP,20536,29571840
447,SUP-7133-24,ST,20536,29571840
447,SUP-7133-24,ST,20536,29571840
527,SUP-7133-24,ST,20536,29571840
447,SUP-7133-24,ST,20536,29571840
527,SUP-7133-24,ST,20536,29571840
527,SUP-7133-24,ST,20536,29571840
527,SUP-7133-24,ST,20536,29571840
447,SUP-7133-24,ST,20536,29571840
527,SUP-7133-24,ST,20536,29571840
447,SUP-7133-24,ST,20536,29571840
527,SUP-7133-24,ST,20536,29571840
447,SUP-7133-24,ST,20536,29571840
447,SUP-7133-24,ST,20536,29571840
527,SUP-7133-24,ST,20536,29571840
447,SUP-7133-24,ST,20536,29571840
527,SUP-7133-24,ST,20536,29571840
447,SUP-7133-24,ST,20536,29571840
447,SUP-7133-24,ST,20536,29571840
527,SUP-7133-24,ST,20536,29571840
458,SUP-6830-23,ST,20536,29571840
458,SUP-6830-23,ST,20536,29571840
458,SUP-6830-23,ST,20536,29571840
458,SUP-6830-23,ST,20536,29571840
552,SUP-8370-25,SP,20536,29571840
299,SUP-8370-25,SP,20536,29571840
571,SUP-8370-25,SP,20536,29571840
321,SUP-8370-25,SP,20536,29571840
540,SUP-7593-24,SM / SM.F / SR,20536,29571840
164,SUP-8370-25,SM / SM.F / SR,20536,29571840
594,SUP-7133-24,SP,20536,29571840
276,SUP-7133-24,SP,20536,29571840
600,SUP-7769-24,ST,20536,29571840
600,SUP-7769-24,ST,20536,29571840
341,SUP-7593-24,SM / SM.F / SR,20536,29571840
171,SUP-8370-25,SP,20536,29571840
171,SUP-8370-25,SP,20536,29571840
577,SUP-5947-23 (VS),SP,20536,29571840
536,SUP-8360-25,SP,20536,29571840
361,SUP-8360-25,SP,20536,29571840
519,SUP-8360-25,SP,20536,29571840
468,SUP-6806-23,SM / SM.F / SR,20536,29571840
585,SUP-5947-23 (VC),ST,20536,29571840
542,SUP-5947-23 (VC),ST,20536,29571840
353,SUP-6806-23,ST,20536,29571840
595,SUP-6806-23,ST,20536,29571840
353,SUP-6806-23,ST,20536,29571840
595,SUP-6806-23,ST,20536,29571840
353,SUP-6806-23,ST,20536,29571840
595,SUP-6806-23,ST,20536,29571840
353,SUP-6806-23,ST,20536,29571840
389,SUP-6806-23,ST,20536,29571840
595,SUP-6806-23,ST,20536,29571840
353,SUP-6806-23,ST,20536,29571840
389,SUP-6806-23,ST,20536,29571840
595,SUP-6806-23,ST,20536,29571840
353,SUP-6806-23,ST,20536,29571840
389,SUP-6806-23,ST,20536,29571840
595,SUP-6806-23,ST,20536,29571840
353,SUP-6806-23,ST,20536,29571840
389,SUP-6806-23,ST,20536,29571840
595,SUP-6806-23,ST,20536,29571840
389,SUP-6806-23,ST,20536,29571840
353,SUP-6806-23,ST,20536,29571840
297,SUP-7722-24,VT,20536,29571840
297,SUP-7722-24,CPTu,20536,29571840
175,SUP-7722-24,SH,20536,29571840
535,SUP-7722-24,SP,20537,29573280
362,SUP-7722-24,SM / SM.F / SR,20537,29573280
154,SUP-7722-24,SP,20537,29573280
405,SUP-7722-24,SM / SM.F / SR,20537,29573280
479,SUP-7722-24,SM / SM.F / SR,20537,29573280
520,SUP-7722-24,SM / SM.F / SR,20537,29573280
455,SUP-7722-24,SP,20537,29573280
455,SUP-7722-24,SP,20537,29573280
121,SUP-6498-23,SM / SM.F / SR,20537,29573280
257,SUP-6830-23,CPTu,20537,29573280
210,SUP-6498-23,SM / SM.F / SR,20537,29573280
517,SUP-6498-23,SM / SM.F / SR,20537,29573280
527,SUP-7133-24,ST,20537,29573280
447,SUP-7133-24,ST,20537,29573280
527,SUP-7133-24,ST,20537,29573280
447,SUP-7133-24,ST,20537,29573280
527,SUP-7133-24,ST,20537,29573280
447,SUP-7133-24,ST,20537,29573280
447,SUP-7133-24,ST,20537,29573280
527,SUP-7133-24,ST,20537,29573280
447,SUP-7133-24,ST,20537,29573280
447,SUP-7133-24,ST,20537,29573280
527,SUP-7133-24,ST,20537,29573280
447,SUP-7133-24,ST,20537,29573280
527,SUP-7133-24,ST,20537,29573280
527,SUP-7133-24,ST,20537,29573280
447,SUP-7133-24,ST,20537,29573280
527,SUP-7133-24,ST,20537,29573280
458,SUP-6830-23,ST,20537,29573280
458,SUP-6830-23,ST,20537,29573280
458,SUP-6830-23,ST,20537,29573280
458,SUP-6830-23,ST,20537,29573280
458,SUP-6830-23,ST,20537,29573280
568,SUP-8370-25,SP,20537,29573280
552,SUP-8370-25,SP,20537,29573280
299,SUP-8370-25,SP,20537,29573280
571,SUP-8370-25,SP,20537,29573280
321,SUP-8370-25,SP,20537,29573280
587,SUP-7769-24,SP,20537,29573280
512,SUP-5947-23 (VC),SM / SM.F / SR,20537,29573280
341,SUP-7593-24,SM / SM.F / SR,20537,29573280
600,SUP-7769-24,ST,20537,29573280
600,SUP-7769-24,ST,20537,29573280
600,SUP-7769-24,ST,20537,29573280
600,SUP-7769-24,ST,20537,29573280
600,SUP-7769-24,ST,20537,29573280
600,SUP-7769-24,ST,20537,29573280
600,SUP-7769-24,ST,20537,29573280
600,SUP-7769-24,ST,20537,29573280
600,SUP-7769-24,ST,20537,29573280
600,SUP-7769-24,ST,20537,29573280
600,SUP-7769-24,ST,20537,29573280
600,SUP-7769-24,ST,20537,29573280
600,SUP-7769-24,ST,20537,29573280
600,SUP-7769-24,ST,20537,29573280
600,SUP-7769-24,ST,20537,29573280
223,SUP-7813-24,SM / SM.F / SR,20537,29573280
79,SUP-8370-25,SM / SM.F / SR,20537,29573280
577,SUP-5947-23 (VS),SP,20537,29573280
59,SUP-5947-23 (VC),ST,20537,29573280
585,SUP-5947-23 (VC),ST,20537,29573280
585,SUP-5947-23 (VC),ST,20537,29573280
59,SUP-5947-23 (VC),ST,20537,29573280
59,SUP-5947-23 (VC),ST,20537,29573280
585,SUP-5947-23 (VC),ST,20537,29573280
389,SUP-6806-23,ST,20537,29573280
595,SUP-6806-23,ST,20537,29573280
353,SUP-6806-23,ST,20537,29573280
389,SUP-6806-23,ST,20537,29573280
595,SUP-6806-23,ST,20537,29573280
353,SUP-6806-23,ST,20537,29573280
389,SUP-6806-23,ST,20537,29573280
595,SUP-6806-23,ST,20537,29573280
353,SUP-6806-23,ST,20537,29573280
595,SUP-6806-23,ST,20537,29573280
389,SUP-6806-23,ST,20537,29573280
353,SUP-6806-23,ST,20537,29573280
595,SUP-6806-23,ST,20537,29573280
389,SUP-6806-23,ST,20537,29573280
389,SUP-6806-23,ST,20537,29573280
353,SUP-6806-23,ST,20537,29573280
595,SUP-6806-23,ST,20537,29573280
353,SUP-6806-23,ST,20537,29573280
297,SUP-7722-24,VT,20537,29573280
297,SUP-7722-24,CPTu,20537,29573280
175,SUP-7722-24,SH,20537,29573280
329,SUP-7285-24,SP,20537,29573280
517,SUP-6498-23,SM / SM.F / SR,20537,29573280
210,SUP-6498-23,SM / SM.F / SR,20537,29573280
512,SUP-5947-23 (VC),SM / SM.F / SR,20537,29573280
535,SUP-7722-24,SP,20538,29574720
509,SUP-7722-24,SM / SM.F / SR,20538,29574720
378,SUP-7722-24,SM / SM.F / SR,20538,29574720
154,SUP-7722-24,SP,20538,29574720
537,SUP-7722-24,SM / SM.F / SR,20538,29574720
26,SUP-6498-23,SM / SM.F / SR,20538,29574720
588,SUP-7593-24,SM / SM.F / SR,20538,29574720
216,SUP-7133-24,SM / SM.F / SR,20538,29574720
531,SUP-7133-24,SM / SM.F / SR,20538,29574720
478,SUP-7133-24,SP,20538,29574720
216,SUP-7133-24,SM / SM.F / SR,20538,29574720
447,SUP-7133-24,ST,20538,29574720
575,SUP-6830-23,ST,20538,29574720
458,SUP-6830-23,ST,20538,29574720
575,SUP-6830-23,ST,20538,29574720
458,SUP-6830-23,ST,20538,29574720
575,SUP-6830-23,ST,20538,29574720
257,SUP-6830-23,ST,20538,29574720
458,SUP-6830-23,ST,20538,29574720
257,SUP-6830-23,ST,20538,29574720
582,SUP-7813-24,SP,20538,29574720
588,SUP-7593-24,SM / SM.F / SR,20538,29574720
164,SUP-8370-25,SM / SM.F / SR,20538,29574720
600,SUP-7769-24,ST,20538,29574720
600,SUP-7769-24,PI,20538,29574720
600,SUP-7769-24,ST,20538,29574720
600,SUP-7769-24,ST,20538,29574720
600,SUP-7769-24,ST,20538,29574720
600,SUP-7769-24,ST,20538,29574720
463,SUP-7813-24,SP,20538,29574720
428,SUP-7813-24,SM / SM.F / SR,20538,29574720
577,SUP-5947-23 (VS),SP,20538,29574720
577,SUP-5947-23 (VS),SP,20538,29574720
582,SUP-7813-24,SP,20538,29574720
286,SUP-7813-24,SM / SM.F / SR,20538,29574720
143,SUP-7128-24,SP,20538,29574720
519,SUP-7128-24,SP,20538,29574720
143,SUP-7128-24,SP,20538,29574720
468,SUP-6806-23,SM / SM.F / SR,20538,29574720
409,SUP-7128-24,SP,20538,29574720
536,SUP-7128-24,SP,20538,29574720
586,SUP-7128-24,SP,20538,29574720
409,SUP-7128-24,SP,20538,29574720
389,SUP-6806-23,ST,20538,29574720
595,SUP-6806-23,ST,20538,29574720
353,SUP-6806-23,ST,20538,29574720
389,SUP-6806-23,ST,20538,29574720
595,SUP-6806-23,ST,20538,29574720
389,SUP-6806-23,ST,20538,29574720
353,SUP-6806-23,ST,20538,29574720
595,SUP-6806-23,ST,20538,29574720
389,SUP-6806-23,ST,20538,29574720
353,SUP-6806-23,ST,20538,29574720
595,SUP-6806-23,ST,20538,29574720
389,SUP-6806-23,ST,20538,29574720
389,SUP-6806-23,ST,20538,29574720
588,SUP-7593-24,SM / SM.F / SR,20538,29574720
286,SUP-7813-24,SM / SM.F / SR,20538,29574720
535,SUP-7722-24,SP,20539,29576160
520,SUP-7722-24,SM / SM.F / SR,20539,29576160
378,SUP-7722-24,SM / SM.F / SR,20539,29576160
154,SUP-7722-24,SP,20539,29576160
154,SUP-7722-24,SP,20539,29576160
154,SUP-7722-24,SP,20539,29576160
154,SUP-7722-24,SP,20539,29576160
154,SUP-7722-24,SP,20539,29576160
154,SUP-7722-24,SP,20539,29576160
154,SUP-7722-24,SP,20539,29576160
420,SUP-5947-23 (VC),SM / SM.F / SR,20539,29576160
59,SUP-5947-23 (VC),SM / SM.F / SR,20539,29576160
478,SUP-7133-24,SP,20539,29576160
559,SUP-7133-24,SP,20539,29576160
527,SUP-7133-24,ST,20539,29576160
527,SUP-7133-24,ST,20539,29576160
527,SUP-7133-24,ST,20539,29576160
527,SUP-7133-24,ST,20539,29576160
527,SUP-7133-24,ST,20539,29576160
527,SUP-7133-24,ST,20539,29576160
527,SUP-7133-24,ST,20539,29576160
527,SUP-7133-24,ST,20539,29576160
527,SUP-7133-24,ST,20539,29576160
527,SUP-7133-24,ST,20539,29576160
458,SUP-6830-23,ST,20539,29576160
575,SUP-6830-23,ST,20539,29576160
458,SUP-6830-23,ST,20539,29576160
575,SUP-6830-23,ST,20539,29576160
575,SUP-6830-23,ST,20539,29576160
458,SUP-6830-23,ST,20539,29576160
575,SUP-6830-23,ST,20539,29576160
575,SUP-6830-23,ST,20539,29576160
575,SUP-6830-23,ST,20539,29576160
458,SUP-6830-23,ST,20539,29576160
575,SUP-6830-23,ST,20539,29576160
587,SUP-7769-24,SP,20539,29576160
463,SUP-7813-24,SP,20539,29576160
224,SUP-7813-24,SM / SM.F / SR,20539,29576160
513,SUP-8250-25,ST,20539,29576160
513,SUP-8250-25,ST,20539,29576160
513,SUP-8250-25,ST,20539,29576160
513,SUP-8250-25,ST,20539,29576160
513,SUP-8250-25,ST,20539,29576160
513,SUP-8250-25,ST,20539,29576160
513,SUP-8250-25,ST,20539,29576160
513,SUP-8250-25,ST,20539,29576160
513,SUP-8250-25,ST,20539,29576160
513,SUP-8250-25,ST,20539,29576160
513,SUP-8250-25,ST,20539,29576160
582,SUP-7813-24,SP,20539,29576160
577,SUP-5947-23 (VS),SP,20539,29576160
143,SUP-7128-24,SP,20539,29576160
519,SUP-7128-24,SP,20539,29576160
586,SUP-7128-24,SP,20539,29576160
409,SUP-7128-24,SP,20539,29576160
143,SUP-7128-24,SP,20539,29576160
536,SUP-7128-24,SP,20539,29576160
389,SUP-6806-23,ST,20539,29576160
389,SUP-6806-23,ST,20539,29576160
389,SUP-6806-23,ST,20539,29576160
389,SUP-6806-23,ST,20539,29576160
353,SUP-6806-23,ST,20539,29576160
389,SUP-6806-23,ST,20539,29576160
595,SUP-6806-23,ST,20539,29576160
389,SUP-6806-23,ST,20539,29576160
353,SUP-6806-23,ST,20539,29576160
389,SUP-6806-23,ST,20539,29576160
595,SUP-6806-23,ST,20539,29576160
595,SUP-6806-23,ST,20539,29576160
353,SUP-6806-23,ST,20539,29576160
595,SUP-6806-23,ST,20539,29576160
353,SUP-6806-23,ST,20539,29576160
595,SUP-6806-23,ST,20539,29576160
353,SUP-6806-23,ST,20539,29576160
595,SUP-6806-23,ST,20539,29576160
389,SUP-6806-23,ST,20539,29576160
389,SUP-6806-23,ST,20539,29576160
353,SUP-6806-23,ST,20539,29576160
389,SUP-6806-23,ST,20539,29576160
595,SUP-6806-23,ST,20539,29576160
353,SUP-6806-23,ST,20539,29576160
297,SUP-7722-24,VT,20539,29576160
297,SUP-7722-24,CPTu,20539,29576160
175,SUP-7722-24,SH,20539,29576160
337,SUP-7128-24,SM / SM.F / SR,20539,29576160
337,SUP-7128-24,SM / SM.F / SR,20539,29576160
362,SUP-7722-24,SM / SM.F / SR,20540,29577600
405,SUP-7722-24,SM / SM.F / SR,20540,29577600
520,SUP-7722-24,SM / SM.F / SR,20540,29577600
373,SUP-7722-24,SM / SM.F / SR,20540,29577600
154,SUP-7722-24,SP,20540,29577600
527,SUP-7133-24,ST,20540,29577600
527,SUP-7133-24,ST,20540,29577600
527,SUP-7133-24,ST,20540,29577600
527,SUP-7133-24,ST,20540,29577600
527,SUP-7133-24,ST,20540,29577600
527,SUP-7133-24,ST,20540,29577600
340,SUP-7593-24,SM / SM.F / SR,20540,29577600
602,SUP-7133-24,SP,20540,29577600
478,SUP-7133-24,SP,20540,29577600
559,SUP-7133-24,SP,20540,29577600
527,SUP-7133-24,ST,20540,29577600
527,SUP-7133-24,ST,20540,29577600
458,SUP-6830-23,ST,20540,29577600
458,SUP-6830-23,ST,20540,29577600
458,SUP-6830-23,ST,20540,29577600
458,SUP-6830-23,ST,20540,29577600
575,SUP-6830-23,ST,20540,29577600
458,SUP-6830-23,ST,20540,29577600
458,SUP-6830-23,ST,20540,29577600
587,SUP-7769-24,SP,20540,29577600
540,SUP-7593-24,SP,20540,29577600
513,SUP-8250-25,ST,20540,29577600
513,SUP-8250-25,ST,20540,29577600
600,SUP-8250-25,ST,20540,29577600
513,SUP-8250-25,ST,20540,29577600
513,SUP-8250-25,ST,20540,29577600
600,SUP-8250-25,ST,20540,29577600
513,SUP-8250-25,ST,20540,29577600
600,SUP-8250-25,ST,20540,29577600
600,SUP-8250-25,ST,20540,29577600
513,SUP-8250-25,ST,20540,29577600
600,SUP-8250-25,ST,20540,29577600
513,SUP-8250-25,ST,20540,29577600
513,SUP-8250-25,ST,20540,29577600
600,SUP-8250-25,ST,20540,29577600
513,SUP-8250-25,ST,20540,29577600
513,SUP-8250-25,ST,20540,29577600
600,SUP-8250-25,ST,20540,29577600
513,SUP-8250-25,ST,20540,29577600
341,SUP-7593-24,SM / SM.F / SR,20540,29577600
306,SUP-7133-24,SM / SM.F / SR,20540,29577600
341,SUP-7593-24,SM / SM.F / SR,20540,29577600
463,SUP-7813-24,SP,20540,29577600
582,SUP-7813-24,SP,20540,29577600
463,SUP-7813-24,SP,20540,29577600
577,SUP-5947-23 (VS),SP,20540,29577600
428,SUP-7813-24,SM / SM.F / SR,20540,29577600
223,SUP-7813-24,SM / SM.F / SR,20540,29577600
329,SUP-8360-25,SP,20540,29577600
409,SUP-7128-24,SP,20540,29577600
586,SUP-7128-24,SP,20540,29577600
536,SUP-7128-24,SP,20540,29577600
143,SUP-7128-24,SP,20540,29577600
468,SUP-6806-23,SM / SM.F / SR,20540,29577600
389,SUP-6806-23,ST,20540,29577600
595,SUP-6806-23,ST,20540,29577600
353,SUP-6806-23,ST,20540,29577600
389,SUP-6806-23,ST,20540,29577600
595,SUP-6806-23,ST,20540,29577600
389,SUP-6806-23,ST,20540,29577600
595,SUP-6806-23,ST,20540,29577600
353,SUP-6806-23,ST,20540,29577600
389,SUP-6806-23,ST,20540,29577600
297,SUP-7722-24,VT,20540,29577600
175,SUP-7722-24,SH,20540,29577600
297,SUP-7722-24,CPTu,20540,29577600
409,SUP-7128-24,SP,20540,29577600
519,SUP-7128-24,SP,20540,29577600
143,SUP-7128-24,SP,20540,29577600
361,SUP-7128-24,SP,20540,29577600
405,SUP-7722-24,SM / SM.F / SR,20540,29577600
340,SUP-7593-24,SM / SM.F / SR,20540,29577600
540,SUP-7593-24,SP,20540,29577600
306,SUP-7133-24,SM / SM.F / SR,20540,29577600
582,SUP-7813-24,SP,20540,29577600
223,SUP-7813-24,SM / SM.F / SR,20540,29577600
154,SUP-7722-24,SP,20541,29579040
154,SUP-7722-24,SP,20541,29579040
479,SUP-7722-24,SM / SM.F / SR,20541,29579040
537,SUP-7722-24,SM / SM.F / SR,20541,29579040
527,SUP-7133-24,ST,20541,29579040
527,SUP-7133-24,ST,20541,29579040
478,SUP-7133-24,SP,20541,29579040
559,SUP-7133-24,SP,20541,29579040
575,SUP-6830-23,ST,20541,29579040
575,SUP-6830-23,ST,20541,29579040
458,SUP-6830-23,ST,20541,29579040
575,SUP-6830-23,ST,20541,29579040
458,SUP-6830-23,ST,20541,29579040
600,SUP-8250-25,ST,20541,29579040
600,SUP-8250-25,ST,20541,29579040
513,SUP-8250-25,ST,20541,29579040
600,SUP-8250-25,ST,20541,29579040
513,SUP-8250-25,ST,20541,29579040
513,SUP-8250-25,ST,20541,29579040
513,SUP-8250-25,ST,20541,29579040
600,SUP-8250-25,ST,20541,29579040
513,SUP-8250-25,ST,20541,29579040
513,SUP-8250-25,ST,20541,29579040
600,SUP-8250-25,ST,20541,29579040
600,SUP-8250-25,ST,20541,29579040
513,SUP-8250-25,ST,20541,29579040
600,SUP-8250-25,ST,20541,29579040
600,SUP-8250-25,ST,20541,29579040
527,SUP-7133-24,ST,20541,29579040
527,SUP-7133-24,ST,20541,29579040
527,SUP-7133-24,ST,20541,29579040
527,SUP-7133-24,ST,20541,29579040
561,SUP-7133-24,SM / SM.F / SR,20541,29579040
527,SUP-7133-24,ST,20541,29579040
527,SUP-7133-24,ST,20541,29579040
79,SUP-8370-25,SM / SM.F / SR,20541,29579040
297,SUP-7722-24,ST,20541,29579040
577,SUP-5947-23 (VS),SP,20541,29579040
577,SUP-5947-23 (VS),SP,20541,29579040
329,SUP-8360-25,SP,20541,29579040
468,SUP-6806-23,SM / SM.F / SR,20541,29579040
353,SUP-6806-23,ST,20541,29579040
595,SUP-6806-23,ST,20541,29579040
389,SUP-6806-23,ST,20541,29579040
389,SUP-6806-23,ST,20541,29579040
389,SUP-6806-23,ST,20541,29579040
389,SUP-6806-23,ST,20541,29579040
389,SUP-6806-23,ST,20541,29579040
353,SUP-6806-23,ST,20541,29579040
595,SUP-6806-23,ST,20541,29579040
353,SUP-6806-23,ST,20541,29579040
353,SUP-6806-23,ST,20541,29579040
353,SUP-6806-23,ST,20541,29579040
389,SUP-6806-23,ST,20541,29579040
389,SUP-6806-23,ST,20541,29579040
595,SUP-6806-23,ST,20541,29579040
389,SUP-6806-23,ST,20541,29579040
353,SUP-6806-23,ST,20541,29579040
389,SUP-6806-23,ST,20541,29579040
595,SUP-6806-23,ST,20541,29579040
353,SUP-6806-23,ST,20541,29579040
389,SUP-6806-23,ST,20541,29579040
595,SUP-6806-23,ST,20541,29579040
389,SUP-6806-23,ST,20541,29579040
389,SUP-6806-23,ST,20541,29579040
595,SUP-6806-23,ST,20541,29579040
389,SUP-6806-23,ST,20541,29579040
353,SUP-6806-23,ST,20541,29579040
519,SUP-7128-24,SP,20541,29579040
536,SUP-7128-24,SP,20541,29579040
586,SUP-7128-24,SP,20541,29579040
143,SUP-7128-24,SP,20541,29579040
361,SUP-7128-24,SP,20541,29579040
479,SUP-7722-24,SM / SM.F / SR,20541,29579040
561,SUP-7133-24,SM / SM.F / SR,20541,29579040
577,SUP-5947-23 (VS),SP,20542,29580480
577,SUP-5947-23 (VS),SP,20542,29580480
154,SUP-7722-24,SP,20542,29580480
154,SUP-7722-24,SP,20542,29580480
154,SUP-7722-24,SP,20542,29580480
362,SUP-7722-24,SM / SM.F / SR,20542,29580480
509,SUP-7722-24,SM / SM.F / SR,20542,29580480
520,SUP-7722-24,SM / SM.F / SR,20542,29580480
378,SUP-7722-24,SM / SM.F / SR,20542,29580480
447,SUP-7133-24,ST,20542,29580480
447,SUP-7133-24,ST,20542,29580480
447,SUP-7133-24,ST,20542,29580480
447,SUP-7133-24,ST,20542,29580480
447,SUP-7133-24,ST,20542,29580480
602,SUP-7133-24,SP,20542,29580480
531,SUP-7133-24,SP,20542,29580480
559,SUP-7133-24,SP,20542,29580480
478,SUP-7133-24,SP,20542,29580480
447,SUP-7133-24,ST,20542,29580480
447,SUP-7133-24,ST,20542,29580480
447,SUP-7133-24,ST,20542,29580480
447,SUP-7133-24,ST,20542,29580480
458,SUP-6830-23,ST,20542,29580480
257,SUP-6830-23,ST,20542,29580480
458,SUP-6830-23,ST,20542,29580480
458,SUP-6830-23,ST,20542,29580480
257,SUP-6830-23,ST,20542,29580480
458,SUP-6830-23,ST,20542,29580480
257,SUP-6830-23,ST,20542,29580480
458,SUP-6830-23,ST,20542,29580480
257,SUP-6830-23,ST,20542,29580480
585,SUP-5947-23 (VC),SM / SM.F / SR,20542,29580480
164,SUP-8370-25,SM / SM.F / SR,20542,29580480
600,SUP-8250-25,ST,20542,29580480
513,SUP-8250-25,ST,20542,29580480
600,SUP-8250-25,ST,20542,29580480
513,SUP-8250-25,ST,20542,29580480
513,SUP-8250-25,ST,20542,29580480
513,SUP-8250-25,ST,20542,29580480
600,SUP-8250-25,ST,20542,29580480
513,SUP-8250-25,ST,20542,29580480
600,SUP-8250-25,ST,20542,29580480
513,SUP-8250-25,ST,20542,29580480
513,SUP-8250-25,ST,20542,29580480
513,SUP-8250-25,ST,20542,29580480
513,SUP-8250-25,ST,20542,29580480
600,SUP-8250-25,ST,20542,29580480
600,SUP-8250-25,ST,20542,29580480
513,SUP-8250-25,ST,20542,29580480
513,SUP-8250-25,ST,20542,29580480
600,SUP-8250-25,ST,20542,29580480
513,SUP-8250-25,ST,20542,29580480
600,SUP-8250-25,ST,20542,29580480
297,SUP-7722-24,ST,20542,29580480
297,SUP-7722-24,ST,20542,29580480
175,SUP-7722-24,ST,20542,29580480
297,SUP-7722-24,ST,20542,29580480
175,SUP-7722-24,ST,20542,29580480
175,SUP-7722-24,ST,20542,29580480
297,SUP-7722-24,ST,20542,29580480
297,SUP-7722-24,ST,20542,29580480
297,SUP-7722-24,ST,20542,29580480
175,SUP-7722-24,ST,20542,29580480
297,SUP-7722-24,ST,20542,29580480
297,SUP-7722-24,ST,20542,29580480
297,SUP-7722-24,ST,20542,29580480
297,SUP-7722-24,ST,20542,29580480
175,SUP-7722-24,ST,20542,29580480
447,SUP-7133-24,ST,20542,29580480
463,SUP-7813-24,SP,20542,29580480
582,SUP-7813-24,SP,20542,29580480
329,SUP-8360-25,SP,20542,29580480
536,SUP-7128-24,SP,20542,29580480
468,SUP-6806-23,SM / SM.F / SR,20542,29580480
353,SUP-6806-23,ST,20542,29580480
353,SUP-6806-23,ST,20542,29580480
353,SUP-6806-23,ST,20542,29580480
353,SUP-6806-23,ST,20542,29580480
389,SUP-6806-23,ST,20542,29580480
389,SUP-6806-23,ST,20542,29580480
353,SUP-6806-23,ST,20542,29580480
389,SUP-6806-23,ST,20542,29580480
389,SUP-6806-23,ST,20542,29580480
389,SUP-6806-23,ST,20542,29580480
389,SUP-6806-23,ST,20542,29580480
353,SUP-6806-23,ST,20542,29580480
389,SUP-6806-23,ST,20542,29580480
353,SUP-6806-23,ST,20542,29580480
389,SUP-6806-23,ST,20542,29580480
353,SUP-6806-23,ST,20542,29580480
389,SUP-6806-23,ST,20542,29580480
353,SUP-6806-23,ST,20542,29580480
389,SUP-6806-23,ST,20542,29580480
353,SUP-6806-23,ST,20542,29580480
353,SUP-6806-23,ST,20542,29580480
389,SUP-6806-23,ST,20542,29580480
353,SUP-6806-23,ST,20542,29580480
389,SUP-6806-23,ST,20542,29580480
353,SUP-6806-23,ST,20542,29580480
586,SUP-7128-24,SP,20542,29580480
586,SUP-7128-24,SP,20542,29580480
143,SUP-7128-24,SP,20542,29580480
586,SUP-7128-24,SP,20542,29580480
519,SUP-7128-24,SP,20542,29580480
361,SUP-7128-24,SP,20542,29580480
143,SUP-7128-24,SP,20542,29580480
586,SUP-7128-24,SP,20542,29580480
361,SUP-7128-24,SP,20542,29580480
409,SUP-7128-24,SP,20542,29580480
143,SUP-7128-24,SP,20542,29580480
577,SUP-5947-23 (VS),SP,20542,29580480
577,SUP-5947-23 (VS),SP,20542,29580480
509,SUP-7722-24,SM / SM.F / SR,20542,29580480
362,SUP-7722-24,SM / SM.F / SR,20542,29580480
520,SUP-7722-24,SM / SM.F / SR,20542,29580480
378,SUP-7722-24,SM / SM.F / SR,20542,29580480
531,SUP-7133-24,SP,20542,29580480
585,SUP-5947-23 (VC),SM / SM.F / SR,20542,29580480
164,SUP-8370-25,SM / SM.F / SR,20542,29580480
577,SUP-5947-23 (VS),SP,20543,29581920
577,SUP-5947-23 (VS),SP,20543,29581920
154,SUP-7722-24,SP,20543,29581920
154,SUP-7722-24,SP,20543,29581920
121,SUP-6498-23,SM / SM.F / SR,20543,29581920
559,SUP-7133-24,SP,20543,29581920
559,SUP-7133-24,SP,20543,29581920
559,SUP-7133-24,SP,20543,29581920
478,SUP-7133-24,SP,20543,29581920
602,SUP-7133-24,SP,20543,29581920
602,SUP-7133-24,SP,20543,29581920
602,SUP-7133-24,SP,20543,29581920
531,SUP-7133-24,SP,20543,29581920
559,SUP-7133-24,SP,20543,29581920
478,SUP-7133-24,SP,20543,29581920
600,SUP-8250-25,ST,20543,29581920
600,SUP-8250-25,ST,20543,29581920
513,SUP-8250-25,ST,20543,29581920
600,SUP-8250-25,ST,20543,29581920
513,SUP-8250-25,ST,20543,29581920
513,SUP-8250-25,ST,20543,29581920
513,SUP-8250-25,ST,20543,29581920
513,SUP-8250-25,ST,20543,29581920
600,SUP-8250-25,ST,20543,29581920
513,SUP-8250-25,ST,20543,29581920
600,SUP-8250-25,ST,20543,29581920
513,SUP-8250-25,ST,20543,29581920
513,SUP-8250-25,ST,20543,29581920
513,SUP-8250-25,ST,20543,29581920
600,SUP-8250-25,ST,20543,29581920
513,SUP-8250-25,ST,20543,29581920
600,SUP-8250-25,ST,20543,29581920
513,SUP-8250-25,ST,20543,29581920
513,SUP-8250-25,ST,20543,29581920
513,SUP-8250-25,ST,20543,29581920
600,SUP-8250-25,ST,20543,29581920
513,SUP-8250-25,ST,20543,29581920
600,SUP-8250-25,ST,20543,29581920
560,SUP-7133-24,SP,20543,29581920
341,SUP-7593-24,SM / SM.F / SR,20543,29581920
341,SUP-7593-24,SM / SM.F / SR,20543,29581920
341,SUP-7593-24,SM / SM.F / SR,20543,29581920
463,SUP-7813-24,SP,20543,29581920
582,SUP-7813-24,SP,20543,29581920
428,SUP-7813-24,SM / SM.F / SR,20543,29581920
297,SUP-7722-24,ST,20543,29581920
297,SUP-7722-24,ST,20543,29581920
297,SUP-7722-24,ST,20543,29581920
297,SUP-7722-24,ST,20543,29581920
175,SUP-7722-24,ST,20543,29581920
297,SUP-7722-24,ST,20543,29581920
297,SUP-7722-24,ST,20543,29581920
175,SUP-7722-24,ST,20543,29581920
297,SUP-7722-24,ST,20543,29581920
297,SUP-7722-24,ST,20543,29581920
175,SUP-7722-24,ST,20543,29581920
297,SUP-7722-24,ST,20543,29581920
297,SUP-7722-24,ST,20543,29581920
297,SUP-7722-24,ST,20543,29581920
175,SUP-7722-24,ST,20543,29581920
297,SUP-7722-24,ST,20543,29581920
297,SUP-7722-24,ST,20543,29581920
175,SUP-7722-24,ST,20543,29581920
447,SUP-7133-24,ST,20543,29581920
447,SUP-7133-24,ST,20543,29581920
447,SUP-7133-24,ST,20543,29581920
447,SUP-7133-24,ST,20543,29581920
447,SUP-7133-24,ST,20543,29581920
447,SUP-7133-24,ST,20543,29581920
447,SUP-7133-24,ST,20543,29581920
447,SUP-7133-24,ST,20543,29581920
447,SUP-7133-24,ST,20543,29581920
447,SUP-7133-24,ST,20543,29581920
447,SUP-7133-24,ST,20543,29581920
447,SUP-7133-24,ST,20543,29581920
447,SUP-7133-24,ST,20543,29581920
447,SUP-7133-24,ST,20543,29581920
447,SUP-7133-24,ST,20543,29581920
447,SUP-7133-24,ST,20543,29581920
447,SUP-7133-24,ST,20543,29581920
447,SUP-7133-24,ST,20543,29581920
447,SUP-7133-24,ST,20543,29581920
447,SUP-7133-24,ST,20543,29581920
447,SUP-7133-24,ST,20543,29581920
447,SUP-7133-24,ST,20543,29581920
224,SUP-7813-24,SM / SM.F / SR,20543,29581920
329,SUP-8360-25,SP,20543,29581920
536,SUP-7128-24,SP,20543,29581920
586,SUP-7128-24,SP,20543,29581920
468,SUP-6806-23,SM / SM.F / SR,20543,29581920
389,SUP-6806-23,ST,20543,29581920
353,SUP-6806-23,ST,20543,29581920
353,SUP-6806-23,ST,20543,29581920
389,SUP-6806-23,ST,20543,29581920
353,SUP-6806-23,ST,20543,29581920
389,SUP-6806-23,ST,20543,29581920
353,SUP-6806-23,ST,20543,29581920
389,SUP-6806-23,ST,20543,29581920
536,SUP-7128-24,SP,20543,29581920
586,SUP-7128-24,SP,20543,29581920
409,SUP-7128-24,SP,20543,29581920
577,SUP-5947-23 (VS),SP,20543,29581920
121,SUP-6498-23,SM / SM.F / SR,20543,29581920
531,SUP-7133-24,SP,20543,29581920
428,SUP-7813-24,SM / SM.F / SR,20543,29581920
582,SUP-7813-24,SP,20543,29581920
463,SUP-7813-24,SP,20543,29581920
224,SUP-7813-24,SM / SM.F / SR,20543,29581920
329,SUP-8360-25,SP,20543,29581920
468,SUP-6806-23,SM / SM.F / SR,20543,29581920
577,SUP-5947-23 (VS),SP,20544,29583360
577,SUP-5947-23 (VS),SP,20544,29583360
378,SUP-7722-24,SM / SM.F / SR,20544,29583360
520,SUP-7722-24,SM / SM.F / SR,20544,29583360
257,SUP-6498-23,CPTu,20544,29583360
210,SUP-6498-23,SM / SM.F / SR,20544,29583360
364,SUP-6498-23,SM / SM.F / SR,20544,29583360
559,SUP-7133-24,SP,20544,29583360
478,SUP-7133-24,SP,20544,29583360
575,SUP-6830-23,ST,20544,29583360
575,SUP-6830-23,ST,20544,29583360
575,SUP-6830-23,ST,20544,29583360
463,SUP-7813-24,SP,20544,29583360
560,SUP-7133-24,SP,20544,29583360
540,SUP-7593-24,SP,20544,29583360
297,SUP-7722-24,ST,20544,29583360
297,SUP-7722-24,ST,20544,29583360
297,SUP-7722-24,ST,20544,29583360
175,SUP-7722-24,ST,20544,29583360
297,SUP-7722-24,ST,20544,29583360
297,SUP-7722-24,ST,20544,29583360
175,SUP-7722-24,ST,20544,29583360
297,SUP-7722-24,ST,20544,29583360
297,SUP-7722-24,ST,20544,29583360
175,SUP-7722-24,ST,20544,29583360
175,SUP-7722-24,ST,20544,29583360
297,SUP-7722-24,ST,20544,29583360
175,SUP-7722-24,ST,20544,29583360
297,SUP-7722-24,ST,20544,29583360
447,SUP-7133-24,ST,20544,29583360
447,SUP-7133-24,ST,20544,29583360
447,SUP-7133-24,ST,20544,29583360
447,SUP-7133-24,ST,20544,29583360
447,SUP-7133-24,ST,20544,29583360
447,SUP-7133-24,ST,20544,29583360
447,SUP-7133-24,ST,20544,29583360
447,SUP-7133-24,ST,20544,29583360
447,SUP-7133-24,ST,20544,29583360
447,SUP-7133-24,ST,20544,29583360
447,SUP-7133-24,ST,20544,29583360
447,SUP-7133-24,ST,20544,29583360
447,SUP-7133-24,ST,20544,29583360
447,SUP-7133-24,ST,20544,29583360
447,SUP-7133-24,ST,20544,29583360
447,SUP-7133-24,ST,20544,29583360
447,SUP-7133-24,ST,20544,29583360
447,SUP-7133-24,ST,20544,29583360
447,SUP-7133-24,ST,20544,29583360
447,SUP-7133-24,ST,20544,29583360
447,SUP-7133-24,ST,20544,29583360
447,SUP-7133-24,ST,20544,29583360
447,SUP-7133-24,ST,20544,29583360
447,SUP-7133-24,ST,20544,29583360
447,SUP-7133-24,ST,20544,29583360
447,SUP-7133-24,ST,20544,29583360
447,SUP-7133-24,ST,20544,29583360
447,SUP-7133-24,ST,20544,29583360
447,SUP-7133-24,ST,20544,29583360
447,SUP-7133-24,ST,20544,29583360
329,SUP-8360-25,SP,20544,29583360
223,SUP-7813-24,SM / SM.F / SR,20544,29583360
389,SUP-4677-21 (Adt1),PI,20544,29583360
595,SUP-4677-21 (Adt1),ST,20544,29583360
353,SUP-4677-21 (Adt1),ST,20544,29583360
595,SUP-4677-21 (Adt1),ST,20544,29583360
353,SUP-4677-21 (Adt1),ST,20544,29583360
389,SUP-4677-21 (Adt1),PI,20544,29583360
353,SUP-4677-21 (Adt1),ST,20544,29583360
595,SUP-4677-21 (Adt1),ST,20544,29583360
531,SUP-7133-24,SM / SM.F / SR,20544,29583360
337,SUP-7128-24,SM / SM.F / SR,20544,29583360
216,SUP-7133-24,SM / SM.F / SR,20544,29583360
602,SUP-7133-24,SP,20544,29583360
577,SUP-5947-23 (VS),SP,20545,29584800
577,SUP-5947-23 (VS),SP,20545,29584800
559,SUP-7133-24,SP,20545,29584800
478,SUP-7133-24,SP,20545,29584800
559,SUP-7133-24,SP,20545,29584800
478,SUP-7133-24,SP,20545,29584800
257,SUP-6830-23,ST,20545,29584800
575,SUP-6830-23,ST,20545,29584800
257,SUP-6830-23,ST,20545,29584800
257,SUP-6830-23,ST,20545,29584800
575,SUP-6830-23,ST,20545,29584800
257,SUP-6830-23,ST,20545,29584800
575,SUP-6830-23,ST,20545,29584800
575,SUP-6830-23,ST,20545,29584800
575,SUP-6830-23,ST,20545,29584800
575,SUP-6830-23,ST,20545,29584800
575,SUP-6830-23,ST,20545,29584800
575,SUP-6830-23,ST,20545,29584800
575,SUP-6830-23,ST,20545,29584800
575,SUP-6830-23,ST,20545,29584800
575,SUP-6830-23,ST,20545,29584800
575,SUP-6830-23,ST,20545,29584800
512,SUP-5947-23 (VC),SM / SM.F / SR,20545,29584800
420,SUP-5947-23 (VC),SM / SM.F / SR,20545,29584800
59,SUP-5947-23 (VC),SM / SM.F / SR,20545,29584800
585,SUP-5947-23 (VC),SM / SM.F / SR,20545,29584800
463,SUP-7813-24,SP,20545,29584800
560,SUP-7133-24,SP,20545,29584800
560,SUP-7133-24,SP,20545,29584800
560,SUP-7133-24,SP,20545,29584800
341,SUP-7593-24,SM / SM.F / SR,20545,29584800
341,SUP-7593-24,SM / SM.F / SR,20545,29584800
341,SUP-7593-24,SM / SM.F / SR,20545,29584800
341,SUP-7593-24,SM / SM.F / SR,20545,29584800
582,SUP-7813-24,SP,20545,29584800
447,SUP-7133-24,ST,20545,29584800
447,SUP-7133-24,ST,20545,29584800
447,SUP-7133-24,ST,20545,29584800
447,SUP-7133-24,ST,20545,29584800
447,SUP-7133-24,ST,20545,29584800
447,SUP-7133-24,ST,20545,29584800
447,SUP-7133-24,ST,20545,29584800
447,SUP-7133-24,ST,20545,29584800
447,SUP-7133-24,ST,20545,29584800
447,SUP-7133-24,ST,20545,29584800
447,SUP-7133-24,ST,20545,29584800
447,SUP-7133-24,ST,20545,29584800
447,SUP-7133-24,ST,20545,29584800
447,SUP-7133-24,ST,20545,29584800
447,SUP-7133-24,ST,20545,29584800
447,SUP-7133-24,ST,20545,29584800
447,SUP-7133-24,ST,20545,29584800
447,SUP-7133-24,ST,20545,29584800
447,SUP-7133-24,ST,20545,29584800
447,SUP-7133-24,ST,20545,29584800
447,SUP-7133-24,ST,20545,29584800
447,SUP-7133-24,ST,20545,29584800
447,SUP-7133-24,ST,20545,29584800
468,SUP-6806-23,SM / SM.F / SR,20545,29584800
353,SUP-7128-24,ST,20545,29584800
353,SUP-7128-24,ST,20545,29584800
600,SUP-6889-23 (Adt2),ST,20545,29584800
600,SUP-6889-23 (Adt2),ST,20545,29584800
600,SUP-6889-23 (Adt2),ST,20545,29584800
571,SUP-8437-26,SP,20545,29584800
299,SUP-8437-26,SP,20545,29584800
571,SUP-8437-26,SP,20545,29584800
568,SUP-8437-26,SP,20545,29584800
552,SUP-8437-26,SP,20545,29584800
321,SUP-8437-26,SP,20545,29584800
571,SUP-8437-26,SP,20545,29584800
297,SUP-7128-24,ST,20545,29584800
297,SUP-7128-24,ST,20545,29584800
297,SUP-7133-24,CPTu,20545,29584800
175,SUP-7133-24,VT,20545,29584800
286,SUP-7813-24,SM / SM.F / SR,20545,29584800
121,SUP-6498-23,SM / SM.F / SR,20546,29586240
478,SUP-7133-24,SP,20546,29586240
559,SUP-7133-24,SP,20546,29586240
582,SUP-7813-24,SP,20546,29586240
463,SUP-7813-24,SP,20546,29586240
143,SUP-7593-24,SP,20546,29586240
586,SUP-7593-24,SP,20546,29586240
409,SUP-7593-24,SP,20546,29586240
586,SUP-7593-24,SP,20546,29586240
536,SUP-7593-24,SP,20546,29586240
143,SUP-7593-24,SP,20546,29586240
447,SUP-7133-24,ST,20546,29586240
329,SUP-8360-25,SP,20546,29586240
389,SUP-7128-24,ST,20546,29586240
389,SUP-7128-24,ST,20546,29586240
353,SUP-7128-24,ST,20546,29586240
389,SUP-7128-24,ST,20546,29586240
353,SUP-7128-24,ST,20546,29586240
353,SUP-7128-24,ST,20546,29586240
353,SUP-7128-24,ST,20546,29586240
389,SUP-7128-24,ST,20546,29586240
175,SUP-7133-24,VT,20546,29586240
297,SUP-7133-24,CPTu,20546,29586240
577,SUP-5947-23 (VS),SP,20547,29587680
577,SUP-5947-23 (VS),SP,20547,29587680
577,SUP-5947-23 (VS),SP,20547,29587680
520,SUP-7722-24,SM / SM.F / SR,20547,29587680
378,SUP-7722-24,SM / SM.F / SR,20547,29587680
276,SUP-7133-24,SP,20547,29587680
594,SUP-7133-24,SP,20547,29587680
257,SUP-6498-23,CPTu,20547,29587680
257,SUP-6498-23,CPTu,20547,29587680
257,SUP-6498-23,CPTu,20547,29587680
478,SUP-7133-24,SP,20547,29587680
560,SUP-7133-24,SP,20547,29587680
458,SUP-6830-23,ST,20547,29587680
458,SUP-6830-23,ST,20547,29587680
458,SUP-6830-23,ST,20547,29587680
458,SUP-6830-23,ST,20547,29587680
458,SUP-6830-23,ST,20547,29587680
458,SUP-6830-23,ST,20547,29587680
143,SUP-7593-24,SP,20547,29587680
143,SUP-7593-24,SP,20547,29587680
409,SUP-7593-24,SP,20547,29587680
513,SUP-8250-25,ST,20547,29587680
513,SUP-8250-25,ST,20547,29587680
513,SUP-8250-25,ST,20547,29587680
513,SUP-8250-25,ST,20547,29587680
513,SUP-8250-25,ST,20547,29587680
513,SUP-8250-25,ST,20547,29587680
513,SUP-8250-25,ST,20547,29587680
513,SUP-8250-25,ST,20547,29587680
513,SUP-8250-25,ST,20547,29587680
513,SUP-8250-25,ST,20547,29587680
513,SUP-8250-25,ST,20547,29587680
513,SUP-8250-25,ST,20547,29587680
513,SUP-8250-25,ST,20547,29587680
513,SUP-8250-25,ST,20547,29587680
513,SUP-8250-25,ST,20547,29587680
513,SUP-8250-25,ST,20547,29587680
306,SUP-7133-24,SM / SM.F / SR,20547,29587680
560,SUP-7133-24,SP,20547,29587680
463,SUP-7813-24,SP,20547,29587680
329,SUP-8360-25,SP,20547,29587680
353,SUP-7128-24,ST,20547,29587680
353,SUP-7128-24,ST,20547,29587680
389,SUP-7128-24,ST,20547,29587680
353,SUP-7128-24,ST,20547,29587680
389,SUP-7128-24,ST,20547,29587680
389,SUP-7128-24,ST,20547,29587680
353,SUP-7128-24,ST,20547,29587680
389,SUP-7128-24,ST,20547,29587680
353,SUP-7128-24,ST,20547,29587680
389,SUP-7128-24,ST,20547,29587680
353,SUP-7128-24,ST,20547,29587680
389,SUP-7128-24,ST,20547,29587680
353,SUP-7128-24,ST,20547,29587680
353,SUP-7128-24,ST,20547,29587680
353,SUP-7128-24,ST,20547,29587680
389,SUP-7128-24,ST,20547,29587680
600,SUP-6889-23 (Adt2),ST,20547,29587680
600,SUP-6889-23 (Adt2),ST,20547,29587680
600,SUP-6889-23 (Adt2),ST,20547,29587680
552,SUP-8437-26,SP,20547,29587680
552,SUP-8437-26,SP,20547,29587680
552,SUP-8437-26,SP,20547,29587680
571,SUP-8437-26,SP,20547,29587680
299,SUP-8437-26,SP,20547,29587680
321,SUP-8437-26,SP,20547,29587680
552,SUP-8437-26,SP,20547,29587680
568,SUP-8437-26,SP,20547,29587680
571,SUP-8437-26,SP,20547,29587680
297,SUP-7128-24,ST,20547,29587680
297,SUP-7128-24,ST,20547,29587680
297,SUP-7128-24,ST,20547,29587680
297,SUP-7128-24,ST,20547,29587680
297,SUP-7128-24,ST,20547,29587680
297,SUP-7128-24,ST,20547,29587680
447,SUP-7133-24,ST,20547,29587680
447,SUP-7133-24,ST,20547,29587680
447,SUP-7133-24,ST,20547,29587680
602,SUP-7133-24,SP,20547,29587680
447,SUP-7133-24,ST,20547,29587680
577,SUP-5947-23 (VS),SP,20548,29589120
594,SUP-7133-24,SP,20548,29589120
257,SUP-6498-23,CPTu,20548,29589120
257,SUP-6498-23,CPTu,20548,29589120
559,SUP-7133-24,SP,20548,29589120
458,SUP-6830-23,ST,20548,29589120
458,SUP-6830-23,ST,20548,29589120
458,SUP-6830-23,ST,20548,29589120
582,SUP-7813-24,SP,20548,29589120
463,SUP-7813-24,SP,20548,29589120
536,SUP-7593-24,SP,20548,29589120
540,SUP-7593-24,SP,20548,29589120
540,SUP-7593-24,SP,20548,29589120
361,SUP-7593-24,SP,20548,29589120
540,SUP-7593-24,SP,20548,29589120
536,SUP-7593-24,SP,20548,29589120
540,SUP-7593-24,SP,20548,29589120
540,SUP-7593-24,SP,20548,29589120
447,SUP-7133-24,ST,20548,29589120
447,SUP-7133-24,ST,20548,29589120
447,SUP-7133-24,ST,20548,29589120
447,SUP-7133-24,ST,20548,29589120
447,SUP-7133-24,ST,20548,29589120
447,SUP-7133-24,ST,20548,29589120
447,SUP-7133-24,ST,20548,29589120
447,SUP-7133-24,ST,20548,29589120
513,SUP-8250-25,ST,20548,29589120
513,SUP-8250-25,ST,20548,29589120
513,SUP-8250-25,ST,20548,29589120
513,SUP-8250-25,ST,20548,29589120
513,SUP-8250-25,ST,20548,29589120
513,SUP-8250-25,ST,20548,29589120
513,SUP-8250-25,ST,20548,29589120
560,SUP-7133-24,SP,20548,29589120
164,SUP-8370-25,SM / SM.F / SR,20548,29589120
600,SUP-8370-25,ST,20548,29589120
600,SUP-8370-25,ST,20548,29589120
600,SUP-8370-25,ST,20548,29589120
600,SUP-8370-25,ST,20548,29589120
600,SUP-8370-25,ST,20548,29589120
329,SUP-8360-25,SP,20548,29589120
329,SUP-8360-25,SP,20548,29589120
468,SUP-6806-23,SM / SM.F / SR,20548,29589120
341,SUP-6806-23,SM / SM.F / SR,20548,29589120
297,SUP-7133-24,ST,20548,29589120
297,SUP-7133-24,ST,20548,29589120
297,SUP-7133-24,ST,20548,29589120
297,SUP-7133-24,ST,20548,29589120
297,SUP-7133-24,ST,20548,29589120
297,SUP-7133-24,ST,20548,29589120
297,SUP-7133-24,ST,20548,29589120
552,SUP-8437-26,SP,20548,29589120
321,SUP-8437-26,SP,20548,29589120
571,SUP-8437-26,SP,20548,29589120
552,SUP-8437-26,SP,20548,29589120
321,SUP-8437-26,SP,20548,29589120
299,SUP-8437-26,SP,20548,29589120
447,SUP-7133-24,ST,20548,29589120
447,SUP-7133-24,ST,20548,29589120
216,SUP-7133-24,SM / SM.F / SR,20548,29589120
577,SUP-5947-23 (VS),SP,20549,29590560
577,SUP-5947-23 (VS),SP,20549,29590560
577,SUP-5947-23 (VS),SP,20549,29590560
585,SUP-5947-23 (VC),SP,20549,29590560
520,SUP-7722-24,SM / SM.F / SR,20549,29590560
378,SUP-7722-24,SM / SM.F / SR,20549,29590560
297,SUP-7133-24,ST,20549,29590560
297,SUP-7133-24,ST,20549,29590560
297,SUP-7133-24,ST,20549,29590560
297,SUP-7133-24,ST,20549,29590560
276,SUP-7133-24,SP,20549,29590560
276,SUP-7133-24,SP,20549,29590560
594,SUP-7133-24,SP,20549,29590560
257,SUP-6498-23,CPTu,20549,29590560
559,SUP-7133-24,SP,20549,29590560
478,SUP-7133-24,SP,20549,29590560
297,SUP-7133-24,ST,20549,29590560
175,SUP-7133-24,ST,20549,29590560
175,SUP-7133-24,ST,20549,29590560
297,SUP-7133-24,ST,20549,29590560
175,SUP-7133-24,ST,20549,29590560
297,SUP-7133-24,ST,20549,29590560
175,SUP-7133-24,ST,20549,29590560
175,SUP-7133-24,ST,20549,29590560
297,SUP-7133-24,ST,20549,29590560
458,SUP-6830-23,ST,20549,29590560
458,SUP-6830-23,ST,20549,29590560
458,SUP-6830-23,ST,20549,29590560
458,SUP-6830-23,ST,20549,29590560
458,SUP-6830-23,ST,20549,29590560
458,SUP-6830-23,ST,20549,29590560
458,SUP-6830-23,ST,20549,29590560
59,SUP-5947-23 (VC),SM / SM.F / SR,20549,29590560
143,SUP-7593-24,SP,20549,29590560
409,SUP-7593-24,SP,20549,29590560
143,SUP-7593-24,SP,20549,29590560
143,SUP-7593-24,SP,20549,29590560
143,SUP-7593-24,SP,20549,29590560
540,SUP-7593-24,SP,20549,29590560
143,SUP-7593-24,SP,20549,29590560
586,SUP-7593-24,SP,20549,29590560
447,SUP-7133-24,ST,20549,29590560
447,SUP-7133-24,ST,20549,29590560
447,SUP-7133-24,ST,20549,29590560
447,SUP-7133-24,ST,20549,29590560
447,SUP-7133-24,ST,20549,29590560
447,SUP-7133-24,ST,20549,29590560
447,SUP-7133-24,ST,20549,29590560
447,SUP-7133-24,ST,20549,29590560
447,SUP-7133-24,ST,20549,29590560
560,SUP-7133-24,SP,20549,29590560
600,SUP-8370-25,ST,20549,29590560
600,SUP-8370-25,ST,20549,29590560
600,SUP-8370-25,ST,20549,29590560
600,SUP-8370-25,ST,20549,29590560
600,SUP-8370-25,ST,20549,29590560
600,SUP-8370-25,ST,20549,29590560
600,SUP-8370-25,ST,20549,29590560
600,SUP-8370-25,ST,20549,29590560
329,SUP-8360-25,SP,20549,29590560
389,SUP-7128-24,ST,20549,29590560
389,SUP-7128-24,ST,20549,29590560
389,SUP-7128-24,ST,20549,29590560
353,SUP-7128-24,ST,20549,29590560
353,SUP-7128-24,ST,20549,29590560
353,SUP-7128-24,ST,20549,29590560
389,SUP-7128-24,ST,20549,29590560
353,SUP-7128-24,ST,20549,29590560
389,SUP-7128-24,ST,20549,29590560
353,SUP-7128-24,ST,20549,29590560
353,SUP-7128-24,ST,20549,29590560
353,SUP-7128-24,ST,20549,29590560
353,SUP-7128-24,ST,20549,29590560
353,SUP-7128-24,ST,20549,29590560
353,SUP-7128-24,ST,20549,29590560
353,SUP-7128-24,ST,20549,29590560
568,SUP-8437-26,SP,20549,29590560
321,SUP-8437-26,SP,20549,29590560
571,SUP-8437-26,SP,20549,29590560
321,SUP-8437-26,SP,20549,29590560
321,SUP-8437-26,SP,20549,29590560
321,SUP-8437-26,SP,20549,29590560
552,SUP-8437-26,SP,20549,29590560
571,SUP-8437-26,SP,20549,29590560
321,SUP-8437-26,SP,20549,29590560
602,SUP-7133-24,SP,20549,29590560
602,SUP-7133-24,SP,20549,29590560
602,SUP-7133-24,SP,20549,29590560
602,SUP-7133-24,SP,20549,29590560
577,SUP-5947-23 (VS),SP,20550,29592000
577,SUP-5947-23 (VS),SP,20550,29592000
585,SUP-5947-23 (VC),SP,20550,29592000
297,SUP-7133-24,ST,20550,29592000
297,SUP-7133-24,ST,20550,29592000
297,SUP-7133-24,ST,20550,29592000
297,SUP-7133-24,ST,20550,29592000
276,SUP-7133-24,SP,20550,29592000
594,SUP-7133-24,SP,20550,29592000
594,SUP-7133-24,SP,20550,29592000
364,SUP-6498-23,SM / SM.F / SR,20550,29592000
26,SUP-6498-23,SM / SM.F / SR,20550,29592000
478,SUP-7133-24,SP,20550,29592000
478,SUP-7133-24,SP,20550,29592000
175,SUP-7133-24,ST,20550,29592000
297,SUP-7133-24,ST,20550,29592000
175,SUP-7133-24,ST,20550,29592000
297,SUP-7133-24,ST,20550,29592000
175,SUP-7133-24,ST,20550,29592000
297,SUP-7133-24,ST,20550,29592000
175,SUP-7133-24,ST,20550,29592000
297,SUP-7133-24,ST,20550,29592000
297,SUP-7133-24,ST,20550,29592000
175,SUP-7133-24,ST,20550,29592000
458,SUP-6830-23,ST,20550,29592000
257,SUP-6830-23,ST,20550,29592000
458,SUP-6830-23,ST,20550,29592000
257,SUP-6830-23,ST,20550,29592000
257,SUP-6830-23,ST,20550,29592000
458,SUP-6830-23,ST,20550,29592000
458,SUP-6830-23,ST,20550,29592000
458,SUP-6830-23,ST,20550,29592000
458,SUP-6830-23,ST,20550,29592000
420,SUP-5947-23 (VC),SM / SM.F / SR,20550,29592000
463,SUP-7813-24,SP,20550,29592000
582,SUP-7813-24,SP,20550,29592000
463,SUP-7813-24,SP,20550,29592000
582,SUP-7813-24,SP,20550,29592000
586,SUP-7593-24,SP,20550,29592000
361,SUP-7593-24,SP,20550,29592000
447,SUP-7133-24,ST,20550,29592000
447,SUP-7133-24,ST,20550,29592000
447,SUP-7133-24,ST,20550,29592000
447,SUP-7133-24,ST,20550,29592000
447,SUP-7133-24,ST,20550,29592000
447,SUP-7133-24,ST,20550,29592000
447,SUP-7133-24,ST,20550,29592000
447,SUP-7133-24,ST,20550,29592000
447,SUP-7133-24,ST,20550,29592000
447,SUP-7133-24,ST,20550,29592000
513,SUP-8250-25,ST,20550,29592000
513,SUP-8250-25,ST,20550,29592000
513,SUP-8250-25,ST,20550,29592000
513,SUP-8250-25,ST,20550,29592000
513,SUP-8250-25,ST,20550,29592000
513,SUP-8250-25,ST,20550,29592000
513,SUP-8250-25,ST,20550,29592000
513,SUP-8250-25,ST,20550,29592000
513,SUP-8250-25,ST,20550,29592000
513,SUP-8250-25,ST,20550,29592000
513,SUP-8250-25,ST,20550,29592000
513,SUP-8250-25,ST,20550,29592000
513,SUP-8250-25,ST,20550,29592000
513,SUP-8250-25,ST,20550,29592000
560,SUP-7133-24,SP,20550,29592000
519,SUP-7593-24,SP,20550,29592000
428,SUP-7813-24,SM / SM.F / SR,20550,29592000
600,SUP-8370-25,ST,20550,29592000
600,SUP-8370-25,ST,20550,29592000
600,SUP-8370-25,ST,20550,29592000
600,SUP-8370-25,ST,20550,29592000
600,SUP-8370-25,ST,20550,29592000
600,SUP-8370-25,ST,20550,29592000
595,SUP-7128-24,ST,20550,29592000
595,SUP-7128-24,ST,20550,29592000
595,SUP-7128-24,ST,20550,29592000
389,SUP-7128-24,ST,20550,29592000
389,SUP-7128-24,ST,20550,29592000
389,SUP-7128-24,ST,20550,29592000
389,SUP-7128-24,ST,20550,29592000
389,SUP-7128-24,ST,20550,29592000
389,SUP-7128-24,ST,20550,29592000
353,SUP-7128-24,ST,20550,29592000
389,SUP-7128-24,ST,20550,29592000
595,SUP-7128-24,ST,20550,29592000
389,SUP-7128-24,ST,20550,29592000
353,SUP-7128-24,ST,20550,29592000
389,SUP-7128-24,ST,20550,29592000
595,SUP-7128-24,ST,20550,29592000
389,SUP-7128-24,ST,20550,29592000
353,SUP-7128-24,ST,20550,29592000
389,SUP-7128-24,ST,20550,29592000
595,SUP-7128-24,ST,20550,29592000
353,SUP-7128-24,ST,20550,29592000
353,SUP-7128-24,ST,20550,29592000
595,SUP-7128-24,ST,20550,29592000
353,SUP-7128-24,ST,20550,29592000
595,SUP-7128-24,ST,20550,29592000
468,SUP-6806-23,SM / SM.F / SR,20550,29592000
299,SUP-8437-26,SP,20550,29592000
299,SUP-8437-26,SP,20550,29592000
299,SUP-8437-26,SP,20550,29592000
571,SUP-8437-26,SP,20550,29592000
571,SUP-8437-26,SP,20550,29592000
571,SUP-8437-26,SP,20550,29592000
531,SUP-7133-24,SM / SM.F / SR,20550,29592000
405,SUP-7128-24,SM / SM.F / SR,20550,29592000
362,SUP-7128-24,SM / SM.F / SR,20550,29592000
509,SUP-7128-24,SM / SM.F / SR,20550,29592000
216,SUP-7133-24,SM / SM.F / SR,20550,29592000
602,SUP-7133-24,SP,20550,29592000
602,SUP-7133-24,SP,20550,29592000
577,SUP-5947-23 (VS),SP,20551,29593440
577,SUP-5947-23 (VS),SP,20551,29593440
520,SUP-7722-24,SM / SM.F / SR,20551,29593440
297,SUP-7133-24,ST,20551,29593440
297,SUP-7133-24,ST,20551,29593440
297,SUP-7133-24,ST,20551,29593440
297,SUP-7133-24,ST,20551,29593440
257,SUP-6498-23,CPTu,20551,29593440
559,SUP-7133-24,SP,20551,29593440
175,SUP-7133-24,ST,20551,29593440
297,SUP-7133-24,ST,20551,29593440
297,SUP-7133-24,ST,20551,29593440
175,SUP-7133-24,ST,20551,29593440
297,SUP-7133-24,ST,20551,29593440
175,SUP-7133-24,ST,20551,29593440
297,SUP-7133-24,ST,20551,29593440
458,SUP-6830-23,ST,20551,29593440
458,SUP-6830-23,ST,20551,29593440
458,SUP-6830-23,ST,20551,29593440
458,SUP-6830-23,ST,20551,29593440
458,SUP-6830-23,ST,20551,29593440
458,SUP-6830-23,ST,20551,29593440
458,SUP-6830-23,ST,20551,29593440
585,SUP-5947-23 (VC),SM / SM.F / SR,20551,29593440
582,SUP-7813-24,SP,20551,29593440
224,SUP-7813-24,SP,20551,29593440
463,SUP-7813-24,SP,20551,29593440
586,SUP-7593-24,SP,20551,29593440
447,SUP-7133-24,ST,20551,29593440
447,SUP-7133-24,ST,20551,29593440
447,SUP-7133-24,ST,20551,29593440
447,SUP-7133-24,ST,20551,29593440
447,SUP-7133-24,ST,20551,29593440
447,SUP-7133-24,ST,20551,29593440
447,SUP-7133-24,ST,20551,29593440
447,SUP-7133-24,ST,20551,29593440
513,SUP-8250-25,ST,20551,29593440
513,SUP-8250-25,ST,20551,29593440
513,SUP-8250-25,ST,20551,29593440
513,SUP-8250-25,ST,20551,29593440
513,SUP-8250-25,ST,20551,29593440
513,SUP-8250-25,ST,20551,29593440
513,SUP-8250-25,ST,20551,29593440
513,SUP-8250-25,ST,20551,29593440
560,SUP-7133-24,SP,20551,29593440
361,SUP-7593-24,SP,20551,29593440
143,SUP-7593-24,SP,20551,29593440
463,SUP-7813-24,SP,20551,29593440
600,SUP-8370-25,ST,20551,29593440
600,SUP-8370-25,ST,20551,29593440
600,SUP-8370-25,ST,20551,29593440
600,SUP-8370-25,ST,20551,29593440
600,SUP-8370-25,ST,20551,29593440
600,SUP-8370-25,ST,20551,29593440
353,SUP-7128-24,ST,20551,29593440
353,SUP-7128-24,ST,20551,29593440
353,SUP-7128-24,ST,20551,29593440
353,SUP-7128-24,ST,20551,29593440
353,SUP-7128-24,ST,20551,29593440
468,SUP-6806-23,SM / SM.F / SR,20551,29593440
389,SUP-7128-24,ST,20551,29593440
389,SUP-7128-24,ST,20551,29593440
389,SUP-7128-24,ST,20551,29593440
602,SUP-7133-24,SP,20551,29593440
602,SUP-7133-24,SP,20551,29593440
568,SUP-6806-23,SP,20551,29593440
568,SUP-6806-23,SP,20551,29593440
321,SUP-6806-23,SP,20551,29593440
552,SUP-6806-23,SP,20551,29593440
594,SUP-8437-26,SP,20551,29593440
276,SUP-8437-26,SP,20551,29593440
299,SUP-8437-26,SP,20551,29593440
571,SUP-8437-26,SP,20551,29593440
154,SUP-7128-24,SP,20551,29593440
154,SUP-7128-24,SP,20551,29593440
164,SUP-8370-25,SM / SM.F / SR,20551,29593440
536,SUP-7593-24,SP,20551,29593440
536,SUP-7593-24,SP,20551,29593440
536,SUP-7593-24,SP,20551,29593440
121,SUP-6498-23,SM / SM.F / SR,20551,29593440
517,SUP-6498-23,SM / SM.F / SR,20551,29593440
257,SUP-6498-23,SM / SM.F / SR,20551,29593440
577,SUP-5947-23 (VS),SP,20552,29594880
577,SUP-5947-23 (VS),SP,20552,29594880
577,SUP-5947-23 (VS),SP,20552,29594880
297,SUP-7722-24,ST,20552,29594880
175,SUP-7133-24,ST,20552,29594880
297,SUP-7133-24,ST,20552,29594880
175,SUP-7133-24,ST,20552,29594880
297,SUP-7133-24,ST,20552,29594880
297,SUP-7133-24,ST,20552,29594880
297,SUP-7133-24,ST,20552,29594880
276,SUP-7133-24,SP,20552,29594880
175,SUP-7133-24,ST,20552,29594880
559,SUP-7133-24,SP,20552,29594880
478,SUP-7133-24,SP,20552,29594880
458,SUP-6830-23,ST,20552,29594880
458,SUP-6830-23,ST,20552,29594880
458,SUP-6830-23,ST,20552,29594880
286,SUP-7813-24,SP,20552,29594880
286,SUP-7813-24,SP,20552,29594880
143,SUP-7593-24,SP,20552,29594880
586,SUP-7593-24,SP,20552,29594880
536,SUP-7593-24,SP,20552,29594880
536,SUP-7593-24,SP,20552,29594880
143,SUP-7593-24,SP,20552,29594880
143,SUP-7593-24,SP,20552,29594880
409,SUP-7593-24,SP,20552,29594880
513,SUP-8250-25,PI,20552,29594880
513,SUP-8250-25,PI,20552,29594880
513,SUP-8250-25,PI,20552,29594880
513,SUP-8250-25,PI,20552,29594880
561,SUP-7133-24,SM / SM.F / SR,20552,29594880
306,SUP-7133-24,SM / SM.F / SR,20552,29594880
588,SUP-7593-24,SP,20552,29594880
463,SUP-7813-24,SP,20552,29594880
600,SUP-8370-25,ST,20552,29594880
600,SUP-8370-25,ST,20552,29594880
600,SUP-8370-25,ST,20552,29594880
600,SUP-8370-25,ST,20552,29594880
600,SUP-8370-25,ST,20552,29594880
600,SUP-8370-25,ST,20552,29594880
600,SUP-8370-25,ST,20552,29594880
447,SUP-7133-24,ST,20552,29594880
447,SUP-7133-24,ST,20552,29594880
447,SUP-7133-24,ST,20552,29594880
447,SUP-7133-24,ST,20552,29594880
595,SUP-8360-25,ST,20552,29594880
595,SUP-8360-25,ST,20552,29594880
353,SUP-8360-25,PI,20552,29594880
595,SUP-8360-25,ST,20552,29594880
353,SUP-8360-25,PI,20552,29594880
353,SUP-8360-25,ST,20552,29594880
468,SUP-6806-23,SM / SM.F / SR,20552,29594880
602,SUP-7133-24,SP,20552,29594880
568,SUP-6806-23,SP,20552,29594880
552,SUP-6806-23,SP,20552,29594880
321,SUP-6806-23,SP,20552,29594880
594,SUP-8437-26,SP,20552,29594880
594,SUP-8437-26,SP,20552,29594880
276,SUP-8437-26,SP,20552,29594880
594,SUP-8437-26,SP,20552,29594880
276,SUP-8437-26,SP,20552,29594880
276,SUP-8437-26,SP,20552,29594880
594,SUP-8437-26,SP,20552,29594880
455,SUP-8437-26,SM / SM.F / SR,20552,29594880
136,SUP-8437-26,SM / SM.F / SR,20552,29594880
537,SUP-8437-26,SM / SM.F / SR,20552,29594880
373,SUP-8437-26,SM / SM.F / SR,20552,29594880
154,SUP-7128-24,SP,20552,29594880
378,SUP-7128-24,SM / SM.F / SR,20552,29594880
216,SUP-7133-24,SM / SM.F / SR,20552,29594880
299,SUP-6806-23,SP,20552,29594880
571,SUP-6806-23,SP,20552,29594880
428,SUP-7813-24,SM / SM.F / SR,20552,29594880
577,SUP-5947-23 (VS),SP,20553,29596320
577,SUP-5947-23 (VS),SP,20553,29596320
520,SUP-7722-24,SM / SM.F / SR,20553,29596320
605,SUP-7133-24,SP,20553,29596320
594,SUP-7133-24,SP,20553,29596320
605,SUP-7133-24,SP,20553,29596320
594,SUP-7133-24,SP,20553,29596320
257,SUP-6498-23,CPTu,20553,29596320
257,SUP-6498-23,CPTu,20553,29596320
478,SUP-7133-24,SP,20553,29596320
458,SUP-6830-23,ST,20553,29596320
458,SUP-6830-23,ST,20553,29596320
458,SUP-6830-23,ST,20553,29596320
458,SUP-6830-23,ST,20553,29596320
458,SUP-6830-23,ST,20553,29596320
458,SUP-6830-23,ST,20553,29596320
224,SUP-7813-24,SP,20553,29596320
286,SUP-7813-24,SP,20553,29596320
513,SUP-8250-25,PI,20553,29596320
513,SUP-8250-25,PI,20553,29596320
513,SUP-8250-25,PI,20553,29596320
513,SUP-8250-25,PI,20553,29596320
513,SUP-8250-25,PI,20553,29596320
297,SUP-7133-24,ST,20553,29596320
297,SUP-7133-24,ST,20553,29596320
297,SUP-7133-24,ST,20553,29596320
297,SUP-7133-24,ST,20553,29596320
297,SUP-7133-24,ST,20553,29596320
560,SUP-7133-24,SP,20553,29596320
540,SUP-7593-24,SP,20553,29596320
582,SUP-7813-24,SP,20553,29596320
600,SUP-8370-25,ST,20553,29596320
600,SUP-8370-25,ST,20553,29596320
600,SUP-8370-25,ST,20553,29596320
600,SUP-8370-25,ST,20553,29596320
600,SUP-8370-25,ST,20553,29596320
600,SUP-8370-25,ST,20553,29596320
463,SUP-7813-24,SP,20553,29596320
463,SUP-7813-24,SP,20553,29596320
223,SUP-7813-24,SM / SM.F / SR,20553,29596320
595,SUP-8360-25,ST,20553,29596320
389,SUP-8360-25,PI,20553,29596320
353,SUP-8360-25,ST,20553,29596320
353,SUP-8360-25,ST,20553,29596320
389,SUP-8360-25,PI,20553,29596320
595,SUP-8360-25,ST,20553,29596320
341,SUP-6806-23,SM / SM.F / SR,20553,29596320
602,SUP-7133-24,SP,20553,29596320
602,SUP-7133-24,SP,20553,29596320
602,SUP-7133-24,SP,20553,29596320
175,SUP-7133-24,PI,20553,29596320
297,SUP-7133-24,PI,20553,29596320
568,SUP-6806-23,SP,20553,29596320
299,SUP-6806-23,SP,20553,29596320
571,SUP-6806-23,SP,20553,29596320
455,SUP-8437-26,SM / SM.F / SR,20553,29596320
216,SUP-7133-24,SM / SM.F / SR,20553,29596320
154,SUP-7128-24,SP,20553,29596320
154,SUP-7128-24,SP,20553,29596320
154,SUP-7128-24,SP,20553,29596320
552,SUP-6806-23,SP,20553,29596320
321,SUP-6806-23,SP,20553,29596320
164,SUP-8370-25,SM / SM.F / SR,20553,29596320
361,SUP-7593-24,SP,20553,29596320
361,SUP-7593-24,SP,20553,29596320
143,SUP-7593-24,SP,20553,29596320
143,SUP-7593-24,SP,20553,29596320
361,SUP-7593-24,SP,20553,29596320
143,SUP-7593-24,SP,20553,29596320
536,SUP-7593-24,SP,20553,29596320
577,SUP-5947-23 (VS),SP,20554,29597760
589,SUP-7596-24,SP,20554,29597760
520,SUP-7722-24,SM / SM.F / SR,20554,29597760
257,SUP-6830-23,CPTu,20554,29597760
594,SUP-7133-24,SP,20554,29597760
594,SUP-7133-24,SP,20554,29597760
559,SUP-7133-24,SP,20554,29597760
478,SUP-7133-24,SP,20554,29597760
297,SUP-7133-24,PI,20554,29597760
175,SUP-7133-24,PI,20554,29597760
297,SUP-7133-24,PI,20554,29597760
587,SUP-7769-24,SP,20554,29597760
224,SUP-7813-24,SP,20554,29597760
612,SUP-7133-24,ST,20554,29597760
447,SUP-7133-24,ST,20554,29597760
447,SUP-7133-24,ST,20554,29597760
447,SUP-7133-24,ST,20554,29597760
447,SUP-7133-24,ST,20554,29597760
447,SUP-7133-24,ST,20554,29597760
447,SUP-7133-24,ST,20554,29597760
447,SUP-7133-24,ST,20554,29597760
612,SUP-7133-24,ST,20554,29597760
612,SUP-7133-24,ST,20554,29597760
612,SUP-7133-24,ST,20554,29597760
612,SUP-7133-24,ST,20554,29597760
612,SUP-7133-24,ST,20554,29597760
612,SUP-7133-24,ST,20554,29597760
612,SUP-7133-24,ST,20554,29597760
612,SUP-7133-24,ST,20554,29597760
513,SUP-8250-25,PI,20554,29597760
513,SUP-8250-25,PI,20554,29597760
513,SUP-8250-25,PI,20554,29597760
513,SUP-8250-25,PI,20554,29597760
513,SUP-8250-25,PI,20554,29597760
297,SUP-7133-24,ST,20554,29597760
297,SUP-7133-24,ST,20554,29597760
297,SUP-7133-24,ST,20554,29597760
297,SUP-7133-24,ST,20554,29597760
297,SUP-7133-24,ST,20554,29597760
297,SUP-7133-24,ST,20554,29597760
560,SUP-7133-24,SP,20554,29597760
540,SUP-7593-24,SP,20554,29597760
600,SUP-8370-25,ST,20554,29597760
600,SUP-8370-25,ST,20554,29597760
447,SUP-7133-24,ST,20554,29597760
463,SUP-7813-24,SP,20554,29597760
329,SUP-8360-25,SP,20554,29597760
595,SUP-8360-25,ST,20554,29597760
389,SUP-8360-25,PI,20554,29597760
353,SUP-8360-25,ST,20554,29597760
353,SUP-8360-25,ST,20554,29597760
389,SUP-8360-25,PI,20554,29597760
595,SUP-8360-25,ST,20554,29597760
353,SUP-8360-25,ST,20554,29597760
389,SUP-8360-25,PI,20554,29597760
595,SUP-8360-25,ST,20554,29597760
353,SUP-8360-25,ST,20554,29597760
353,SUP-8360-25,ST,20554,29597760
389,SUP-8360-25,PI,20554,29597760
468,SUP-6806-23,SM / SM.F / SR,20554,29597760
594,SUP-7133-24,SP,20554,29597760
605,SUP-7133-24,SP,20554,29597760
136,SUP-8437-26,SM / SM.F / SR,20554,29597760
154,SUP-7128-24,SP,20554,29597760
154,SUP-7128-24,SP,20554,29597760
154,SUP-7128-24,SP,20554,29597760
337,SUP-7128-24,SM / SM.F / SR,20554,29597760
299,SUP-6806-23,SP,20554,29597760
571,SUP-6806-23,SP,20554,29597760
552,SUP-6806-23,SP,20554,29597760
321,SUP-6806-23,SP,20554,29597760
568,SUP-6806-23,SP,20554,29597760
164,SUP-8370-25,SM / SM.F / SR,20554,29597760
286,SUP-7813-24,SP,20554,29597760
286,SUP-7813-24,SP,20554,29597760
26,SUP-6498-23,SM / SM.F / SR,20554,29597760
121,SUP-6498-23,SM / SM.F / SR,20554,29597760
210,SUP-6498-23,SM / SM.F / SR,20554,29597760
458,SUP-6830-23,SH,20554,29597760
575,SUP-6830-23,VT,20554,29597760
458,SUP-6830-23,SH,20554,29597760
575,SUP-6830-23,VT,20554,29597760
577,SUP-5947-23 (VS),SP,20555,29599200
603,SUP-5947-23 (VS),SP,20555,29599200
577,SUP-5947-23 (VS),SP,20555,29599200
257,SUP-6830-23,CPTu,20555,29599200
257,SUP-6830-23,CPTu,20555,29599200
605,SUP-7133-24,SP,20555,29599200
306,SUP-7133-24,SM / SM.F / SR,20555,29599200
297,SUP-7133-24,PI,20555,29599200
175,SUP-7133-24,PI,20555,29599200
297,SUP-7133-24,PI,20555,29599200
361,SUP-7813-24,SP,20555,29599200
536,SUP-7813-24,SP,20555,29599200
361,SUP-7813-24,SP,20555,29599200
519,SUP-7813-24,SP,20555,29599200
143,SUP-7813-24,SP,20555,29599200
582,SUP-7813-24,SP,20555,29599200
463,SUP-7813-24,SP,20555,29599200
612,SUP-7133-24,ST,20555,29599200
447,SUP-7133-24,ST,20555,29599200
612,SUP-7133-24,ST,20555,29599200
447,SUP-7133-24,ST,20555,29599200
612,SUP-7133-24,ST,20555,29599200
612,SUP-7133-24,ST,20555,29599200
612,SUP-7133-24,ST,20555,29599200
447,SUP-7133-24,ST,20555,29599200
612,SUP-7133-24,ST,20555,29599200
447,SUP-7133-24,ST,20555,29599200
447,SUP-7133-24,ST,20555,29599200
612,SUP-7133-24,ST,20555,29599200
447,SUP-7133-24,ST,20555,29599200
447,SUP-7133-24,ST,20555,29599200
612,SUP-7133-24,ST,20555,29599200
447,SUP-7133-24,ST,20555,29599200
612,SUP-7133-24,ST,20555,29599200
447,SUP-7133-24,ST,20555,29599200
560,SUP-7133-24,SP,20555,29599200
463,SUP-7813-24,SP,20555,29599200
409,SUP-7813-24,SP,20555,29599200
600,SUP-8370-25,ST,20555,29599200
600,SUP-8370-25,ST,20555,29599200
600,SUP-8370-25,ST,20555,29599200
600,SUP-8370-25,ST,20555,29599200
600,SUP-8370-25,ST,20555,29599200
600,SUP-8370-25,ST,20555,29599200
329,SUP-8360-25,SP,20555,29599200
329,SUP-8360-25,SP,20555,29599200
468,SUP-6806-23,SM / SM.F / SR,20555,29599200
389,SUP-6806-23,ST,20555,29599200
353,SUP-6806-23,ST,20555,29599200
595,SUP-6806-23,ST,20555,29599200
353,SUP-6806-23,ST,20555,29599200
595,SUP-6806-23,ST,20555,29599200
353,SUP-6806-23,ST,20555,29599200
595,SUP-6806-23,ST,20555,29599200
353,SUP-6806-23,ST,20555,29599200
389,SUP-6806-23,ST,20555,29599200
353,SUP-6806-23,ST,20555,29599200
276,SUP-7133-24,SP,20555,29599200
594,SUP-7133-24,SP,20555,29599200
389,SUP-6806-23,ST,20555,29599200
595,SUP-6806-23,ST,20555,29599200
568,SUP-6806-23,SP,20555,29599200
299,SUP-6806-23,SP,20555,29599200
171,SUP-6806-23,SP,20555,29599200
552,SUP-6806-23,SP,20555,29599200
571,SUP-6806-23,SP,20555,29599200
321,SUP-6806-23,SP,20555,29599200
79,SUP-7128-24,SM / SM.F / SR,20555,29599200
455,SUP-8437-26,SP,20555,29599200
455,SUP-8437-26,SP,20555,29599200
455,SUP-8437-26,SP,20555,29599200
154,SUP-7128-24,SP,20555,29599200
154,SUP-7128-24,SP,20555,29599200
154,SUP-7128-24,SP,20555,29599200
509,SUP-7128-24,SM / SM.F / SR,20555,29599200
531,SUP-7133-24,SM / SM.F / SR,20555,29599200
586,SUP-7813-24,SP,20555,29599200
458,SUP-6830-23,SH,20555,29599200
575,SUP-6830-23,VT,20555,29599200
512,SUP-7128-24,SM / SM.F / SR,20555,29599200
577,SUP-5947-23 (VS),SP,20556,29600640
603,SUP-5947-23 (VS),SP,20556,29600640
577,SUP-5947-23 (VS),SP,20556,29600640
520,SUP-7722-24,SM / SM.F / SR,20556,29600640
257,SUP-6830-23,CPTu,20556,29600640
561,SUP-7133-24,SM / SM.F / SR,20556,29600640
478,SUP-7133-24,SP,20556,29600640
559,SUP-7133-24,SP,20556,29600640
297,SUP-7133-24,PI,20556,29600640
175,SUP-7133-24,PI,20556,29600640
297,SUP-7133-24,PI,20556,29600640
297,SUP-7133-24,ST,20556,29600640
297,SUP-7133-24,ST,20556,29600640
297,SUP-7133-24,ST,20556,29600640
297,SUP-7133-24,ST,20556,29600640
297,SUP-7133-24,ST,20556,29600640
297,SUP-7133-24,ST,20556,29600640
587,SUP-7769-24,SP,20556,29600640
286,SUP-7813-24,SP,20556,29600640
586,SUP-7813-24,SP,20556,29600640
143,SUP-7813-24,SP,20556,29600640
361,SUP-7813-24,SP,20556,29600640
582,SUP-7813-24,SP,20556,29600640
463,SUP-7813-24,SP,20556,29600640
612,SUP-7133-24,ST,20556,29600640
612,SUP-7133-24,ST,20556,29600640
612,SUP-7133-24,ST,20556,29600640
447,SUP-7133-24,ST,20556,29600640
447,SUP-7133-24,ST,20556,29600640
612,SUP-7133-24,ST,20556,29600640
447,SUP-7133-24,ST,20556,29600640
447,SUP-7133-24,ST,20556,29600640
447,SUP-7133-24,ST,20556,29600640
447,SUP-7133-24,ST,20556,29600640
447,SUP-7133-24,ST,20556,29600640
447,SUP-7133-24,ST,20556,29600640
513,SUP-8250-25,PI,20556,29600640
513,SUP-8250-25,PI,20556,29600640
513,SUP-8250-25,PI,20556,29600640
540,SUP-7593-24,SP,20556,29600640
540,SUP-7593-24,SP,20556,29600640
600,SUP-8370-25,ST,20556,29600640
600,SUP-8370-25,ST,20556,29600640
600,SUP-8370-25,ST,20556,29600640
600,SUP-8370-25,ST,20556,29600640
600,SUP-8370-25,ST,20556,29600640
600,SUP-8370-25,ST,20556,29600640
447,SUP-7133-24,ST,20556,29600640
223,SUP-7813-24,SM / SM.F / SR,20556,29600640
329,SUP-8360-25,SP,20556,29600640
389,SUP-6806-23,ST,20556,29600640
389,SUP-6806-23,ST,20556,29600640
389,SUP-6806-23,ST,20556,29600640
595,SUP-6806-23,ST,20556,29600640
595,SUP-6806-23,ST,20556,29600640
389,SUP-6806-23,ST,20556,29600640
595,SUP-6806-23,ST,20556,29600640
353,SUP-6806-23,ST,20556,29600640
389,SUP-6806-23,ST,20556,29600640
353,SUP-6806-23,ST,20556,29600640
389,SUP-6806-23,ST,20556,29600640
353,SUP-6806-23,ST,20556,29600640
353,SUP-6806-23,ST,20556,29600640
389,SUP-6806-23,ST,20556,29600640
353,SUP-6806-23,ST,20556,29600640
389,SUP-6806-23,ST,20556,29600640
595,SUP-6806-23,ST,20556,29600640
595,SUP-6806-23,ST,20556,29600640
353,SUP-6806-23,ST,20556,29600640
171,SUP-6806-23,SP,20556,29600640
171,SUP-6806-23,SP,20556,29600640
552,SUP-6806-23,SP,20556,29600640
171,SUP-6806-23,SP,20556,29600640
299,SUP-6806-23,SP,20556,29600640
171,SUP-6806-23,SP,20556,29600640
552,SUP-6806-23,SP,20556,29600640
568,SUP-6806-23,SP,20556,29600640
571,SUP-6806-23,SP,20556,29600640
321,SUP-6806-23,SP,20556,29600640
136,SUP-8437-26,SM / SM.F / SR,20556,29600640
455,SUP-8437-26,SM / SM.F / SR,20556,29600640
136,SUP-8437-26,SM / SM.F / SR,20556,29600640
154,SUP-7128-24,SP,20556,29600640
154,SUP-7128-24,SP,20556,29600640
420,SUP-7128-24,SM / SM.F / SR,20556,29600640
59,SUP-7128-24,SM / SM.F / SR,20556,29600640
602,SUP-7133-24,SP,20556,29600640
602,SUP-7133-24,SP,20556,29600640
164,SUP-8370-25,SM / SM.F / SR,20556,29600640
409,SUP-7813-24,SP,20556,29600640
582,SUP-7813-24,SP,20556,29600640
463,SUP-7813-24,SP,20556,29600640
286,SUP-7813-24,SP,20556,29600640
364,SUP-6498-23,SM / SM.F / SR,20556,29600640
154,SUP-7128-24,SP,20556,29600640
79,SUP-7128-24,SM / SM.F / SR,20556,29600640
603,SUP-5947-23 (VC),SP,20557,29602080
603,SUP-5947-23 (VC),SP,20557,29602080
577,SUP-5947-23 (VC),SP,20557,29602080
577,SUP-5947-23 (VC),SP,20557,29602080
603,SUP-5947-23 (VC),SP,20557,29602080
577,SUP-5947-23 (VC),SP,20557,29602080
603,SUP-5947-23 (VC),SP,20557,29602080
577,SUP-5947-23 (VC),SP,20557,29602080
257,SUP-6830-23,CPTu,20557,29602080
257,SUP-6830-23,CPTu,20557,29602080
297,SUP-7133-24,ST,20557,29602080
297,SUP-7133-24,ST,20557,29602080
297,SUP-7133-24,ST,20557,29602080
297,SUP-7133-24,ST,20557,29602080
297,SUP-7133-24,ST,20557,29602080
276,SUP-7133-24,SP,20557,29602080
276,SUP-7133-24,SP,20557,29602080
594,SUP-7133-24,SP,20557,29602080
171,SUP-6806-23,SP,20557,29602080
552,SUP-6806-23,SP,20557,29602080
552,SUP-6806-23,SP,20557,29602080
478,SUP-7133-24,SP,20557,29602080
478,SUP-7133-24,SP,20557,29602080
559,SUP-7133-24,SP,20557,29602080
175,SUP-7133-24,PI,20557,29602080
175,SUP-7133-24,PI,20557,29602080
175,SUP-7133-24,PI,20557,29602080
531,SUP-7133-24,SP,20557,29602080
587,SUP-7769-24,SP,20557,29602080
513,SUP-8250-25,PI,20557,29602080
513,SUP-8250-25,PI,20557,29602080
513,SUP-8250-25,PI,20557,29602080
513,SUP-8250-25,PI,20557,29602080
513,SUP-8250-25,PI,20557,29602080
594,SUP-7133-24,SP,20557,29602080
560,SUP-7133-24,SP,20557,29602080
588,SUP-7593-24,SP,20557,29602080
340,SUP-7593-24,SP,20557,29602080
540,SUP-7593-24,SP,20557,29602080
143,SUP-7813-24,SP,20557,29602080
286,SUP-7813-24,SP,20557,29602080
463,SUP-7813-24,SP,20557,29602080
286,SUP-7813-24,SP,20557,29602080
536,SUP-7813-24,SP,20557,29602080
519,SUP-7813-24,SP,20557,29602080
600,SUP-8370-25,ST,20557,29602080
600,SUP-8370-25,ST,20557,29602080
600,SUP-8370-25,ST,20557,29602080
600,SUP-8370-25,ST,20557,29602080
600,SUP-8370-25,ST,20557,29602080
600,SUP-8370-25,ST,20557,29602080
612,SUP-7133-24,ST,20557,29602080
612,SUP-7133-24,ST,20557,29602080
612,SUP-7133-24,ST,20557,29602080
447,SUP-7133-24,ST,20557,29602080
612,SUP-7133-24,ST,20557,29602080
612,SUP-7133-24,ST,20557,29602080
612,SUP-7133-24,ST,20557,29602080
447,SUP-7133-24,ST,20557,29602080
612,SUP-7133-24,ST,20557,29602080
447,SUP-7133-24,ST,20557,29602080
612,SUP-7133-24,ST,20557,29602080
612,SUP-7133-24,ST,20557,29602080
612,SUP-7133-24,ST,20557,29602080
612,SUP-7133-24,ST,20557,29602080
612,SUP-7133-24,ST,20557,29602080
612,SUP-7133-24,ST,20557,29602080
612,SUP-7133-24,ST,20557,29602080
329,SUP-8360-25,SP,20557,29602080
468,SUP-6806-23,SM / SM.F / SR,20557,29602080
602,SUP-7133-24,SP,20557,29602080
602,SUP-7133-24,SP,20557,29602080
602,SUP-7133-24,SP,20557,29602080
602,SUP-7133-24,SP,20557,29602080
602,SUP-7133-24,SP,20557,29602080
602,SUP-7133-24,SP,20557,29602080
276,SUP-7133-24,SP,20557,29602080
594,SUP-7133-24,SP,20557,29602080
353,SUP-6806-23,ST,20557,29602080
353,SUP-6806-23,ST,20557,29602080
389,SUP-6806-23,ST,20557,29602080
585,SUP-7128-24,SM / SM.F / SR,20557,29602080
512,SUP-7128-24,SM / SM.F / SR,20557,29602080
378,SUP-7128-24,SM / SM.F / SR,20557,29602080
164,SUP-8370-25,SM / SM.F / SR,20557,29602080
582,SUP-7813-24,SP,20557,29602080
428,SUP-7813-24,SM / SM.F / SR,20557,29602080
121,SUP-6498-23,SM / SM.F / SR,20557,29602080
154,SUP-7128-24,SP,20557,29602080
154,SUP-7128-24,SP,20557,29602080
154,SUP-7128-24,SP,20557,29602080
154,SUP-7128-24,SP,20557,29602080
577,SUP-5947-23 (VC),SP,20558,29603520
603,SUP-5947-23 (VC),SP,20558,29603520
520,SUP-7722-24,SM / SM.F / SR,20558,29603520
552,SUP-6806-23,SP,20558,29603520
171,SUP-6806-23,SP,20558,29603520
552,SUP-6806-23,SP,20558,29603520
568,SUP-6806-23,SP,20558,29603520
321,SUP-6806-23,SP,20558,29603520
171,SUP-6806-23,SP,20558,29603520
571,SUP-6806-23,SP,20558,29603520
552,SUP-6806-23,SP,20558,29603520
299,SUP-6806-23,SP,20558,29603520
568,SUP-6806-23,SP,20558,29603520
478,SUP-7133-24,SP,20558,29603520
559,SUP-7133-24,SP,20558,29603520
559,SUP-7133-24,SP,20558,29603520
560,SUP-7133-24,SP,20558,29603520
175,SUP-7133-24,PI,20558,29603520
175,SUP-7133-24,PI,20558,29603520
175,SUP-7133-24,PI,20558,29603520
602,SUP-7133-24,SP,20558,29603520
458,SUP-6830-23,ST,20558,29603520
587,SUP-7769-24,SP,20558,29603520
600,SUP-EPR_Ametista,ST,20558,29603520
600,SUP-EPR_Ametista,ST,20558,29603520
143,SUP-7813-24,SP,20558,29603520
361,SUP-7813-24,SP,20558,29603520
463,SUP-7813-24,SP,20558,29603520
286,SUP-7813-24,SP,20558,29603520
297,SUP-7133-24,ST,20558,29603520
297,SUP-7133-24,ST,20558,29603520
297,SUP-7133-24,ST,20558,29603520
297,SUP-7133-24,ST,20558,29603520
297,SUP-7133-24,ST,20558,29603520
276,SUP-7133-24,SP,20558,29603520
594,SUP-7133-24,SP,20558,29603520
605,SUP-7133-24,SP,20558,29603520
276,SUP-7133-24,SP,20558,29603520
276,SUP-7133-24,SP,20558,29603520
297,SUP-7133-24,ST,20558,29603520
297,SUP-7133-24,ST,20558,29603520
340,SUP-7593-24,SP,20558,29603520
540,SUP-7593-24,SP,20558,29603520
582,SUP-7813-24,SP,20558,29603520
143,SUP-7813-24,SP,20558,29603520
409,SUP-7813-24,SP,20558,29603520
458,SUP-7813-24,ST,20558,29603520
224,SUP-7813-24,SP,20558,29603520
224,SUP-7813-24,SP,20558,29603520
329,SUP-8360-25,SP,20558,29603520
468,SUP-6806-23,SM / SM.F / SR,20558,29603520
341,SUP-6806-23,SM / SM.F / SR,20558,29603520
531,SUP-7133-24,SP,20558,29603520
602,SUP-7133-24,SP,20558,29603520
605,SUP-7133-24,SP,20558,29603520
605,SUP-7133-24,SP,20558,29603520
605,SUP-7133-24,SP,20558,29603520
353,SUP-6806-23,ST,20558,29603520
389,SUP-6806-23,ST,20558,29603520
389,SUP-6806-23,ST,20558,29603520
353,SUP-6806-23,ST,20558,29603520
389,SUP-6806-23,ST,20558,29603520
353,SUP-6806-23,ST,20558,29603520
353,SUP-6806-23,ST,20558,29603520
389,SUP-6806-23,ST,20558,29603520
389,SUP-6806-23,ST,20558,29603520
389,SUP-6806-23,ST,20558,29603520
353,SUP-6806-23,ST,20558,29603520
353,SUP-6806-23,ST,20558,29603520
353,SUP-6806-23,ST,20558,29603520
389,SUP-6806-23,ST,20558,29603520
373,SUP-8437-26,SM / SM.F / SR,20558,29603520
537,SUP-8437-26,SM / SM.F / SR,20558,29603520
337,SUP-7128-24,SM / SM.F / SR,20558,29603520
509,SUP-7128-24,SM / SM.F / SR,20558,29603520
79,SUP-7128-24,SM / SM.F / SR,20558,29603520
164,SUP-8370-25,SM / SM.F / SR,20558,29603520
517,SUP-6498-23,SM / SM.F / SR,20558,29603520
154,SUP-7128-24,SP,20558,29603520
154,SUP-7128-24,SP,20558,29603520
154,SUP-7128-24,SP,20558,29603520
154,SUP-7128-24,SP,20558,29603520
337,SUP-7128-24,SM / SM.F / SR,20558,29603520
577,SUP-5947-23 (VC),SP,20559,29604960
603,SUP-5947-23 (VC),SP,20559,29604960
589,SUP-7596-24,SP,20559,29604960
297,SUP-7133-24,ST,20559,29604960
297,SUP-7133-24,ST,20559,29604960
210,SUP-6498-23,SM / SM.F / SR,20559,29604960
552,SUP-6806-23,SP,20559,29604960
552,SUP-6806-23,SP,20559,29604960
568,SUP-6806-23,SP,20559,29604960
552,SUP-6806-23,SP,20559,29604960
568,SUP-6806-23,SP,20559,29604960
552,SUP-6806-23,SP,20559,29604960
175,SUP-7133-24,PI,20559,29604960
175,SUP-7133-24,PI,20559,29604960
175,SUP-7133-24,PI,20559,29604960
587,SUP-7769-24,SP,20559,29604960
600,SUP-EPR_Ametista,ST,20559,29604960
600,SUP-EPR_Ametista,ST,20559,29604960
600,SUP-EPR_Ametista,ST,20559,29604960
600,SUP-EPR_Ametista,PI,20559,29604960
463,SUP-7813-24,SP,20559,29604960
143,SUP-7813-24,SP,20559,29604960
463,SUP-7813-24,SP,20559,29604960
536,SUP-7813-24,SP,20559,29604960
582,SUP-7813-24,SP,20559,29604960
297,SUP-7133-24,ST,20559,29604960
297,SUP-7133-24,ST,20559,29604960
297,SUP-7133-24,ST,20559,29604960
175,SUP-7133-24,ST,20559,29604960
605,SUP-7133-24,SP,20559,29604960
605,SUP-7133-24,SP,20559,29604960
605,SUP-7133-24,SP,20559,29604960
276,SUP-7133-24,SP,20559,29604960
594,SUP-7133-24,SP,20559,29604960
276,SUP-7133-24,SP,20559,29604960
605,SUP-7133-24,SP,20559,29604960
594,SUP-7133-24,SP,20559,29604960
297,SUP-7133-24,ST,20559,29604960
409,SUP-7813-24,SP,20559,29604960
286,SUP-7813-24,SM / SM.F / SR,20559,29604960
458,SUP-7813-24,ST,20559,29604960
458,SUP-7813-24,ST,20559,29604960
458,SUP-7813-24,ST,20559,29604960
458,SUP-7813-24,ST,20559,29604960
329,SUP-8360-25,SP,20559,29604960
468,SUP-6806-23,SM / SM.F / SR,20559,29604960
531,SUP-7133-24,SP,20559,29604960
602,SUP-7133-24,SP,20559,29604960
531,SUP-7133-24,SP,20559,29604960
531,SUP-7133-24,SP,20559,29604960
595,SUP-6806-23,ST,20559,29604960
389,SUP-6806-23,ST,20559,29604960
595,SUP-6806-23,ST,20559,29604960
595,SUP-6806-23,ST,20559,29604960
389,SUP-6806-23,ST,20559,29604960
595,SUP-6806-23,ST,20559,29604960
595,SUP-6806-23,ST,20559,29604960
595,SUP-6806-23,ST,20559,29604960
389,SUP-6806-23,ST,20559,29604960
571,SUP-6806-23,SP,20559,29604960
571,SUP-6806-23,SP,20559,29604960
571,SUP-6806-23,SP,20559,29604960
571,SUP-6806-23,SP,20559,29604960
299,SUP-6806-23,SP,20559,29604960
321,SUP-6806-23,SP,20559,29604960
571,SUP-6806-23,SP,20559,29604960
299,SUP-6806-23,SP,20559,29604960
571,SUP-6806-23,SP,20559,29604960
321,SUP-6806-23,SP,20559,29604960
455,SUP-8437-26,SM / SM.F / SR,20559,29604960
216,SUP-7133-24,SM / SM.F / SR,20559,29604960
353,SUP-6806-23,ST,20559,29604960
353,SUP-6806-23,ST,20559,29604960
353,SUP-6806-23,ST,20559,29604960
353,SUP-6806-23,ST,20559,29604960
353,SUP-6806-23,ST,20559,29604960
353,SUP-6806-23,ST,20559,29604960
164,SUP-8370-25,SM / SM.F / SR,20559,29604960
154,SUP-7128-24,SP,20559,29604960
154,SUP-7128-24,SP,20559,29604960
257,SUP-6830-23,CPTu,20559,29604960
257,SUP-6830-23,CPTu,20559,29604960
257,SUP-6830-23,CPTu,20559,29604960
588,SUP-7593-24,SM / SM.F / SR,20559,29604960
340,SUP-7593-24,SM / SM.F / SR,20559,29604960
513,SUP-7593-24,ST,20559,29604960
513,SUP-7593-24,ST,20559,29604960
513,SUP-7593-24,ST,20559,29604960
513,SUP-7593-24,ST,20559,29604960
353,SUP-6806-23,PI,20560,29606400
577,SUP-5947-23 (VC),SP,20560,29606400
603,SUP-5947-23 (VC),SP,20560,29606400
389,SUP-6806-23,PI,20560,29606400
389,SUP-6806-23,PI,20560,29606400
589,SUP-7596-24,SP,20560,29606400
458,SUP-7285-24,ST,20560,29606400
458,SUP-7285-24,ST,20560,29606400
520,SUP-7722-24,SM / SM.F / SR,20560,29606400
605,SUP-7133-24,SP,20560,29606400
552,SUP-6806-23,SP,20560,29606400
568,SUP-6806-23,SP,20560,29606400
171,SUP-6806-23,SP,20560,29606400
552,SUP-6806-23,SP,20560,29606400
353,SUP-6806-23,PI,20560,29606400
353,SUP-6806-23,PI,20560,29606400
353,SUP-6806-23,PI,20560,29606400
353,SUP-6806-23,PI,20560,29606400
353,SUP-6806-23,PI,20560,29606400
478,SUP-7133-24,SP,20560,29606400
559,SUP-7133-24,SP,20560,29606400
559,SUP-7133-24,SP,20560,29606400
559,SUP-7133-24,SP,20560,29606400
306,SUP-7133-24,SM / SM.F / SR,20560,29606400
175,SUP-7133-24,PI,20560,29606400
175,SUP-7133-24,PI,20560,29606400
297,SUP-7133-24,ST,20560,29606400
297,SUP-7133-24,ST,20560,29606400
297,SUP-7133-24,ST,20560,29606400
531,SUP-7133-24,SP,20560,29606400
602,SUP-7133-24,SP,20560,29606400
297,SUP-7133-24,ST,20560,29606400
297,SUP-7133-24,ST,20560,29606400
297,SUP-7133-24,ST,20560,29606400
587,SUP-7769-24,SP,20560,29606400
600,SUP-EPR_Ametista,PI,20560,29606400
600,SUP-EPR_Ametista,ST,20560,29606400
600,SUP-EPR_Ametista,ST,20560,29606400
600,SUP-EPR_Ametista,ST,20560,29606400
600,SUP-EPR_Ametista,ST,20560,29606400
463,SUP-7813-24,SP,20560,29606400
536,SUP-7813-24,SP,20560,29606400
582,SUP-7813-24,SP,20560,29606400
605,SUP-7133-24,SP,20560,29606400
594,SUP-7133-24,SP,20560,29606400
594,SUP-7133-24,SP,20560,29606400
594,SUP-7133-24,SP,20560,29606400
276,SUP-7133-24,SP,20560,29606400
594,SUP-7133-24,SP,20560,29606400
276,SUP-7133-24,SP,20560,29606400
175,SUP-7133-24,PI,20560,29606400
175,SUP-7133-24,PI,20560,29606400
561,SUP-7133-24,SM / SM.F / SR,20560,29606400
560,SUP-7133-24,SP,20560,29606400
560,SUP-7133-24,SP,20560,29606400
560,SUP-7133-24,SP,20560,29606400
586,SUP-7813-24,SP,20560,29606400
428,SUP-7813-24,SM / SM.F / SR,20560,29606400
224,SUP-7813-24,SP,20560,29606400
329,SUP-8360-25,SP,20560,29606400
329,SUP-8360-25,SP,20560,29606400
341,SUP-6806-23,SM / SM.F / SR,20560,29606400
531,SUP-7133-24,SP,20560,29606400
531,SUP-7133-24,SP,20560,29606400
531,SUP-7133-24,SP,20560,29606400
602,SUP-7133-24,SP,20560,29606400
531,SUP-7133-24,SP,20560,29606400
531,SUP-7133-24,SP,20560,29606400
602,SUP-7133-24,SP,20560,29606400
299,SUP-6806-23,SP,20560,29606400
321,SUP-6806-23,SP,20560,29606400
571,SUP-6806-23,SP,20560,29606400
612,SUP-8437-26,ST,20560,29606400
447,SUP-8437-26,ST,20560,29606400
612,SUP-8437-26,ST,20560,29606400
447,SUP-8437-26,ST,20560,29606400
612,SUP-8437-26,ST,20560,29606400
447,SUP-8437-26,ST,20560,29606400
612,SUP-8437-26,ST,20560,29606400
447,SUP-8437-26,ST,20560,29606400
612,SUP-8437-26,ST,20560,29606400
447,SUP-8437-26,ST,20560,29606400
447,SUP-8437-26,ST,20560,29606400
447,SUP-8437-26,ST,20560,29606400
612,SUP-8437-26,ST,20560,29606400
373,SUP-8437-26,SM / SM.F / SR,20560,29606400
136,SUP-8437-26,SM / SM.F / SR,20560,29606400
537,SUP-8437-26,SM / SM.F / SR,20560,29606400
455,SUP-8437-26,SM / SM.F / SR,20560,29606400
512,SUP-7128-24,SM / SM.F / SR,20560,29606400
59,SUP-7128-24,SM / SM.F / SR,20560,29606400
378,SUP-7128-24,SM / SM.F / SR,20560,29606400
216,SUP-7133-24,SM / SM.F / SR,20560,29606400
216,SUP-7133-24,SM / SM.F / SR,20560,29606400
164,SUP-8370-25,SM / SM.F / SR,20560,29606400
26,SUP-6498-23,SM / SM.F / SR,20560,29606400
154,SUP-7128-24,SP,20560,29606400
257,SUP-6830-23,CPTu,20560,29606400
257,SUP-6830-23,CPTu,20560,29606400
257,SUP-6830-23,CPTu,20560,29606400
513,SUP-7593-24,ST,20560,29606400
513,SUP-7593-24,ST,20560,29606400
513,SUP-7593-24,ST,20560,29606400
513,SUP-7593-24,ST,20560,29606400
513,SUP-7593-24,ST,20560,29606400
513,SUP-7593-24,ST,20560,29606400
513,SUP-7593-24,ST,20560,29606400
154,SUP-7128-24,SP,20560,29606400
154,SUP-7128-24,SP,20560,29606400
154,SUP-7128-24,SP,20560,29606400
577,SUP-5947-23 (VC),SP,20561,29607840
603,SUP-5947-23 (VC),SP,20561,29607840
458,SUP-7285-24,ST,20561,29607840
458,SUP-7285-24,ST,20561,29607840
458,SUP-7285-24,ST,20561,29607840
458,SUP-7285-24,ST,20561,29607840
458,SUP-7285-24,ST,20561,29607840
602,SUP-7133-24,SP,20561,29607840
171,SUP-6806-23,SP,20561,29607840
568,SUP-6806-23,SP,20561,29607840
171,SUP-6806-23,SP,20561,29607840
568,SUP-6806-23,SP,20561,29607840
171,SUP-6806-23,SP,20561,29607840
568,SUP-6806-23,SP,20561,29607840
321,SUP-6806-23,SP,20561,29607840
321,SUP-6806-23,SP,20561,29607840
299,SUP-6806-23,SP,20561,29607840
478,SUP-7133-24,SP,20561,29607840
559,SUP-7133-24,SP,20561,29607840
531,SUP-7133-24,SP,20561,29607840
531,SUP-7133-24,SP,20561,29607840
602,SUP-7133-24,SP,20561,29607840
602,SUP-7133-24,SP,20561,29607840
600,SUP-EPR_Ametista,PI,20561,29607840
600,SUP-EPR_Ametista,ST,20561,29607840
600,SUP-EPR_Ametista,ST,20561,29607840
600,SUP-EPR_Ametista,ST,20561,29607840
600,SUP-EPR_Ametista,PI,20561,29607840
600,SUP-EPR_Ametista,ST,20561,29607840
463,SUP-7813-24,SP,20561,29607840
361,SUP-7813-24,SP,20561,29607840
297,SUP-7133-24,ST,20561,29607840
175,SUP-7133-24,PI,20561,29607840
605,SUP-7133-24,SP,20561,29607840
594,SUP-7133-24,SP,20561,29607840
605,SUP-7133-24,SP,20561,29607840
276,SUP-7133-24,SP,20561,29607840
175,SUP-7133-24,PI,20561,29607840
175,SUP-7133-24,PI,20561,29607840
560,SUP-7133-24,SP,20561,29607840
560,SUP-7133-24,SP,20561,29607840
560,SUP-7133-24,SP,20561,29607840
540,SUP-7593-24,SP,20561,29607840
586,SUP-7813-24,SP,20561,29607840
582,SUP-7813-24,SP,20561,29607840
353,SUP-6806-23,ST,20561,29607840
571,SUP-6806-23,SP,20561,29607840
612,SUP-8437-26,ST,20561,29607840
447,SUP-8437-26,ST,20561,29607840
612,SUP-8437-26,ST,20561,29607840
447,SUP-8437-26,ST,20561,29607840
612,SUP-8437-26,ST,20561,29607840
447,SUP-8437-26,ST,20561,29607840
612,SUP-8437-26,ST,20561,29607840
447,SUP-8437-26,ST,20561,29607840
447,SUP-8437-26,ST,20561,29607840
612,SUP-8437-26,ST,20561,29607840
447,SUP-8437-26,ST,20561,29607840
612,SUP-8437-26,ST,20561,29607840
447,SUP-8437-26,ST,20561,29607840
612,SUP-8437-26,ST,20561,29607840
612,SUP-8437-26,ST,20561,29607840
447,SUP-8437-26,ST,20561,29607840
512,SUP-7128-24,SM / SM.F / SR,20561,29607840
337,SUP-7128-24,SM / SM.F / SR,20561,29607840
595,SUP-6806-23,PI,20561,29607840
353,SUP-6806-23,PI,20561,29607840
257,SUP-6830-23,CPTu,20561,29607840
257,SUP-6830-23,CPTu,20561,29607840
154,SUP-7128-24,SP,20561,29607840
154,SUP-7128-24,SP,20561,29607840
535,SUP-7128-24,SM / SM.F / SR,20561,29607840
389,SUP-6806-23,PI,20562,29609280
603,SUP-5947-23 (VC),SP,20562,29609280
601,SUP-8370-25,SP,20562,29609280
607,SUP-8370-25,SP,20562,29609280
589,SUP-7596-24,SP,20562,29609280
458,SUP-7285-24,ST,20562,29609280
458,SUP-7285-24,ST,20562,29609280
458,SUP-7285-24,ST,20562,29609280
458,SUP-7285-24,ST,20562,29609280
458,SUP-7285-24,ST,20562,29609280
458,SUP-7285-24,ST,20562,29609280
297,SUP-7133-24,ST,20562,29609280
297,SUP-7133-24,ST,20562,29609280
297,SUP-7133-24,ST,20562,29609280
297,SUP-7133-24,ST,20562,29609280
297,SUP-7133-24,ST,20562,29609280
297,SUP-7133-24,ST,20562,29609280
364,SUP-6498-23,SM / SM.F / SR,20562,29609280
171,SUP-6806-23,SP,20562,29609280
552,SUP-6806-23,SP,20562,29609280
154,SUP-7128-24,SP,20562,29609280
559,SUP-7133-24,SP,20562,29609280
478,SUP-7133-24,SP,20562,29609280
600,SUP-EPR_Ametista,PI,20562,29609280
600,SUP-EPR_Ametista,ST,20562,29609280
600,SUP-EPR_Ametista,PI,20562,29609280
321,SUP-6806-23,SP,20562,29609280
299,SUP-6806-23,SP,20562,29609280
571,SUP-6806-23,SP,20562,29609280
299,SUP-6806-23,SP,20562,29609280
321,SUP-6806-23,SP,20562,29609280
571,SUP-6806-23,SP,20562,29609280
586,SUP-7813-24,SP,20562,29609280
361,SUP-7813-24,SP,20562,29609280
143,SUP-7813-24,SP,20562,29609280
577,SUP-5947-23 (VC),SP,20562,29609280
577,SUP-5947-23 (VC),SP,20562,29609280
577,SUP-5947-23 (VC),SP,20562,29609280
577,SUP-5947-23 (VC),SP,20562,29609280
577,SUP-5947-23 (VC),SP,20562,29609280
175,SUP-7133-24,PI,20562,29609280
175,SUP-7133-24,PI,20562,29609280
276,SUP-7133-24,SP,20562,29609280
594,SUP-7133-24,SP,20562,29609280
276,SUP-7133-24,SP,20562,29609280
605,SUP-7133-24,SP,20562,29609280
594,SUP-7133-24,SP,20562,29609280
175,SUP-7133-24,PI,20562,29609280
560,SUP-7133-24,SP,20562,29609280
540,SUP-7593-24,SP,20562,29609280
582,SUP-7813-24,SP,20562,29609280
224,SUP-7813-24,SP,20562,29609280
341,SUP-6806-23,SM / SM.F / SR,20562,29609280
353,SUP-6806-23,ST,20562,29609280
595,SUP-6806-23,ST,20562,29609280
389,SUP-6806-23,ST,20562,29609280
595,SUP-6806-23,ST,20562,29609280
353,SUP-6806-23,ST,20562,29609280
595,SUP-6806-23,ST,20562,29609280
353,SUP-6806-23,ST,20562,29609280
389,SUP-6806-23,ST,20562,29609280
595,SUP-6806-23,ST,20562,29609280
353,SUP-6806-23,ST,20562,29609280
513,SUP-8370-25,ST,20562,29609280
513,SUP-8370-25,ST,20562,29609280
513,SUP-8370-25,ST,20562,29609280
513,SUP-8370-25,ST,20562,29609280
513,SUP-8370-25,ST,20562,29609280
513,SUP-8370-25,ST,20562,29609280
513,SUP-8370-25,ST,20562,29609280
513,SUP-8370-25,ST,20562,29609280
513,SUP-8370-25,ST,20562,29609280
612,SUP-8437-26,ST,20562,29609280
612,SUP-8437-26,ST,20562,29609280
612,SUP-8437-26,ST,20562,29609280
612,SUP-8437-26,ST,20562,29609280
455,SUP-8437-26,SM / SM.F / SR,20562,29609280
537,SUP-8437-26,SM / SM.F / SR,20562,29609280
612,SUP-8437-26,ST,20562,29609280
612,SUP-8437-26,ST,20562,29609280
612,SUP-8437-26,ST,20562,29609280
612,SUP-8437-26,ST,20562,29609280
612,SUP-8437-26,ST,20562,29609280
612,SUP-8437-26,ST,20562,29609280
447,SUP-8437-26,ST,20562,29609280
612,SUP-8437-26,ST,20562,29609280
447,SUP-8437-26,ST,20562,29609280
612,SUP-8437-26,ST,20562,29609280
612,SUP-8437-26,ST,20562,29609280
447,SUP-8437-26,ST,20562,29609280
447,SUP-8437-26,ST,20562,29609280
447,SUP-8437-26,ST,20562,29609280
447,SUP-8437-26,ST,20562,29609280
447,SUP-8437-26,ST,20562,29609280
447,SUP-8437-26,ST,20562,29609280
447,SUP-8437-26,ST,20562,29609280
362,SUP-7128-24,SM / SM.F / SR,20562,29609280
509,SUP-7128-24,SM / SM.F / SR,20562,29609280
216,SUP-7133-24,SM / SM.F / SR,20562,29609280
389,SUP-6806-23,PI,20562,29609280
389,SUP-6806-23,PI,20562,29609280
154,SUP-7128-24,SP,20562,29609280
321,SUP-6806-23,SP,20563,29610720
299,SUP-6806-23,SP,20563,29610720
321,SUP-6806-23,SP,20563,29610720
603,SUP-5947-23 (VC),SP,20563,29610720
458,SUP-7285-24,ST,20563,29610720
458,SUP-7285-24,ST,20563,29610720
458,SUP-7285-24,ST,20563,29610720
458,SUP-7285-24,ST,20563,29610720
458,SUP-7285-24,ST,20563,29610720
458,SUP-7285-24,ST,20563,29610720
520,SUP-7722-24,SM / SM.F / SR,20563,29610720
602,SUP-7133-24,SP,20563,29610720
568,SUP-6806-23,SP,20563,29610720
568,SUP-6806-23,SP,20563,29610720
568,SUP-6806-23,SP,20563,29610720
568,SUP-6806-23,SP,20563,29610720
568,SUP-6806-23,SP,20563,29610720
568,SUP-6806-23,SP,20563,29610720
154,SUP-7128-24,SP,20563,29610720
154,SUP-7128-24,SP,20563,29610720
154,SUP-7128-24,SP,20563,29610720
559,SUP-7133-24,SP,20563,29610720
478,SUP-7133-24,SP,20563,29610720
329,SUP-8370-25,SP,20563,29610720
329,SUP-8370-25,SP,20563,29610720
329,SUP-8370-25,SP,20563,29610720
329,SUP-8370-25,SP,20563,29610720
329,SUP-8370-25,SP,20563,29610720
329,SUP-8370-25,SP,20563,29610720
600,SUP-EPR_Ametista,PI,20563,29610720
600,SUP-EPR_Ametista,PI,20563,29610720
600,SUP-EPR_Ametista,PI,20563,29610720
582,SUP-7813-24,SP,20563,29610720
409,SUP-7813-24,SP,20563,29610720
603,SUP-5947-23 (VC),SP,20563,29610720
603,SUP-5947-23 (VC),SP,20563,29610720
577,SUP-5947-23 (VC),SP,20563,29610720
577,SUP-5947-23 (VC),SP,20563,29610720
175,SUP-7133-24,PI,20563,29610720
297,SUP-7133-24,ST,20563,29610720
594,SUP-7133-24,SP,20563,29610720
276,SUP-7133-24,SP,20563,29610720
605,SUP-7133-24,SP,20563,29610720
276,SUP-7133-24,SP,20563,29610720
276,SUP-7133-24,SP,20563,29610720
594,SUP-7133-24,SP,20563,29610720
276,SUP-7133-24,SP,20563,29610720
605,SUP-7133-24,SP,20563,29610720
175,SUP-7133-24,PI,20563,29610720
175,SUP-7133-24,PI,20563,29610720
571,SUP-6806-23,SP,20563,29610720
540,SUP-7593-24,SP,20563,29610720
586,SUP-7813-24,SP,20563,29610720
463,SUP-7813-24,SP,20563,29610720
519,SUP-7813-24,SP,20563,29610720
143,SUP-7813-24,SP,20563,29610720
223,SUP-7813-24,SM / SM.F / SR,20563,29610720
602,SUP-7133-24,SP,20563,29610720
595,SUP-6806-23,ST,20563,29610720
353,SUP-6806-23,ST,20563,29610720
389,SUP-6806-23,ST,20563,29610720
595,SUP-6806-23,ST,20563,29610720
389,SUP-6806-23,ST,20563,29610720
353,SUP-6806-23,ST,20563,29610720
389,SUP-6806-23,ST,20563,29610720
595,SUP-6806-23,ST,20563,29610720
353,SUP-6806-23,ST,20563,29610720
595,SUP-6806-23,ST,20563,29610720
353,SUP-6806-23,ST,20563,29610720
389,SUP-6806-23,ST,20563,29610720
389,SUP-6806-23,ST,20563,29610720
595,SUP-6806-23,ST,20563,29610720
389,SUP-6806-23,ST,20563,29610720
389,SUP-6806-23,ST,20563,29610720
389,SUP-6806-23,ST,20563,29610720
353,SUP-6806-23,ST,20563,29610720
595,SUP-6806-23,ST,20563,29610720
513,SUP-8370-25,ST,20563,29610720
513,SUP-8370-25,ST,20563,29610720
513,SUP-8370-25,ST,20563,29610720
513,SUP-8370-25,ST,20563,29610720
513,SUP-8370-25,ST,20563,29610720
513,SUP-8370-25,ST,20563,29610720
513,SUP-8370-25,ST,20563,29610720
513,SUP-8370-25,ST,20563,29610720
513,SUP-8370-25,ST,20563,29610720
513,SUP-8370-25,ST,20563,29610720
513,SUP-8370-25,ST,20563,29610720
513,SUP-8370-25,ST,20563,29610720
513,SUP-8370-25,ST,20563,29610720
513,SUP-8370-25,ST,20563,29610720
513,SUP-8370-25,ST,20563,29610720
513,SUP-8370-25,ST,20563,29610720
513,SUP-8370-25,ST,20563,29610720
513,SUP-8370-25,ST,20563,29610720
136,SUP-8437-26,SM / SM.F / SR,20563,29610720
373,SUP-8437-26,SM / SM.F / SR,20563,29610720
612,SUP-8437-26,ST,20563,29610720
612,SUP-8437-26,ST,20563,29610720
612,SUP-8437-26,ST,20563,29610720
447,SUP-8437-26,ST,20563,29610720
447,SUP-8437-26,ST,20563,29610720
612,SUP-8437-26,ST,20563,29610720
447,SUP-8437-26,ST,20563,29610720
447,SUP-8437-26,ST,20563,29610720
447,SUP-8437-26,ST,20563,29610720
447,SUP-8437-26,ST,20563,29610720
447,SUP-8437-26,ST,20563,29610720
420,SUP-7128-24,SM / SM.F / SR,20563,29610720
306,SUP-7133-24,SM / SM.F / SR,20563,29610720
164,SUP-8370-25,SM / SM.F / SR,20563,29610720
257,SUP-6830-23,CPTu,20563,29610720
340,SUP-7593-24,SM / SM.F / SR,20563,29610720
224,SUP-7813-24,SP,20563,29610720
520,SUP-7722-24,SM / SM.F / SR,20564,29612160
595,SUP-6806-23,PI,20564,29612160
353,SUP-6806-23,PI,20564,29612160
299,SUP-6806-23,SP,20564,29612160
321,SUP-6806-23,SP,20564,29612160
571,SUP-6806-23,SP,20564,29612160
321,SUP-6806-23,SP,20564,29612160
299,SUP-6806-23,SP,20564,29612160
321,SUP-6806-23,SP,20564,29612160
571,SUP-6806-23,SP,20564,29612160
171,SUP-6806-23,SP,20564,29612160
568,SUP-6806-23,SP,20564,29612160
171,SUP-6806-23,SP,20564,29612160
568,SUP-6806-23,SP,20564,29612160
378,SUP-7722-24,SM / SM.F / SR,20564,29612160
458,SUP-7285-24,ST,20564,29612160
458,SUP-7285-24,ST,20564,29612160
458,SUP-7285-24,ST,20564,29612160
458,SUP-7285-24,ST,20564,29612160
458,SUP-7285-24,ST,20564,29612160
458,SUP-7285-24,ST,20564,29612160
389,SUP-6806-23,PI,20564,29612160
353,SUP-6806-23,PI,20564,29612160
595,SUP-6806-23,PI,20564,29612160
595,SUP-6806-23,PI,20564,29612160
353,SUP-6806-23,PI,20564,29612160
389,SUP-6806-23,PI,20564,29612160
389,SUP-6806-23,PI,20564,29612160
389,SUP-6806-23,PI,20564,29612160
353,SUP-6806-23,PI,20564,29612160
389,SUP-6806-23,PI,20564,29612160
389,SUP-6806-23,PI,20564,29612160
478,SUP-7133-24,SP,20564,29612160
559,SUP-7133-24,SP,20564,29612160
602,SUP-7133-24,SP,20564,29612160
306,SUP-7133-24,SM / SM.F / SR,20564,29612160
329,SUP-8370-25,SP,20564,29612160
600,SUP-EPR_Ametista,ST,20564,29612160
600,SUP-EPR_Ametista,PI,20564,29612160
600,SUP-EPR_Ametista,PI,20564,29612160
600,SUP-EPR_Ametista,PI,20564,29612160
536,SUP-7813-24,SP,20564,29612160
519,SUP-7813-24,SP,20564,29612160
143,SUP-7813-24,SP,20564,29612160
603,SUP-5947-23 (VC),SP,20564,29612160
577,SUP-5947-23 (VC),SP,20564,29612160
603,SUP-5947-23 (VC),SP,20564,29612160
577,SUP-5947-23 (VC),SP,20564,29612160
603,SUP-5947-23 (VC),SP,20564,29612160
603,SUP-5947-23 (VC),SP,20564,29612160
603,SUP-5947-23 (VC),SP,20564,29612160
603,SUP-5947-23 (VC),SP,20564,29612160
603,SUP-5947-23 (VC),SP,20564,29612160
577,SUP-5947-23 (VC),SP,20564,29612160
297,SUP-7133-24,ST,20564,29612160
297,SUP-7133-24,ST,20564,29612160
175,SUP-7133-24,PI,20564,29612160
560,SUP-7133-24,SP,20564,29612160
297,SUP-7133-24,ST,20564,29612160
175,SUP-7133-24,PI,20564,29612160
605,SUP-7133-24,SP,20564,29612160
594,SUP-7133-24,SP,20564,29612160
276,SUP-7133-24,SP,20564,29612160
605,SUP-7133-24,SP,20564,29612160
594,SUP-7133-24,SP,20564,29612160
175,SUP-7133-24,PI,20564,29612160
175,SUP-7133-24,PI,20564,29612160
143,SUP-7813-24,SP,20564,29612160
582,SUP-7813-24,SP,20564,29612160
463,SUP-7813-24,SP,20564,29612160
463,SUP-7813-24,SP,20564,29612160
582,SUP-7813-24,SP,20564,29612160
341,SUP-6806-23,SM / SM.F / SR,20564,29612160
602,SUP-7133-24,SP,20564,29612160
602,SUP-7133-24,SP,20564,29612160
612,SUP-8437-26,ST,20564,29612160
612,SUP-8437-26,ST,20564,29612160
612,SUP-8437-26,ST,20564,29612160
612,SUP-8437-26,ST,20564,29612160
447,SUP-8437-26,ST,20564,29612160
447,SUP-8437-26,ST,20564,29612160
447,SUP-8437-26,ST,20564,29612160
447,SUP-8437-26,ST,20564,29612160
154,SUP-7128-24,SP,20564,29612160
405,SUP-7128-24,SM / SM.F / SR,20564,29612160
121,SUP-6498-23,SM / SM.F / SR,20564,29612160
286,SUP-7813-24,SM / SM.F / SR,20564,29612160
428,SUP-7813-24,SM / SM.F / SR,20564,29612160
535,SUP-7128-24,SM / SM.F / SR,20564,29612160
571,SUP-6806-23,SP,20565,29613600
299,SUP-6806-23,SP,20565,29613600
321,SUP-6806-23,SP,20565,29613600
571,SUP-6806-23,SP,20565,29613600
603,SUP-5947-23 (VC),SP,20565,29613600
171,SUP-6806-23,SP,20565,29613600
568,SUP-6806-23,SP,20565,29613600
458,SUP-7285-24,ST,20565,29613600
458,SUP-7285-24,ST,20565,29613600
458,SUP-7285-24,ST,20565,29613600
458,SUP-7285-24,ST,20565,29613600
458,SUP-7285-24,ST,20565,29613600
478,SUP-7133-24,SP,20565,29613600
559,SUP-7133-24,SP,20565,29613600
478,SUP-7133-24,SP,20565,29613600
587,SUP-7769-24,SP,20565,29613600
600,SUP-EPR_Ametista,ST,20565,29613600
600,SUP-EPR_Ametista,ST,20565,29613600
600,SUP-EPR_Ametista,PI,20565,29613600
600,SUP-EPR_Ametista,ST,20565,29613600
600,SUP-EPR_Ametista,PI,20565,29613600
536,SUP-7813-24,SP,20565,29613600
577,SUP-5947-23 (VC),SP,20565,29613600
577,SUP-5947-23 (VC),SP,20565,29613600
577,SUP-5947-23 (VC),SP,20565,29613600
577,SUP-5947-23 (VC),SP,20565,29613600
577,SUP-5947-23 (VC),SP,20565,29613600
175,SUP-7133-24,PI,20565,29613600
612,SUP-7133-24,ST,20565,29613600
612,SUP-7133-24,ST,20565,29613600
447,SUP-7133-24,ST,20565,29613600
594,SUP-7133-24,SP,20565,29613600
605,SUP-7133-24,SP,20565,29613600
276,SUP-7133-24,SP,20565,29613600
594,SUP-7133-24,SP,20565,29613600
594,SUP-7133-24,SP,20565,29613600
605,SUP-7133-24,SP,20565,29613600
276,SUP-7133-24,SP,20565,29613600
463,SUP-7813-24,SP,20565,29613600
519,SUP-7813-24,SP,20565,29613600
361,SUP-7813-24,SP,20565,29613600
409,SUP-7813-24,SP,20565,29613600
224,SUP-7813-24,SP,20565,29613600
582,SUP-7813-24,SP,20565,29613600
612,SUP-7133-24,ST,20565,29613600
447,SUP-7133-24,ST,20565,29613600
612,SUP-7133-24,ST,20565,29613600
612,SUP-7133-24,ST,20565,29613600
612,SUP-7133-24,ST,20565,29613600
447,SUP-7133-24,ST,20565,29613600
447,SUP-7133-24,ST,20565,29613600
353,SUP-6806-23,ST,20565,29613600
353,SUP-6806-23,ST,20565,29613600
389,SUP-6806-23,ST,20565,29613600
389,SUP-6806-23,ST,20565,29613600
513,SUP-8370-25,ST,20565,29613600
513,SUP-8370-25,ST,20565,29613600
513,SUP-8370-25,ST,20565,29613600
513,SUP-8370-25,ST,20565,29613600
513,SUP-8370-25,ST,20565,29613600
513,SUP-8370-25,ST,20565,29613600
513,SUP-8370-25,ST,20565,29613600
513,SUP-8370-25,ST,20565,29613600
513,SUP-8370-25,ST,20565,29613600
513,SUP-8370-25,ST,20565,29613600
513,SUP-8370-25,ST,20565,29613600
513,SUP-8370-25,ST,20565,29613600
513,SUP-8370-25,ST,20565,29613600
513,SUP-8370-25,ST,20565,29613600
513,SUP-8370-25,ST,20565,29613600
513,SUP-8370-25,ST,20565,29613600
513,SUP-8370-25,ST,20565,29613600
513,SUP-8370-25,ST,20565,29613600
136,SUP-8437-26,SM / SM.F / SR,20565,29613600
373,SUP-8437-26,SM / SM.F / SR,20565,29613600
455,SUP-8437-26,SM / SM.F / SR,20565,29613600
154,SUP-7128-24,SP,20565,29613600
154,SUP-7128-24,SP,20565,29613600
353,SUP-6806-23,ST,20565,29613600
389,SUP-6806-23,ST,20565,29613600
353,SUP-6806-23,ST,20565,29613600
389,SUP-6806-23,ST,20565,29613600
353,SUP-6806-23,ST,20565,29613600
389,SUP-6806-23,ST,20565,29613600
389,SUP-6806-23,ST,20565,29613600
353,SUP-6806-23,ST,20565,29613600
353,SUP-6806-23,ST,20565,29613600
389,SUP-6806-23,ST,20565,29613600
353,SUP-6806-23,ST,20565,29613600
389,SUP-6806-23,ST,20565,29613600
389,SUP-6806-23,ST,20565,29613600
353,SUP-6806-23,ST,20565,29613600
389,SUP-6806-23,ST,20565,29613600
353,SUP-6806-23,ST,20565,29613600
353,SUP-6806-23,ST,20565,29613600
389,SUP-6806-23,ST,20565,29613600
353,SUP-6806-23,ST,20565,29613600
389,SUP-6806-23,ST,20565,29613600
353,SUP-6806-23,ST,20565,29613600
353,SUP-6806-23,ST,20565,29613600
353,SUP-6806-23,ST,20565,29613600
509,SUP-7128-24,SM / SM.F / SR,20565,29613600
26,SUP-6498-23,SM / SM.F / SR,20565,29613600
589,SUP-EPR_Ametista,SP,20565,29613600
59,SUP-7128-24,SM / SM.F / SR,20565,29613600
79,SUP-7128-24,SM / SM.F / SR,20565,29613600
602,SUP-7133-24,SP,20565,29613600
297,SUP-7133-24,ST,20565,29613600
297,SUP-7133-24,ST,20565,29613600
216,SUP-7133-24,SM / SM.F / SR,20565,29613600
602,SUP-7133-24,SP,20565,29613600
297,SUP-7133-24,ST,20565,29613600
299,SUP-6806-23,SP,20566,29615040
299,SUP-6806-23,SP,20566,29615040
321,SUP-6806-23,SP,20566,29615040
577,SUP-5947-23 (VC),SP,20566,29615040
603,SUP-5947-23 (VC),SP,20566,29615040
568,SUP-6806-23,SP,20566,29615040
171,SUP-6806-23,SP,20566,29615040
568,SUP-6806-23,SP,20566,29615040
458,SUP-7285-24,ST,20566,29615040
210,SUP-6498-23,SM / SM.F / SR,20566,29615040
389,SUP-6806-23,PI,20566,29615040
389,SUP-6806-23,PI,20566,29615040
389,SUP-6806-23,PI,20566,29615040
389,SUP-6806-23,PI,20566,29615040
389,SUP-6806-23,PI,20566,29615040
478,SUP-7133-24,SP,20566,29615040
559,SUP-7133-24,SP,20566,29615040
600,SUP-EPR_Ametista,PI,20566,29615040
594,SUP-7133-24,SP,20566,29615040
276,SUP-7133-24,SP,20566,29615040
594,SUP-7133-24,SP,20566,29615040
594,SUP-7133-24,SP,20566,29615040
577,SUP-5947-23 (VC),SP,20566,29615040
577,SUP-5947-23 (VC),SP,20566,29615040
175,SUP-7133-24,PI,20566,29615040
612,SUP-7133-24,ST,20566,29615040
447,SUP-7133-24,ST,20566,29615040
612,SUP-7133-24,ST,20566,29615040
447,SUP-7133-24,ST,20566,29615040
612,SUP-7133-24,ST,20566,29615040
447,SUP-7133-24,ST,20566,29615040
612,SUP-7133-24,ST,20566,29615040
447,SUP-7133-24,ST,20566,29615040
612,SUP-7133-24,ST,20566,29615040
175,SUP-7133-24,PI,20566,29615040
175,SUP-7133-24,PI,20566,29615040
571,SUP-6806-23,SP,20566,29615040
536,SUP-7813-24,SP,20566,29615040
586,SUP-7813-24,SP,20566,29615040
513,SUP-8370-25,ST,20566,29615040
513,SUP-8370-25,ST,20566,29615040
321,SUP-6806-23,SP,20566,29615040
455,SUP-8437-26,SM / SM.F / SR,20566,29615040
154,SUP-7128-24,SP,20566,29615040
600,SUP-7128-24,PI,20566,29615040
600,SUP-7128-24,PI,20566,29615040
595,SUP-6806-23,ST,20566,29615040
595,SUP-6806-23,ST,20566,29615040
595,SUP-6806-23,ST,20566,29615040
595,SUP-6806-23,ST,20566,29615040
595,SUP-6806-23,ST,20566,29615040
595,SUP-6806-23,ST,20566,29615040
595,SUP-6806-23,ST,20566,29615040
595,SUP-6806-23,ST,20566,29615040
595,SUP-6806-23,ST,20566,29615040
595,SUP-6806-23,ST,20566,29615040
595,SUP-6806-23,ST,20566,29615040
561,SUP-7133-24,SM / SM.F / SR,20566,29615040
605,SUP-7133-24,SP,20566,29615040
605,SUP-7133-24,SP,20566,29615040
605,SUP-7133-24,SP,20566,29615040
605,SUP-7133-24,SP,20566,29615040
605,SUP-7133-24,SP,20566,29615040
164,SUP-8370-25,SM / SM.F / SR,20566,29615040
447,SUP-7133-24,ST,20566,29615040
447,SUP-7133-24,ST,20566,29615040
447,SUP-7133-24,ST,20566,29615040
447,SUP-7133-24,ST,20566,29615040
286,SUP-7813-24,SM / SM.F / SR,20566,29615040
585,SUP-7128-24,SM / SM.F / SR,20566,29615040
175,SUP-7133-24,ST,20566,29615040
531,SUP-7133-24,SP,20566,29615040
297,SUP-7133-24,BL,20566,29615040
378,SUP-7722-24,SM / SM.F / SR,20567,29616480
321,SUP-6806-23,SP,20567,29616480
571,SUP-6806-23,SP,20567,29616480
571,SUP-6806-23,SP,20567,29616480
571,SUP-6806-23,SP,20567,29616480
571,SUP-6806-23,SP,20567,29616480
571,SUP-6806-23,SP,20567,29616480
603,SUP-5947-23 (VC),SP,20567,29616480
603,SUP-5947-23 (VC),SP,20567,29616480
603,SUP-5947-23 (VC),SP,20567,29616480
577,SUP-5947-23 (VC),SP,20567,29616480
603,SUP-5947-23 (VC),SP,20567,29616480
257,SUP-6830-23,CPTu,20567,29616480
601,SUP-8370-25,SP,20567,29616480
607,SUP-8370-25,SP,20567,29616480
389,SUP-6806-23,PI,20567,29616480
389,SUP-6806-23,PI,20567,29616480
389,SUP-6806-23,PI,20567,29616480
389,SUP-8187-25,PI,20567,29616480
559,SUP-7133-24,SP,20567,29616480
478,SUP-7133-24,SP,20567,29616480
409,SUP-7813-24,SP,20567,29616480
276,SUP-7133-24,SP,20567,29616480
594,SUP-7133-24,SP,20567,29616480
605,SUP-7133-24,SP,20567,29616480
276,SUP-7133-24,SP,20567,29616480
605,SUP-7133-24,SP,20567,29616480
594,SUP-7133-24,SP,20567,29616480
276,SUP-7133-24,SP,20567,29616480
612,SUP-7133-24,ST,20567,29616480
612,SUP-7133-24,ST,20567,29616480
447,SUP-7133-24,ST,20567,29616480
612,SUP-7133-24,ST,20567,29616480
447,SUP-7133-24,ST,20567,29616480
612,SUP-7133-24,ST,20567,29616480
447,SUP-7133-24,ST,20567,29616480
612,SUP-7133-24,ST,20567,29616480
447,SUP-7133-24,ST,20567,29616480
612,SUP-7133-24,ST,20567,29616480
612,SUP-7133-24,ST,20567,29616480
447,SUP-7133-24,ST,20567,29616480
612,SUP-7133-24,ST,20567,29616480
447,SUP-7133-24,ST,20567,29616480
612,SUP-7133-24,ST,20567,29616480
447,SUP-7133-24,ST,20567,29616480
612,SUP-7133-24,ST,20567,29616480
447,SUP-7133-24,ST,20567,29616480
447,SUP-7133-24,ST,20567,29616480
447,SUP-7133-24,ST,20567,29616480
568,SUP-6806-23,SP,20567,29616480
171,SUP-6806-23,SP,20567,29616480
536,SUP-7813-24,SP,20567,29616480
536,SUP-7813-24,SP,20567,29616480
536,SUP-7813-24,SP,20567,29616480
224,SUP-7813-24,SP,20567,29616480
513,SUP-8370-25,ST,20567,29616480
513,SUP-8370-25,ST,20567,29616480
513,SUP-8370-25,ST,20567,29616480
513,SUP-8370-25,ST,20567,29616480
513,SUP-8370-25,ST,20567,29616480
513,SUP-8370-25,ST,20567,29616480
513,SUP-8370-25,ST,20567,29616480
513,SUP-8370-25,ST,20567,29616480
513,SUP-8370-25,ST,20567,29616480
513,SUP-8370-25,ST,20567,29616480
513,SUP-8370-25,ST,20567,29616480
513,SUP-8370-25,ST,20567,29616480
513,SUP-8370-25,ST,20567,29616480
513,SUP-8370-25,ST,20567,29616480
513,SUP-8370-25,ST,20567,29616480
513,SUP-8370-25,ST,20567,29616480
612,SUP-7133-24,ST,20567,29616480
612,SUP-7133-24,ST,20567,29616480
612,SUP-7133-24,ST,20567,29616480
612,SUP-7133-24,ST,20567,29616480
143,SUP-7813-24,SP,20567,29616480
143,SUP-7813-24,SP,20567,29616480
341,SUP-6806-23,SM / SM.F / SR,20567,29616480
175,SUP-7133-24,PI,20567,29616480
321,SUP-6806-23,SP,20567,29616480
537,SUP-8437-26,SM / SM.F / SR,20567,29616480
455,SUP-8437-26,SM / SM.F / SR,20567,29616480
136,SUP-8437-26,SM / SM.F / SR,20567,29616480
136,SUP-8437-26,SM / SM.F / SR,20567,29616480
373,SUP-8437-26,SM / SM.F / SR,20567,29616480
154,SUP-7128-24,SP,20567,29616480
154,SUP-7128-24,SP,20567,29616480
353,SUP-6806-23,ST,20567,29616480
353,SUP-6806-23,ST,20567,29616480
353,SUP-6806-23,ST,20567,29616480
353,SUP-6806-23,ST,20567,29616480
353,SUP-6806-23,ST,20567,29616480
353,SUP-6806-23,ST,20567,29616480
353,SUP-6806-23,ST,20567,29616480
353,SUP-6806-23,ST,20567,29616480
353,SUP-6806-23,ST,20567,29616480
589,SUP-7768-24,SP,20567,29616480
589,SUP-7768-24,SP,20567,29616480
164,SUP-8370-25,SM / SM.F / SR,20567,29616480
164,SUP-8370-25,SM / SM.F / SR,20567,29616480
223,SUP-7813-24,SM / SM.F / SR,20567,29616480
59,SUP-7128-24,SM / SM.F / SR,20567,29616480
306,SUP-7133-24,SM / SM.F / SR,20567,29616480
216,SUP-7133-24,SM / SM.F / SR,20567,29616480
602,SUP-7133-24,SP,20567,29616480
531,SUP-7133-24,SP,20567,29616480
428,SUP-7813-24,SM / SM.F / SR,20567,29616480
79,SUP-7128-24,SM / SM.F / SR,20567,29616480
378,SUP-7722-24,SM / SM.F / SR,20568,29617920
299,SUP-6806-23,SP,20568,29617920
568,SUP-6806-23,SP,20568,29617920
571,SUP-6806-23,SP,20568,29617920
321,SUP-6806-23,SP,20568,29617920
299,SUP-6806-23,SP,20568,29617920
321,SUP-6806-23,SP,20568,29617920
571,SUP-6806-23,SP,20568,29617920
575,SUP-7285-24,ST,20568,29617920
575,SUP-7285-24,ST,20568,29617920
575,SUP-7285-24,ST,20568,29617920
575,SUP-7285-24,ST,20568,29617920
520,SUP-7722-24,SM / SM.F / SR,20568,29617920
257,SUP-6830-23,CPTu,20568,29617920
353,SUP-6806-23,PI,20568,29617920
595,SUP-6806-23,PI,20568,29617920
389,SUP-6806-23,PI,20568,29617920
389,SUP-6806-23,PI,20568,29617920
389,SUP-6806-23,PI,20568,29617920
353,SUP-6806-23,PI,20568,29617920
595,SUP-6806-23,PI,20568,29617920
478,SUP-7133-24,SP,20568,29617920
559,SUP-7133-24,SP,20568,29617920
175,SUP-7133-24,PI,20568,29617920
175,SUP-7133-24,PI,20568,29617920
175,SUP-7133-24,PI,20568,29617920
361,SUP-7813-24,SP,20568,29617920
586,SUP-7813-24,SP,20568,29617920
224,SUP-7813-24,SP,20568,29617920
276,SUP-7133-24,SP,20568,29617920
605,SUP-7133-24,SP,20568,29617920
594,SUP-7133-24,SP,20568,29617920
605,SUP-7133-24,SP,20568,29617920
276,SUP-7133-24,SP,20568,29617920
594,SUP-7133-24,SP,20568,29617920
603,SUP-5947-23 (VC),SP,20568,29617920
577,SUP-5947-23 (VC),SP,20568,29617920
612,SUP-7133-24,ST,20568,29617920
447,SUP-7133-24,ST,20568,29617920
612,SUP-7133-24,ST,20568,29617920
447,SUP-7133-24,ST,20568,29617920
612,SUP-7133-24,ST,20568,29617920
612,SUP-7133-24,ST,20568,29617920
447,SUP-7133-24,ST,20568,29617920
612,SUP-7133-24,ST,20568,29617920
447,SUP-7133-24,ST,20568,29617920
612,SUP-7133-24,ST,20568,29617920
447,SUP-7133-24,ST,20568,29617920
447,SUP-7133-24,ST,20568,29617920
612,SUP-7133-24,ST,20568,29617920
447,SUP-7133-24,ST,20568,29617920
612,SUP-7133-24,ST,20568,29617920
447,SUP-7133-24,ST,20568,29617920
612,SUP-7133-24,ST,20568,29617920
447,SUP-7133-24,ST,20568,29617920
612,SUP-7133-24,ST,20568,29617920
447,SUP-7133-24,ST,20568,29617920
612,SUP-7133-24,ST,20568,29617920
612,SUP-7133-24,ST,20568,29617920
447,SUP-7133-24,ST,20568,29617920
171,SUP-6806-23,SP,20568,29617920
536,SUP-7813-24,SP,20568,29617920
536,SUP-7813-24,SP,20568,29617920
513,SUP-8370-25,ST,20568,29617920
513,SUP-8370-25,ST,20568,29617920
513,SUP-8370-25,ST,20568,29617920
513,SUP-8370-25,ST,20568,29617920
513,SUP-8370-25,ST,20568,29617920
513,SUP-8370-25,ST,20568,29617920
513,SUP-8370-25,ST,20568,29617920
513,SUP-8370-25,ST,20568,29617920
513,SUP-8370-25,ST,20568,29617920
513,SUP-8370-25,ST,20568,29617920
513,SUP-8370-25,ST,20568,29617920
513,SUP-8370-25,ST,20568,29617920
513,SUP-8370-25,ST,20568,29617920
143,SUP-7813-24,SP,20568,29617920
286,SUP-7813-24,SH,20568,29617920
353,SUP-6806-23,ST,20568,29617920
595,SUP-6806-23,ST,20568,29617920
353,SUP-6806-23,ST,20568,29617920
595,SUP-6806-23,ST,20568,29617920
353,SUP-6806-23,ST,20568,29617920
595,SUP-6806-23,ST,20568,29617920
353,SUP-6806-23,ST,20568,29617920
589,SUP-7768-24,SP,20568,29617920
164,SUP-8370-25,SM / SM.F / SR,20568,29617920
364,SUP-6498-23,SM / SM.F / SR,20568,29617920
517,SUP-6498-23,SM / SM.F / SR,20568,29617920
512,SUP-7128-24,SM / SM.F / SR,20568,29617920
560,SUP-7133-24,SP,20568,29617920
602,SUP-7133-24,SP,20568,29617920
561,SUP-7133-24,SM / SM.F / SR,20568,29617920
297,SUP-8319-26,SH,20568,29617920
297,SUP-8319-26,CPTu,20568,29617920
297,SUP-8319-26,VT,20568,29617920
154,SUP-7128-24,SP,20568,29617920
513,SUP-8370-25,ST,20568,29617920
364,SUP-6498-23,SM / SM.F / SR,20568,29617920
517,SUP-6498-23,SM / SM.F / SR,20568,29617920
171,SUP-6806-23,SP,20569,29619360
571,SUP-6806-23,SP,20569,29619360
568,SUP-6806-23,SP,20569,29619360
321,SUP-6806-23,SP,20569,29619360
299,SUP-6806-23,SP,20569,29619360
321,SUP-6806-23,SP,20569,29619360
571,SUP-6806-23,SP,20569,29619360
575,SUP-7285-24,ST,20569,29619360
575,SUP-7285-24,ST,20569,29619360
575,SUP-7285-24,ST,20569,29619360
575,SUP-7285-24,ST,20569,29619360
575,SUP-7285-24,ST,20569,29619360
595,SUP-6806-23,PI,20569,29619360
353,SUP-6806-23,PI,20569,29619360
389,SUP-6806-23,PI,20569,29619360
389,SUP-6806-23,PI,20569,29619360
389,SUP-6806-23,PI,20569,29619360
389,SUP-6806-23,PI,20569,29619360
353,SUP-6806-23,PI,20569,29619360
353,SUP-6806-23,PI,20569,29619360
595,SUP-6806-23,PI,20569,29619360
353,SUP-6806-23,PI,20569,29619360
595,SUP-6806-23,PI,20569,29619360
389,SUP-6806-23,PI,20569,29619360
389,SUP-6806-23,PI,20569,29619360
559,SUP-7133-24,SP,20569,29619360
478,SUP-7133-24,SP,20569,29619360
175,SUP-7133-24,PI,20569,29619360
175,SUP-7133-24,PI,20569,29619360
175,SUP-7133-24,PI,20569,29619360
586,SUP-7813-24,SP,20569,29619360
603,SUP-5947-23 (VC),SP,20569,29619360
577,SUP-5947-23 (VC),SP,20569,29619360
577,SUP-5947-23 (VC),SP,20569,29619360
603,SUP-5947-23 (VC),SP,20569,29619360
447,SUP-7133-24,ST,20569,29619360
612,SUP-7133-24,ST,20569,29619360
447,SUP-7133-24,ST,20569,29619360
612,SUP-7133-24,ST,20569,29619360
612,SUP-7133-24,ST,20569,29619360
447,SUP-7133-24,ST,20569,29619360
612,SUP-7133-24,ST,20569,29619360
447,SUP-7133-24,ST,20569,29619360
612,SUP-7133-24,ST,20569,29619360
612,SUP-7133-24,ST,20569,29619360
447,SUP-7133-24,ST,20569,29619360
171,SUP-6806-23,SP,20569,29619360
361,SUP-7813-24,SP,20569,29619360
513,SUP-8370-25,ST,20569,29619360
513,SUP-8370-25,ST,20569,29619360
513,SUP-8370-25,ST,20569,29619360
513,SUP-8370-25,ST,20569,29619360
143,SUP-7813-24,SP,20569,29619360
373,SUP-8437-26,SM / SM.F / SR,20569,29619360
154,SUP-7128-24,SP,20569,29619360
405,SUP-7128-24,SM / SM.F / SR,20569,29619360
589,SUP-7768-24,SP,20569,29619360
164,SUP-8370-25,SM / SM.F / SR,20569,29619360
164,SUP-8370-25,SM / SM.F / SR,20569,29619360
26,SUP-6498-23,SM / SM.F / SR,20569,29619360
121,SUP-6498-23,SM / SM.F / SR,20569,29619360
257,SUP-6830-23,CPTu,20569,29619360
257,SUP-6830-23,CPTu,20569,29619360
297,SUP-8319-26,CPTu,20569,29619360
297,SUP-8319-26,VT,20569,29619360
405,SUP-7128-24,SM / SM.F / SR,20569,29619360
26,SUP-6498-23,SM / SM.F / SR,20569,29619360
389,SUP-6806-23,PI,20570,29620800
478,SUP-7133-24,SP,20570,29620800
559,SUP-7133-24,SP,20570,29620800
175,SUP-7133-24,PI,20570,29620800
175,SUP-7133-24,PI,20570,29620800
175,SUP-7133-24,PI,20570,29620800
257,SUP-6830-23,ST,20570,29620800
257,SUP-6830-23,ST,20570,29620800
257,SUP-6830-23,ST,20570,29620800
577,SUP-5947-23 (VC),SP,20570,29620800
603,SUP-5947-23 (VC),SP,20570,29620800
603,SUP-5947-23 (VC),SP,20570,29620800
603,SUP-5947-23 (VC),SP,20570,29620800
577,SUP-5947-23 (VC),SP,20570,29620800
603,SUP-5947-23 (VC),SP,20570,29620800
603,SUP-5947-23 (VC),SP,20570,29620800
603,SUP-5947-23 (VC),SP,20570,29620800
577,SUP-5947-23 (VC),SP,20570,29620800
586,SUP-7813-24,SP,20570,29620800
361,SUP-7813-24,SP,20570,29620800
605,SUP-7133-24,SP,20570,29620800
594,SUP-7133-24,SP,20570,29620800
276,SUP-7133-24,SP,20570,29620800
605,SUP-7133-24,SP,20570,29620800
594,SUP-7133-24,SP,20570,29620800
612,SUP-7133-24,ST,20570,29620800
612,SUP-7133-24,ST,20570,29620800
612,SUP-7133-24,ST,20570,29620800
612,SUP-7133-24,ST,20570,29620800
612,SUP-7133-24,ST,20570,29620800
447,SUP-7133-24,ST,20570,29620800
612,SUP-7133-24,ST,20570,29620800
447,SUP-7133-24,ST,20570,29620800
612,SUP-7133-24,ST,20570,29620800
447,SUP-7133-24,ST,20570,29620800
612,SUP-7133-24,ST,20570,29620800
447,SUP-7133-24,ST,20570,29620800
447,SUP-7133-24,ST,20570,29620800
612,SUP-7133-24,ST,20570,29620800
447,SUP-7133-24,ST,20570,29620800
536,SUP-7813-24,SP,20570,29620800
143,SUP-7813-24,SP,20570,29620800
519,SUP-7813-24,SP,20570,29620800
513,SUP-8370-25,ST,20570,29620800
513,SUP-8370-25,ST,20570,29620800
513,SUP-8370-25,ST,20570,29620800
513,SUP-8370-25,ST,20570,29620800
447,SUP-7133-24,ST,20570,29620800
447,SUP-7133-24,ST,20570,29620800
447,SUP-7133-24,ST,20570,29620800
447,SUP-7133-24,ST,20570,29620800
447,SUP-7133-24,ST,20570,29620800
447,SUP-7133-24,ST,20570,29620800
612,SUP-7133-24,ST,20570,29620800
447,SUP-7133-24,ST,20570,29620800
537,SUP-8437-26,SM / SM.F / SR,20570,29620800
455,SUP-8437-26,SM / SM.F / SR,20570,29620800
154,SUP-7128-24,SP,20570,29620800
353,SUP-6806-23,ST,20570,29620800
595,SUP-6806-23,ST,20570,29620800
595,SUP-6806-23,ST,20570,29620800
353,SUP-6806-23,ST,20570,29620800
595,SUP-6806-23,ST,20570,29620800
353,SUP-6806-23,ST,20570,29620800
595,SUP-6806-23,ST,20570,29620800
353,SUP-6806-23,ST,20570,29620800
362,SUP-7128-24,SM / SM.F / SR,20570,29620800
509,SUP-7128-24,SM / SM.F / SR,20570,29620800
589,SUP-7768-24,SP,20570,29620800
164,SUP-8370-25,SM / SM.F / SR,20570,29620800
223,SUP-7813-24,SM / SM.F / SR,20570,29620800
224,SUP-7813-24,SM / SM.F / SR,20570,29620800
297,SUP-8319-26,CPTu,20570,29620800
297,SUP-8319-26,VT,20570,29620800
509,SUP-7128-24,SM / SM.F / SR,20570,29620800
224,SUP-7813-24,SM / SM.F / SR,20570,29620800
378,SUP-7722-24,SM / SM.F / SR,20571,29622240
299,SUP-6806-23,SP,20571,29622240
571,SUP-6806-23,SP,20571,29622240
321,SUP-6806-23,SP,20571,29622240
520,SUP-7722-24,SM / SM.F / SR,20571,29622240
389,SUP-6806-23,PI,20571,29622240
389,SUP-6806-23,PI,20571,29622240
389,SUP-6806-23,PI,20571,29622240
568,SUP-6806-23,SP,20571,29622240
175,SUP-7133-24,PI,20571,29622240
603,SUP-5947-23 (VC),SP,20571,29622240
577,SUP-5947-23 (VC),SP,20571,29622240
577,SUP-5947-23 (VC),SP,20571,29622240
603,SUP-5947-23 (VC),SP,20571,29622240
586,SUP-7813-24,SP,20571,29622240
594,SUP-7133-24,SP,20571,29622240
612,SUP-7133-24,ST,20571,29622240
612,SUP-7133-24,ST,20571,29622240
612,SUP-7133-24,ST,20571,29622240
612,SUP-7133-24,ST,20571,29622240
575,SUP-7813-24,ST,20571,29622240
575,SUP-7813-24,ST,20571,29622240
575,SUP-7813-24,ST,20571,29622240
575,SUP-7813-24,ST,20571,29622240
575,SUP-7813-24,ST,20571,29622240
575,SUP-7813-24,ST,20571,29622240
513,SUP-8370-25,ST,20571,29622240
513,SUP-8370-25,ST,20571,29622240
513,SUP-8370-25,ST,20571,29622240
513,SUP-8370-25,ST,20571,29622240
513,SUP-8370-25,ST,20571,29622240
513,SUP-8370-25,ST,20571,29622240
513,SUP-8370-25,ST,20571,29622240
513,SUP-8370-25,ST,20571,29622240
513,SUP-8370-25,ST,20571,29622240
513,SUP-8370-25,ST,20571,29622240
513,SUP-8370-25,ST,20571,29622240
513,SUP-8370-25,ST,20571,29622240
513,SUP-8370-25,ST,20571,29622240
513,SUP-8370-25,ST,20571,29622240
513,SUP-8370-25,ST,20571,29622240
513,SUP-8370-25,ST,20571,29622240
447,SUP-7133-24,ST,20571,29622240
447,SUP-7133-24,ST,20571,29622240
447,SUP-7133-24,ST,20571,29622240
447,SUP-7133-24,ST,20571,29622240
447,SUP-7133-24,ST,20571,29622240
447,SUP-7133-24,ST,20571,29622240
447,SUP-7133-24,ST,20571,29622240
447,SUP-7133-24,ST,20571,29622240
447,SUP-7133-24,ST,20571,29622240
447,SUP-7133-24,ST,20571,29622240
447,SUP-7133-24,ST,20571,29622240
447,SUP-7133-24,ST,20571,29622240
447,SUP-7133-24,ST,20571,29622240
154,SUP-7128-24,SP,20571,29622240
595,SUP-6806-23,ST,20571,29622240
353,SUP-6806-23,ST,20571,29622240
595,SUP-6806-23,ST,20571,29622240
353,SUP-6806-23,ST,20571,29622240
353,SUP-6806-23,ST,20571,29622240
595,SUP-6806-23,ST,20571,29622240
595,SUP-6806-23,ST,20571,29622240
353,SUP-6806-23,ST,20571,29622240
595,SUP-6806-23,ST,20571,29622240
353,SUP-6806-23,ST,20571,29622240
353,SUP-6806-23,ST,20571,29622240
595,SUP-6806-23,ST,20571,29622240
595,SUP-6806-23,ST,20571,29622240
353,SUP-6806-23,ST,20571,29622240
353,SUP-6806-23,ST,20571,29622240
595,SUP-6806-23,ST,20571,29622240
595,SUP-6806-23,ST,20571,29622240
353,SUP-6806-23,ST,20571,29622240
389,SUP-6806-23,ST,20571,29622240
595,SUP-6806-23,ST,20571,29622240
353,SUP-6806-23,ST,20571,29622240
420,SUP-7128-24,SM / SM.F / SR,20571,29622240
589,SUP-7768-24,SP,20571,29622240
361,SUP-7813-24,SP,20571,29622240
210,SUP-6498-23,SM / SM.F / SR,20571,29622240
340,SUP-7813-24,SM / SM.F / SR,20571,29622240
588,SUP-7813-24,SM / SM.F / SR,20571,29622240
540,SUP-7813-24,SM / SM.F / SR,20571,29622240
337,SUP-7770-24,SP,20571,29622240
79,SUP-7128-24,SM / SM.F / SR,20571,29622240
428,SUP-7813-24,SM / SM.F / SR,20571,29622240
297,SUP-8319-26,VT,20571,29622240
297,SUP-8319-26,CPTu,20571,29622240
378,SUP-7722-24,SM / SM.F / SR,20571,29622240
420,SUP-7128-24,SM / SM.F / SR,20571,29622240
210,SUP-6498-23,SM / SM.F / SR,20571,29622240
540,SUP-7813-24,SM / SM.F / SR,20571,29622240
588,SUP-7813-24,SM / SM.F / SR,20571,29622240
340,SUP-7813-24,SM / SM.F / SR,20571,29622240
79,SUP-7128-24,SM / SM.F / SR,20571,29622240
428,SUP-7813-24,SM / SM.F / SR,20571,29622240
299,SUP-6806-23,SP,20572,29623680
321,SUP-6806-23,SP,20572,29623680
571,SUP-6806-23,SP,20572,29623680
577,SUP-5947-23 (VC),SP,20572,29623680
257,SUP-6830-23,CPTu,20572,29623680
389,SUP-8187-25,PI,20572,29623680
389,SUP-8187-25,PI,20572,29623680
603,SUP-5947-23 (VC),SP,20572,29623680
603,SUP-5947-23 (VC),SP,20572,29623680
603,SUP-5947-23 (VC),SP,20572,29623680
603,SUP-5947-23 (VC),SP,20572,29623680
409,SUP-7813-24,SP,20572,29623680
575,SUP-7813-24,ST,20572,29623680
575,SUP-7813-24,ST,20572,29623680
575,SUP-7813-24,ST,20572,29623680
575,SUP-7813-24,ST,20572,29623680
575,SUP-7813-24,ST,20572,29623680
575,SUP-7813-24,ST,20572,29623680
513,SUP-8370-25,ST,20572,29623680
513,SUP-8370-25,ST,20572,29623680
513,SUP-8370-25,ST,20572,29623680
513,SUP-8370-25,ST,20572,29623680
513,SUP-8370-25,ST,20572,29623680
513,SUP-8370-25,ST,20572,29623680
513,SUP-8370-25,ST,20572,29623680
513,SUP-8370-25,ST,20572,29623680
513,SUP-8370-25,ST,20572,29623680
513,SUP-8370-25,ST,20572,29623680
513,SUP-8370-25,ST,20572,29623680
513,SUP-8370-25,ST,20572,29623680
447,SUP-7133-24,ST,20572,29623680
447,SUP-7133-24,ST,20572,29623680
447,SUP-7133-24,ST,20572,29623680
447,SUP-7133-24,ST,20572,29623680
447,SUP-7133-24,ST,20572,29623680
447,SUP-7133-24,ST,20572,29623680
447,SUP-7133-24,ST,20572,29623680
447,SUP-7133-24,ST,20572,29623680
286,SUP-7813-24,SH,20572,29623680
341,SUP-6806-23,SM / SM.F / SR,20572,29623680
154,SUP-7128-24,SP,20572,29623680
595,SUP-6806-23,ST,20572,29623680
353,SUP-6806-23,ST,20572,29623680
353,SUP-6806-23,ST,20572,29623680
595,SUP-6806-23,ST,20572,29623680
353,SUP-6806-23,ST,20572,29623680
595,SUP-6806-23,ST,20572,29623680
595,SUP-6806-23,ST,20572,29623680
353,SUP-6806-23,ST,20572,29623680
595,SUP-6806-23,ST,20572,29623680
353,SUP-6806-23,ST,20572,29623680
595,SUP-6806-23,ST,20572,29623680
353,SUP-6806-23,ST,20572,29623680
589,SUP-7768-24,SP,20572,29623680
297,SUP-8319-26,VT,20572,29623680
297,SUP-8319-26,CPTu,20572,29623680
409,SUP-7813-24,SP,20572,29623680
341,SUP-6806-23,SM / SM.F / SR,20572,29623680
378,SUP-7722-24,SM / SM.F / SR,20573,29625120
299,SUP-6806-23,SP,20573,29625120
171,SUP-6806-23,SP,20573,29625120
321,SUP-6806-23,SP,20573,29625120
571,SUP-6806-23,SP,20573,29625120
568,SUP-6806-23,SP,20573,29625120
299,SUP-6806-23,SP,20573,29625120
321,SUP-6806-23,SP,20573,29625120
571,SUP-6806-23,SP,20573,29625120
520,SUP-7722-24,SM / SM.F / SR,20573,29625120
575,SUP-7813-24,PI,20573,29625120
389,SUP-8187-25,PI,20573,29625120
389,SUP-8187-25,PI,20573,29625120
389,SUP-8187-25,PI,20573,29625120
478,SUP-7133-24,SP,20573,29625120
559,SUP-7133-24,SP,20573,29625120
175,SUP-7133-24,PI,20573,29625120
175,SUP-7133-24,PI,20573,29625120
164,SUP-7133-24,SM / SM.F / SR,20573,29625120
603,SUP-5947-23 (VC),SP,20573,29625120
603,SUP-5947-23 (VC),SP,20573,29625120
603,SUP-5947-23 (VC),SP,20573,29625120
577,SUP-5947-23 (VC),SP,20573,29625120
577,SUP-5947-23 (VC),SP,20573,29625120
577,SUP-5947-23 (VC),SP,20573,29625120
603,SUP-5947-23 (VC),SP,20573,29625120
603,SUP-5947-23 (VC),SP,20573,29625120
603,SUP-5947-23 (VC),SP,20573,29625120
276,SUP-7133-24,SP,20573,29625120
361,SUP-7813-24,SP,20573,29625120
286,SUP-7813-24,SH,20573,29625120
286,SUP-7813-24,SH,20573,29625120
575,SUP-7813-24,ST,20573,29625120
575,SUP-7813-24,ST,20573,29625120
513,SUP-8370-25,ST,20573,29625120
513,SUP-8370-25,ST,20573,29625120
513,SUP-8370-25,ST,20573,29625120
513,SUP-8370-25,ST,20573,29625120
513,SUP-8370-25,ST,20573,29625120
513,SUP-8370-25,ST,20573,29625120
513,SUP-8370-25,ST,20573,29625120
513,SUP-8370-25,ST,20573,29625120
513,SUP-8370-25,ST,20573,29625120
513,SUP-8370-25,ST,20573,29625120
513,SUP-8370-25,ST,20573,29625120
513,SUP-8370-25,ST,20573,29625120
513,SUP-8370-25,ST,20573,29625120
513,SUP-8370-25,ST,20573,29625120
513,SUP-8370-25,ST,20573,29625120
513,SUP-8370-25,ST,20573,29625120
513,SUP-8370-25,ST,20573,29625120
143,SUP-7813-24,SP,20573,29625120
512,SUP-7128-24,SM / SM.F / SR,20573,29625120
585,SUP-7128-24,SM / SM.F / SR,20573,29625120
154,SUP-7128-24,SP,20573,29625120
612,SUP-7128-24,ST,20573,29625120
447,SUP-7128-24,ST,20573,29625120
612,SUP-7128-24,ST,20573,29625120
447,SUP-7128-24,ST,20573,29625120
612,SUP-7128-24,ST,20573,29625120
447,SUP-7128-24,ST,20573,29625120
612,SUP-7128-24,ST,20573,29625120
447,SUP-7128-24,ST,20573,29625120
612,SUP-7128-24,ST,20573,29625120
447,SUP-7128-24,ST,20573,29625120
612,SUP-7128-24,ST,20573,29625120
595,SUP-6806-23,ST,20573,29625120
353,SUP-6806-23,ST,20573,29625120
353,SUP-6806-23,ST,20573,29625120
595,SUP-6806-23,ST,20573,29625120
353,SUP-6806-23,ST,20573,29625120
595,SUP-6806-23,ST,20573,29625120
353,SUP-6806-23,ST,20573,29625120
595,SUP-6806-23,ST,20573,29625120
353,SUP-6806-23,ST,20573,29625120
595,SUP-6806-23,ST,20573,29625120
353,SUP-6806-23,ST,20573,29625120
595,SUP-6806-23,ST,20573,29625120
121,SUP-6498-23,SM / SM.F / SR,20573,29625120
223,SUP-7593-24,SM / SM.F / SR,20573,29625120
297,SUP-8319-26,CPTu,20573,29625120
297,SUP-8319-26,VT,20573,29625120
537,SUP-8437-26,SM / SM.F / SR,20573,29625120
455,SUP-8437-26,SM / SM.F / SR,20573,29625120
373,SUP-8437-26,SM / SM.F / SR,20573,29625120
136,SUP-8437-26,SM / SM.F / SR,20573,29625120
378,SUP-7722-24,SM / SM.F / SR,20573,29625120
299,SUP-6806-23,SP,20573,29625120
520,SUP-7722-24,SM / SM.F / SR,20573,29625120
559,SUP-7133-24,SP,20573,29625120
478,SUP-7133-24,SP,20573,29625120
164,SUP-7133-24,SM / SM.F / SR,20573,29625120
276,SUP-7133-24,SP,20573,29625120
361,SUP-7813-24,SP,20573,29625120
286,SUP-7813-24,SH,20573,29625120
286,SUP-7813-24,SH,20573,29625120
512,SUP-7128-24,SM / SM.F / SR,20573,29625120
585,SUP-7128-24,SM / SM.F / SR,20573,29625120
595,SUP-6806-23,ST,20573,29625120
121,SUP-6498-23,SM / SM.F / SR,20573,29625120
537,SUP-8437-26,SM / SM.F / SR,20573,29625120
373,SUP-8437-26,SM / SM.F / SR,20573,29625120
455,SUP-8437-26,SM / SM.F / SR,20573,29625120
136,SUP-8437-26,SM / SM.F / SR,20573,29625120
568,SUP-6806-23,SP,20574,29626560
378,SUP-7722-24,SM / SM.F / SR,20574,29626560
577,SUP-5947-23 (VC),SP,20574,29626560
299,SUP-6806-23,SP,20574,29626560
321,SUP-6806-23,SP,20574,29626560
571,SUP-6806-23,SP,20574,29626560
389,SUP-8187-25,PI,20574,29626560
389,SUP-8187-25,PI,20574,29626560
389,SUP-8187-25,PI,20574,29626560
175,SUP-7133-24,ST,20574,29626560
175,SUP-7133-24,ST,20574,29626560
175,SUP-7133-24,ST,20574,29626560
175,SUP-7133-24,ST,20574,29626560
175,SUP-7133-24,ST,20574,29626560
175,SUP-7133-24,ST,20574,29626560
175,SUP-7133-24,ST,20574,29626560
607,SUP-8370-25,SP,20574,29626560
607,SUP-8370-25,SP,20574,29626560
601,SUP-8370-25,SP,20574,29626560
171,SUP-6806-23,SP,20574,29626560
463,SUP-7593-24,SP,20574,29626560
463,SUP-7593-24,SP,20574,29626560
582,SUP-7593-24,SP,20574,29626560
463,SUP-7593-24,SP,20574,29626560
361,SUP-7813-24,SP,20574,29626560
586,SUP-7813-24,SP,20574,29626560
513,SUP-8370-25,ST,20574,29626560
513,SUP-8370-25,ST,20574,29626560
513,SUP-8370-25,ST,20574,29626560
513,SUP-8370-25,ST,20574,29626560
513,SUP-8370-25,ST,20574,29626560
513,SUP-8370-25,ST,20574,29626560
513,SUP-8370-25,ST,20574,29626560
513,SUP-8370-25,ST,20574,29626560
513,SUP-8370-25,ST,20574,29626560
513,SUP-8370-25,ST,20574,29626560
513,SUP-8370-25,ST,20574,29626560
513,SUP-8370-25,ST,20574,29626560
513,SUP-8370-25,ST,20574,29626560
513,SUP-8370-25,ST,20574,29626560
513,SUP-8370-25,ST,20574,29626560
513,SUP-8370-25,ST,20574,29626560
143,SUP-7813-24,SP,20574,29626560
341,SUP-6806-23,SM / SM.F / SR,20574,29626560
447,SUP-7128-24,ST,20574,29626560
447,SUP-7128-24,ST,20574,29626560
612,SUP-7128-24,ST,20574,29626560
447,SUP-7128-24,ST,20574,29626560
612,SUP-7128-24,ST,20574,29626560
447,SUP-7128-24,ST,20574,29626560
612,SUP-7128-24,ST,20574,29626560
447,SUP-7128-24,ST,20574,29626560
612,SUP-7128-24,ST,20574,29626560
447,SUP-7128-24,ST,20574,29626560
447,SUP-7128-24,ST,20574,29626560
612,SUP-7128-24,ST,20574,29626560
353,SUP-6806-23,ST,20574,29626560
595,SUP-6806-23,ST,20574,29626560
353,SUP-6806-23,ST,20574,29626560
595,SUP-6806-23,ST,20574,29626560
595,SUP-6806-23,ST,20574,29626560
595,SUP-6806-23,ST,20574,29626560
595,SUP-6806-23,ST,20574,29626560
353,SUP-6806-23,ST,20574,29626560
595,SUP-6806-23,ST,20574,29626560
604,SUP-7133-24,SM / SM.F / SR,20574,29626560
362,SUP-7133-24,SM / SM.F / SR,20574,29626560
405,SUP-7133-24,SM / SM.F / SR,20574,29626560
26,SUP-6498-23,SM / SM.F / SR,20574,29626560
257,SUP-6830-23,CPTu,20574,29626560
223,SUP-7593-24,SM / SM.F / SR,20574,29626560
589,SUP-7770-24,SP,20574,29626560
589,SUP-7770-24,SP,20574,29626560
337,SUP-7770-24,SM / SM.F / SR,20574,29626560
79,SUP-7128-24,SM / SM.F / SR,20574,29626560
297,SUP-8319-26,SH,20574,29626560
297,SUP-8319-26,VT,20574,29626560
297,SUP-8319-26,CPTu,20574,29626560
286,SUP-7813-24,SM / SM.F / SR,20574,29626560
26,SUP-6498-23,SM / SM.F / SR,20574,29626560
568,SUP-6806-23,SP,20575,29628000
568,SUP-6806-23,SP,20575,29628000
575,SUP-7285-24,ST,20575,29628000
575,SUP-7285-24,ST,20575,29628000
509,SUP-7722-24,SM / SM.F / SR,20575,29628000
329,SUP-8370-25,SP,20575,29628000
329,SUP-8370-25,SP,20575,29628000
601,SUP-8370-25,SP,20575,29628000
601,SUP-8370-25,SP,20575,29628000
329,SUP-8370-25,SP,20575,29628000
601,SUP-8370-25,SP,20575,29628000
607,SUP-8370-25,SP,20575,29628000
299,SUP-6806-23,SP,20575,29628000
299,SUP-6806-23,SP,20575,29628000
321,SUP-6806-23,SP,20575,29628000
571,SUP-6806-23,SP,20575,29628000
478,SUP-7133-24,SP,20575,29628000
559,SUP-7133-24,SP,20575,29628000
175,SUP-7133-24,PI,20575,29628000
175,SUP-7133-24,PI,20575,29628000
175,SUP-7133-24,PI,20575,29628000
164,SUP-7133-24,SM / SM.F / SR,20575,29628000
361,SUP-7813-24,SP,20575,29628000
603,SUP-7133-24,SP,20575,29628000
603,SUP-7133-24,SP,20575,29628000
577,SUP-7133-24,SP,20575,29628000
171,SUP-6806-23,SP,20575,29628000
463,SUP-7593-24,SP,20575,29628000
463,SUP-7593-24,SP,20575,29628000
463,SUP-7593-24,SP,20575,29628000
582,SUP-7593-24,SP,20575,29628000
463,SUP-7593-24,SP,20575,29628000
582,SUP-7593-24,SP,20575,29628000
586,SUP-7813-24,SP,20575,29628000
143,SUP-7813-24,SP,20575,29628000
586,SUP-7813-24,SP,20575,29628000
575,SUP-7813-24,ST,20575,29628000
513,SUP-8370-25,ST,20575,29628000
513,SUP-8370-25,ST,20575,29628000
513,SUP-8370-25,ST,20575,29628000
513,SUP-8370-25,ST,20575,29628000
513,SUP-8370-25,ST,20575,29628000
513,SUP-8370-25,ST,20575,29628000
513,SUP-8370-25,ST,20575,29628000
513,SUP-8370-25,ST,20575,29628000
513,SUP-8370-25,ST,20575,29628000
513,SUP-8370-25,ST,20575,29628000
513,SUP-8370-25,ST,20575,29628000
513,SUP-8370-25,ST,20575,29628000
513,SUP-8370-25,ST,20575,29628000
389,SUP-6806-23,ST,20575,29628000
389,SUP-6806-23,ST,20575,29628000
389,SUP-6806-23,ST,20575,29628000
389,SUP-6806-23,ST,20575,29628000
353,SUP-6806-23,ST,20575,29628000
389,SUP-6806-23,ST,20575,29628000
389,SUP-6806-23,ST,20575,29628000
389,SUP-6806-23,ST,20575,29628000
389,SUP-6806-23,ST,20575,29628000
353,SUP-6806-23,ST,20575,29628000
595,SUP-6806-23,ST,20575,29628000
353,SUP-6806-23,ST,20575,29628000
595,SUP-6806-23,ST,20575,29628000
595,SUP-6806-23,ST,20575,29628000
353,SUP-6806-23,ST,20575,29628000
223,SUP-7593-24,SM / SM.F / SR,20575,29628000
589,SUP-7770-24,SP,20575,29628000
612,SUP-7128-24,ST,20575,29628000
612,SUP-7128-24,ST,20575,29628000
612,SUP-7128-24,ST,20575,29628000
612,SUP-7128-24,ST,20575,29628000
612,SUP-7128-24,ST,20575,29628000
612,SUP-7128-24,ST,20575,29628000
612,SUP-7128-24,ST,20575,29628000
612,SUP-7128-24,ST,20575,29628000
612,SUP-7128-24,ST,20575,29628000
612,SUP-7128-24,ST,20575,29628000
612,SUP-7128-24,ST,20575,29628000
612,SUP-7128-24,ST,20575,29628000
612,SUP-7128-24,ST,20575,29628000
612,SUP-7128-24,ST,20575,29628000
612,SUP-7128-24,ST,20575,29628000
612,SUP-7128-24,ST,20575,29628000
612,SUP-7128-24,ST,20575,29628000
612,SUP-7128-24,ST,20575,29628000
447,SUP-7128-24,ST,20575,29628000
447,SUP-7128-24,ST,20575,29628000
447,SUP-7128-24,ST,20575,29628000
612,SUP-7128-24,ST,20575,29628000
447,SUP-7128-24,ST,20575,29628000
520,SUP-7722-24,SM / SM.F / SR,20576,29629440
568,SUP-6806-23,SP,20576,29629440
171,SUP-6806-23,SP,20576,29629440
588,SUP-7285-24,SM / SM.F / SR,20576,29629440
340,SUP-7285-24,SM / SM.F / SR,20576,29629440
540,SUP-7285-24,SM / SM.F / SR,20576,29629440
575,SUP-7285-24,ST,20576,29629440
575,SUP-7285-24,ST,20576,29629440
575,SUP-7285-24,ST,20576,29629440
575,SUP-7285-24,ST,20576,29629440
329,SUP-8370-25,SP,20576,29629440
329,SUP-8370-25,SP,20576,29629440
329,SUP-8370-25,SP,20576,29629440
329,SUP-8370-25,SP,20576,29629440
329,SUP-8370-25,SP,20576,29629440
329,SUP-8370-25,SP,20576,29629440
329,SUP-8370-25,SP,20576,29629440
329,SUP-8370-25,SP,20576,29629440
329,SUP-8370-25,SP,20576,29629440
601,SUP-8370-25,SP,20576,29629440
329,SUP-8370-25,SP,20576,29629440
601,SUP-8370-25,SP,20576,29629440
329,SUP-8370-25,SP,20576,29629440
601,SUP-8370-25,SP,20576,29629440
329,SUP-8370-25,SP,20576,29629440
607,SUP-8370-25,SP,20576,29629440
299,SUP-6806-23,SP,20576,29629440
571,SUP-6806-23,SP,20576,29629440
478,SUP-7133-24,SP,20576,29629440
559,SUP-7133-24,SP,20576,29629440
175,SUP-7133-24,PI,20576,29629440
175,SUP-7133-24,PI,20576,29629440
361,SUP-7813-24,SP,20576,29629440
577,SUP-7133-24,SP,20576,29629440
603,SUP-7133-24,SP,20576,29629440
577,SUP-7133-24,SP,20576,29629440
571,SUP-6806-23,SP,20576,29629440
321,SUP-6806-23,SP,20576,29629440
463,SUP-7593-24,SP,20576,29629440
582,SUP-7593-24,SP,20576,29629440
513,SUP-8370-25,ST,20576,29629440
513,SUP-8370-25,ST,20576,29629440
513,SUP-8370-25,ST,20576,29629440
513,SUP-8370-25,ST,20576,29629440
513,SUP-8370-25,ST,20576,29629440
513,SUP-8370-25,ST,20576,29629440
513,SUP-8370-25,ST,20576,29629440
513,SUP-8370-25,ST,20576,29629440
513,SUP-8370-25,ST,20576,29629440
513,SUP-8370-25,ST,20576,29629440
513,SUP-8370-25,ST,20576,29629440
513,SUP-8370-25,ST,20576,29629440
513,SUP-8370-25,ST,20576,29629440
513,SUP-8370-25,ST,20576,29629440
513,SUP-8370-25,ST,20576,29629440
513,SUP-8370-25,ST,20576,29629440
389,SUP-6806-23,ST,20576,29629440
389,SUP-6806-23,ST,20576,29629440
389,SUP-6806-23,ST,20576,29629440
389,SUP-6806-23,ST,20576,29629440
389,SUP-6806-23,ST,20576,29629440
362,SUP-7133-24,SP,20576,29629440
362,SUP-7133-24,SP,20576,29629440
223,SUP-7593-24,SM / SM.F / SR,20576,29629440
447,SUP-7128-24,ST,20576,29629440
447,SUP-7128-24,ST,20576,29629440
447,SUP-7128-24,ST,20576,29629440
447,SUP-7128-24,ST,20576,29629440
447,SUP-7128-24,ST,20576,29629440
612,SUP-7128-24,ST,20576,29629440
612,SUP-7128-24,ST,20576,29629440
612,SUP-7128-24,ST,20576,29629440
612,SUP-7128-24,ST,20576,29629440
612,SUP-7128-24,ST,20576,29629440
612,SUP-7128-24,ST,20576,29629440
447,SUP-7128-24,ST,20576,29629440
447,SUP-7128-24,ST,20576,29629440
447,SUP-7128-24,ST,20576,29629440
447,SUP-7128-24,ST,20576,29629440
447,SUP-7128-24,ST,20576,29629440
447,SUP-7128-24,ST,20576,29629440
447,SUP-7128-24,ST,20576,29629440
447,SUP-7128-24,ST,20576,29629440
447,SUP-7128-24,ST,20576,29629440
447,SUP-7128-24,ST,20576,29629440
447,SUP-7128-24,ST,20576,29629440
447,SUP-7128-24,ST,20576,29629440
447,SUP-7128-24,ST,20576,29629440
589,SUP-7770-24,SP,20576,29629440
589,SUP-7770-24,SP,20576,29629440
612,SUP-7128-24,ST,20576,29629440
612,SUP-7128-24,ST,20576,29629440
612,SUP-7128-24,ST,20576,29629440
612,SUP-7128-24,ST,20576,29629440
612,SUP-7128-24,ST,20576,29629440
612,SUP-7128-24,ST,20576,29629440
612,SUP-7128-24,ST,20576,29629440
612,SUP-7128-24,ST,20576,29629440
297,SUP-8224-25 (PR),SH,20576,29629440
297,SUP-8224-25 (PR),VT,20576,29629440
297,SUP-8224-25 (PR),CPTu,20576,29629440
568,SUP-6806-23,SP,20577,29630880
171,SUP-6806-23,SP,20577,29630880
378,SUP-7722-24,SM / SM.F / SR,20577,29630880
575,SUP-7285-24,ST,20577,29630880
575,SUP-7285-24,ST,20577,29630880
575,SUP-7285-24,ST,20577,29630880
575,SUP-7285-24,ST,20577,29630880
575,SUP-7285-24,ST,20577,29630880
575,SUP-7285-24,ST,20577,29630880
257,SUP-6830-23,CPTu,20577,29630880
329,SUP-8370-25,SP,20577,29630880
329,SUP-8370-25,SP,20577,29630880
601,SUP-8370-25,SP,20577,29630880
601,SUP-8370-25,SP,20577,29630880
607,SUP-8370-25,SP,20577,29630880
299,SUP-6806-23,SP,20577,29630880
571,SUP-6806-23,SP,20577,29630880
321,SUP-6806-23,SP,20577,29630880
389,SUP-8187-25,PI,20577,29630880
559,SUP-7133-24,SP,20577,29630880
478,SUP-7133-24,SP,20577,29630880
577,SUP-7133-24,SP,20577,29630880
603,SUP-7133-24,SP,20577,29630880
216,SUP-7133-24,SM / SM.F / SR,20577,29630880
463,SUP-7593-24,SP,20577,29630880
582,SUP-7593-24,SP,20577,29630880
463,SUP-7593-24,SP,20577,29630880
143,SUP-7813-24,SP,20577,29630880
513,SUP-8370-25,ST,20577,29630880
513,SUP-8370-25,ST,20577,29630880
513,SUP-8370-25,ST,20577,29630880
513,SUP-8370-25,ST,20577,29630880
513,SUP-8370-25,ST,20577,29630880
513,SUP-8370-25,ST,20577,29630880
513,SUP-8370-25,ST,20577,29630880
513,SUP-8370-25,ST,20577,29630880
513,SUP-8370-25,ST,20577,29630880
513,SUP-8370-25,ST,20577,29630880
513,SUP-8370-25,ST,20577,29630880
513,SUP-8370-25,ST,20577,29630880
513,SUP-8370-25,ST,20577,29630880
513,SUP-8370-25,ST,20577,29630880
513,SUP-8370-25,ST,20577,29630880
513,SUP-8370-25,ST,20577,29630880
513,SUP-8370-25,ST,20577,29630880
143,SUP-7813-24,SP,20577,29630880
389,SUP-6806-23,ST,20577,29630880
389,SUP-6806-23,ST,20577,29630880
389,SUP-6806-23,ST,20577,29630880
389,SUP-6806-23,ST,20577,29630880
389,SUP-6806-23,ST,20577,29630880
389,SUP-6806-23,ST,20577,29630880
389,SUP-6806-23,ST,20577,29630880
389,SUP-6806-23,ST,20577,29630880
595,SUP-6806-23,ST,20577,29630880
353,SUP-6806-23,ST,20577,29630880
595,SUP-6806-23,ST,20577,29630880
353,SUP-6806-23,ST,20577,29630880
353,SUP-6806-23,ST,20577,29630880
595,SUP-6806-23,ST,20577,29630880
353,SUP-6806-23,ST,20577,29630880
595,SUP-6806-23,ST,20577,29630880
353,SUP-6806-23,ST,20577,29630880
595,SUP-6806-23,ST,20577,29630880
353,SUP-6806-23,ST,20577,29630880
595,SUP-6806-23,ST,20577,29630880
353,SUP-6806-23,ST,20577,29630880
595,SUP-6806-23,ST,20577,29630880
595,SUP-6806-23,ST,20577,29630880
353,SUP-6806-23,ST,20577,29630880
595,SUP-6806-23,ST,20577,29630880
353,SUP-6806-23,ST,20577,29630880
362,SUP-7133-24,SP,20577,29630880
223,SUP-7593-24,SM / SM.F / SR,20577,29630880
447,SUP-7128-24,ST,20577,29630880
447,SUP-7128-24,ST,20577,29630880
447,SUP-7128-24,ST,20577,29630880
447,SUP-7128-24,ST,20577,29630880
447,SUP-7128-24,ST,20577,29630880
447,SUP-7128-24,ST,20577,29630880
612,SUP-7128-24,ST,20577,29630880
612,SUP-7128-24,ST,20577,29630880
612,SUP-7128-24,ST,20577,29630880
612,SUP-7128-24,ST,20577,29630880
612,SUP-7128-24,ST,20577,29630880
612,SUP-7128-24,ST,20577,29630880
447,SUP-7128-24,ST,20577,29630880
447,SUP-7128-24,ST,20577,29630880
447,SUP-7128-24,ST,20577,29630880
589,SUP-7770-24,SP,20577,29630880
589,SUP-7770-24,SP,20577,29630880
337,SUP-7770-24,SM / SM.F / SR,20577,29630880
79,SUP-7128-24,SM / SM.F / SR,20577,29630880
297,SUP-8224-25 (PR),SH,20577,29630880
297,SUP-8224-25 (PR),VT,20577,29630880
297,SUP-8224-25 (PR),CPTu,20577,29630880
373,SUP-8437-26,SM / SM.F / SR,20577,29630880
136,SUP-8437-26,SM / SM.F / SR,20577,29630880
519,SUP-7813-24,SP,20577,29630880
378,SUP-7722-24,SM / SM.F / SR,20578,29632320
520,SUP-7722-24,SM / SM.F / SR,20578,29632320
329,SUP-8370-25,SP,20578,29632320
329,SUP-8370-25,SP,20578,29632320
601,SUP-8370-25,SP,20578,29632320
329,SUP-8370-25,SP,20578,29632320
601,SUP-8370-25,SP,20578,29632320
329,SUP-8370-25,SP,20578,29632320
601,SUP-8370-25,SP,20578,29632320
607,SUP-8370-25,SP,20578,29632320
607,SUP-8370-25,SP,20578,29632320
607,SUP-8370-25,SP,20578,29632320
607,SUP-8370-25,SP,20578,29632320
607,SUP-8370-25,SP,20578,29632320
607,SUP-8370-25,SP,20578,29632320
607,SUP-8370-25,SP,20578,29632320
607,SUP-8370-25,SP,20578,29632320
607,SUP-8370-25,SP,20578,29632320
353,SUP-8187-25,PI,20578,29632320
389,SUP-8187-25,PI,20578,29632320
478,SUP-7133-24,SP,20578,29632320
559,SUP-7133-24,SP,20578,29632320
463,SUP-7593-24,SP,20578,29632320
463,SUP-7593-24,SP,20578,29632320
463,SUP-7593-24,SP,20578,29632320
582,SUP-7593-24,SP,20578,29632320
513,SUP-8370-25,ST,20578,29632320
600,SUP-7128-24,PI,20578,29632320
600,SUP-7128-24,PI,20578,29632320
600,SUP-7128-24,PI,20578,29632320
600,SUP-7128-24,PI,20578,29632320
600,SUP-7128-24,PI,20578,29632320
600,SUP-7128-24,PI,20578,29632320
353,SUP-6806-23,ST,20578,29632320
353,SUP-6806-23,ST,20578,29632320
353,SUP-6806-23,ST,20578,29632320
353,SUP-6806-23,ST,20578,29632320
353,SUP-6806-23,ST,20578,29632320
353,SUP-6806-23,ST,20578,29632320
353,SUP-6806-23,ST,20578,29632320
353,SUP-6806-23,ST,20578,29632320
447,SUP-7133-24,ST,20578,29632320
612,SUP-7133-24,ST,20578,29632320
612,SUP-7133-24,ST,20578,29632320
447,SUP-7133-24,ST,20578,29632320
612,SUP-7133-24,ST,20578,29632320
447,SUP-7133-24,ST,20578,29632320
612,SUP-7133-24,ST,20578,29632320
447,SUP-7133-24,ST,20578,29632320
428,SUP-7593-24,SM / SM.F / SR,20578,29632320
79,SUP-7128-24,SM / SM.F / SR,20578,29632320
297,SUP-8224-25 (PR),CPTu,20578,29632320
297,SUP-8224-25 (PR),SH,20578,29632320
297,SUP-8224-25 (PR),VT,20578,29632320
297,SUP-8224-25 (PR),CPTu,20578,29632320
455,SUP-8437-26,SM / SM.F / SR,20578,29632320
223,SUP-7593-24,SM / SM.F / SR,20578,29632320
286,SUP-7813-24,SM / SM.F / SR,20578,29632320
540,SUP-7285-24,SM / SM.F / SR,20579,29633760
575,SUP-7285-24,ST,20579,29633760
575,SUP-7285-24,ST,20579,29633760
575,SUP-7285-24,ST,20579,29633760
575,SUP-7285-24,ST,20579,29633760
575,SUP-7285-24,ST,20579,29633760
575,SUP-7285-24,ST,20579,29633760
588,SUP-7285-24,SM / SM.F / SR,20579,29633760
340,SUP-7285-24,SM / SM.F / SR,20579,29633760
329,SUP-8370-25,SP,20579,29633760
329,SUP-8370-25,SP,20579,29633760
329,SUP-8370-25,SP,20579,29633760
329,SUP-8370-25,SP,20579,29633760
329,SUP-8370-25,SP,20579,29633760
329,SUP-8370-25,SP,20579,29633760
601,SUP-8370-25,SP,20579,29633760
607,SUP-8370-25,SP,20579,29633760
601,SUP-8370-25,SP,20579,29633760
607,SUP-8370-25,SP,20579,29633760
601,SUP-8370-25,SP,20579,29633760
607,SUP-8370-25,SP,20579,29633760
607,SUP-8370-25,SP,20579,29633760
601,SUP-8370-25,SP,20579,29633760
561,SUP-7133-24,SM / SM.F / SR,20579,29633760
560,SUP-7133-24,SM / SM.F / SR,20579,29633760
389,SUP-8187-25,PI,20579,29633760
478,SUP-7133-24,SP,20579,29633760
559,SUP-7133-24,SP,20579,29633760
478,SUP-7133-24,SP,20579,29633760
602,SUP-7133-24,SP,20579,29633760
531,SUP-7133-24,SM / SM.F / SR,20579,29633760
595,SUP-6806-23,ST,20579,29633760
595,SUP-6806-23,ST,20579,29633760
595,SUP-6806-23,ST,20579,29633760
595,SUP-6806-23,ST,20579,29633760
353,SUP-6806-23,ST,20579,29633760
513,SUP-8370-25,ST,20579,29633760
513,SUP-8370-25,ST,20579,29633760
513,SUP-8370-25,ST,20579,29633760
513,SUP-8370-25,ST,20579,29633760
513,SUP-8370-25,ST,20579,29633760
513,SUP-8370-25,ST,20579,29633760
513,SUP-8370-25,ST,20579,29633760
513,SUP-8370-25,ST,20579,29633760
513,SUP-8370-25,ST,20579,29633760
297,SUP-7722-24,BL,20579,29633760
447,SUP-7133-24,ST,20579,29633760
612,SUP-7133-24,ST,20579,29633760
447,SUP-7133-24,ST,20579,29633760
612,SUP-7133-24,ST,20579,29633760
447,SUP-7133-24,ST,20579,29633760
612,SUP-7133-24,ST,20579,29633760
447,SUP-7133-24,ST,20579,29633760
612,SUP-7133-24,ST,20579,29633760
447,SUP-7133-24,ST,20579,29633760
612,SUP-7133-24,ST,20579,29633760
447,SUP-7133-24,ST,20579,29633760
612,SUP-7133-24,ST,20579,29633760
447,SUP-7133-24,ST,20579,29633760
447,SUP-7133-24,ST,20579,29633760
612,SUP-7133-24,ST,20579,29633760
447,SUP-7133-24,ST,20579,29633760
612,SUP-7133-24,ST,20579,29633760
447,SUP-7133-24,ST,20579,29633760
447,SUP-7133-24,ST,20579,29633760
612,SUP-7133-24,ST,20579,29633760
447,SUP-7133-24,ST,20579,29633760
612,SUP-7133-24,ST,20579,29633760
164,SUP-7133-24,SM / SM.F / SR,20579,29633760
428,SUP-7593-24,SM / SM.F / SR,20579,29633760
595,SUP-6806-23,ST,20579,29633760
389,SUP-6806-23,PI,20579,29633760
353,SUP-6806-23,ST,20579,29633760
595,SUP-6806-23,ST,20579,29633760
353,SUP-6806-23,ST,20579,29633760
595,SUP-6806-23,ST,20579,29633760
595,SUP-6806-23,ST,20579,29633760
353,SUP-6806-23,ST,20579,29633760
595,SUP-6806-23,ST,20579,29633760
353,SUP-6806-23,ST,20579,29633760
389,SUP-6806-23,PI,20579,29633760
337,SUP-7770-24,SM / SM.F / SR,20579,29633760
513,SUP-8370-25,ST,20579,29633760
513,SUP-8370-25,ST,20579,29633760
513,SUP-8370-25,ST,20579,29633760
513,SUP-8370-25,ST,20579,29633760
513,SUP-8370-25,ST,20579,29633760
513,SUP-8370-25,ST,20579,29633760
513,SUP-8370-25,ST,20579,29633760
513,SUP-8370-25,ST,20579,29633760
513,SUP-8370-25,ST,20579,29633760
513,SUP-8370-25,ST,20579,29633760
513,SUP-8370-25,ST,20579,29633760
463,SUP-7593-24,SP,20579,29633760
582,SUP-7593-24,SP,20579,29633760
297,SUP-8224-25 (PR),SH,20579,29633760
297,SUP-8224-25 (PR),VT,20579,29633760
458,SUP-6498-23,VT,20579,29633760
223,SUP-7593-24,SM / SM.F / SR,20579,29633760
224,SUP-7813-24,SM / SM.F / SR,20579,29633760
306,SUP-7128-24,SM / SM.F / SR,20579,29633760
378,SUP-7722-24,SM / SM.F / SR,20580,29635200
575,SUP-7285-24,ST,20580,29635200
575,SUP-7285-24,ST,20580,29635200
575,SUP-7285-24,ST,20580,29635200
575,SUP-7285-24,ST,20580,29635200
601,SUP-8370-25,SP,20580,29635200
329,SUP-8370-25,SP,20580,29635200
329,SUP-8370-25,SP,20580,29635200
329,SUP-8370-25,SP,20580,29635200
601,SUP-8370-25,SP,20580,29635200
329,SUP-8370-25,SP,20580,29635200
601,SUP-8370-25,SP,20580,29635200
329,SUP-8370-25,SP,20580,29635200
329,SUP-8370-25,SP,20580,29635200
329,SUP-8370-25,SP,20580,29635200
329,SUP-8370-25,SP,20580,29635200
329,SUP-8370-25,SP,20580,29635200
329,SUP-8370-25,SP,20580,29635200
329,SUP-8370-25,SP,20580,29635200
329,SUP-8370-25,SP,20580,29635200
329,SUP-8370-25,SP,20580,29635200
329,SUP-8370-25,SP,20580,29635200
607,SUP-8370-25,SP,20580,29635200
297,SUP-7160-24,PI,20580,29635200
297,SUP-7160-24,PI,20580,29635200
559,SUP-7133-24,SP,20580,29635200
478,SUP-7133-24,SP,20580,29635200
559,SUP-7133-24,SP,20580,29635200
612,SUP-7133-24,ST,20580,29635200
602,SUP-7133-24,SP,20580,29635200
216,SUP-7133-24,SM / SM.F / SR,20580,29635200
447,SUP-7133-24,ST,20580,29635200
602,SUP-7133-24,SP,20580,29635200
602,SUP-7133-24,SP,20580,29635200
602,SUP-7133-24,SP,20580,29635200
447,SUP-7133-24,ST,20580,29635200
595,SUP-6806-23,ST,20580,29635200
353,SUP-6806-23,ST,20580,29635200
595,SUP-6806-23,ST,20580,29635200
353,SUP-6806-23,ST,20580,29635200
353,SUP-6806-23,ST,20580,29635200
595,SUP-6806-23,ST,20580,29635200
595,SUP-6806-23,ST,20580,29635200
353,SUP-6806-23,ST,20580,29635200
512,SUP-7128-24,SM / SM.F / SR,20580,29635200
458,SUP-6830-23,BL,20580,29635200
428,SUP-7593-24,SM / SM.F / SR,20580,29635200
223,SUP-7593-24,SM / SM.F / SR,20580,29635200
595,SUP-6806-23,ST,20580,29635200
389,SUP-6806-23,PI,20580,29635200
353,SUP-6806-23,ST,20580,29635200
595,SUP-6806-23,ST,20580,29635200
353,SUP-6806-23,ST,20580,29635200
389,SUP-6806-23,PI,20580,29635200
389,SUP-6806-23,PI,20580,29635200
513,SUP-8370-25,ST,20580,29635200
513,SUP-8370-25,ST,20580,29635200
513,SUP-8370-25,ST,20580,29635200
513,SUP-8370-25,ST,20580,29635200
513,SUP-8370-25,ST,20580,29635200
513,SUP-8370-25,ST,20580,29635200
513,SUP-8370-25,ST,20580,29635200
513,SUP-8370-25,ST,20580,29635200
513,SUP-8370-25,ST,20580,29635200
513,SUP-8370-25,ST,20580,29635200
513,SUP-8370-25,ST,20580,29635200
513,SUP-8370-25,ST,20580,29635200
513,SUP-8370-25,ST,20580,29635200
513,SUP-8370-25,ST,20580,29635200
513,SUP-8370-25,ST,20580,29635200
513,SUP-8370-25,ST,20580,29635200
463,SUP-7593-24,SP,20580,29635200
582,SUP-7593-24,SP,20580,29635200
136,SUP-8437-26,SM / SM.F / SR,20580,29635200
537,SUP-8437-26,SM / SM.F / SR,20580,29635200
378,SUP-7722-24,SM / SM.F / SR,20581,29636640
575,SUP-7285-24,ST,20581,29636640
575,SUP-7285-24,ST,20581,29636640
575,SUP-7285-24,ST,20581,29636640
575,SUP-7285-24,ST,20581,29636640
575,SUP-7285-24,ST,20581,29636640
329,SUP-8370-25,SP,20581,29636640
329,SUP-8370-25,SP,20581,29636640
329,SUP-8370-25,SP,20581,29636640
329,SUP-8370-25,SP,20581,29636640
607,SUP-8370-25,SP,20581,29636640
329,SUP-8370-25,SP,20581,29636640
329,SUP-8370-25,SP,20581,29636640
329,SUP-8370-25,SP,20581,29636640
607,SUP-8370-25,SP,20581,29636640
329,SUP-8370-25,SP,20581,29636640
601,SUP-8370-25,SP,20581,29636640
329,SUP-8370-25,SP,20581,29636640
607,SUP-8370-25,SP,20581,29636640
601,SUP-8370-25,SP,20581,29636640
458,SUP-6830-23,BL,20581,29636640
458,SUP-6830-23,BL,20581,29636640
175,SUP-7160-24,PI,20581,29636640
559,SUP-7133-24,SP,20581,29636640
478,SUP-7133-24,SP,20581,29636640
447,SUP-7133-24,ST,20581,29636640
612,SUP-7133-24,ST,20581,29636640
447,SUP-7133-24,ST,20581,29636640
341,SUP-6806-23,SM / SM.F / SR,20581,29636640
595,SUP-6806-23,ST,20581,29636640
353,SUP-6806-23,ST,20581,29636640
353,SUP-6806-23,ST,20581,29636640
595,SUP-6806-23,ST,20581,29636640
595,SUP-6806-23,ST,20581,29636640
353,SUP-6806-23,ST,20581,29636640
353,SUP-6806-23,ST,20581,29636640
353,SUP-6806-23,ST,20581,29636640
353,SUP-6806-23,ST,20581,29636640
353,SUP-6806-23,ST,20581,29636640
595,SUP-6806-23,ST,20581,29636640
595,SUP-6806-23,ST,20581,29636640
353,SUP-6806-23,ST,20581,29636640
595,SUP-6806-23,ST,20581,29636640
353,SUP-6806-23,ST,20581,29636640
164,SUP-7133-24,SM / SM.F / SR,20581,29636640
428,SUP-7593-24,SM / SM.F / SR,20581,29636640
337,SUP-7770-24,SM / SM.F / SR,20581,29636640
389,SUP-6806-23,PI,20581,29636640
286,SUP-7813-24,SM / SM.F / SR,20581,29636640
463,SUP-7593-24,SP,20581,29636640
582,SUP-7593-24,SP,20581,29636640
575,SUP-7285-24,ST,20582,29638080
575,SUP-7285-24,ST,20582,29638080
575,SUP-7285-24,ST,20582,29638080
575,SUP-7285-24,ST,20582,29638080
575,SUP-7285-24,ST,20582,29638080
601,SUP-8370-25,SP,20582,29638080
601,SUP-8370-25,SP,20582,29638080
601,SUP-8370-25,SP,20582,29638080
329,SUP-8370-25,SP,20582,29638080
329,SUP-8370-25,SP,20582,29638080
601,SUP-8370-25,SP,20582,29638080
601,SUP-8370-25,SP,20582,29638080
601,SUP-8370-25,SP,20582,29638080
458,SUP-6830-23,BL,20582,29638080
175,SUP-7160-24,PI,20582,29638080
175,SUP-7160-24,PI,20582,29638080
463,SUP-7593-24,SP,20582,29638080
582,SUP-7593-24,SP,20582,29638080
297,SUP-7813-24,SH,20582,29638080
297,SUP-7813-24,VT,20582,29638080
297,SUP-7813-24,ST,20582,29638080
223,SUP-7593-24,SM / SM.F / SR,20582,29638080
340,SUP-7813-24,SM / SM.F / SR,20582,29638080
600,SUP-8250-25,PI,20582,29638080
600,SUP-8250-25,PI,20582,29638080
600,SUP-8250-25,PI,20582,29638080
340,SUP-7813-24,SM / SM.F / SR,20582,29638080
509,SUP-7722-24,SM / SM.F / SR,20583,29639520
575,SUP-7285-24,ST,20583,29639520
575,SUP-7285-24,ST,20583,29639520
353,SUP-8187-25,PI,20583,29639520
353,SUP-8187-25,PI,20583,29639520
594,SUP-7133-24,SP,20583,29639520
605,SUP-7133-24,SP,20583,29639520
594,SUP-7133-24,SP,20583,29639520
605,SUP-7133-24,SP,20583,29639520
276,SUP-7133-24,SP,20583,29639520
595,SUP-6806-23,PI,20583,29639520
353,SUP-6806-23,PI,20583,29639520
595,SUP-6806-23,PI,20583,29639520
463,SUP-7593-24,SP,20583,29639520
582,SUP-7593-24,SP,20583,29639520
297,SUP-7813-24,BL,20583,29639520
362,SUP-7128-24,SM / SM.F / SR,20583,29639520
612,SUP-7133-24,ST,20583,29639520
447,SUP-7133-24,ST,20583,29639520
447,SUP-7133-24,ST,20583,29639520
447,SUP-7133-24,ST,20583,29639520
612,SUP-7133-24,ST,20583,29639520
447,SUP-7133-24,ST,20583,29639520
447,SUP-7133-24,ST,20583,29639520
612,SUP-7133-24,ST,20583,29639520
612,SUP-7133-24,ST,20583,29639520
612,SUP-7133-24,ST,20583,29639520
447,SUP-7133-24,ST,20583,29639520
612,SUP-7133-24,ST,20583,29639520
447,SUP-7133-24,ST,20583,29639520
447,SUP-7133-24,ST,20583,29639520
612,SUP-7133-24,ST,20583,29639520
447,SUP-7133-24,ST,20583,29639520
612,SUP-7133-24,ST,20583,29639520
447,SUP-7133-24,ST,20583,29639520
612,SUP-7133-24,ST,20583,29639520
447,SUP-7133-24,ST,20583,29639520
447,SUP-7133-24,ST,20583,29639520
612,SUP-7133-24,ST,20583,29639520
447,SUP-7133-24,ST,20583,29639520
612,SUP-7133-24,ST,20583,29639520
447,SUP-7133-24,ST,20583,29639520
447,SUP-7133-24,ST,20583,29639520
612,SUP-7133-24,ST,20583,29639520
154,SUP-7133-24,SP,20583,29639520
175,SUP-8411-26,PI,20583,29639520
588,SUP-7813-24,SM / SM.F / SR,20583,29639520
513,SUP-8370-25,ST,20583,29639520
513,SUP-8370-25,ST,20583,29639520
600,SUP-8250-25,PI,20583,29639520
600,SUP-8250-25,PI,20583,29639520
604,SUP-7722-24,SM / SM.F / SR,20584,29640960
575,SUP-7285-24,ST,20584,29640960
297,SUP-7285-24,ST,20584,29640960
575,SUP-7285-24,ST,20584,29640960
575,SUP-7285-24,ST,20584,29640960
575,SUP-7285-24,ST,20584,29640960
575,SUP-7285-24,ST,20584,29640960
306,SUP-7133-24,SM / SM.F / SR,20584,29640960
389,SUP-6806-23,PI,20584,29640960
478,SUP-7133-24,SP,20584,29640960
559,SUP-7133-24,SP,20584,29640960
478,SUP-7133-24,SP,20584,29640960
257,SUP-6830-23,ST,20584,29640960
257,SUP-6830-23,ST,20584,29640960
257,SUP-6830-23,ST,20584,29640960
257,SUP-6830-23,ST,20584,29640960
257,SUP-6830-23,ST,20584,29640960
594,SUP-7133-24,SP,20584,29640960
276,SUP-7133-24,SP,20584,29640960
605,SUP-7133-24,SP,20584,29640960
594,SUP-7133-24,SP,20584,29640960
605,SUP-7133-24,SP,20584,29640960
594,SUP-7133-24,SP,20584,29640960
276,SUP-7133-24,SP,20584,29640960
612,SUP-7133-24,ST,20584,29640960
602,SUP-7133-24,SP,20584,29640960
297,SUP-7813-24,ST,20584,29640960
612,SUP-7133-24,ST,20584,29640960
612,SUP-7133-24,ST,20584,29640960
612,SUP-7133-24,ST,20584,29640960
612,SUP-7133-24,ST,20584,29640960
612,SUP-7133-24,ST,20584,29640960
447,SUP-7133-24,ST,20584,29640960
447,SUP-7133-24,ST,20584,29640960
447,SUP-7133-24,ST,20584,29640960
447,SUP-7133-24,ST,20584,29640960
447,SUP-7133-24,ST,20584,29640960
447,SUP-7133-24,ST,20584,29640960
447,SUP-7133-24,ST,20584,29640960
353,SUP-6806-23,ST,20584,29640960
353,SUP-6806-23,ST,20584,29640960
353,SUP-6806-23,ST,20584,29640960
353,SUP-6806-23,ST,20584,29640960
595,SUP-6806-23,ST,20584,29640960
353,SUP-6806-23,ST,20584,29640960
595,SUP-6806-23,ST,20584,29640960
389,SUP-6806-23,ST,20584,29640960
353,SUP-6806-23,ST,20584,29640960
389,SUP-6806-23,ST,20584,29640960
595,SUP-6806-23,ST,20584,29640960
389,SUP-6806-23,ST,20584,29640960
223,SUP-7593-24,SM / SM.F / SR,20584,29640960
463,SUP-7770-24,SP,20584,29640960
463,SUP-7770-24,SP,20584,29640960
582,SUP-7770-24,SP,20584,29640960
154,SUP-7133-24,SP,20584,29640960
154,SUP-7133-24,SP,20584,29640960
175,SUP-8411-26,PI,20584,29640960
175,SUP-8411-26,PI,20584,29640960
175,SUP-8411-26,PI,20584,29640960
537,SUP-8437-26,SP,20584,29640960
136,SUP-8437-26,SP,20584,29640960
537,SUP-8437-26,SP,20584,29640960
373,SUP-8437-26,SP,20584,29640960
373,SUP-8437-26,SP,20584,29640960
373,SUP-8437-26,SP,20584,29640960
136,SUP-8437-26,SP,20584,29640960
136,SUP-8437-26,SP,20584,29640960
373,SUP-8437-26,SP,20584,29640960
373,SUP-8437-26,SP,20584,29640960
136,SUP-8437-26,SP,20584,29640960
373,SUP-8437-26,SP,20584,29640960
600,SUP-8250-25,PI,20584,29640960
600,SUP-8250-25,PI,20584,29640960
143,SUP-7813-24,SP,20584,29640960
586,SUP-7813-24,SP,20584,29640960
536,SUP-7813-24,SP,20584,29640960
378,SUP-7722-24,SM / SM.F / SR,20585,29642400
361,SUP-7285-24,SP,20585,29642400
586,SUP-7285-24,SP,20585,29642400
575,SUP-7285-24,ST,20585,29642400
575,SUP-7285-24,ST,20585,29642400
575,SUP-7285-24,ST,20585,29642400
575,SUP-7285-24,ST,20585,29642400
575,SUP-7285-24,ST,20585,29642400
519,SUP-7813-24,SP,20585,29642400
519,SUP-7813-24,SP,20585,29642400
361,SUP-7813-24,SP,20585,29642400
306,SUP-7133-24,SM / SM.F / SR,20585,29642400
389,SUP-6806-23,PI,20585,29642400
389,SUP-6806-23,PI,20585,29642400
389,SUP-6806-23,PI,20585,29642400
389,SUP-6806-23,PI,20585,29642400
478,SUP-7133-24,SP,20585,29642400
559,SUP-7133-24,SP,20585,29642400
614,SUP-8370-25,SP,20585,29642400
337,SUP-7769-24,SP,20585,29642400
605,SUP-7133-24,SP,20585,29642400
276,SUP-7133-24,SP,20585,29642400
605,SUP-7133-24,SP,20585,29642400
594,SUP-7133-24,SP,20585,29642400
276,SUP-7133-24,SP,20585,29642400
605,SUP-7133-24,SP,20585,29642400
531,SUP-7133-24,SM / SM.F / SR,20585,29642400
602,SUP-7133-24,SP,20585,29642400
329,SUP-7769-24,SP,20585,29642400
329,SUP-7769-24,SP,20585,29642400
329,SUP-7769-24,SP,20585,29642400
601,SUP-7769-24,SP,20585,29642400
607,SUP-7769-24,SP,20585,29642400
329,SUP-7769-24,SP,20585,29642400
154,SUP-7133-24,SP,20585,29642400
595,SUP-6806-23,ST,20585,29642400
595,SUP-6806-23,ST,20585,29642400
595,SUP-6806-23,ST,20585,29642400
595,SUP-6806-23,ST,20585,29642400
353,SUP-6806-23,ST,20585,29642400
595,SUP-6806-23,ST,20585,29642400
353,SUP-6806-23,ST,20585,29642400
595,SUP-6806-23,ST,20585,29642400
154,SUP-7133-24,SP,20585,29642400
364,SUP-6498-23,SM / SM.F / SR,20585,29642400
4,SUP-6498-23,SM / SM.F / SR,20585,29642400
428,SUP-7593-24,SM / SM.F / SR,20585,29642400
463,SUP-7770-24,SP,20585,29642400
582,SUP-7770-24,SP,20585,29642400
463,SUP-7770-24,SP,20585,29642400
463,SUP-7770-24,SP,20585,29642400
582,SUP-7770-24,SP,20585,29642400
463,SUP-7770-24,SP,20585,29642400
175,SUP-8411-26,PI,20585,29642400
175,SUP-8411-26,PI,20585,29642400
175,SUP-8411-26,PI,20585,29642400
175,SUP-8411-26,PI,20585,29642400
136,SUP-8437-26,SP,20585,29642400
600,SUP-8250-25,PI,20585,29642400
600,SUP-8250-25,PI,20585,29642400
600,SUP-8250-25,PI,20585,29642400
325,SUP-8370-25,SM / SM.F / SR,20585,29642400
257,SUP-6830-23,VT,20585,29642400
447,SUP-7128-24,PI,20585,29642400
447,SUP-7128-24,PI,20585,29642400
364,SUP-6498-23,SM / SM.F / SR,20585,29642400
143,SUP-7285-24,SP,20586,29643840
540,SUP-7285-24,SM / SM.F / SR,20586,29643840
575,SUP-7285-24,ST,20586,29643840
575,SUP-7285-24,ST,20586,29643840
575,SUP-7285-24,ST,20586,29643840
575,SUP-7285-24,ST,20586,29643840
575,SUP-7285-24,ST,20586,29643840
614,SUP-8370-25,SP,20586,29643840
614,SUP-8370-25,SP,20586,29643840
614,SUP-8370-25,SP,20586,29643840
614,SUP-8370-25,SP,20586,29643840
614,SUP-8370-25,SP,20586,29643840
614,SUP-8370-25,SP,20586,29643840
614,SUP-8370-25,SP,20586,29643840
389,SUP-6806-23,PI,20586,29643840
389,SUP-6806-23,PI,20586,29643840
389,SUP-6806-23,PI,20586,29643840
321,SUP-6806-23,SP,20586,29643840
321,SUP-6806-23,SP,20586,29643840
171,SUP-6806-23,SP,20586,29643840
568,SUP-6806-23,SP,20586,29643840
612,SUP-7133-24,ST,20586,29643840
612,SUP-7133-24,ST,20586,29643840
447,SUP-7133-24,ST,20586,29643840
612,SUP-7133-24,ST,20586,29643840
447,SUP-7133-24,ST,20586,29643840
612,SUP-7133-24,ST,20586,29643840
447,SUP-7133-24,ST,20586,29643840
612,SUP-7133-24,ST,20586,29643840
447,SUP-7133-24,ST,20586,29643840
612,SUP-7133-24,ST,20586,29643840
447,SUP-7133-24,ST,20586,29643840
447,SUP-7133-24,ST,20586,29643840
612,SUP-7133-24,ST,20586,29643840
612,SUP-7133-24,ST,20586,29643840
612,SUP-7133-24,ST,20586,29643840
612,SUP-7133-24,ST,20586,29643840
154,SUP-7133-24,SP,20586,29643840
337,SUP-7769-24,SP,20586,29643840
594,SUP-7133-24,SP,20586,29643840
605,SUP-7133-24,SP,20586,29643840
605,SUP-7133-24,SP,20586,29643840
594,SUP-7133-24,SP,20586,29643840
602,SUP-7133-24,SP,20586,29643840
216,SUP-7133-24,SM / SM.F / SR,20586,29643840
561,SUP-7133-24,SM / SM.F / SR,20586,29643840
560,SUP-7133-24,SM / SM.F / SR,20586,29643840
601,SUP-7769-24,SP,20586,29643840
601,SUP-7769-24,SP,20586,29643840
601,SUP-7769-24,SP,20586,29643840
607,SUP-7769-24,SP,20586,29643840
601,SUP-7769-24,SP,20586,29643840
607,SUP-7769-24,SP,20586,29643840
568,SUP-6806-23,SP,20586,29643840
321,SUP-6806-23,SP,20586,29643840
341,SUP-6806-23,SM / SM.F / SR,20586,29643840
468,SUP-6806-23,SM / SM.F / SR,20586,29643840
341,SUP-6806-23,SM / SM.F / SR,20586,29643840
468,SUP-6806-23,SM / SM.F / SR,20586,29643840
468,SUP-6806-23,SM / SM.F / SR,20586,29643840
341,SUP-6806-23,SM / SM.F / SR,20586,29643840
353,SUP-6806-23,ST,20586,29643840
353,SUP-6806-23,ST,20586,29643840
353,SUP-6806-23,ST,20586,29643840
353,SUP-6806-23,ST,20586,29643840
595,SUP-6806-23,ST,20586,29643840
353,SUP-6806-23,ST,20586,29643840
353,SUP-6806-23,ST,20586,29643840
595,SUP-6806-23,ST,20586,29643840
353,SUP-6806-23,ST,20586,29643840
595,SUP-6806-23,ST,20586,29643840
353,SUP-6806-23,ST,20586,29643840
595,SUP-6806-23,ST,20586,29643840
595,SUP-6806-23,ST,20586,29643840
353,SUP-6806-23,ST,20586,29643840
353,SUP-6806-23,ST,20586,29643840
595,SUP-6806-23,ST,20586,29643840
595,SUP-6806-23,ST,20586,29643840
595,SUP-6806-23,ST,20586,29643840
571,SUP-6806-23,SP,20586,29643840
299,SUP-6806-23,SP,20586,29643840
428,SUP-7593-24,SM / SM.F / SR,20586,29643840
223,SUP-7593-24,SM / SM.F / SR,20586,29643840
463,SUP-7770-24,SP,20586,29643840
582,SUP-7770-24,SP,20586,29643840
463,SUP-7770-24,SP,20586,29643840
463,SUP-7770-24,SP,20586,29643840
463,SUP-7770-24,SP,20586,29643840
582,SUP-7770-24,SP,20586,29643840
175,SUP-8411-26,PI,20586,29643840
175,SUP-8411-26,PI,20586,29643840
286,SUP-7813-24,SM / SM.F / SR,20586,29643840
513,SUP-8370-25,ST,20586,29643840
513,SUP-8370-25,ST,20586,29643840
513,SUP-8370-25,ST,20586,29643840
513,SUP-8370-25,ST,20586,29643840
513,SUP-8370-25,ST,20586,29643840
513,SUP-8370-25,ST,20586,29643840
513,SUP-8370-25,ST,20586,29643840
513,SUP-8370-25,ST,20586,29643840
513,SUP-8370-25,ST,20586,29643840
513,SUP-8370-25,ST,20586,29643840
513,SUP-8370-25,ST,20586,29643840
513,SUP-8370-25,ST,20586,29643840
513,SUP-8370-25,ST,20586,29643840
513,SUP-8370-25,ST,20586,29643840
513,SUP-8370-25,ST,20586,29643840
513,SUP-8370-25,ST,20586,29643840
600,SUP-8250-25,PI,20586,29643840
325,SUP-8370-25,SM / SM.F / SR,20586,29643840
325,SUP-8370-25,SM / SM.F / SR,20586,29643840
154,SUP-7133-24,SP,20587,29645280
378,SUP-7722-24,SM / SM.F / SR,20587,29645280
586,SUP-7285-24,SP,20587,29645280
536,SUP-7285-24,SP,20587,29645280
588,SUP-7285-24,SM / SM.F / SR,20587,29645280
340,SUP-7285-24,SM / SM.F / SR,20587,29645280
540,SUP-7285-24,SM / SM.F / SR,20587,29645280
614,SUP-8370-25,SP,20587,29645280
389,SUP-6806-23,PI,20587,29645280
389,SUP-6806-23,PI,20587,29645280
171,SUP-6806-23,SP,20587,29645280
321,SUP-6806-23,SP,20587,29645280
568,SUP-6806-23,SP,20587,29645280
568,SUP-6806-23,SP,20587,29645280
321,SUP-6806-23,SP,20587,29645280
171,SUP-6806-23,SP,20587,29645280
478,SUP-7133-24,SP,20587,29645280
154,SUP-7133-24,SP,20587,29645280
594,SUP-7133-24,SP,20587,29645280
276,SUP-7133-24,SP,20587,29645280
605,SUP-7133-24,SP,20587,29645280
594,SUP-7133-24,SP,20587,29645280
605,SUP-7133-24,SP,20587,29645280
600,SUP-8250-25,PI,20587,29645280
306,SUP-7133-24,SM / SM.F / SR,20587,29645280
306,SUP-7133-24,SM / SM.F / SR,20587,29645280
447,SUP-7133-24,ST,20587,29645280
447,SUP-7133-24,ST,20587,29645280
531,SUP-7133-24,SM / SM.F / SR,20587,29645280
447,SUP-7133-24,ST,20587,29645280
329,SUP-7769-24,SP,20587,29645280
607,SUP-7769-24,SP,20587,29645280
601,SUP-7769-24,SP,20587,29645280
607,SUP-7769-24,SP,20587,29645280
329,SUP-7769-24,SP,20587,29645280
447,SUP-7133-24,ST,20587,29645280
447,SUP-7133-24,ST,20587,29645280
447,SUP-7133-24,ST,20587,29645280
447,SUP-7133-24,ST,20587,29645280
612,SUP-7133-24,ST,20587,29645280
468,SUP-6806-23,SM / SM.F / SR,20587,29645280
341,SUP-6806-23,SM / SM.F / SR,20587,29645280
595,SUP-6806-23,ST,20587,29645280
353,SUP-6806-23,ST,20587,29645280
353,SUP-6806-23,ST,20587,29645280
595,SUP-6806-23,ST,20587,29645280
353,SUP-6806-23,ST,20587,29645280
595,SUP-6806-23,ST,20587,29645280
595,SUP-6806-23,ST,20587,29645280
353,SUP-6806-23,ST,20587,29645280
595,SUP-6806-23,ST,20587,29645280
353,SUP-6806-23,ST,20587,29645280
353,SUP-6806-23,ST,20587,29645280
595,SUP-6806-23,ST,20587,29645280
595,SUP-6806-23,ST,20587,29645280
353,SUP-6806-23,ST,20587,29645280
595,SUP-6806-23,ST,20587,29645280
353,SUP-6806-23,ST,20587,29645280
164,SUP-7133-24,SM / SM.F / SR,20587,29645280
337,SUP-7769-24,SM / SM.F / SR,20587,29645280
297,SUP-8496-26,CPTu,20587,29645280
297,SUP-8496-26,VT,20587,29645280
463,SUP-7770-24,SP,20587,29645280
463,SUP-7770-24,SP,20587,29645280
299,SUP-6806-23,SP,20587,29645280
571,SUP-6806-23,SP,20587,29645280
299,SUP-6806-23,SP,20587,29645280
571,SUP-6806-23,SP,20587,29645280
582,SUP-7770-24,SP,20587,29645280
582,SUP-7770-24,SP,20587,29645280
513,SUP-8370-25,ST,20587,29645280
513,SUP-8370-25,ST,20587,29645280
513,SUP-8370-25,ST,20587,29645280
513,SUP-8370-25,ST,20587,29645280
513,SUP-8370-25,ST,20587,29645280
513,SUP-8370-25,ST,20587,29645280
513,SUP-8370-25,ST,20587,29645280
513,SUP-8370-25,ST,20587,29645280
513,SUP-8370-25,ST,20587,29645280
513,SUP-8370-25,ST,20587,29645280
513,SUP-8370-25,ST,20587,29645280
513,SUP-8370-25,ST,20587,29645280
513,SUP-8370-25,ST,20587,29645280
513,SUP-8370-25,ST,20587,29645280
513,SUP-8370-25,ST,20587,29645280
513,SUP-8370-25,ST,20587,29645280
600,SUP-8250-25,PI,20587,29645280
325,SUP-8370-25,SM / SM.F / SR,20587,29645280
143,SUP-7285-24,SP,20588,29646720
361,SUP-7285-24,SP,20588,29646720
536,SUP-7285-24,SP,20588,29646720
575,SUP-7285-24,ST,20588,29646720
575,SUP-7285-24,ST,20588,29646720
575,SUP-7285-24,ST,20588,29646720
575,SUP-7285-24,ST,20588,29646720
575,SUP-7285-24,ST,20588,29646720
614,SUP-8370-25,SP,20588,29646720
614,SUP-8370-25,SP,20588,29646720
389,SUP-6806-23,PI,20588,29646720
568,SUP-6806-23,SP,20588,29646720
321,SUP-6806-23,SP,20588,29646720
568,SUP-6806-23,SP,20588,29646720
389,SUP-8187-25,PI,20588,29646720
603,SUP-7133-24,SP,20588,29646720
577,SUP-7133-24,SP,20588,29646720
600,SUP-8250-25,PI,20588,29646720
601,SUP-7769-24,SP,20588,29646720
601,SUP-7769-24,SP,20588,29646720
607,SUP-7769-24,SP,20588,29646720
329,SUP-7769-24,SP,20588,29646720
601,SUP-7769-24,SP,20588,29646720
607,SUP-7769-24,SP,20588,29646720
329,SUP-7769-24,SP,20588,29646720
321,SUP-6806-23,SP,20588,29646720
171,SUP-6806-23,SP,20588,29646720
353,SUP-6806-23,ST,20588,29646720
353,SUP-6806-23,ST,20588,29646720
595,SUP-6806-23,ST,20588,29646720
595,SUP-6806-23,ST,20588,29646720
389,SUP-6806-23,ST,20588,29646720
595,SUP-6806-23,ST,20588,29646720
389,SUP-6806-23,ST,20588,29646720
389,SUP-6806-23,ST,20588,29646720
595,SUP-6806-23,ST,20588,29646720
353,SUP-6806-23,ST,20588,29646720
595,SUP-6806-23,ST,20588,29646720
389,SUP-6806-23,ST,20588,29646720
595,SUP-6806-23,ST,20588,29646720
353,SUP-6806-23,ST,20588,29646720
154,SUP-7128-24,SP,20588,29646720
612,SUP-7133-24,ST,20588,29646720
447,SUP-7133-24,ST,20588,29646720
612,SUP-7133-24,ST,20588,29646720
447,SUP-7133-24,ST,20588,29646720
447,SUP-7133-24,ST,20588,29646720
612,SUP-7133-24,ST,20588,29646720
612,SUP-7133-24,ST,20588,29646720
447,SUP-7133-24,ST,20588,29646720
447,SUP-7133-24,ST,20588,29646720
297,SUP-8496-26,VT,20588,29646720
297,SUP-8496-26,CPTu,20588,29646720
389,SUP-6806-23,ST,20588,29646720
595,SUP-6806-23,ST,20588,29646720
389,SUP-6806-23,ST,20588,29646720
353,SUP-6806-23,ST,20588,29646720
595,SUP-6806-23,ST,20588,29646720
353,SUP-6806-23,ST,20588,29646720
353,SUP-6806-23,ST,20588,29646720
463,SUP-7770-24,SP,20588,29646720
463,SUP-7770-24,SP,20588,29646720
463,SUP-7770-24,SP,20588,29646720
582,SUP-7770-24,SP,20588,29646720
463,SUP-7770-24,SP,20588,29646720
463,SUP-7770-24,SP,20588,29646720
582,SUP-7770-24,SP,20588,29646720
571,SUP-6806-23,SP,20588,29646720
299,SUP-6806-23,SP,20588,29646720
299,SUP-6806-23,SP,20588,29646720
571,SUP-6806-23,SP,20588,29646720
175,SUP-8411-26,PI,20588,29646720
175,SUP-8411-26,PI,20588,29646720
513,SUP-8370-25,ST,20588,29646720
513,SUP-8370-25,ST,20588,29646720
257,SUP-6830-23,VT,20588,29646720
519,SUP-7285-24,SP,20589,29648160
361,SUP-7285-24,SP,20589,29648160
586,SUP-7285-24,SP,20589,29648160
536,SUP-7285-24,SP,20589,29648160
535,SUP-7722-24,SM / SM.F / SR,20589,29648160
509,SUP-7722-24,SM / SM.F / SR,20589,29648160
575,SUP-7285-24,ST,20589,29648160
575,SUP-7285-24,ST,20589,29648160
575,SUP-7285-24,ST,20589,29648160
575,SUP-7285-24,ST,20589,29648160
575,SUP-7285-24,ST,20589,29648160
614,SUP-8370-25,SP,20589,29648160
614,SUP-8370-25,SP,20589,29648160
614,SUP-8370-25,SP,20589,29648160
614,SUP-8370-25,SP,20589,29648160
614,SUP-8370-25,SP,20589,29648160
614,SUP-8370-25,SP,20589,29648160
321,SUP-6806-23,SP,20589,29648160
171,SUP-6806-23,SP,20589,29648160
568,SUP-6806-23,SP,20589,29648160
568,SUP-6806-23,SP,20589,29648160
389,SUP-8187-25,PI,20589,29648160
389,SUP-8187-25,PI,20589,29648160
478,SUP-7133-24,SP,20589,29648160
559,SUP-7133-24,SP,20589,29648160
605,SUP-7133-24,SP,20589,29648160
276,SUP-7133-24,SP,20589,29648160
605,SUP-7133-24,SP,20589,29648160
594,SUP-7133-24,SP,20589,29648160
603,SUP-7133-24,SP,20589,29648160
577,SUP-7133-24,SP,20589,29648160
216,SUP-7133-24,SM / SM.F / SR,20589,29648160
329,SUP-7769-24,SP,20589,29648160
468,SUP-6806-23,SM / SM.F / SR,20589,29648160
595,SUP-6806-23,ST,20589,29648160
595,SUP-6806-23,ST,20589,29648160
595,SUP-6806-23,ST,20589,29648160
595,SUP-6806-23,ST,20589,29648160
595,SUP-6806-23,ST,20589,29648160
329,SUP-7769-24,SP,20589,29648160
329,SUP-7769-24,SP,20589,29648160
607,SUP-7769-24,SP,20589,29648160
601,SUP-7769-24,SP,20589,29648160
447,SUP-7133-24,ST,20589,29648160
447,SUP-7133-24,ST,20589,29648160
612,SUP-7133-24,ST,20589,29648160
447,SUP-7133-24,ST,20589,29648160
612,SUP-7133-24,ST,20589,29648160
447,SUP-7133-24,ST,20589,29648160
612,SUP-7133-24,ST,20589,29648160
447,SUP-7133-24,ST,20589,29648160
612,SUP-7133-24,ST,20589,29648160
447,SUP-7133-24,ST,20589,29648160
612,SUP-7133-24,ST,20589,29648160
612,SUP-7133-24,ST,20589,29648160
447,SUP-7133-24,ST,20589,29648160
612,SUP-7133-24,ST,20589,29648160
447,SUP-7133-24,ST,20589,29648160
447,SUP-7133-24,ST,20589,29648160
612,SUP-7133-24,ST,20589,29648160
612,SUP-7133-24,ST,20589,29648160
447,SUP-7133-24,ST,20589,29648160
nome:Fabio Fernando dos Santos,SUP-6498-23,SM / SM.F / SR,20589,29648160
288,SUP-6498-23,SM / SM.F / SR,20589,29648160
297,SUP-8496-26,VT,20589,29648160
297,SUP-8496-26,CPTu,20589,29648160
595,SUP-6806-23,ST,20589,29648160
463,SUP-7770-24,SP,20589,29648160
299,SUP-6806-23,SP,20589,29648160
571,SUP-6806-23,SP,20589,29648160
299,SUP-6806-23,SP,20589,29648160
571,SUP-6806-23,SP,20589,29648160
175,SUP-8411-26,ST,20589,29648160
175,SUP-8411-26,PI,20589,29648160
175,SUP-8411-26,PI,20589,29648160
175,SUP-8411-26,PI,20589,29648160
513,SUP-8370-25,ST,20589,29648160
513,SUP-8370-25,ST,20589,29648160
513,SUP-8370-25,ST,20589,29648160
513,SUP-8370-25,ST,20589,29648160
513,SUP-8370-25,ST,20589,29648160
513,SUP-8370-25,ST,20589,29648160
513,SUP-8370-25,ST,20589,29648160
513,SUP-8370-25,ST,20589,29648160
600,SUP-8250-25,PI,20589,29648160
600,SUP-8250-25,PI,20589,29648160
600,SUP-8250-25,PI,20589,29648160
79,SUP-7128-24,SM / SM.F / SR,20589,29648160
325,SUP-8370-25,SM / SM.F / SR,20589,29648160
582,SUP-7770-24,SP,20589,29648160
463,SUP-7770-24,SP,20589,29648160
582,SUP-7770-24,SP,20589,29648160
154,SUP-7128-24,SP,20589,29648160
257,SUP-6830-23,VT,20589,29648160
257,SUP-6830-23,VT,20589,29648160
378,SUP-7722-24,SM / SM.F / SR,20590,29649600
536,SUP-7285-24,SP,20590,29649600
536,SUP-7285-24,SP,20590,29649600
586,SUP-7285-24,SP,20590,29649600
361,SUP-7285-24,SP,20590,29649600
143,SUP-7285-24,SP,20590,29649600
519,SUP-7285-24,SP,20590,29649600
361,SUP-7285-24,SP,20590,29649600
586,SUP-7285-24,SP,20590,29649600
604,SUP-7722-24,SM / SM.F / SR,20590,29649600
321,SUP-6806-23,SP,20590,29649600
568,SUP-6806-23,SP,20590,29649600
389,SUP-8187-25,PI,20590,29649600
389,SUP-8187-25,PI,20590,29649600
389,SUP-8187-25,PI,20590,29649600
389,SUP-8187-25,PI,20590,29649600
601,SUP-7769-24,SP,20590,29649600
595,SUP-6806-23,ST,20590,29649600
577,SUP-7133-24,SP,20590,29649600
603,SUP-7133-24,SP,20590,29649600
577,SUP-7133-24,SP,20590,29649600
603,SUP-7133-24,SP,20590,29649600
600,SUP-8250-25,PI,20590,29649600
513,SUP-7722-24,ST,20590,29649600
353,SUP-6806-23,ST,20590,29649600
595,SUP-6806-23,ST,20590,29649600
353,SUP-6806-23,ST,20590,29649600
595,SUP-6806-23,ST,20590,29649600
595,SUP-6806-23,ST,20590,29649600
353,SUP-6806-23,ST,20590,29649600
353,SUP-6806-23,ST,20590,29649600
595,SUP-6806-23,ST,20590,29649600
389,SUP-6806-23,PI,20590,29649600
612,SUP-7133-24,ST,20590,29649600
612,SUP-7133-24,ST,20590,29649600
612,SUP-7133-24,ST,20590,29649600
612,SUP-7133-24,ST,20590,29649600
612,SUP-7133-24,ST,20590,29649600
612,SUP-7133-24,ST,20590,29649600
612,SUP-7133-24,ST,20590,29649600
612,SUP-7133-24,ST,20590,29649600
612,SUP-7133-24,ST,20590,29649600
612,SUP-7133-24,ST,20590,29649600
612,SUP-7133-24,ST,20590,29649600
612,SUP-7133-24,ST,20590,29649600
612,SUP-7133-24,ST,20590,29649600
612,SUP-7133-24,ST,20590,29649600
612,SUP-7133-24,ST,20590,29649600
612,SUP-7133-24,ST,20590,29649600
612,SUP-7133-24,ST,20590,29649600
612,SUP-7133-24,ST,20590,29649600
612,SUP-7133-24,ST,20590,29649600
612,SUP-7133-24,ST,20590,29649600
26,SUP-6498-23,SP,20590,29649600
26,SUP-6498-23,SP,20590,29649600
26,SUP-6498-23,SP,20590,29649600
121,SUP-6498-23,SM / SM.F / SR,20590,29649600
26,SUP-6498-23,SP,20590,29649600
26,SUP-6498-23,SP,20590,29649600
26,SUP-6498-23,SP,20590,29649600
297,SUP-8496-26,CPTu,20590,29649600
297,SUP-8496-26,VT,20590,29649600
428,SUP-7593-24,SM / SM.F / SR,20590,29649600
463,SUP-7770-24,SP,20590,29649600
175,SUP-8411-26,ST,20590,29649600
175,SUP-8411-26,ST,20590,29649600
175,SUP-8411-26,PI,20590,29649600
175,SUP-8411-26,PI,20590,29649600
175,SUP-8411-26,PI,20590,29649600
299,SUP-6806-23,SP,20590,29649600
600,SUP-8250-25,PI,20590,29649600
463,SUP-7770-24,SP,20590,29649600
582,SUP-7770-24,SP,20590,29649600
463,SUP-7770-24,SP,20590,29649600
582,SUP-7770-24,SP,20590,29649600
154,SUP-7128-24,SP,20590,29649600
378,SUP-7722-24,SM / SM.F / SR,20591,29651040
299,SUP-6806-23,SP,20591,29651040
519,SUP-7285-24,SP,20591,29651040
143,SUP-7285-24,SP,20591,29651040
143,SUP-7285-24,SP,20591,29651040
519,SUP-7285-24,SP,20591,29651040
361,SUP-7285-24,SP,20591,29651040
575,SUP-7285-24,ST,20591,29651040
575,SUP-7285-24,ST,20591,29651040
575,SUP-7285-24,ST,20591,29651040
575,SUP-7285-24,ST,20591,29651040
575,SUP-7285-24,ST,20591,29651040
588,SUP-7285-24,SM / SM.F / SR,20591,29651040
340,SUP-7285-24,SM / SM.F / SR,20591,29651040
614,SUP-8370-25,SP,20591,29651040
321,SUP-6806-23,SP,20591,29651040
171,SUP-6806-23,SP,20591,29651040
568,SUP-6806-23,SP,20591,29651040
389,SUP-8187-25,PI,20591,29651040
389,SUP-8187-25,PI,20591,29651040
389,SUP-8187-25,PI,20591,29651040
559,SUP-7133-24,SP,20591,29651040
601,SUP-7769-24,SP,20591,29651040
353,SUP-6806-23,ST,20591,29651040
353,SUP-6806-23,ST,20591,29651040
353,SUP-6806-23,ST,20591,29651040
595,SUP-6806-23,ST,20591,29651040
595,SUP-6806-23,ST,20591,29651040
353,SUP-6806-23,ST,20591,29651040
595,SUP-6806-23,ST,20591,29651040
595,SUP-6806-23,ST,20591,29651040
595,SUP-6806-23,ST,20591,29651040
595,SUP-6806-23,ST,20591,29651040
353,SUP-6806-23,ST,20591,29651040
595,SUP-6806-23,ST,20591,29651040
594,SUP-7133-24,SP,20591,29651040
605,SUP-7133-24,SP,20591,29651040
603,SUP-7133-24,SP,20591,29651040
605,SUP-7133-24,SP,20591,29651040
605,SUP-7133-24,SP,20591,29651040
577,SUP-7133-24,SP,20591,29651040
603,SUP-7133-24,SP,20591,29651040
605,SUP-7133-24,SP,20591,29651040
577,SUP-7133-24,SP,20591,29651040
603,SUP-7133-24,SP,20591,29651040
513,SUP-7722-24,ST,20591,29651040
513,SUP-7722-24,ST,20591,29651040
513,SUP-7722-24,ST,20591,29651040
513,SUP-7722-24,ST,20591,29651040
513,SUP-7722-24,ST,20591,29651040
513,SUP-7722-24,ST,20591,29651040
513,SUP-7722-24,ST,20591,29651040
513,SUP-7722-24,ST,20591,29651040
513,SUP-7722-24,ST,20591,29651040
513,SUP-7722-24,ST,20591,29651040
513,SUP-7722-24,ST,20591,29651040
513,SUP-7722-24,ST,20591,29651040
513,SUP-7722-24,ST,20591,29651040
468,SUP-6806-23,SM / SM.F / SR,20591,29651040
341,SUP-6806-23,SM / SM.F / SR,20591,29651040
353,SUP-6806-23,ST,20591,29651040
595,SUP-6806-23,ST,20591,29651040
447,SUP-7133-24,ST,20591,29651040
447,SUP-7133-24,ST,20591,29651040
612,SUP-7133-24,ST,20591,29651040
447,SUP-7133-24,ST,20591,29651040
612,SUP-7133-24,ST,20591,29651040
612,SUP-7133-24,ST,20591,29651040
447,SUP-7133-24,ST,20591,29651040
612,SUP-7133-24,ST,20591,29651040
612,SUP-7133-24,ST,20591,29651040
447,SUP-7133-24,ST,20591,29651040
164,SUP-7133-24,SM / SM.F / SR,20591,29651040
26,SUP-6498-23,SP,20591,29651040
297,SUP-8496-26,CPTu,20591,29651040
297,SUP-8496-26,VT,20591,29651040
223,SUP-7593-24,SM / SM.F / SR,20591,29651040
175,SUP-8411-26,ST,20591,29651040
175,SUP-8411-26,ST,20591,29651040
175,SUP-8411-26,ST,20591,29651040
175,SUP-8411-26,PI,20591,29651040
154,SUP-7128-24,SP,20591,29651040
154,SUP-7128-24,SP,20591,29651040
571,SUP-6806-23,SP,20591,29651040
571,SUP-6806-23,SP,20591,29651040
600,SUP-8250-25,PI,20591,29651040
600,SUP-8250-25,PI,20591,29651040
325,SUP-8370-25,SM / SM.F / SR,20591,29651040
607,SUP-7769-24,SP,20591,29651040
329,SUP-7769-24,SP,20591,29651040
582,SUP-7770-24,SP,20591,29651040
463,SUP-7770-24,SP,20591,29651040
463,SUP-7770-24,SP,20591,29651040
582,SUP-7770-24,SP,20591,29651040
257,SUP-6830-23,VT,20591,29651040
571,SUP-6806-23,SP,20592,29652480
143,SUP-7285-24,SP,20592,29652480
143,SUP-7285-24,SP,20592,29652480
536,SUP-7285-24,SP,20592,29652480
519,SUP-7285-24,SP,20592,29652480
586,SUP-7285-24,SP,20592,29652480
361,SUP-7285-24,SP,20592,29652480
575,SUP-7285-24,ST,20592,29652480
575,SUP-7285-24,ST,20592,29652480
575,SUP-7285-24,ST,20592,29652480
575,SUP-7285-24,ST,20592,29652480
540,SUP-7285-24,SM / SM.F / SR,20592,29652480
614,SUP-8370-25,SP,20592,29652480
171,SUP-6806-23,SP,20592,29652480
321,SUP-6806-23,SP,20592,29652480
568,SUP-6806-23,SP,20592,29652480
171,SUP-6806-23,SP,20592,29652480
568,SUP-6806-23,SP,20592,29652480
389,SUP-8187-25,PI,20592,29652480
389,SUP-8187-25,PI,20592,29652480
389,SUP-8187-25,PI,20592,29652480
478,SUP-7133-24,SP,20592,29652480
353,SUP-6806-23,ST,20592,29652480
353,SUP-6806-23,ST,20592,29652480
595,SUP-6806-23,ST,20592,29652480
353,SUP-6806-23,ST,20592,29652480
353,SUP-6806-23,ST,20592,29652480
595,SUP-6806-23,ST,20592,29652480
595,SUP-6806-23,ST,20592,29652480
595,SUP-6806-23,ST,20592,29652480
353,SUP-6806-23,ST,20592,29652480
595,SUP-6806-23,ST,20592,29652480
595,SUP-6806-23,ST,20592,29652480
595,SUP-6806-23,ST,20592,29652480
595,SUP-6806-23,ST,20592,29652480
353,SUP-6806-23,ST,20592,29652480
595,SUP-6806-23,ST,20592,29652480
353,SUP-6806-23,ST,20592,29652480
353,SUP-6806-23,ST,20592,29652480
595,SUP-6806-23,ST,20592,29652480
595,SUP-6806-23,ST,20592,29652480
353,SUP-6806-23,ST,20592,29652480
603,SUP-7133-24,SP,20592,29652480
577,SUP-7133-24,SP,20592,29652480
594,SUP-7133-24,SP,20592,29652480
605,SUP-7133-24,SP,20592,29652480
605,SUP-7133-24,SP,20592,29652480
276,SUP-7133-24,SP,20592,29652480
577,SUP-7133-24,SP,20592,29652480
605,SUP-7133-24,SP,20592,29652480
603,SUP-7133-24,SP,20592,29652480
594,SUP-7133-24,SP,20592,29652480
605,SUP-7133-24,SP,20592,29652480
605,SUP-7133-24,SP,20592,29652480
605,SUP-7133-24,SP,20592,29652480
605,SUP-7133-24,SP,20592,29652480
594,SUP-7133-24,SP,20592,29652480
577,SUP-7133-24,SP,20592,29652480
603,SUP-7133-24,SP,20592,29652480
600,SUP-8250-25,PI,20592,29652480
299,SUP-6806-23,SP,20592,29652480
513,SUP-7722-24,ST,20592,29652480
513,SUP-7722-24,ST,20592,29652480
513,SUP-7722-24,ST,20592,29652480
513,SUP-7722-24,ST,20592,29652480
513,SUP-7722-24,ST,20592,29652480
513,SUP-7722-24,ST,20592,29652480
513,SUP-7722-24,ST,20592,29652480
513,SUP-7722-24,ST,20592,29652480
513,SUP-7722-24,ST,20592,29652480
513,SUP-7722-24,ST,20592,29652480
513,SUP-7722-24,ST,20592,29652480
513,SUP-7722-24,ST,20592,29652480
513,SUP-7722-24,ST,20592,29652480
513,SUP-7722-24,ST,20592,29652480
585,SUP-7133-24,SM / SM.F / SR,20592,29652480
560,SUP-7133-24,SM / SM.F / SR,20592,29652480
531,SUP-7133-24,SM / SM.F / SR,20592,29652480
612,SUP-7133-24,ST,20592,29652480
612,SUP-7133-24,ST,20592,29652480
447,SUP-7133-24,ST,20592,29652480
612,SUP-7133-24,ST,20592,29652480
447,SUP-7133-24,ST,20592,29652480
612,SUP-7133-24,ST,20592,29652480
447,SUP-7133-24,ST,20592,29652480
447,SUP-7133-24,ST,20592,29652480
612,SUP-7133-24,ST,20592,29652480
447,SUP-7133-24,ST,20592,29652480
612,SUP-7133-24,ST,20592,29652480
612,SUP-7133-24,ST,20592,29652480
447,SUP-7133-24,ST,20592,29652480
612,SUP-7133-24,ST,20592,29652480
612,SUP-7133-24,ST,20592,29652480
447,SUP-7133-24,ST,20592,29652480
447,SUP-7133-24,ST,20592,29652480
612,SUP-7133-24,ST,20592,29652480
447,SUP-7133-24,ST,20592,29652480
612,SUP-7133-24,ST,20592,29652480
337,SUP-7769-24,SM / SM.F / SR,20592,29652480
297,SUP-8496-26,VT,20592,29652480
297,SUP-8496-26,CPTu,20592,29652480
428,SUP-7593-24,SM / SM.F / SR,20592,29652480
463,SUP-7770-24,SP,20592,29652480
299,SUP-6806-23,SP,20592,29652480
571,SUP-6806-23,SP,20592,29652480
175,SUP-8411-26,ST,20592,29652480
175,SUP-8411-26,ST,20592,29652480
175,SUP-8411-26,ST,20592,29652480
175,SUP-8411-26,ST,20592,29652480
600,SUP-8250-25,PI,20592,29652480
286,SUP-7813-24,SM / SM.F / SR,20592,29652480
601,SUP-7769-24,SP,20592,29652480
329,SUP-7769-24,SP,20592,29652480
607,SUP-7769-24,SP,20592,29652480
154,SUP-7128-24,SP,20592,29652480
614,SUP-8370-25,SP,20593,29653920
614,SUP-8370-25,SP,20593,29653920
614,SUP-8370-25,SP,20593,29653920
614,SUP-8370-25,SP,20593,29653920
614,SUP-8370-25,SP,20593,29653920
340,SUP-7285-24,SM / SM.F / SR,20593,29653920
321,SUP-6806-23,SP,20593,29653920
568,SUP-6806-23,SP,20593,29653920
389,SUP-8187-25,PI,20593,29653920
389,SUP-8187-25,PI,20593,29653920
478,SUP-7133-24,SP,20593,29653920
595,SUP-6806-23,ST,20593,29653920
353,SUP-6806-23,ST,20593,29653920
595,SUP-6806-23,ST,20593,29653920
595,SUP-6806-23,ST,20593,29653920
595,SUP-6806-23,ST,20593,29653920
353,SUP-6806-23,ST,20593,29653920
603,SUP-7133-24,SP,20593,29653920
594,SUP-7133-24,SP,20593,29653920
605,SUP-7133-24,SP,20593,29653920
605,SUP-7133-24,SP,20593,29653920
577,SUP-7133-24,SP,20593,29653920
603,SUP-7133-24,SP,20593,29653920
594,SUP-7133-24,SP,20593,29653920
605,SUP-7133-24,SP,20593,29653920
577,SUP-7133-24,SP,20593,29653920
603,SUP-7133-24,SP,20593,29653920
603,SUP-7133-24,SP,20593,29653920
577,SUP-7133-24,SP,20593,29653920
276,SUP-7133-24,SP,20593,29653920
603,SUP-7133-24,SP,20593,29653920
577,SUP-7133-24,SP,20593,29653920
594,SUP-7133-24,SP,20593,29653920
605,SUP-7133-24,SP,20593,29653920
600,SUP-8250-25,PI,20593,29653920
600,SUP-8250-25,PI,20593,29653920
602,SUP-7133-24,SP,20593,29653920
571,SUP-6806-23,SP,20593,29653920
571,SUP-6806-23,SP,20593,29653920
299,SUP-6806-23,SP,20593,29653920
571,SUP-6806-23,SP,20593,29653920
299,SUP-6806-23,SP,20593,29653920
571,SUP-6806-23,SP,20593,29653920
513,SUP-7722-24,ST,20593,29653920
513,SUP-7722-24,ST,20593,29653920
513,SUP-7722-24,ST,20593,29653920
513,SUP-7722-24,ST,20593,29653920
513,SUP-7722-24,ST,20593,29653920
513,SUP-7722-24,ST,20593,29653920
513,SUP-7722-24,ST,20593,29653920
513,SUP-7722-24,ST,20593,29653920
513,SUP-7722-24,ST,20593,29653920
513,SUP-7722-24,ST,20593,29653920
513,SUP-7722-24,ST,20593,29653920
513,SUP-7722-24,ST,20593,29653920
513,SUP-7722-24,ST,20593,29653920
513,SUP-7722-24,ST,20593,29653920
513,SUP-7722-24,ST,20593,29653920
513,SUP-7722-24,ST,20593,29653920
513,SUP-7722-24,ST,20593,29653920
513,SUP-7722-24,ST,20593,29653920
513,SUP-7722-24,ST,20593,29653920
513,SUP-7722-24,ST,20593,29653920
468,SUP-6806-23,SM / SM.F / SR,20593,29653920
164,SUP-7133-24,SM / SM.F / SR,20593,29653920
420,SUP-7133-24,SM / SM.F / SR,20593,29653920
216,SUP-7133-24,SM / SM.F / SR,20593,29653920
595,SUP-6806-23,ST,20593,29653920
353,SUP-6806-23,ST,20593,29653920
353,SUP-6806-23,ST,20593,29653920
353,SUP-6806-23,ST,20593,29653920
595,SUP-6806-23,ST,20593,29653920
447,SUP-7133-24,ST,20593,29653920
612,SUP-7133-24,ST,20593,29653920
447,SUP-7133-24,ST,20593,29653920
612,SUP-7133-24,ST,20593,29653920
447,SUP-7133-24,ST,20593,29653920
447,SUP-7133-24,ST,20593,29653920
447,SUP-7133-24,ST,20593,29653920
447,SUP-7133-24,ST,20593,29653920
612,SUP-7133-24,ST,20593,29653920
447,SUP-7133-24,ST,20593,29653920
612,SUP-7133-24,ST,20593,29653920
26,SUP-6498-23,SM / SM.F / SR,20593,29653920
364,SUP-6498-23,SM / SM.F / SR,20593,29653920
582,SUP-7770-24,SP,20593,29653920
582,SUP-7770-24,SP,20593,29653920
600,SUP-8250-25,PI,20593,29653920
79,SUP-7128-24,SM / SM.F / SR,20593,29653920
463,SUP-7770-24,SP,20593,29653920
463,SUP-7770-24,SP,20593,29653920
154,SUP-7128-24,SP,20593,29653920
614,SUP-8370-25,SP,20594,29655360
614,SUP-8370-25,SP,20594,29655360
614,SUP-8370-25,SP,20594,29655360
614,SUP-8370-25,SP,20594,29655360
614,SUP-8370-25,SP,20594,29655360
614,SUP-8370-25,SP,20594,29655360
614,SUP-8370-25,SP,20594,29655360
143,SUP-7285-24,SP,20594,29655360
361,SUP-7285-24,SP,20594,29655360
536,SUP-7285-24,SP,20594,29655360
519,SUP-7285-24,SP,20594,29655360
361,SUP-7285-24,SP,20594,29655360
143,SUP-7285-24,SP,20594,29655360
321,SUP-6806-23,SP,20594,29655360
321,SUP-6806-23,SP,20594,29655360
588,SUP-7285-24,SM / SM.F / SR,20594,29655360
614,SUP-8370-25,SP,20594,29655360
389,SUP-8187-25,PI,20594,29655360
389,SUP-8187-25,PI,20594,29655360
389,SUP-8187-25,PI,20594,29655360
389,SUP-8187-25,PI,20594,29655360
559,SUP-7133-24,SP,20594,29655360
559,SUP-7133-24,SP,20594,29655360
594,SUP-7133-24,SP,20594,29655360
605,SUP-7133-24,SP,20594,29655360
603,SUP-7133-24,SP,20594,29655360
577,SUP-7133-24,SP,20594,29655360
276,SUP-7133-24,SP,20594,29655360
603,SUP-7133-24,SP,20594,29655360
594,SUP-7133-24,SP,20594,29655360
605,SUP-7133-24,SP,20594,29655360
577,SUP-7133-24,SP,20594,29655360
600,SUP-8250-25,PI,20594,29655360
602,SUP-7133-24,SP,20594,29655360
561,SUP-7133-24,SM / SM.F / SR,20594,29655360
571,SUP-6806-23,SP,20594,29655360
299,SUP-6806-23,SP,20594,29655360
571,SUP-6806-23,SP,20594,29655360
299,SUP-6806-23,SP,20594,29655360
571,SUP-6806-23,SP,20594,29655360
595,SUP-6806-23,ST,20594,29655360
595,SUP-6806-23,ST,20594,29655360
595,SUP-6806-23,ST,20594,29655360
595,SUP-6806-23,ST,20594,29655360
595,SUP-6806-23,ST,20594,29655360
595,SUP-6806-23,ST,20594,29655360
595,SUP-6806-23,ST,20594,29655360
513,SUP-7722-24,ST,20594,29655360
513,SUP-7722-24,ST,20594,29655360
513,SUP-7722-24,ST,20594,29655360
513,SUP-7722-24,ST,20594,29655360
513,SUP-7722-24,ST,20594,29655360
513,SUP-7722-24,ST,20594,29655360
513,SUP-7722-24,ST,20594,29655360
513,SUP-7722-24,ST,20594,29655360
513,SUP-7722-24,ST,20594,29655360
513,SUP-7722-24,ST,20594,29655360
513,SUP-7722-24,ST,20594,29655360
513,SUP-7722-24,ST,20594,29655360
513,SUP-7722-24,ST,20594,29655360
513,SUP-7722-24,ST,20594,29655360
513,SUP-7722-24,ST,20594,29655360
513,SUP-7722-24,ST,20594,29655360
513,SUP-7722-24,ST,20594,29655360
513,SUP-7722-24,ST,20594,29655360
216,SUP-7133-24,SM / SM.F / SR,20594,29655360
585,SUP-7133-24,SM / SM.F / SR,20594,29655360
595,SUP-6806-23,ST,20594,29655360
595,SUP-6806-23,ST,20594,29655360
612,SUP-7133-24,ST,20594,29655360
612,SUP-7133-24,ST,20594,29655360
612,SUP-7133-24,ST,20594,29655360
612,SUP-7133-24,ST,20594,29655360
447,SUP-7133-24,ST,20594,29655360
447,SUP-7133-24,ST,20594,29655360
612,SUP-7133-24,ST,20594,29655360
447,SUP-7133-24,ST,20594,29655360
612,SUP-7133-24,ST,20594,29655360
612,SUP-7133-24,ST,20594,29655360
447,SUP-7133-24,ST,20594,29655360
171,SUP-6806-23,SP,20594,29655360
568,SUP-6806-23,SP,20594,29655360
171,SUP-6806-23,SP,20594,29655360
568,SUP-6806-23,SP,20594,29655360
121,SUP-6498-23,SM / SM.F / SR,20594,29655360
575,SUP-7770-24,PI,20594,29655360
575,SUP-7770-24,PI,20594,29655360
175,SUP-8437-26,ST,20594,29655360
175,SUP-8437-26,ST,20594,29655360
175,SUP-8437-26,ST,20594,29655360
175,SUP-8437-26,ST,20594,29655360
175,SUP-8437-26,ST,20594,29655360
175,SUP-8437-26,ST,20594,29655360
175,SUP-8437-26,ST,20594,29655360
175,SUP-8437-26,ST,20594,29655360
175,SUP-8437-26,ST,20594,29655360
601,SUP-7769-24,SP,20594,29655360
607,SUP-7769-24,SP,20594,29655360
329,SUP-7769-24,SP,20594,29655360
463,SUP-7770-24,SP,20594,29655360
582,SUP-7770-24,SP,20594,29655360
154,SUP-7128-24,SP,20594,29655360
378,SUP-7128-24,SM / SM.F / SR,20594,29655360
297,SUP-7593-24,SH,20594,29655360
297,SUP-7593-24,CPTu,20594,29655360
297,SUP-7593-24,VT,20594,29655360
257,SUP-6830-23,SH,20594,29655360
299,SUP-6806-23,SP,20595,29656800
321,SUP-6806-23,SP,20595,29656800
571,SUP-6806-23,SP,20595,29656800
586,SUP-7285-24,SP,20595,29656800
586,SUP-7285-24,SP,20595,29656800
586,SUP-7285-24,SP,20595,29656800
143,SUP-7285-24,SP,20595,29656800
519,SUP-7285-24,SP,20595,29656800
536,SUP-7285-24,SP,20595,29656800
361,SUP-7285-24,SP,20595,29656800
361,SUP-7285-24,SP,20595,29656800
143,SUP-7285-24,SP,20595,29656800
171,SUP-6806-23,SP,20595,29656800
405,SUP-7722-24,SM / SM.F / SR,20595,29656800
362,SUP-7722-24,SM / SM.F / SR,20595,29656800
614,SUP-8370-25,SP,20595,29656800
568,SUP-6806-23,SP,20595,29656800
389,SUP-8187-25,PI,20595,29656800
389,SUP-8187-25,PI,20595,29656800
478,SUP-7133-24,SP,20595,29656800
594,SUP-7133-24,SP,20595,29656800
605,SUP-7133-24,SP,20595,29656800
603,SUP-7133-24,SP,20595,29656800
577,SUP-7133-24,SP,20595,29656800
594,SUP-7133-24,SP,20595,29656800
605,SUP-7133-24,SP,20595,29656800
603,SUP-7133-24,SP,20595,29656800
600,SUP-8250-25,PI,20595,29656800
600,SUP-8250-25,PI,20595,29656800
600,SUP-8250-25,PI,20595,29656800
602,SUP-7133-24,SP,20595,29656800
299,SUP-6806-23,SP,20595,29656800
463,SUP-7593-24,SP,20595,29656800
582,SUP-7593-24,SP,20595,29656800
595,SUP-6806-23,ST,20595,29656800
353,SUP-6806-23,ST,20595,29656800
353,SUP-6806-23,ST,20595,29656800
595,SUP-6806-23,ST,20595,29656800
353,SUP-6806-23,ST,20595,29656800
513,SUP-7722-24,ST,20595,29656800
513,SUP-7722-24,ST,20595,29656800
513,SUP-7722-24,ST,20595,29656800
513,SUP-7722-24,ST,20595,29656800
513,SUP-7722-24,ST,20595,29656800
513,SUP-7722-24,ST,20595,29656800
513,SUP-7722-24,ST,20595,29656800
513,SUP-7722-24,ST,20595,29656800
513,SUP-7722-24,ST,20595,29656800
513,SUP-7722-24,ST,20595,29656800
513,SUP-7722-24,ST,20595,29656800
513,SUP-7722-24,ST,20595,29656800
513,SUP-7722-24,ST,20595,29656800
513,SUP-7722-24,ST,20595,29656800
513,SUP-7722-24,ST,20595,29656800
513,SUP-7722-24,ST,20595,29656800
513,SUP-7722-24,ST,20595,29656800
513,SUP-7722-24,ST,20595,29656800
531,SUP-7133-24,SM / SM.F / SR,20595,29656800
353,SUP-6806-23,ST,20595,29656800
595,SUP-6806-23,ST,20595,29656800
468,SUP-6806-23,SM / SM.F / SR,20595,29656800
389,SUP-6806-23,PI,20595,29656800
389,SUP-6806-23,PI,20595,29656800
353,SUP-6806-23,ST,20595,29656800
595,SUP-6806-23,ST,20595,29656800
389,SUP-6806-23,PI,20595,29656800
389,SUP-6806-23,PI,20595,29656800
353,SUP-6806-23,ST,20595,29656800
595,SUP-6806-23,ST,20595,29656800
353,SUP-6806-23,ST,20595,29656800
595,SUP-6806-23,ST,20595,29656800
595,SUP-6806-23,ST,20595,29656800
353,SUP-6806-23,ST,20595,29656800
595,SUP-6806-23,ST,20595,29656800
353,SUP-6806-23,ST,20595,29656800
575,SUP-7770-24,PI,20595,29656800
575,SUP-7770-24,PI,20595,29656800
171,SUP-6806-23,SP,20595,29656800
571,SUP-6806-23,SP,20595,29656800
575,SUP-7770-24,PI,20595,29656800
575,SUP-7770-24,PI,20595,29656800
175,SUP-8437-26,ST,20595,29656800
175,SUP-8437-26,ST,20595,29656800
175,SUP-8437-26,ST,20595,29656800
175,SUP-8437-26,ST,20595,29656800
175,SUP-8437-26,ST,20595,29656800
175,SUP-8437-26,ST,20595,29656800
175,SUP-8437-26,ST,20595,29656800
175,SUP-8437-26,ST,20595,29656800
175,SUP-8437-26,ST,20595,29656800
175,SUP-8437-26,ST,20595,29656800
175,SUP-8437-26,ST,20595,29656800
175,SUP-8437-26,ST,20595,29656800
175,SUP-8437-26,ST,20595,29656800
154,SUP-7128-24,SP,20595,29656800
154,SUP-7128-24,SP,20595,29656800
297,SUP-7593-24,SH,20595,29656800
297,SUP-7593-24,VT,20595,29656800
297,SUP-7593-24,CPTu,20595,29656800
257,SUP-6830-23,SH,20595,29656800
428,SUP-7593-24,SM / SM.F / SR,20595,29656800
257,SUP-6830-23,SH,20595,29656800
143,SUP-7285-24,SP,20596,29658240
519,SUP-7285-24,SP,20596,29658240
361,SUP-7285-24,SP,20596,29658240
535,SUP-7722-24,SM / SM.F / SR,20596,29658240
614,SUP-8370-25,SP,20596,29658240
389,SUP-8187-25,PI,20596,29658240
389,SUP-8187-25,PI,20596,29658240
389,SUP-8187-25,PI,20596,29658240
389,SUP-8187-25,PI,20596,29658240
389,SUP-8187-25,PI,20596,29658240
175,SUP-7133-24,PI,20596,29658240
276,SUP-7133-24,SP,20596,29658240
175,SUP-7133-24,PI,20596,29658240
175,SUP-7133-24,PI,20596,29658240
605,SUP-7133-24,SP,20596,29658240
603,SUP-7133-24,SP,20596,29658240
577,SUP-7133-24,SP,20596,29658240
594,SUP-7133-24,SP,20596,29658240
605,SUP-7133-24,SP,20596,29658240
577,SUP-7133-24,SP,20596,29658240
594,SUP-7133-24,SP,20596,29658240
603,SUP-7133-24,SP,20596,29658240
600,SUP-8250-25,PI,20596,29658240
600,SUP-8250-25,PI,20596,29658240
600,SUP-8250-25,PI,20596,29658240
602,SUP-7133-24,SP,20596,29658240
306,SUP-7133-24,SM / SM.F / SR,20596,29658240
602,SUP-7133-24,SP,20596,29658240
602,SUP-7133-24,SP,20596,29658240
602,SUP-7133-24,SP,20596,29658240
602,SUP-7133-24,SP,20596,29658240
602,SUP-7133-24,SP,20596,29658240
602,SUP-7133-24,SP,20596,29658240
602,SUP-7133-24,SP,20596,29658240
602,SUP-7133-24,SP,20596,29658240
nome:Woshington Charles de Jesus,SUP-7722-24,ST,20596,29658240
nome:Alberto Ney Alves dos Santos,SUP-7722-24,ST,20596,29658240
nome:Woshington Charles de Jesus,SUP-7722-24,ST,20596,29658240
513,SUP-7722-24,ST,20596,29658240
513,SUP-7722-24,ST,20596,29658240
513,SUP-7722-24,ST,20596,29658240
513,SUP-7722-24,ST,20596,29658240
513,SUP-7722-24,ST,20596,29658240
513,SUP-7722-24,ST,20596,29658240
513,SUP-7722-24,ST,20596,29658240
513,SUP-7722-24,ST,20596,29658240
513,SUP-7722-24,ST,20596,29658240
513,SUP-7722-24,ST,20596,29658240
513,SUP-7722-24,ST,20596,29658240
513,SUP-7722-24,ST,20596,29658240
513,SUP-7722-24,ST,20596,29658240
513,SUP-7722-24,ST,20596,29658240
164,SUP-7133-24,SM / SM.F / SR,20596,29658240
560,SUP-7133-24,SM / SM.F / SR,20596,29658240
171,SUP-6806-23,SP,20596,29658240
595,SUP-6806-23,ST,20596,29658240
353,SUP-6806-23,ST,20596,29658240
595,SUP-6806-23,ST,20596,29658240
595,SUP-6806-23,ST,20596,29658240
171,SUP-6806-23,SP,20596,29658240
568,SUP-6806-23,SP,20596,29658240
353,SUP-6806-23,ST,20596,29658240
353,SUP-6806-23,ST,20596,29658240
595,SUP-6806-23,ST,20596,29658240
353,SUP-6806-23,ST,20596,29658240
595,SUP-6806-23,ST,20596,29658240
353,SUP-6806-23,ST,20596,29658240
595,SUP-6806-23,ST,20596,29658240
571,SUP-6806-23,SP,20596,29658240
321,SUP-6806-23,SP,20596,29658240
299,SUP-6806-23,SP,20596,29658240
571,SUP-6806-23,SP,20596,29658240
26,SUP-6498-23,SM / SM.F / SR,20596,29658240
575,SUP-7770-24,PI,20596,29658240
575,SUP-7770-24,PI,20596,29658240
575,SUP-7770-24,PI,20596,29658240
575,SUP-7770-24,PI,20596,29658240
575,SUP-7770-24,PI,20596,29658240
575,SUP-7770-24,PI,20596,29658240
154,SUP-7128-24,SP,20596,29658240
463,SUP-7593-24,SP,20596,29658240
582,SUP-7593-24,SP,20596,29658240
463,SUP-7593-24,SP,20596,29658240
582,SUP-7593-24,SP,20596,29658240
223,SUP-8370-25,SM / SM.F / SR,20596,29658240
297,SUP-7593-24,BL,20596,29658240
143,SUP-7285-24,SP,20597,29659680
536,SUP-7285-24,SP,20597,29659680
361,SUP-7285-24,SP,20597,29659680
540,SUP-7285-24,SM / SM.F / SR,20597,29659680
614,SUP-8370-25,SP,20597,29659680
389,SUP-8187-25,PI,20597,29659680
389,SUP-8187-25,PI,20597,29659680
389,SUP-8187-25,PI,20597,29659680
389,SUP-8187-25,PI,20597,29659680
389,SUP-8187-25,PI,20597,29659680
389,SUP-8187-25,PI,20597,29659680
389,SUP-8187-25,PI,20597,29659680
389,SUP-8187-25,PI,20597,29659680
175,SUP-7133-24,PI,20597,29659680
175,SUP-7133-24,PI,20597,29659680
175,SUP-7133-24,PI,20597,29659680
577,SUP-7133-24,SP,20597,29659680
605,SUP-7133-24,SP,20597,29659680
603,SUP-7133-24,SP,20597,29659680
605,SUP-7133-24,SP,20597,29659680
577,SUP-7133-24,SP,20597,29659680
603,SUP-7133-24,SP,20597,29659680
600,SUP-8250-25,PI,20597,29659680
602,SUP-7133-24,SP,20597,29659680
602,SUP-7133-24,SP,20597,29659680
602,SUP-7133-24,SP,20597,29659680
602,SUP-7133-24,SP,20597,29659680
nome:Woshington Charles de Jesus,SUP-7722-24,ST,20597,29659680
nome:Alberto Ney Alves dos Santos,SUP-7722-24,ST,20597,29659680
nome:Woshington Charles de Jesus,SUP-7722-24,ST,20597,29659680
513,SUP-7722-24,ST,20597,29659680
513,SUP-7722-24,ST,20597,29659680
513,SUP-7722-24,ST,20597,29659680
513,SUP-7722-24,ST,20597,29659680
513,SUP-7722-24,ST,20597,29659680
513,SUP-7722-24,ST,20597,29659680
513,SUP-7722-24,ST,20597,29659680
513,SUP-7722-24,ST,20597,29659680
513,SUP-7722-24,ST,20597,29659680
513,SUP-7722-24,ST,20597,29659680
513,SUP-7722-24,ST,20597,29659680
513,SUP-7722-24,ST,20597,29659680
513,SUP-7722-24,ST,20597,29659680
513,SUP-7722-24,ST,20597,29659680
513,SUP-7722-24,ST,20597,29659680
321,SUP-6806-23,SP,20597,29659680
571,SUP-6806-23,SP,20597,29659680
299,SUP-6806-23,SP,20597,29659680
568,SUP-6806-23,SP,20597,29659680
353,SUP-6806-23,ST,20597,29659680
595,SUP-6806-23,ST,20597,29659680
353,SUP-6806-23,ST,20597,29659680
595,SUP-6806-23,ST,20597,29659680
353,SUP-6806-23,ST,20597,29659680
595,SUP-6806-23,ST,20597,29659680
353,SUP-6806-23,ST,20597,29659680
595,SUP-6806-23,ST,20597,29659680
353,SUP-6806-23,ST,20597,29659680
595,SUP-6806-23,ST,20597,29659680
353,SUP-6806-23,ST,20597,29659680
595,SUP-6806-23,ST,20597,29659680
353,SUP-6806-23,ST,20597,29659680
595,SUP-6806-23,ST,20597,29659680
575,SUP-7770-24,PI,20597,29659680
575,SUP-7770-24,PI,20597,29659680
575,SUP-7770-24,PI,20597,29659680
575,SUP-7770-24,PI,20597,29659680
575,SUP-7770-24,PI,20597,29659680
575,SUP-7770-24,PI,20597,29659680
341,SUP-8437-26,SM / SM.F / SR,20597,29659680
585,SUP-8437-26,SM / SM.F / SR,20597,29659680
607,SUP-7769-24,SP,20597,29659680
601,SUP-7769-24,SP,20597,29659680
154,SUP-7128-24,SP,20597,29659680
154,SUP-7128-24,SP,20597,29659680
337,SUP-7128-24,SM / SM.F / SR,20597,29659680
582,SUP-7593-24,SP,20597,29659680
463,SUP-7593-24,SP,20597,29659680
582,SUP-7593-24,SP,20597,29659680
463,SUP-7593-24,SP,20597,29659680
585,SUP-8437-26,SM / SM.F / SR,20597,29659680
341,SUP-8437-26,SM / SM.F / SR,20597,29659680
361,SUP-7285-24,SP,20598,29661120
536,SUP-7285-24,SP,20598,29661120
519,SUP-7285-24,SP,20598,29661120
361,SUP-7285-24,SP,20598,29661120
519,SUP-7285-24,SP,20598,29661120
509,SUP-7722-24,SM / SM.F / SR,20598,29661120
588,SUP-7285-24,SM / SM.F / SR,20598,29661120
340,SUP-7285-24,SM / SM.F / SR,20598,29661120
614,SUP-8370-25,SP,20598,29661120
389,SUP-8187-25,PI,20598,29661120
389,SUP-8187-25,PI,20598,29661120
389,SUP-8187-25,PI,20598,29661120
389,SUP-8187-25,PI,20598,29661120
389,SUP-8187-25,PI,20598,29661120
478,SUP-7133-24,SP,20598,29661120
559,SUP-7133-24,SP,20598,29661120
594,SUP-7133-24,SP,20598,29661120
594,SUP-7133-24,SP,20598,29661120
276,SUP-7133-24,SP,20598,29661120
276,SUP-7133-24,SP,20598,29661120
605,SUP-7133-24,SP,20598,29661120
276,SUP-7133-24,SP,20598,29661120
605,SUP-7133-24,SP,20598,29661120
605,SUP-7133-24,SP,20598,29661120
603,SUP-7133-24,SP,20598,29661120
605,SUP-7133-24,SP,20598,29661120
276,SUP-7133-24,SP,20598,29661120
577,SUP-7133-24,SP,20598,29661120
600,SUP-8250-25,PI,20598,29661120
600,SUP-8250-25,PI,20598,29661120
600,SUP-8250-25,PI,20598,29661120
216,SUP-7133-24,SP,20598,29661120
561,SUP-7133-24,SM / SM.F / SR,20598,29661120
513,SUP-7722-24,ST,20598,29661120
513,SUP-7722-24,ST,20598,29661120
513,SUP-7722-24,ST,20598,29661120
513,SUP-7722-24,ST,20598,29661120
513,SUP-7722-24,ST,20598,29661120
513,SUP-7722-24,ST,20598,29661120
513,SUP-7722-24,ST,20598,29661120
513,SUP-7722-24,ST,20598,29661120
513,SUP-7722-24,ST,20598,29661120
513,SUP-7722-24,ST,20598,29661120
513,SUP-7722-24,ST,20598,29661120
513,SUP-7722-24,ST,20598,29661120
513,SUP-7722-24,ST,20598,29661120
513,SUP-7722-24,ST,20598,29661120
513,SUP-7722-24,ST,20598,29661120
513,SUP-7722-24,ST,20598,29661120
513,SUP-7722-24,ST,20598,29661120
513,SUP-7722-24,ST,20598,29661120
171,SUP-6806-23,SP,20598,29661120
568,SUP-6806-23,SP,20598,29661120
595,SUP-6806-23,ST,20598,29661120
321,SUP-6806-23,SP,20598,29661120
299,SUP-6806-23,SP,20598,29661120
595,SUP-6806-23,ST,20598,29661120
595,SUP-6806-23,ST,20598,29661120
571,SUP-6806-23,SP,20598,29661120
171,SUP-6806-23,SP,20598,29661120
568,SUP-6806-23,SP,20598,29661120
595,SUP-6806-23,ST,20598,29661120
595,SUP-6806-23,ST,20598,29661120
468,SUP-6806-23,SM / SM.F / SR,20598,29661120
595,SUP-6806-23,ST,20598,29661120
595,SUP-6806-23,ST,20598,29661120
353,SUP-6806-23,ST,20598,29661120
575,SUP-7770-24,PI,20598,29661120
575,SUP-7770-24,PI,20598,29661120
575,SUP-7770-24,PI,20598,29661120
575,SUP-7770-24,PI,20598,29661120
420,SUP-8437-26,SM / SM.F / SR,20598,29661120
79,SUP-7128-24,SM / SM.F / SR,20598,29661120
154,SUP-7128-24,SP,20598,29661120
257,SUP-6830-23,SH,20598,29661120
582,SUP-7593-24,SP,20598,29661120
463,SUP-7593-24,SP,20598,29661120
582,SUP-7593-24,SP,20598,29661120
420,SUP-8437-26,SM / SM.F / SR,20598,29661120
361,SUP-7285-24,SP,20599,29662560
143,SUP-7285-24,SP,20599,29662560
519,SUP-7285-24,SP,20599,29662560
361,SUP-7285-24,SP,20599,29662560
389,SUP-8187-25,PI,20599,29662560
389,SUP-8187-25,PI,20599,29662560
603,SUP-7133-24,SP,20599,29662560
603,SUP-7133-24,SP,20599,29662560
478,SUP-7133-24,SP,20599,29662560
605,SUP-7133-24,SP,20599,29662560
559,SUP-7133-24,SP,20599,29662560
594,SUP-7133-24,SP,20599,29662560
594,SUP-7133-24,SP,20599,29662560
594,SUP-7133-24,SP,20599,29662560
276,SUP-7133-24,SP,20599,29662560
600,SUP-8250-25,PI,20599,29662560
600,SUP-8250-25,PI,20599,29662560
577,SUP-7133-24,SP,20599,29662560
306,SUP-7133-24,SM / SM.F / SR,20599,29662560
577,SUP-7133-24,SP,20599,29662560
577,SUP-7133-24,SP,20599,29662560
513,SUP-7722-24,ST,20599,29662560
513,SUP-7722-24,ST,20599,29662560
513,SUP-7722-24,ST,20599,29662560
513,SUP-7722-24,ST,20599,29662560
513,SUP-7722-24,ST,20599,29662560
513,SUP-7722-24,ST,20599,29662560
299,SUP-6806-23,SP,20599,29662560
321,SUP-6806-23,SP,20599,29662560
571,SUP-6806-23,SP,20599,29662560
297,SUP-8370-25,PI,20599,29662560
568,SUP-6806-23,SP,20599,29662560
595,SUP-6806-23,ST,20599,29662560
595,SUP-6806-23,ST,20599,29662560
595,SUP-6806-23,ST,20599,29662560
595,SUP-6806-23,ST,20599,29662560
595,SUP-6806-23,ST,20599,29662560
595,SUP-6806-23,ST,20599,29662560
595,SUP-6806-23,ST,20599,29662560
595,SUP-6806-23,ST,20599,29662560
595,SUP-6806-23,ST,20599,29662560
288,SUP-6498-23,SM / SM.F / SR,20599,29662560
575,SUP-7770-24,PI,20599,29662560
575,SUP-7770-24,PI,20599,29662560
575,SUP-7770-24,PI,20599,29662560
575,SUP-7770-24,PI,20599,29662560
373,SUP-6830-23,SM / SM.F / SR,20599,29662560
537,SUP-6830-23,SM / SM.F / SR,20599,29662560
614,SUP-8370-25,SP,20599,29662560
607,SUP-7769-24,SP,20599,29662560
136,SUP-6830-23,SP,20599,29662560
154,SUP-7128-24,SP,20599,29662560
463,SUP-7593-24,SP,20599,29662560
582,SUP-7593-24,SP,20599,29662560
463,SUP-7593-24,SP,20599,29662560
582,SUP-7593-24,SP,20599,29662560
257,SUP-6830-23,SH,20599,29662560
623,SUP-7133-24,SM / SM.F / SR,20599,29662560
531,SUP-7133-24,SM / SM.F / SR,20599,29662560
216,SUP-7133-24,SM / SM.F / SR,20599,29662560
288,SUP-6498-23,SM / SM.F / SR,20599,29662560
536,SUP-7285-24,SP,20600,29664000
143,SUP-7285-24,SP,20600,29664000
361,SUP-7285-24,SP,20600,29664000
568,SUP-6806-23,SP,20600,29664000
299,SUP-6806-23,SP,20600,29664000
568,SUP-6806-23,SP,20600,29664000
571,SUP-6806-23,SP,20600,29664000
568,SUP-6806-23,SP,20600,29664000
568,SUP-6806-23,SP,20600,29664000
568,SUP-6806-23,SP,20600,29664000
171,SUP-6806-23,SP,20600,29664000
571,SUP-6806-23,SP,20600,29664000
568,SUP-6806-23,SP,20600,29664000
nome:Alberto Ney Alves dos Santos,SUP-7285-24,ST,20600,29664000
nome:Woshington Charles de Jesus,SUP-7285-24,ST,20600,29664000
nome:Alberto Ney Alves dos Santos,SUP-7285-24,ST,20600,29664000
nome:Woshington Charles de Jesus,SUP-7285-24,ST,20600,29664000
nome:Alberto Ney Alves dos Santos,SUP-7285-24,ST,20600,29664000
nome:Alberto Ney Alves dos Santos,SUP-7285-24,ST,20600,29664000
nome:Woshington Charles de Jesus,SUP-7285-24,ST,20600,29664000
389,SUP-8187-25,PI,20600,29664000
164,SUP-7133-24,SM / SM.F / SR,20600,29664000
603,SUP-7133-24,SP,20600,29664000
559,SUP-7133-24,SP,20600,29664000
276,SUP-7133-24,SP,20600,29664000
594,SUP-7133-24,SP,20600,29664000
297,SUP-7133-24,PI,20600,29664000
600,SUP-8250-25,PI,20600,29664000
600,SUP-8250-25,PI,20600,29664000
600,SUP-8250-25,PI,20600,29664000
602,SUP-7133-24,SP,20600,29664000
602,SUP-7133-24,SP,20600,29664000
603,SUP-7133-24,SP,20600,29664000
577,SUP-7133-24,SP,20600,29664000
577,SUP-7133-24,SP,20600,29664000
577,SUP-7133-24,SP,20600,29664000
513,SUP-7722-24,ST,20600,29664000
513,SUP-7722-24,ST,20600,29664000
513,SUP-7722-24,ST,20600,29664000
513,SUP-7722-24,ST,20600,29664000
513,SUP-7722-24,ST,20600,29664000
513,SUP-7722-24,ST,20600,29664000
513,SUP-7722-24,ST,20600,29664000
513,SUP-7722-24,ST,20600,29664000
353,SUP-6806-23,ST,20600,29664000
353,SUP-6806-23,ST,20600,29664000
353,SUP-6806-23,ST,20600,29664000
353,SUP-6806-23,ST,20600,29664000
353,SUP-6806-23,ST,20600,29664000
353,SUP-6806-23,ST,20600,29664000
353,SUP-6806-23,ST,20600,29664000
321,SUP-6806-23,SP,20600,29664000
299,SUP-6806-23,SP,20600,29664000
321,SUP-6806-23,SP,20600,29664000
297,SUP-8370-25,PI,20600,29664000
297,SUP-8370-25,PI,20600,29664000
297,SUP-8370-25,PI,20600,29664000
353,SUP-6806-23,ST,20600,29664000
353,SUP-6806-23,ST,20600,29664000
389,SUP-6806-23,ST,20600,29664000
121,SUP-6498-23,SM / SM.F / SR,20600,29664000
575,SUP-7770-24,PI,20600,29664000
575,SUP-7770-24,PI,20600,29664000
575,SUP-7770-24,PI,20600,29664000
575,SUP-7770-24,PI,20600,29664000
614,SUP-8370-25,SP,20600,29664000
286,SUP-7813-24,SM / SM.F / SR,20600,29664000
154,SUP-7128-24,SP,20600,29664000
154,SUP-7128-24,SP,20600,29664000
463,SUP-7593-24,SP,20600,29664000
582,SUP-7593-24,SP,20600,29664000
468,SUP-6806-23,SM / SM.F / SR,20600,29664000
26,SUP-6498-23,SM / SM.F / SR,20600,29664000
26,SUP-6498-23,SM / SM.F / SR,20600,29664000
26,SUP-6498-23,SM / SM.F / SR,20600,29664000
337,SUP-7128-24,SM / SM.F / SR,20600,29664000
297,SUP-8370-25,PI,20600,29664000
121,SUP-6498-23,SM / SM.F / SR,20600,29664000
286,SUP-7813-24,SM / SM.F / SR,20600,29664000
121,SUP-6498-23,SM / SM.F / SR,20600,29664000
26,SUP-6498-23,SM / SM.F / SR,20600,29664000
26,SUP-6498-23,SM / SM.F / SR,20600,29664000
519,SUP-7285-24,SP,20601,29665440
nome:Alberto Ney Alves dos Santos,SUP-7285-24,ST,20601,29665440
nome:Woshington Charles de Jesus,SUP-7285-24,ST,20601,29665440
588,SUP-7285-24,SM / SM.F / SR,20601,29665440
540,SUP-7285-24,SM / SM.F / SR,20601,29665440
340,SUP-7285-24,SM / SM.F / SR,20601,29665440
164,SUP-7133-24,SM / SM.F / SR,20601,29665440
605,SUP-7133-24,SP,20601,29665440
276,SUP-7133-24,SP,20601,29665440
478,SUP-7133-24,SP,20601,29665440
559,SUP-7133-24,SP,20601,29665440
559,SUP-7133-24,SP,20601,29665440
478,SUP-7133-24,SP,20601,29665440
478,SUP-7133-24,SP,20601,29665440
605,SUP-7133-24,SP,20601,29665440
594,SUP-7133-24,SP,20601,29665440
276,SUP-7133-24,SP,20601,29665440
257,SUP-6830-23,ST,20601,29665440
257,SUP-6830-23,ST,20601,29665440
257,SUP-6830-23,ST,20601,29665440
257,SUP-6830-23,ST,20601,29665440
257,SUP-6830-23,ST,20601,29665440
257,SUP-6830-23,ST,20601,29665440
257,SUP-6830-23,ST,20601,29665440
389,SUP-6806-23,ST,20601,29665440
389,SUP-6806-23,ST,20601,29665440
389,SUP-6806-23,ST,20601,29665440
389,SUP-6806-23,ST,20601,29665440
297,SUP-7133-24,PI,20601,29665440
297,SUP-7133-24,PI,20601,29665440
600,SUP-8250-25,PI,20601,29665440
600,SUP-8250-25,PI,20601,29665440
600,SUP-8250-25,PI,20601,29665440
602,SUP-7133-24,SP,20601,29665440
602,SUP-7133-24,SP,20601,29665440
602,SUP-7133-24,SP,20601,29665440
603,SUP-7133-24,SP,20601,29665440
603,SUP-7133-24,SP,20601,29665440
602,SUP-7133-24,SP,20601,29665440
602,SUP-7133-24,SP,20601,29665440
577,SUP-7133-24,SP,20601,29665440
577,SUP-7133-24,SP,20601,29665440
353,SUP-6806-23,ST,20601,29665440
595,SUP-6806-23,ST,20601,29665440
353,SUP-6806-23,ST,20601,29665440
595,SUP-6806-23,ST,20601,29665440
353,SUP-6806-23,ST,20601,29665440
389,SUP-6806-23,ST,20601,29665440
595,SUP-6806-23,ST,20601,29665440
389,SUP-6806-23,ST,20601,29665440
595,SUP-6806-23,ST,20601,29665440
353,SUP-6806-23,ST,20601,29665440
389,SUP-6806-23,ST,20601,29665440
595,SUP-6806-23,ST,20601,29665440
353,SUP-6806-23,ST,20601,29665440
389,SUP-6806-23,ST,20601,29665440
389,SUP-6806-23,ST,20601,29665440
353,SUP-6806-23,ST,20601,29665440
353,SUP-6806-23,ST,20601,29665440
595,SUP-6806-23,ST,20601,29665440
26,SUP-6498-23,SP,20601,29665440
26,SUP-6498-23,SP,20601,29665440
26,SUP-6498-23,SP,20601,29665440
26,SUP-6498-23,SP,20601,29665440
575,SUP-7770-24,PI,20601,29665440
575,SUP-7770-24,PI,20601,29665440
575,SUP-7770-24,PI,20601,29665440
154,SUP-7128-24,SP,20601,29665440
607,SUP-7769-24,SP,20601,29665440
601,SUP-7769-24,SP,20601,29665440
607,SUP-7769-24,SP,20601,29665440
601,SUP-7769-24,SP,20601,29665440
329,SUP-7769-24,SP,20601,29665440
329,SUP-7769-24,SP,20601,29665440
607,SUP-7769-24,SP,20601,29665440
582,SUP-7593-24,SP,20601,29665440
428,SUP-7593-24,SM / SM.F / SR,20601,29665440
582,SUP-7593-24,SP,20601,29665440
463,SUP-7593-24,SP,20601,29665440
568,SUP-6806-23,SP,20601,29665440
171,SUP-6806-23,SP,20601,29665440
623,SUP-7133-24,SM / SM.F / SR,20601,29665440
340,SUP-7285-24,SM / SM.F / SR,20601,29665440
588,SUP-7285-24,SM / SM.F / SR,20601,29665440
540,SUP-7285-24,SM / SM.F / SR,20601,29665440
623,SUP-7133-24,SM / SM.F / SR,20601,29665440
536,SUP-7285-24,SP,20602,29666880
361,SUP-7285-24,SP,20602,29666880
361,SUP-7285-24,SP,20602,29666880
586,SUP-7285-24,SP,20602,29666880
361,SUP-7285-24,SP,20602,29666880
143,SUP-7285-24,SP,20602,29666880
297,SUP-7285-24,ST,20602,29666880
297,SUP-7285-24,ST,20602,29666880
nome:Alberto Ney Alves dos Santos,SUP-7285-24,ST,20602,29666880
nome:Woshington Charles de Jesus,SUP-7285-24,ST,20602,29666880
257,SUP-6830-23,ST,20602,29666880
257,SUP-6830-23,ST,20602,29666880
257,SUP-6830-23,ST,20602,29666880
257,SUP-6830-23,ST,20602,29666880
257,SUP-6830-23,ST,20602,29666880
257,SUP-6830-23,ST,20602,29666880
389,SUP-6806-23,ST,20602,29666880
389,SUP-6806-23,ST,20602,29666880
297,SUP-7133-24,PI,20602,29666880
600,SUP-8250-25,PI,20602,29666880
600,SUP-8250-25,PI,20602,29666880
600,SUP-8250-25,PI,20602,29666880
513,SUP-7722-24,ST,20602,29666880
513,SUP-7722-24,ST,20602,29666880
513,SUP-7722-24,ST,20602,29666880
513,SUP-7722-24,ST,20602,29666880
513,SUP-7722-24,ST,20602,29666880
513,SUP-7722-24,ST,20602,29666880
513,SUP-7722-24,ST,20602,29666880
513,SUP-7722-24,ST,20602,29666880
513,SUP-7722-24,ST,20602,29666880
513,SUP-7722-24,ST,20602,29666880
513,SUP-7722-24,ST,20602,29666880
513,SUP-7722-24,ST,20602,29666880
513,SUP-7722-24,ST,20602,29666880
513,SUP-7722-24,ST,20602,29666880
513,SUP-7722-24,ST,20602,29666880
513,SUP-7722-24,ST,20602,29666880
353,SUP-6806-23,ST,20602,29666880
353,SUP-6806-23,ST,20602,29666880
595,SUP-6806-23,ST,20602,29666880
595,SUP-6806-23,ST,20602,29666880
353,SUP-6806-23,ST,20602,29666880
575,SUP-7770-24,PI,20602,29666880
575,SUP-7770-24,PI,20602,29666880
614,SUP-8370-25,SP,20602,29666880
614,SUP-8370-25,SP,20602,29666880
299,SUP-6806-23,SP,20602,29666880
321,SUP-6806-23,SP,20602,29666880
299,SUP-6806-23,SP,20602,29666880
571,SUP-6806-23,SP,20602,29666880
299,SUP-6806-23,SP,20602,29666880
321,SUP-6806-23,SP,20602,29666880
571,SUP-6806-23,SP,20602,29666880
154,SUP-7128-24,SP,20602,29666880
154,SUP-7128-24,SP,20602,29666880
154,SUP-7128-24,SP,20602,29666880
154,SUP-7128-24,SP,20602,29666880
154,SUP-7128-24,SP,20602,29666880
329,SUP-7769-24,SP,20602,29666880
329,SUP-7769-24,SP,20602,29666880
378,SUP-7128-24,SM / SM.F / SR,20602,29666880
520,SUP-7128-24,SM / SM.F / SR,20602,29666880
223,SUP-8370-25,SM / SM.F / SR,20602,29666880
577,SUP-7128-24,SP,20602,29666880
577,SUP-7128-24,SP,20602,29666880
577,SUP-7128-24,SP,20602,29666880
603,SUP-7128-24,SP,20602,29666880
603,SUP-7128-24,SP,20602,29666880
577,SUP-7128-24,SP,20602,29666880
577,SUP-7128-24,SP,20602,29666880
577,SUP-7128-24,SP,20602,29666880
603,SUP-7128-24,SP,20602,29666880
603,SUP-7128-24,SP,20602,29666880
603,SUP-7128-24,SP,20602,29666880
577,SUP-7128-24,SP,20602,29666880
603,SUP-7128-24,SP,20602,29666880
603,SUP-7128-24,SP,20602,29666880
603,SUP-7128-24,SP,20602,29666880
577,SUP-7128-24,SP,20602,29666880
603,SUP-7128-24,SP,20602,29666880
577,SUP-7128-24,SP,20602,29666880
603,SUP-7128-24,SP,20602,29666880
577,SUP-7128-24,SP,20602,29666880
603,SUP-7128-24,SP,20602,29666880
463,SUP-7593-24,SP,20602,29666880
568,SUP-6806-23,SP,20602,29666880
531,SUP-7133-24,SM / SM.F / SR,20602,29666880
216,SUP-7133-24,SM / SM.F / SR,20602,29666880
575,SUP-7770-24,ST,20602,29666880
575,SUP-7770-24,ST,20602,29666880
575,SUP-7770-24,ST,20602,29666880
378,SUP-7128-24,SM / SM.F / SR,20602,29666880
577,SUP-7128-24,SP,20602,29666880
577,SUP-7128-24,SP,20602,29666880
577,SUP-7128-24,SP,20602,29666880
577,SUP-7128-24,SP,20602,29666880
577,SUP-7128-24,SP,20602,29666880
577,SUP-7128-24,SP,20602,29666880
513,SUP-7722-24,ST,20603,29668320
513,SUP-7722-24,ST,20603,29668320
513,SUP-7722-24,ST,20603,29668320
586,SUP-7285-24,SP,20603,29668320
361,SUP-7285-24,SP,20603,29668320
519,SUP-7285-24,SP,20603,29668320
297,SUP-7285-24,ST,20603,29668320
297,SUP-7285-24,ST,20603,29668320
297,SUP-7285-24,ST,20603,29668320
297,SUP-7285-24,ST,20603,29668320
164,SUP-7722-24,SM / SM.F / SR,20603,29668320
297,SUP-7285-24,ST,20603,29668320
257,SUP-6830-23,ST,20603,29668320
257,SUP-6830-23,ST,20603,29668320
257,SUP-6830-23,ST,20603,29668320
257,SUP-6830-23,ST,20603,29668320
257,SUP-6830-23,ST,20603,29668320
297,SUP-7133-24,PI,20603,29668320
297,SUP-7133-24,PI,20603,29668320
600,SUP-8250-25,PI,20603,29668320
600,SUP-8250-25,PI,20603,29668320
600,SUP-8250-25,PI,20603,29668320
602,SUP-7133-24,SP,20603,29668320
306,SUP-7133-24,SM / SM.F / SR,20603,29668320
561,SUP-7133-24,SM / SM.F / SR,20603,29668320
299,SUP-6806-23,SP,20603,29668320
513,SUP-7722-24,ST,20603,29668320
513,SUP-7722-24,ST,20603,29668320
513,SUP-7722-24,ST,20603,29668320
513,SUP-7722-24,ST,20603,29668320
513,SUP-7722-24,ST,20603,29668320
513,SUP-7722-24,ST,20603,29668320
513,SUP-7722-24,ST,20603,29668320
513,SUP-7722-24,ST,20603,29668320
276,SUP-7128-24,SP,20603,29668320
276,SUP-7128-24,SP,20603,29668320
594,SUP-7128-24,SP,20603,29668320
276,SUP-7128-24,SP,20603,29668320
594,SUP-7128-24,SP,20603,29668320
559,SUP-7133-24,SP,20603,29668320
478,SUP-7133-24,SP,20603,29668320
288,SUP-6498-23,SM / SM.F / SR,20603,29668320
364,SUP-6498-23,SM / SM.F / SR,20603,29668320
605,SUP-7128-24,SP,20603,29668320
614,SUP-8370-25,SP,20603,29668320
512,SUP-8437-26,SM / SM.F / SR,20603,29668320
389,SUP-6806-23,PI,20603,29668320
389,SUP-6806-23,PI,20603,29668320
79,SUP-7128-24,SM / SM.F / SR,20603,29668320
329,SUP-7769-24,SP,20603,29668320
136,SUP-6830-23,SP,20603,29668320
537,SUP-6830-23,SM / SM.F / SR,20603,29668320
373,SUP-6830-23,SM / SM.F / SR,20603,29668320
603,SUP-7128-24,SP,20603,29668320
577,SUP-7128-24,SP,20603,29668320
577,SUP-7128-24,SP,20603,29668320
603,SUP-7128-24,SP,20603,29668320
603,SUP-7128-24,SP,20603,29668320
603,SUP-7128-24,SP,20603,29668320
577,SUP-7128-24,SP,20603,29668320
603,SUP-7128-24,SP,20603,29668320
603,SUP-7128-24,SP,20603,29668320
603,SUP-7128-24,SP,20603,29668320
603,SUP-7128-24,SP,20603,29668320
577,SUP-7128-24,SP,20603,29668320
577,SUP-7128-24,SP,20603,29668320
603,SUP-7128-24,SP,20603,29668320
577,SUP-7128-24,SP,20603,29668320
603,SUP-7128-24,SP,20603,29668320
603,SUP-7128-24,SP,20603,29668320
428,SUP-7593-24,SM / SM.F / SR,20603,29668320
389,SUP-6806-23,ST,20603,29668320
321,SUP-6806-23,SP,20603,29668320
299,SUP-6806-23,SP,20603,29668320
571,SUP-6806-23,SP,20603,29668320
171,SUP-6806-23,SP,20603,29668320
568,SUP-6806-23,SP,20603,29668320
575,SUP-7770-24,PI,20603,29668320
575,SUP-7770-24,ST,20603,29668320
575,SUP-7770-24,ST,20603,29668320
575,SUP-7770-24,ST,20603,29668320
586,SUP-7285-24,SP,20603,29668320
164,SUP-7722-24,SM / SM.F / SR,20603,29668320
602,SUP-7133-24,SP,20603,29668320
561,SUP-7133-24,SM / SM.F / SR,20603,29668320
306,SUP-7133-24,SM / SM.F / SR,20603,29668320
276,SUP-7128-24,SP,20603,29668320
276,SUP-7128-24,SP,20603,29668320
276,SUP-7128-24,SP,20603,29668320
594,SUP-7128-24,SP,20603,29668320
594,SUP-7128-24,SP,20603,29668320
478,SUP-7133-24,SP,20603,29668320
288,SUP-6498-23,SM / SM.F / SR,20603,29668320
364,SUP-6498-23,SM / SM.F / SR,20603,29668320
605,SUP-7128-24,SP,20603,29668320
614,SUP-8370-25,SP,20603,29668320
512,SUP-8437-26,SM / SM.F / SR,20603,29668320
79,SUP-7128-24,SM / SM.F / SR,20603,29668320
136,SUP-6830-23,SP,20603,29668320
373,SUP-6830-23,SM / SM.F / SR,20603,29668320
537,SUP-6830-23,SM / SM.F / SR,20603,29668320
577,SUP-7128-24,SP,20603,29668320
577,SUP-7128-24,SP,20603,29668320
577,SUP-7128-24,SP,20603,29668320
577,SUP-7128-24,SP,20603,29668320
577,SUP-7128-24,SP,20603,29668320
577,SUP-7128-24,SP,20603,29668320
428,SUP-7593-24,SM / SM.F / SR,20603,29668320
577,SUP-7722-24,SP,20604,29669760
603,SUP-7722-24,SP,20604,29669760
577,SUP-7722-24,SP,20604,29669760
603,SUP-7722-24,SP,20604,29669760
513,SUP-7722-24,ST,20604,29669760
513,SUP-7722-24,ST,20604,29669760
513,SUP-7722-24,ST,20604,29669760
513,SUP-7722-24,ST,20604,29669760
519,SUP-7285-24,SP,20604,29669760
143,SUP-7285-24,SP,20604,29669760
297,SUP-7285-24,ST,20604,29669760
297,SUP-7285-24,ST,20604,29669760
297,SUP-7285-24,ST,20604,29669760
297,SUP-7285-24,ST,20604,29669760
340,SUP-7285-24,SM / SM.F / SR,20604,29669760
171,SUP-6806-23,SP,20604,29669760
171,SUP-6806-23,SP,20604,29669760
568,SUP-6806-23,SP,20604,29669760
297,SUP-7133-24,PI,20604,29669760
297,SUP-7133-24,PI,20604,29669760
600,SUP-8250-25,PI,20604,29669760
600,SUP-8250-25,PI,20604,29669760
600,SUP-8250-25,PI,20604,29669760
568,SUP-6806-23,SP,20604,29669760
353,SUP-6806-23,ST,20604,29669760
595,SUP-6806-23,ST,20604,29669760
353,SUP-6806-23,ST,20604,29669760
595,SUP-6806-23,ST,20604,29669760
595,SUP-6806-23,ST,20604,29669760
353,SUP-6806-23,ST,20604,29669760
353,SUP-6806-23,ST,20604,29669760
595,SUP-6806-23,ST,20604,29669760
595,SUP-6806-23,ST,20604,29669760
595,SUP-6806-23,ST,20604,29669760
595,SUP-6806-23,ST,20604,29669760
595,SUP-6806-23,ST,20604,29669760
595,SUP-6806-23,ST,20604,29669760
595,SUP-6806-23,ST,20604,29669760
595,SUP-6806-23,ST,20604,29669760
595,SUP-6806-23,ST,20604,29669760
595,SUP-6806-23,ST,20604,29669760
559,SUP-7133-24,SP,20604,29669760
478,SUP-7133-24,SP,20604,29669760
575,SUP-7768-24,ST,20604,29669760
575,SUP-7768-24,ST,20604,29669760
575,SUP-7768-24,PI,20604,29669760
389,SUP-6806-23,ST,20604,29669760
389,SUP-6806-23,ST,20604,29669760
604,SUP-7128-24,SM / SM.F / SR,20604,29669760
362,SUP-7128-24,SM / SM.F / SR,20604,29669760
389,SUP-6806-23,PI,20604,29669760
389,SUP-6806-23,PI,20604,29669760
389,SUP-6806-23,PI,20604,29669760
468,SUP-6806-23,SM / SM.F / SR,20604,29669760
321,SUP-6806-23,SP,20604,29669760
571,SUP-6806-23,SP,20604,29669760
623,SUP-7133-24,SM / SM.F / SR,20604,29669760
216,SUP-7133-24,SM / SM.F / SR,20604,29669760
337,SUP-7128-24,SM / SM.F / SR,20604,29669760
603,SUP-7722-24,SP,20604,29669760
603,SUP-7722-24,SP,20604,29669760
577,SUP-7722-24,SP,20604,29669760
577,SUP-7722-24,SP,20604,29669760
340,SUP-7285-24,SM / SM.F / SR,20604,29669760
362,SUP-7128-24,SM / SM.F / SR,20604,29669760
604,SUP-7128-24,SM / SM.F / SR,20604,29669760
468,SUP-6806-23,SM / SM.F / SR,20604,29669760
216,SUP-7133-24,SM / SM.F / SR,20604,29669760
623,SUP-7133-24,SM / SM.F / SR,20604,29669760
337,SUP-7128-24,SM / SM.F / SR,20604,29669760
577,SUP-7722-24,SP,20605,29671200
603,SUP-7722-24,SP,20605,29671200
603,SUP-7722-24,SP,20605,29671200
577,SUP-7722-24,SP,20605,29671200
603,SUP-7722-24,SP,20605,29671200
577,SUP-7722-24,SP,20605,29671200
577,SUP-7722-24,SP,20605,29671200
603,SUP-7722-24,SP,20605,29671200
513,SUP-7722-24,ST,20605,29671200
513,SUP-7722-24,ST,20605,29671200
513,SUP-7722-24,ST,20605,29671200
586,SUP-7285-24,SP,20605,29671200
586,SUP-7285-24,SP,20605,29671200
143,SUP-7285-24,SP,20605,29671200
143,SUP-7285-24,SP,20605,29671200
586,SUP-7285-24,SP,20605,29671200
143,SUP-7285-24,SP,20605,29671200
361,SUP-7285-24,SP,20605,29671200
519,SUP-7285-24,SP,20605,29671200
536,SUP-7285-24,SP,20605,29671200
297,SUP-7285-24,ST,20605,29671200
297,SUP-7285-24,ST,20605,29671200
297,SUP-7285-24,ST,20605,29671200
297,SUP-7285-24,ST,20605,29671200
513,SUP-7722-24,ST,20605,29671200
513,SUP-7722-24,ST,20605,29671200
513,SUP-7722-24,ST,20605,29671200
513,SUP-7722-24,ST,20605,29671200
513,SUP-7722-24,ST,20605,29671200
513,SUP-7722-24,ST,20605,29671200
513,SUP-7722-24,ST,20605,29671200
513,SUP-7722-24,ST,20605,29671200
513,SUP-7722-24,ST,20605,29671200
513,SUP-7722-24,ST,20605,29671200
513,SUP-7722-24,ST,20605,29671200
513,SUP-7722-24,ST,20605,29671200
513,SUP-7722-24,ST,20605,29671200
513,SUP-7722-24,ST,20605,29671200
513,SUP-7722-24,ST,20605,29671200
571,SUP-6806-23,SP,20605,29671200
299,SUP-6806-23,SP,20605,29671200
568,SUP-6806-23,SP,20605,29671200
171,SUP-6806-23,SP,20605,29671200
299,SUP-6806-23,SP,20605,29671200
321,SUP-6806-23,SP,20605,29671200
171,SUP-6806-23,SP,20605,29671200
568,SUP-6806-23,SP,20605,29671200
571,SUP-6806-23,SP,20605,29671200
559,SUP-7133-24,SP,20605,29671200
478,SUP-7133-24,SP,20605,29671200
257,SUP-6830-23,ST,20605,29671200
257,SUP-6830-23,ST,20605,29671200
257,SUP-6830-23,ST,20605,29671200
257,SUP-6830-23,ST,20605,29671200
257,SUP-6830-23,ST,20605,29671200
257,SUP-6830-23,ST,20605,29671200
297,SUP-7133-24,PI,20605,29671200
297,SUP-7133-24,PI,20605,29671200
600,SUP-8250-25,PI,20605,29671200
600,SUP-8250-25,PI,20605,29671200
600,SUP-8250-25,PI,20605,29671200
321,SUP-6806-23,SP,20605,29671200
595,SUP-6806-23,ST,20605,29671200
595,SUP-6806-23,ST,20605,29671200
353,SUP-6806-23,ST,20605,29671200
353,SUP-6806-23,ST,20605,29671200
595,SUP-6806-23,ST,20605,29671200
595,SUP-6806-23,ST,20605,29671200
353,SUP-6806-23,ST,20605,29671200
595,SUP-6806-23,ST,20605,29671200
353,SUP-6806-23,ST,20605,29671200
595,SUP-6806-23,ST,20605,29671200
353,SUP-6806-23,ST,20605,29671200
353,SUP-6806-23,ST,20605,29671200
595,SUP-6806-23,ST,20605,29671200
353,SUP-6806-23,ST,20605,29671200
353,SUP-6806-23,ST,20605,29671200
595,SUP-6806-23,ST,20605,29671200
594,SUP-7128-24,SP,20605,29671200
605,SUP-7128-24,SP,20605,29671200
575,SUP-7768-24,ST,20605,29671200
575,SUP-7768-24,ST,20605,29671200
614,SUP-8370-25,SP,20605,29671200
614,SUP-8370-25,SP,20605,29671200
341,SUP-8437-26,SM / SM.F / SR,20605,29671200
389,SUP-6806-23,ST,20605,29671200
389,SUP-6806-23,ST,20605,29671200
389,SUP-6806-23,ST,20605,29671200
389,SUP-6806-23,ST,20605,29671200
389,SUP-6806-23,ST,20605,29671200
509,SUP-7128-24,SM / SM.F / SR,20605,29671200
405,SUP-7128-24,SM / SM.F / SR,20605,29671200
535,SUP-7128-24,SM / SM.F / SR,20605,29671200
154,SUP-7128-24,SP,20605,29671200
154,SUP-7128-24,SP,20605,29671200
154,SUP-7128-24,SP,20605,29671200
154,SUP-7128-24,SP,20605,29671200
154,SUP-7128-24,SP,20605,29671200
154,SUP-7128-24,SP,20605,29671200
154,SUP-7128-24,SP,20605,29671200
154,SUP-7128-24,SP,20605,29671200
136,SUP-6830-23,SP,20605,29671200
520,SUP-7128-24,SM / SM.F / SR,20605,29671200
389,SUP-6806-23,ST,20605,29671200
389,SUP-6806-23,ST,20605,29671200
389,SUP-6806-23,ST,20605,29671200
389,SUP-6806-23,ST,20605,29671200
577,SUP-7722-24,SP,20606,29672640
603,SUP-7722-24,SP,20606,29672640
603,SUP-7722-24,SP,20606,29672640
603,SUP-7722-24,SP,20606,29672640
586,SUP-7285-24,SP,20606,29672640
143,SUP-7285-24,SP,20606,29672640
297,SUP-7285-24,ST,20606,29672640
297,SUP-7285-24,ST,20606,29672640
297,SUP-7285-24,ST,20606,29672640
297,SUP-7285-24,ST,20606,29672640
297,SUP-7285-24,ST,20606,29672640
297,SUP-7285-24,ST,20606,29672640
297,SUP-7285-24,ST,20606,29672640
297,SUP-7285-24,ST,20606,29672640
513,SUP-7722-24,ST,20606,29672640
513,SUP-7722-24,ST,20606,29672640
513,SUP-7722-24,ST,20606,29672640
513,SUP-7722-24,ST,20606,29672640
299,SUP-6806-23,SP,20606,29672640
321,SUP-6806-23,SP,20606,29672640
571,SUP-6806-23,SP,20606,29672640
171,SUP-6806-23,SP,20606,29672640
299,SUP-6806-23,SP,20606,29672640
171,SUP-6806-23,SP,20606,29672640
568,SUP-6806-23,SP,20606,29672640
257,SUP-6830-23,ST,20606,29672640
257,SUP-6830-23,ST,20606,29672640
257,SUP-6830-23,ST,20606,29672640
257,SUP-6830-23,ST,20606,29672640
257,SUP-6830-23,ST,20606,29672640
257,SUP-6830-23,ST,20606,29672640
257,SUP-6830-23,ST,20606,29672640
257,SUP-6830-23,ST,20606,29672640
257,SUP-6830-23,ST,20606,29672640
257,SUP-6830-23,ST,20606,29672640
257,SUP-6830-23,ST,20606,29672640
257,SUP-6830-23,ST,20606,29672640
257,SUP-6830-23,ST,20606,29672640
297,SUP-7133-24,PI,20606,29672640
297,SUP-7133-24,PI,20606,29672640
600,SUP-8250-25,PI,20606,29672640
600,SUP-8250-25,PI,20606,29672640
600,SUP-8250-25,PI,20606,29672640
595,SUP-6806-23,ST,20606,29672640
595,SUP-6806-23,ST,20606,29672640
389,SUP-6806-23,ST,20606,29672640
595,SUP-6806-23,ST,20606,29672640
353,SUP-6806-23,ST,20606,29672640
389,SUP-6806-23,ST,20606,29672640
353,SUP-6806-23,ST,20606,29672640
389,SUP-6806-23,ST,20606,29672640
595,SUP-6806-23,ST,20606,29672640
353,SUP-6806-23,ST,20606,29672640
389,SUP-6806-23,ST,20606,29672640
389,SUP-6806-23,ST,20606,29672640
353,SUP-6806-23,ST,20606,29672640
389,SUP-6806-23,ST,20606,29672640
353,SUP-6806-23,ST,20606,29672640
595,SUP-6806-23,ST,20606,29672640
389,SUP-6806-23,ST,20606,29672640
595,SUP-6806-23,ST,20606,29672640
353,SUP-6806-23,ST,20606,29672640
595,SUP-6806-23,ST,20606,29672640
389,SUP-6806-23,ST,20606,29672640
353,SUP-6806-23,ST,20606,29672640
389,SUP-6806-23,ST,20606,29672640
595,SUP-6806-23,ST,20606,29672640
389,SUP-6806-23,ST,20606,29672640
353,SUP-6806-23,ST,20606,29672640
605,SUP-7128-24,SP,20606,29672640
594,SUP-7128-24,SP,20606,29672640
575,SUP-7768-24,PI,20606,29672640
575,SUP-7768-24,PI,20606,29672640
575,SUP-7768-24,PI,20606,29672640
575,SUP-7768-24,ST,20606,29672640
575,SUP-7768-24,ST,20606,29672640
575,SUP-7768-24,ST,20606,29672640
594,SUP-7128-24,SP,20606,29672640
420,SUP-8437-26,SM / SM.F / SR,20606,29672640
154,SUP-7128-24,SP,20606,29672640
154,SUP-7128-24,SP,20606,29672640
154,SUP-7128-24,SP,20606,29672640
154,SUP-7128-24,SP,20606,29672640
378,SUP-7128-24,SM / SM.F / SR,20606,29672640
623,SUP-7133-24,SM / SM.F / SR,20606,29672640
216,SUP-7133-24,SM / SM.F / SR,20606,29672640
216,SUP-7133-24,SM / SM.F / SR,20606,29672640
361,SUP-7285-24,SP,20607,29674080
519,SUP-7285-24,SP,20607,29674080
536,SUP-7285-24,SP,20607,29674080
297,SUP-7285-24,ST,20607,29674080
297,SUP-7285-24,ST,20607,29674080
297,SUP-7285-24,ST,20607,29674080
297,SUP-7285-24,ST,20607,29674080
297,SUP-7285-24,ST,20607,29674080
297,SUP-7285-24,ST,20607,29674080
297,SUP-7285-24,ST,20607,29674080
540,SUP-7285-24,SM / SM.F / SR,20607,29674080
299,SUP-6806-23,SP,20607,29674080
171,SUP-6806-23,SP,20607,29674080
321,SUP-6806-23,SP,20607,29674080
568,SUP-6806-23,SP,20607,29674080
571,SUP-6806-23,SP,20607,29674080
171,SUP-6806-23,SP,20607,29674080
321,SUP-6806-23,SP,20607,29674080
568,SUP-6806-23,SP,20607,29674080
571,SUP-6806-23,SP,20607,29674080
257,SUP-6830-23,ST,20607,29674080
257,SUP-6830-23,ST,20607,29674080
257,SUP-6830-23,ST,20607,29674080
257,SUP-6830-23,ST,20607,29674080
257,SUP-6830-23,ST,20607,29674080
257,SUP-6830-23,ST,20607,29674080
257,SUP-6830-23,ST,20607,29674080
257,SUP-6830-23,ST,20607,29674080
257,SUP-6830-23,ST,20607,29674080
297,SUP-7133-24,PI,20607,29674080
297,SUP-7133-24,PI,20607,29674080
600,SUP-8250-25,PI,20607,29674080
600,SUP-8250-25,PI,20607,29674080
600,SUP-8250-25,PI,20607,29674080
513,SUP-7722-24,ST,20607,29674080
513,SUP-7722-24,ST,20607,29674080
513,SUP-7722-24,ST,20607,29674080
513,SUP-7722-24,ST,20607,29674080
513,SUP-7722-24,ST,20607,29674080
513,SUP-7722-24,ST,20607,29674080
513,SUP-7722-24,ST,20607,29674080
595,SUP-6806-23,ST,20607,29674080
389,SUP-6806-23,ST,20607,29674080
353,SUP-6806-23,ST,20607,29674080
595,SUP-6806-23,ST,20607,29674080
353,SUP-6806-23,ST,20607,29674080
575,SUP-7768-24,ST,20607,29674080
575,SUP-7768-24,ST,20607,29674080
575,SUP-7768-24,ST,20607,29674080
575,SUP-7768-24,ST,20607,29674080
575,SUP-7768-24,ST,20607,29674080
575,SUP-7768-24,ST,20607,29674080
575,SUP-7768-24,ST,20607,29674080
605,SUP-7128-24,SP,20607,29674080
614,SUP-8370-25,SP,20607,29674080
577,SUP-8437-26,SP,20607,29674080
577,SUP-8437-26,SP,20607,29674080
603,SUP-8437-26,SP,20607,29674080
428,SUP-7593-24,SM / SM.F / SR,20607,29674080
136,SUP-6830-23,SP,20607,29674080
520,SUP-7128-24,SM / SM.F / SR,20607,29674080
337,SUP-7128-24,SM / SM.F / SR,20607,29674080
595,SUP-6806-23,ST,20607,29674080
595,SUP-6806-23,ST,20607,29674080
389,SUP-6806-23,ST,20607,29674080
353,SUP-6806-23,ST,20607,29674080
389,SUP-6806-23,ST,20607,29674080
353,SUP-6806-23,ST,20607,29674080
389,SUP-6806-23,ST,20607,29674080
353,SUP-6806-23,ST,20607,29674080
595,SUP-6806-23,ST,20607,29674080
353,SUP-6806-23,ST,20607,29674080
595,SUP-6806-23,ST,20607,29674080
389,SUP-6806-23,ST,20607,29674080
595,SUP-6806-23,ST,20607,29674080
389,SUP-6806-23,ST,20607,29674080
353,SUP-6806-23,ST,20607,29674080
595,SUP-6806-23,ST,20607,29674080
353,SUP-6806-23,ST,20607,29674080
468,SUP-6806-23,SM / SM.F / SR,20607,29674080
602,SUP-7133-24,SP,20607,29674080
561,SUP-7133-24,SM / SM.F / SR,20607,29674080
306,SUP-7133-24,SM / SM.F / SR,20607,29674080
154,SUP-7128-24,SP,20607,29674080
154,SUP-7128-24,SP,20607,29674080
297,SUP-7285-24,ST,20608,29675520
297,SUP-7285-24,ST,20608,29675520
297,SUP-7285-24,ST,20608,29675520
164,SUP-7722-24,SM / SM.F / SR,20608,29675520
297,SUP-7285-24,ST,20608,29675520
340,SUP-7285-24,SM / SM.F / SR,20608,29675520
588,SUP-7285-24,SM / SM.F / SR,20608,29675520
571,SUP-6806-23,SP,20608,29675520
171,SUP-6806-23,SP,20608,29675520
299,SUP-6806-23,SP,20608,29675520
568,SUP-6806-23,SP,20608,29675520
568,SUP-6806-23,SP,20608,29675520
568,SUP-6806-23,SP,20608,29675520
299,SUP-6806-23,SP,20608,29675520
568,SUP-6806-23,SP,20608,29675520
568,SUP-6806-23,SP,20608,29675520
321,SUP-6806-23,SP,20608,29675520
571,SUP-6806-23,SP,20608,29675520
364,SUP-6498-23,SM / SM.F / SR,20608,29675520
559,SUP-7133-24,SP,20608,29675520
478,SUP-7133-24,SP,20608,29675520
297,SUP-7133-24,PI,20608,29675520
297,SUP-7133-24,PI,20608,29675520
600,SUP-8250-25,PI,20608,29675520
600,SUP-8250-25,PI,20608,29675520
600,SUP-8250-25,PI,20608,29675520
568,SUP-6806-23,SP,20608,29675520
513,SUP-7722-24,ST,20608,29675520
513,SUP-7722-24,ST,20608,29675520
513,SUP-7722-24,ST,20608,29675520
513,SUP-7722-24,ST,20608,29675520
513,SUP-7722-24,ST,20608,29675520
513,SUP-7722-24,ST,20608,29675520
513,SUP-7722-24,ST,20608,29675520
513,SUP-7722-24,ST,20608,29675520
513,SUP-7722-24,ST,20608,29675520
513,SUP-7722-24,ST,20608,29675520
513,SUP-7722-24,ST,20608,29675520
513,SUP-7722-24,ST,20608,29675520
513,SUP-7722-24,ST,20608,29675520
513,SUP-7722-24,ST,20608,29675520
513,SUP-7722-24,ST,20608,29675520
121,SUP-6498-23,SM / SM.F / SR,20608,29675520
577,SUP-8437-26,SP,20608,29675520
603,SUP-8437-26,SP,20608,29675520
603,SUP-8437-26,SP,20608,29675520
603,SUP-8437-26,SP,20608,29675520
603,SUP-8437-26,SP,20608,29675520
577,SUP-8437-26,SP,20608,29675520
603,SUP-8437-26,SP,20608,29675520
603,SUP-8437-26,SP,20608,29675520
143,SUP-7813-24,SP,20608,29675520
286,SUP-7813-24,SM / SM.F / SR,20608,29675520
537,SUP-6830-23,SP,20608,29675520
537,SUP-6830-23,SP,20608,29675520
154,SUP-7128-24,SP,20608,29675520
154,SUP-7128-24,SP,20608,29675520
428,SUP-7593-24,SM / SM.F / SR,20608,29675520
223,SUP-8370-25,SM / SM.F / SR,20608,29675520
595,SUP-6806-23,ST,20608,29675520
585,SUP-7133-24,SM / SM.F / SR,20608,29675520
575,SUP-7768-24,PI,20608,29675520
575,SUP-7768-24,PI,20608,29675520
394,SUP-7722-24,ST,20608,29675520
394,SUP-7722-24,ST,20608,29675520
361,SUP-7813-24,SP,20608,29675520
582,SUP-7813-24,SP,20608,29675520
463,SUP-7813-24,SP,20608,29675520
536,SUP-7813-24,SP,20608,29675520
361,SUP-7813-24,SP,20608,29675520
586,SUP-7813-24,SP,20608,29675520
143,SUP-7813-24,SP,20608,29675520
568,SUP-6806-23,SP,20609,29676960
171,SUP-6806-23,SP,20609,29676960
571,SUP-6806-23,SP,20609,29676960
571,SUP-6806-23,SP,20609,29676960
571,SUP-6806-23,SP,20609,29676960
321,SUP-6806-23,SP,20609,29676960
299,SUP-6806-23,SP,20609,29676960
171,SUP-6806-23,SP,20609,29676960
568,SUP-6806-23,SP,20609,29676960
478,SUP-7133-24,SP,20609,29676960
559,SUP-7133-24,SP,20609,29676960
257,SUP-6830-23,ST,20609,29676960
257,SUP-6830-23,ST,20609,29676960
257,SUP-6830-23,ST,20609,29676960
257,SUP-6830-23,ST,20609,29676960
257,SUP-6830-23,ST,20609,29676960
257,SUP-6830-23,ST,20609,29676960
257,SUP-6830-23,ST,20609,29676960
297,SUP-7133-24,PI,20609,29676960
297,SUP-7133-24,PI,20609,29676960
600,SUP-8250-25,PI,20609,29676960
600,SUP-8250-25,PI,20609,29676960
600,SUP-8250-25,PI,20609,29676960
577,SUP-7133-24,SP,20609,29676960
577,SUP-7133-24,SP,20609,29676960
595,SUP-6806-23,ST,20609,29676960
353,SUP-6806-23,ST,20609,29676960
595,SUP-6806-23,ST,20609,29676960
353,SUP-6806-23,ST,20609,29676960
353,SUP-6806-23,ST,20609,29676960
595,SUP-6806-23,ST,20609,29676960
353,SUP-6806-23,ST,20609,29676960
595,SUP-6806-23,ST,20609,29676960
353,SUP-6806-23,ST,20609,29676960
595,SUP-6806-23,ST,20609,29676960
594,SUP-7128-24,SP,20609,29676960
605,SUP-7128-24,SP,20609,29676960
603,SUP-8437-26,SP,20609,29676960
603,SUP-8437-26,SP,20609,29676960
603,SUP-8437-26,SP,20609,29676960
603,SUP-8437-26,SP,20609,29676960
614,SUP-8370-25,SP,20609,29676960
614,SUP-8370-25,SP,20609,29676960
286,SUP-7813-24,SM / SM.F / SR,20609,29676960
519,SUP-7813-24,SP,20609,29676960
463,SUP-7813-24,SP,20609,29676960
136,SUP-6830-23,SP,20609,29676960
136,SUP-6830-23,SP,20609,29676960
136,SUP-6830-23,SP,20609,29676960
136,SUP-6830-23,SP,20609,29676960
136,SUP-6830-23,SP,20609,29676960
520,SUP-7128-24,SM / SM.F / SR,20609,29676960
389,SUP-6806-23,ST,20609,29676960
154,SUP-7128-24,SP,20609,29676960
154,SUP-7128-24,SP,20609,29676960
575,SUP-7768-24,ST,20609,29676960
575,SUP-7768-24,ST,20609,29676960
575,SUP-7768-24,ST,20609,29676960
575,SUP-7768-24,ST,20609,29676960
575,SUP-7768-24,ST,20609,29676960
575,SUP-7768-24,ST,20609,29676960
575,SUP-7768-24,ST,20609,29676960
575,SUP-7768-24,ST,20609,29676960
602,SUP-7133-24,SM / SM.F / SR,20609,29676960
623,SUP-7133-24,SM / SM.F / SR,20609,29676960
216,SUP-7133-24,SM / SM.F / SR,20609,29676960
394,SUP-7722-24,ST,20609,29676960
394,SUP-7722-24,ST,20609,29676960
394,SUP-7722-24,ST,20609,29676960
394,SUP-7722-24,ST,20609,29676960
394,SUP-7722-24,ST,20609,29676960
394,SUP-7722-24,ST,20609,29676960
297,SUP-8224-25 (RA),BL,20609,29676960
297,SUP-8224-25 (RA),BL,20609,29676960
297,SUP-8224-25 (RA),BL,20609,29676960
389,SUP-8187-25,PI,20609,29676960
389,SUP-8187-25,PI,20609,29676960
582,SUP-7813-24,SP,20609,29676960
143,SUP-7813-24,SP,20609,29676960
536,SUP-7813-24,SP,20609,29676960
586,SUP-7813-24,SP,20609,29676960
582,SUP-7813-24,SP,20609,29676960
341,SUP-7722-24,SM / SM.F / SR,20610,29678400
588,SUP-7285-24,SM / SM.F / SR,20610,29678400
595,SUP-6806-23,PI,20610,29678400
353,SUP-6806-23,PI,20610,29678400
353,SUP-6806-23,PI,20610,29678400
595,SUP-6806-23,PI,20610,29678400
321,SUP-6806-23,SP,20610,29678400
299,SUP-6806-23,SP,20610,29678400
171,SUP-6806-23,SP,20610,29678400
568,SUP-6806-23,SP,20610,29678400
571,SUP-6806-23,SP,20610,29678400
321,SUP-6806-23,SP,20610,29678400
299,SUP-6806-23,SP,20610,29678400
571,SUP-6806-23,SP,20610,29678400
171,SUP-6806-23,SP,20610,29678400
478,SUP-7133-24,SP,20610,29678400
257,SUP-6830-23,ST,20610,29678400
257,SUP-6830-23,ST,20610,29678400
257,SUP-6830-23,ST,20610,29678400
257,SUP-6830-23,ST,20610,29678400
257,SUP-6830-23,ST,20610,29678400
257,SUP-6830-23,ST,20610,29678400
257,SUP-6830-23,ST,20610,29678400
600,SUP-8250-25,PI,20610,29678400
600,SUP-8250-25,PI,20610,29678400
600,SUP-8250-25,PI,20610,29678400
600,SUP-8250-25,PI,20610,29678400
297,SUP-7133-24,PI,20610,29678400
577,SUP-7133-24,SP,20610,29678400
568,SUP-6806-23,SP,20610,29678400
513,SUP-7722-24,ST,20610,29678400
513,SUP-7722-24,ST,20610,29678400
513,SUP-7722-24,ST,20610,29678400
513,SUP-7722-24,ST,20610,29678400
513,SUP-7722-24,ST,20610,29678400
513,SUP-7722-24,ST,20610,29678400
513,SUP-7722-24,ST,20610,29678400
513,SUP-7722-24,ST,20610,29678400
513,SUP-7722-24,ST,20610,29678400
513,SUP-7722-24,ST,20610,29678400
513,SUP-7722-24,ST,20610,29678400
513,SUP-7722-24,ST,20610,29678400
513,SUP-7722-24,ST,20610,29678400
389,SUP-6806-23,ST,20610,29678400
389,SUP-6806-23,ST,20610,29678400
389,SUP-6806-23,ST,20610,29678400
389,SUP-6806-23,ST,20610,29678400
389,SUP-6806-23,ST,20610,29678400
353,SUP-6806-23,ST,20610,29678400
595,SUP-6806-23,ST,20610,29678400
595,SUP-6806-23,ST,20610,29678400
353,SUP-6806-23,ST,20610,29678400
595,SUP-6806-23,ST,20610,29678400
353,SUP-6806-23,ST,20610,29678400
389,SUP-6806-23,ST,20610,29678400
389,SUP-6806-23,ST,20610,29678400
614,SUP-8370-25,SP,20610,29678400
361,SUP-7813-24,SP,20610,29678400
361,SUP-7813-24,SP,20610,29678400
509,SUP-7128-24,SM / SM.F / SR,20610,29678400
537,SUP-6830-23,SP,20610,29678400
373,SUP-6830-23,SP,20610,29678400
373,SUP-6830-23,SP,20610,29678400
537,SUP-6830-23,SP,20610,29678400
468,SUP-6806-23,SM / SM.F / SR,20610,29678400
154,SUP-7128-24,SP,20610,29678400
154,SUP-7128-24,SP,20610,29678400
154,SUP-7128-24,SP,20610,29678400
297,SUP-8276-25,ST,20610,29678400
297,SUP-8276-25,ST,20610,29678400
297,SUP-8276-25,PI,20610,29678400
297,SUP-8276-25,ST,20610,29678400
297,SUP-8276-25,ST,20610,29678400
121,SUP-6498-23,SM / SM.F / SR,20610,29678400
575,SUP-7768-24,ST,20610,29678400
575,SUP-7768-24,ST,20610,29678400
575,SUP-7768-24,ST,20610,29678400
575,SUP-7768-24,ST,20610,29678400
575,SUP-7768-24,ST,20610,29678400
575,SUP-7768-24,ST,20610,29678400
306,SUP-7133-24,SM / SM.F / SR,20610,29678400
561,SUP-7133-24,SM / SM.F / SR,20610,29678400
394,SUP-7722-24,ST,20610,29678400
394,SUP-7722-24,ST,20610,29678400
394,SUP-7722-24,ST,20610,29678400
394,SUP-7722-24,ST,20610,29678400
394,SUP-7722-24,ST,20610,29678400
605,SUP-7128-24,SP,20610,29678400
337,SUP-7722-24,SM / SM.F / SR,20610,29678400
582,SUP-7813-24,SP,20610,29678400
463,SUP-7813-24,SP,20610,29678400
536,SUP-7813-24,SP,20610,29678400
586,SUP-7813-24,SP,20610,29678400
297,SUP-8370-25,PI,20611,29679840
154,SUP-7722-24,SP,20611,29679840
154,SUP-7722-24,SP,20611,29679840
540,SUP-7285-24,SM / SM.F / SR,20611,29679840
595,SUP-6806-23,PI,20611,29679840
353,SUP-6806-23,PI,20611,29679840
595,SUP-6806-23,PI,20611,29679840
353,SUP-6806-23,PI,20611,29679840
299,SUP-6806-23,SP,20611,29679840
571,SUP-6806-23,SP,20611,29679840
568,SUP-6806-23,SP,20611,29679840
389,SUP-6806-23,PI,20611,29679840
364,SUP-6498-23,SM / SM.F / SR,20611,29679840
559,SUP-7133-24,SP,20611,29679840
478,SUP-7133-24,SP,20611,29679840
257,SUP-6830-23,ST,20611,29679840
257,SUP-6830-23,ST,20611,29679840
257,SUP-6830-23,ST,20611,29679840
257,SUP-6830-23,ST,20611,29679840
519,SUP-7285-24,SP,20611,29679840
361,SUP-7285-24,SP,20611,29679840
143,SUP-7285-24,SP,20611,29679840
586,SUP-7285-24,SP,20611,29679840
600,SUP-8250-25,PI,20611,29679840
600,SUP-8250-25,PI,20611,29679840
577,SUP-7133-24,SP,20611,29679840
577,SUP-7133-24,SP,20611,29679840
603,SUP-7133-24,SP,20611,29679840
513,SUP-7722-24,ST,20611,29679840
513,SUP-7722-24,ST,20611,29679840
513,SUP-7722-24,ST,20611,29679840
513,SUP-7722-24,ST,20611,29679840
513,SUP-7722-24,ST,20611,29679840
513,SUP-7722-24,ST,20611,29679840
513,SUP-7722-24,ST,20611,29679840
513,SUP-7722-24,ST,20611,29679840
513,SUP-7722-24,ST,20611,29679840
513,SUP-7722-24,ST,20611,29679840
513,SUP-7722-24,ST,20611,29679840
568,SUP-6806-23,SP,20611,29679840
171,SUP-6806-23,SP,20611,29679840
288,SUP-6498-23,SM / SM.F / SR,20611,29679840
362,SUP-7128-24,SM / SM.F / SR,20611,29679840
136,SUP-6830-23,SP,20611,29679840
447,SUP-7133-24,ST,20611,29679840
447,SUP-7133-24,ST,20611,29679840
447,SUP-7133-24,ST,20611,29679840
447,SUP-7133-24,ST,20611,29679840
447,SUP-7133-24,ST,20611,29679840
447,SUP-7133-24,ST,20611,29679840
447,SUP-7133-24,ST,20611,29679840
447,SUP-7133-24,ST,20611,29679840
447,SUP-7133-24,ST,20611,29679840
447,SUP-7133-24,ST,20611,29679840
447,SUP-7133-24,ST,20611,29679840
447,SUP-7133-24,ST,20611,29679840
297,SUP-8276-25,ST,20611,29679840
297,SUP-8276-25,ST,20611,29679840
297,SUP-8276-25,ST,20611,29679840
575,SUP-7768-24,PI,20611,29679840
575,SUP-7768-24,PI,20611,29679840
575,SUP-7768-24,PI,20611,29679840
394,SUP-7722-24,ST,20611,29679840
394,SUP-7722-24,ST,20611,29679840
394,SUP-7722-24,ST,20611,29679840
394,SUP-7722-24,ST,20611,29679840
394,SUP-7722-24,ST,20611,29679840
394,SUP-7722-24,ST,20611,29679840
594,SUP-7128-24,SP,20611,29679840
594,SUP-7128-24,SP,20611,29679840
605,SUP-7128-24,SP,20611,29679840
594,SUP-7128-24,SP,20611,29679840
463,SUP-7813-24,SP,20611,29679840
582,SUP-7813-24,SP,20611,29679840
571,SUP-6806-23,SP,20612,29681280
519,SUP-7285-24,SP,20612,29681280
297,SUP-8370-25,PI,20612,29681280
297,SUP-8370-25,PI,20612,29681280
154,SUP-7722-24,SP,20612,29681280
154,SUP-7722-24,SP,20612,29681280
373,SUP-6830-23,SM / SM.F / SR,20612,29681280
299,SUP-6806-23,SP,20612,29681280
321,SUP-6806-23,SP,20612,29681280
559,SUP-7133-24,SP,20612,29681280
257,SUP-6830-23,ST,20612,29681280
257,SUP-6830-23,ST,20612,29681280
257,SUP-6830-23,ST,20612,29681280
257,SUP-6830-23,ST,20612,29681280
257,SUP-6830-23,ST,20612,29681280
257,SUP-6830-23,ST,20612,29681280
257,SUP-6830-23,ST,20612,29681280
257,SUP-6830-23,ST,20612,29681280
143,SUP-7285-24,SP,20612,29681280
600,SUP-8250-25,PI,20612,29681280
600,SUP-8250-25,PI,20612,29681280
297,SUP-7133-24,PI,20612,29681280
603,SUP-7133-24,SP,20612,29681280
297,SUP-7133-24,PI,20612,29681280
577,SUP-7133-24,SP,20612,29681280
603,SUP-7133-24,SP,20612,29681280
513,SUP-7722-24,ST,20612,29681280
513,SUP-7722-24,ST,20612,29681280
513,SUP-7722-24,ST,20612,29681280
513,SUP-7722-24,ST,20612,29681280
513,SUP-7722-24,ST,20612,29681280
513,SUP-7722-24,ST,20612,29681280
513,SUP-7722-24,ST,20612,29681280
513,SUP-7722-24,ST,20612,29681280
513,SUP-7722-24,ST,20612,29681280
513,SUP-7722-24,ST,20612,29681280
513,SUP-7722-24,ST,20612,29681280
513,SUP-7722-24,ST,20612,29681280
513,SUP-7722-24,ST,20612,29681280
513,SUP-7722-24,ST,20612,29681280
513,SUP-7722-24,ST,20612,29681280
513,SUP-7722-24,ST,20612,29681280
571,SUP-6806-23,SP,20612,29681280
568,SUP-6806-23,SP,20612,29681280
171,SUP-6806-23,SP,20612,29681280
568,SUP-6806-23,SP,20612,29681280
171,SUP-6806-23,SP,20612,29681280
389,SUP-6806-23,ST,20612,29681280
389,SUP-6806-23,ST,20612,29681280
389,SUP-6806-23,ST,20612,29681280
353,SUP-6806-23,ST,20612,29681280
389,SUP-6806-23,ST,20612,29681280
595,SUP-6806-23,ST,20612,29681280
389,SUP-6806-23,ST,20612,29681280
353,SUP-6806-23,ST,20612,29681280
389,SUP-6806-23,ST,20612,29681280
353,SUP-6806-23,ST,20612,29681280
595,SUP-6806-23,ST,20612,29681280
595,SUP-6806-23,ST,20612,29681280
353,SUP-6806-23,ST,20612,29681280
595,SUP-6806-23,ST,20612,29681280
353,SUP-6806-23,ST,20612,29681280
595,SUP-6806-23,ST,20612,29681280
353,SUP-6806-23,ST,20612,29681280
595,SUP-6806-23,ST,20612,29681280
353,SUP-6806-23,ST,20612,29681280
595,SUP-6806-23,ST,20612,29681280
353,SUP-6806-23,ST,20612,29681280
595,SUP-6806-23,ST,20612,29681280
353,SUP-6806-23,ST,20612,29681280
389,SUP-6806-23,ST,20612,29681280
389,SUP-6806-23,ST,20612,29681280
614,SUP-8370-25,SP,20612,29681280
614,SUP-8370-25,SP,20612,29681280
536,SUP-7813-24,SP,20612,29681280
286,SUP-7813-24,SM / SM.F / SR,20612,29681280
586,SUP-7813-24,SP,20612,29681280
463,SUP-7813-24,SP,20612,29681280
520,SUP-7128-24,SM / SM.F / SR,20612,29681280
447,SUP-7133-24,ST,20612,29681280
447,SUP-7133-24,ST,20612,29681280
447,SUP-7133-24,ST,20612,29681280
447,SUP-7133-24,ST,20612,29681280
447,SUP-7133-24,ST,20612,29681280
447,SUP-7133-24,ST,20612,29681280
447,SUP-7133-24,ST,20612,29681280
447,SUP-7133-24,ST,20612,29681280
447,SUP-7133-24,ST,20612,29681280
447,SUP-7133-24,ST,20612,29681280
512,SUP-7133-24,SM / SM.F / SR,20612,29681280
420,SUP-7133-24,SM / SM.F / SR,20612,29681280
585,SUP-7133-24,SM / SM.F / SR,20612,29681280
575,SUP-7768-24,ST,20612,29681280
575,SUP-7768-24,ST,20612,29681280
575,SUP-7768-24,ST,20612,29681280
575,SUP-7768-24,ST,20612,29681280
575,SUP-7768-24,ST,20612,29681280
575,SUP-7768-24,ST,20612,29681280
575,SUP-7768-24,ST,20612,29681280
575,SUP-7768-24,ST,20612,29681280
394,SUP-7722-24,ST,20612,29681280
394,SUP-7722-24,ST,20612,29681280
394,SUP-7722-24,ST,20612,29681280
394,SUP-7722-24,ST,20612,29681280
394,SUP-7722-24,ST,20612,29681280
389,SUP-8187-25,PI,20612,29681280
605,SUP-7128-24,SP,20612,29681280
594,SUP-7128-24,SP,20612,29681280
341,SUP-7722-24,SM / SM.F / SR,20613,29682720
154,SUP-7722-24,SP,20613,29682720
154,SUP-7722-24,SP,20613,29682720
164,SUP-7722-24,SM / SM.F / SR,20613,29682720
602,SUP-7722-24,SM / SM.F / SR,20613,29682720
216,SUP-7722-24,SM / SM.F / SR,20613,29682720
216,SUP-7722-24,SM / SM.F / SR,20613,29682720
623,SUP-7722-24,SM / SM.F / SR,20613,29682720
478,SUP-7133-24,SP,20613,29682720
257,SUP-6830-23,ST,20613,29682720
257,SUP-6830-23,ST,20613,29682720
600,SUP-8250-25,PI,20613,29682720
600,SUP-8250-25,PI,20613,29682720
600,SUP-8250-25,PI,20613,29682720
600,SUP-8250-25,PI,20613,29682720
297,SUP-7133-24,PI,20613,29682720
577,SUP-7133-24,SP,20613,29682720
603,SUP-7133-24,SP,20613,29682720
297,SUP-7133-24,PI,20613,29682720
513,SUP-7722-24,ST,20613,29682720
513,SUP-7722-24,ST,20613,29682720
513,SUP-7722-24,ST,20613,29682720
513,SUP-7722-24,ST,20613,29682720
513,SUP-7722-24,ST,20613,29682720
513,SUP-7722-24,ST,20613,29682720
513,SUP-7722-24,ST,20613,29682720
513,SUP-7722-24,ST,20613,29682720
513,SUP-7722-24,ST,20613,29682720
513,SUP-7722-24,ST,20613,29682720
513,SUP-7722-24,ST,20613,29682720
513,SUP-7722-24,ST,20613,29682720
513,SUP-7722-24,ST,20613,29682720
513,SUP-7722-24,ST,20613,29682720
513,SUP-7722-24,ST,20613,29682720
513,SUP-7722-24,ST,20613,29682720
513,SUP-7722-24,ST,20613,29682720
513,SUP-7722-24,ST,20613,29682720
394,SUP-7722-24,ST,20613,29682720
394,SUP-7722-24,ST,20613,29682720
394,SUP-7722-24,ST,20613,29682720
394,SUP-7722-24,ST,20613,29682720
394,SUP-7722-24,ST,20613,29682720
394,SUP-7722-24,ST,20613,29682720
394,SUP-7722-24,ST,20613,29682720
394,SUP-7722-24,ST,20613,29682720
394,SUP-7722-24,ST,20613,29682720
595,SUP-6806-23,ST,20613,29682720
595,SUP-6806-23,ST,20613,29682720
353,SUP-6806-23,ST,20613,29682720
389,SUP-6806-23,ST,20613,29682720
353,SUP-6806-23,ST,20613,29682720
389,SUP-6806-23,ST,20613,29682720
595,SUP-6806-23,ST,20613,29682720
353,SUP-6806-23,ST,20613,29682720
389,SUP-6806-23,ST,20613,29682720
389,SUP-6806-23,ST,20613,29682720
595,SUP-6806-23,ST,20613,29682720
389,SUP-6806-23,ST,20613,29682720
353,SUP-6806-23,ST,20613,29682720
389,SUP-6806-23,ST,20613,29682720
353,SUP-6806-23,ST,20613,29682720
389,SUP-6806-23,ST,20613,29682720
595,SUP-6806-23,ST,20613,29682720
353,SUP-6806-23,ST,20613,29682720
389,SUP-6806-23,ST,20613,29682720
595,SUP-6806-23,ST,20613,29682720
353,SUP-6806-23,ST,20613,29682720
353,SUP-6806-23,ST,20613,29682720
389,SUP-6806-23,ST,20613,29682720
353,SUP-6806-23,ST,20613,29682720
595,SUP-6806-23,ST,20613,29682720
595,SUP-6806-23,ST,20613,29682720
575,SUP-7768-24,PI,20613,29682720
575,SUP-7768-24,PI,20613,29682720
614,SUP-8370-25,SP,20613,29682720
325,SUP-7813-24,SM / SM.F / SR,20613,29682720
463,SUP-7813-24,SP,20613,29682720
136,SUP-6830-23,SP,20613,29682720
136,SUP-6830-23,SP,20613,29682720
447,SUP-7133-24,ST,20613,29682720
447,SUP-7133-24,ST,20613,29682720
447,SUP-7133-24,ST,20613,29682720
447,SUP-7133-24,ST,20613,29682720
447,SUP-7133-24,ST,20613,29682720
447,SUP-7133-24,ST,20613,29682720
447,SUP-7133-24,ST,20613,29682720
447,SUP-7133-24,ST,20613,29682720
447,SUP-7133-24,ST,20613,29682720
447,SUP-7133-24,ST,20613,29682720
468,SUP-6806-23,SM / SM.F / SR,20613,29682720
257,SUP-6830-23,ST,20613,29682720
405,SUP-7128-24,SM / SM.F / SR,20613,29682720
26,SUP-6498-23,SM / SM.F / SR,20613,29682720
575,SUP-7768-24,ST,20613,29682720
575,SUP-7768-24,ST,20613,29682720
575,SUP-7768-24,ST,20613,29682720
306,SUP-7133-24,SM / SM.F / SR,20613,29682720
594,SUP-7128-24,SP,20613,29682720
297,SUP-8370-25,PI,20614,29684160
297,SUP-8370-25,PI,20614,29684160
586,SUP-7285-24,SP,20614,29684160
154,SUP-7722-24,SP,20614,29684160
588,SUP-7285-24,SM / SM.F / SR,20614,29684160
286,SUP-7285-24,SM / SM.F / SR,20614,29684160
286,SUP-7285-24,SM / SM.F / SR,20614,29684160
600,SUP-8250-25,PI,20614,29684160
600,SUP-8250-25,PI,20614,29684160
600,SUP-8250-25,PI,20614,29684160
600,SUP-8250-25,PI,20614,29684160
297,SUP-7133-24,PI,20614,29684160
603,SUP-7133-24,SP,20614,29684160
394,SUP-7722-24,ST,20614,29684160
513,SUP-7722-24,ST,20614,29684160
513,SUP-7722-24,ST,20614,29684160
321,SUP-6806-23,SP,20614,29684160
171,SUP-6806-23,SP,20614,29684160
299,SUP-6806-23,SP,20614,29684160
568,SUP-6806-23,SP,20614,29684160
321,SUP-6806-23,SP,20614,29684160
299,SUP-6806-23,SP,20614,29684160
571,SUP-6806-23,SP,20614,29684160
299,SUP-6806-23,SP,20614,29684160
321,SUP-6806-23,SP,20614,29684160
171,SUP-6806-23,SP,20614,29684160
568,SUP-6806-23,SP,20614,29684160
571,SUP-6806-23,SP,20614,29684160
353,SUP-6806-23,ST,20614,29684160
389,SUP-6806-23,ST,20614,29684160
353,SUP-6806-23,ST,20614,29684160
595,SUP-6806-23,ST,20614,29684160
389,SUP-6806-23,ST,20614,29684160
389,SUP-6806-23,ST,20614,29684160
353,SUP-6806-23,ST,20614,29684160
389,SUP-6806-23,ST,20614,29684160
595,SUP-6806-23,ST,20614,29684160
389,SUP-6806-23,ST,20614,29684160
595,SUP-6806-23,ST,20614,29684160
353,SUP-6806-23,ST,20614,29684160
389,SUP-6806-23,ST,20614,29684160
389,SUP-6806-23,ST,20614,29684160
353,SUP-6806-23,ST,20614,29684160
595,SUP-6806-23,ST,20614,29684160
389,SUP-6806-23,ST,20614,29684160
389,SUP-6806-23,ST,20614,29684160
353,SUP-6806-23,ST,20614,29684160
595,SUP-6806-23,ST,20614,29684160
614,SUP-8370-25,SP,20614,29684160
614,SUP-8370-25,SP,20614,29684160
79,SUP-7128-24,SM / SM.F / SR,20614,29684160
428,SUP-7593-24,SM / SM.F / SR,20614,29684160
447,SUP-7133-24,ST,20614,29684160
447,SUP-7133-24,ST,20614,29684160
447,SUP-7133-24,ST,20614,29684160
447,SUP-7133-24,ST,20614,29684160
447,SUP-7133-24,ST,20614,29684160
447,SUP-7133-24,ST,20614,29684160
447,SUP-7133-24,ST,20614,29684160
447,SUP-7133-24,ST,20614,29684160
447,SUP-7133-24,ST,20614,29684160
447,SUP-7133-24,ST,20614,29684160
223,SUP-8370-25,SM / SM.F / SR,20614,29684160
257,SUP-6830-23,VT,20614,29684160
575,SUP-7768-24,ST,20614,29684160
575,SUP-7768-24,ST,20614,29684160
575,SUP-7768-24,ST,20614,29684160
575,SUP-7768-24,ST,20614,29684160
575,SUP-7768-24,PI,20614,29684160
605,SUP-7128-24,SP,20614,29684160
468,SUP-6806-23,SM / SM.F / SR,20614,29684160
297,SUP-8370-25,PI,20615,29685600
216,SUP-7722-24,SM / SM.F / SR,20615,29685600
537,SUP-6830-23,SM / SM.F / SR,20615,29685600
361,SUP-7285-24,SP,20615,29685600
519,SUP-7285-24,SP,20615,29685600
600,SUP-8250-25,PI,20615,29685600
600,SUP-8250-25,PI,20615,29685600
600,SUP-8250-25,PI,20615,29685600
600,SUP-8250-25,PI,20615,29685600
577,SUP-7133-24,SP,20615,29685600
603,SUP-7133-24,SP,20615,29685600
297,SUP-7133-24,PI,20615,29685600
577,SUP-7133-24,SP,20615,29685600
559,SUP-7133-24,SP,20615,29685600
478,SUP-7133-24,SP,20615,29685600
513,SUP-7722-24,ST,20615,29685600
513,SUP-7722-24,ST,20615,29685600
513,SUP-7722-24,ST,20615,29685600
394,SUP-7722-24,ST,20615,29685600
513,SUP-7722-24,ST,20615,29685600
513,SUP-7722-24,ST,20615,29685600
513,SUP-7722-24,ST,20615,29685600
394,SUP-7722-24,ST,20615,29685600
568,SUP-6806-23,SP,20615,29685600
299,SUP-6806-23,SP,20615,29685600
571,SUP-6806-23,SP,20615,29685600
568,SUP-6806-23,SP,20615,29685600
389,SUP-6806-23,ST,20615,29685600
389,SUP-6806-23,ST,20615,29685600
353,SUP-6806-23,ST,20615,29685600
595,SUP-6806-23,ST,20615,29685600
389,SUP-6806-23,ST,20615,29685600
595,SUP-6806-23,ST,20615,29685600
389,SUP-6806-23,ST,20615,29685600
595,SUP-6806-23,ST,20615,29685600
389,SUP-6806-23,ST,20615,29685600
353,SUP-6806-23,ST,20615,29685600
595,SUP-6806-23,ST,20615,29685600
389,SUP-6806-23,ST,20615,29685600
389,SUP-6806-23,ST,20615,29685600
353,SUP-6806-23,ST,20615,29685600
595,SUP-6806-23,ST,20615,29685600
389,SUP-6806-23,ST,20615,29685600
353,SUP-6806-23,ST,20615,29685600
389,SUP-6806-23,ST,20615,29685600
595,SUP-6806-23,ST,20615,29685600
353,SUP-6806-23,ST,20615,29685600
353,SUP-6806-23,ST,20615,29685600
353,SUP-6806-23,ST,20615,29685600
595,SUP-6806-23,ST,20615,29685600
614,SUP-8370-25,SP,20615,29685600
447,SUP-7133-24,ST,20615,29685600
447,SUP-7133-24,ST,20615,29685600
447,SUP-7133-24,ST,20615,29685600
447,SUP-7133-24,ST,20615,29685600
447,SUP-7133-24,ST,20615,29685600
447,SUP-7133-24,ST,20615,29685600
447,SUP-7133-24,ST,20615,29685600
447,SUP-7133-24,ST,20615,29685600
447,SUP-7133-24,ST,20615,29685600
447,SUP-7133-24,ST,20615,29685600
520,SUP-7128-24,SM / SM.F / SR,20615,29685600
468,SUP-6806-23,SM / SM.F / SR,20615,29685600
297,SUP-8370-25,PI,20616,29687040
297,SUP-8370-25,PI,20616,29687040
586,SUP-7285-24,SP,20616,29687040
143,SUP-7285-24,SP,20616,29687040
143,SUP-7285-24,SP,20616,29687040
143,SUP-7285-24,SP,20616,29687040
600,SUP-8250-25,PI,20616,29687040
600,SUP-8250-25,PI,20616,29687040
600,SUP-8250-25,PI,20616,29687040
600,SUP-8250-25,PI,20616,29687040
603,SUP-7133-24,SP,20616,29687040
513,SUP-7722-24,ST,20616,29687040
513,SUP-7722-24,ST,20616,29687040
513,SUP-7722-24,ST,20616,29687040
513,SUP-7722-24,ST,20616,29687040
513,SUP-7722-24,ST,20616,29687040
513,SUP-7722-24,ST,20616,29687040
513,SUP-7722-24,ST,20616,29687040
513,SUP-7722-24,ST,20616,29687040
513,SUP-7722-24,ST,20616,29687040
513,SUP-7722-24,ST,20616,29687040
513,SUP-7722-24,ST,20616,29687040
513,SUP-7722-24,ST,20616,29687040
513,SUP-7722-24,ST,20616,29687040
513,SUP-7722-24,ST,20616,29687040
614,SUP-8370-25,SP,20616,29687040
607,SUP-8370-25,SP,20616,29687040
614,SUP-8370-25,SP,20616,29687040
329,SUP-8370-25,SP,20616,29687040
604,SUP-7128-24,SM / SM.F / SR,20616,29687040
136,SUP-6830-23,SM / SM.F / SR,20616,29687040
447,SUP-7133-24,ST,20616,29687040
447,SUP-7133-24,ST,20616,29687040
447,SUP-7133-24,ST,20616,29687040
447,SUP-7133-24,ST,20616,29687040
447,SUP-7133-24,ST,20616,29687040
447,SUP-7133-24,ST,20616,29687040
447,SUP-7133-24,ST,20616,29687040
447,SUP-7133-24,ST,20616,29687040
257,SUP-6830-23,SH,20616,29687040
585,SUP-7133-24,SM / SM.F / SR,20616,29687040
394,SUP-7128-24,ST,20616,29687040
394,SUP-7128-24,ST,20616,29687040
394,SUP-7128-24,ST,20616,29687040
394,SUP-7128-24,ST,20616,29687040
394,SUP-7128-24,ST,20616,29687040
394,SUP-7128-24,ST,20616,29687040
394,SUP-7128-24,ST,20616,29687040
394,SUP-7128-24,ST,20616,29687040
394,SUP-7128-24,ST,20616,29687040
394,SUP-7128-24,ST,20616,29687040
468,SUP-6806-23,SM / SM.F / SR,20616,29687040
306,SUP-7722-24,SM / SM.F / SR,20617,29688480
297,SUP-8370-25,PI,20617,29688480
297,SUP-8370-25,PI,20617,29688480
297,SUP-8370-25,PI,20617,29688480
373,SUP-6830-23,SM / SM.F / SR,20617,29688480
600,SUP-8250-25,PI,20617,29688480
600,SUP-8250-25,PI,20617,29688480
297,SUP-7133-24,PI,20617,29688480
297,SUP-7133-24,PI,20617,29688480
513,SUP-7722-24,ST,20617,29688480
513,SUP-7722-24,ST,20617,29688480
513,SUP-7722-24,ST,20617,29688480
513,SUP-7722-24,ST,20617,29688480
513,SUP-7722-24,ST,20617,29688480
513,SUP-7722-24,ST,20617,29688480
513,SUP-7722-24,ST,20617,29688480
513,SUP-7722-24,ST,20617,29688480
513,SUP-7722-24,ST,20617,29688480
513,SUP-7722-24,ST,20617,29688480
513,SUP-7722-24,ST,20617,29688480
513,SUP-7722-24,ST,20617,29688480
513,SUP-7722-24,ST,20617,29688480
513,SUP-7722-24,ST,20617,29688480
577,SUP-7128-24,SP,20617,29688480
603,SUP-7128-24,SP,20617,29688480
329,SUP-8370-25,SP,20617,29688480
607,SUP-8370-25,SP,20617,29688480
463,SUP-6830-23,SP,20617,29688480
582,SUP-6830-23,SP,20617,29688480
463,SUP-6830-23,SP,20617,29688480
582,SUP-6830-23,SP,20617,29688480
627,SUP-6830-23,SM / SM.F / SR,20617,29688480
447,SUP-7133-24,ST,20617,29688480
447,SUP-7133-24,ST,20617,29688480
447,SUP-7133-24,ST,20617,29688480
447,SUP-7133-24,ST,20617,29688480
447,SUP-7133-24,ST,20617,29688480
447,SUP-7133-24,ST,20617,29688480
447,SUP-7133-24,ST,20617,29688480
447,SUP-7133-24,ST,20617,29688480
447,SUP-7133-24,ST,20617,29688480
361,SUP-7813-24,SP,20617,29688480
361,SUP-7813-24,SP,20617,29688480
519,SUP-7813-24,SP,20617,29688480
394,SUP-7128-24,ST,20617,29688480
394,SUP-7128-24,ST,20617,29688480
394,SUP-7128-24,ST,20617,29688480
394,SUP-7128-24,ST,20617,29688480
394,SUP-7128-24,ST,20617,29688480
468,SUP-6806-23,SM / SM.F / SR,20617,29688480
468,SUP-6806-23,SM / SM.F / SR,20617,29688480
561,SUP-7722-24,SM / SM.F / SR,20618,29689920
540,SUP-7285-24,SM / SM.F / SR,20618,29689920
536,SUP-7285-24,SP,20618,29689920
586,SUP-7285-24,SP,20618,29689920
164,SUP-7722-24,SM / SM.F / SR,20618,29689920
341,SUP-7722-24,SM / SM.F / SR,20618,29689920
588,SUP-7285-24,SM / SM.F / SR,20618,29689920
600,SUP-8250-25,PI,20618,29689920
478,SUP-7133-24,SP,20618,29689920
513,SUP-7722-24,ST,20618,29689920
513,SUP-7722-24,ST,20618,29689920
513,SUP-7722-24,ST,20618,29689920
513,SUP-7722-24,ST,20618,29689920
513,SUP-7722-24,ST,20618,29689920
468,SUP-6806-23,SM / SM.F / SR,20618,29689920
603,SUP-7128-24,SP,20618,29689920
325,SUP-7813-24,SM / SM.F / SR,20618,29689920
361,SUP-7813-24,SP,20618,29689920
582,SUP-6830-23,SP,20618,29689920
463,SUP-6830-23,SP,20618,29689920
447,SUP-7133-24,ST,20618,29689920
447,SUP-7133-24,ST,20618,29689920
447,SUP-7133-24,ST,20618,29689920
447,SUP-7133-24,ST,20618,29689920
447,SUP-7133-24,ST,20618,29689920
447,SUP-7133-24,ST,20618,29689920
447,SUP-7133-24,ST,20618,29689920
447,SUP-7133-24,ST,20618,29689920
447,SUP-7133-24,ST,20618,29689920
447,SUP-7133-24,ST,20618,29689920
447,SUP-7133-24,ST,20618,29689920
447,SUP-7133-24,ST,20618,29689920
447,SUP-7133-24,ST,20618,29689920
405,SUP-7128-24,SM / SM.F / SR,20618,29689920
297,SUP-8224-25 (AB),ST,20618,29689920
297,SUP-8224-25 (AB),ST,20618,29689920
297,SUP-8224-25 (AB),ST,20618,29689920
297,SUP-8224-25 (AB),ST,20618,29689920
297,SUP-8224-25 (AB),ST,20618,29689920
519,SUP-7813-24,SP,20618,29689920
394,SUP-7128-24,ST,20618,29689920
394,SUP-7128-24,ST,20618,29689920
394,SUP-7128-24,ST,20618,29689920
394,SUP-7128-24,ST,20618,29689920
394,SUP-7128-24,ST,20618,29689920
394,SUP-7128-24,ST,20618,29689920
575,SUP-7285-24,ST,20619,29691360
575,SUP-7285-24,ST,20619,29691360
575,SUP-7285-24,ST,20619,29691360
340,SUP-7285-24,SM / SM.F / SR,20619,29691360
600,SUP-8250-25,PI,20619,29691360
297,SUP-7133-24,PI,20619,29691360
297,SUP-7133-24,PI,20619,29691360
513,SUP-7722-24,ST,20619,29691360
513,SUP-7722-24,ST,20619,29691360
513,SUP-7722-24,ST,20619,29691360
513,SUP-7722-24,ST,20619,29691360
513,SUP-7722-24,ST,20619,29691360
513,SUP-7722-24,ST,20619,29691360
513,SUP-7722-24,ST,20619,29691360
513,SUP-7722-24,ST,20619,29691360
595,SUP-6806-23,ST,20619,29691360
595,SUP-6806-23,ST,20619,29691360
595,SUP-6806-23,ST,20619,29691360
595,SUP-6806-23,ST,20619,29691360
595,SUP-6806-23,ST,20619,29691360
595,SUP-6806-23,ST,20619,29691360
595,SUP-6806-23,ST,20619,29691360
595,SUP-6806-23,ST,20619,29691360
595,SUP-6806-23,ST,20619,29691360
595,SUP-6806-23,ST,20619,29691360
595,SUP-6806-23,ST,20619,29691360
614,SUP-8370-25,SP,20619,29691360
607,SUP-8370-25,SP,20619,29691360
519,SUP-7813-24,SP,20619,29691360
582,SUP-6830-23,SP,20619,29691360
463,SUP-6830-23,SP,20619,29691360
447,SUP-7133-24,ST,20619,29691360
447,SUP-7133-24,ST,20619,29691360
447,SUP-7133-24,ST,20619,29691360
447,SUP-7133-24,ST,20619,29691360
447,SUP-7133-24,ST,20619,29691360
447,SUP-7133-24,ST,20619,29691360
447,SUP-7133-24,ST,20619,29691360
447,SUP-7133-24,ST,20619,29691360
447,SUP-7133-24,ST,20619,29691360
447,SUP-7133-24,ST,20619,29691360
389,SUP-8187-25,PI,20619,29691360
389,SUP-8187-25,PI,20619,29691360
389,SUP-8187-25,PI,20619,29691360
389,SUP-8187-25,PI,20619,29691360
337,SUP-7722-24,SM / SM.F / SR,20619,29691360
520,SUP-7128-24,SM / SM.F / SR,20619,29691360
575,SUP-7285-24,ST,20620,29692800
575,SUP-7285-24,ST,20620,29692800
575,SUP-7285-24,ST,20620,29692800
575,SUP-7285-24,ST,20620,29692800
513,SUP-7722-24,ST,20620,29692800
513,SUP-7722-24,ST,20620,29692800
373,SUP-6830-23,SM / SM.F / SR,20620,29692800
361,SUP-7285-24,SP,20620,29692800
297,SUP-7133-24,PI,20620,29692800
297,SUP-7133-24,PI,20620,29692800
297,SUP-7133-24,PI,20620,29692800
513,SUP-7722-24,ST,20620,29692800
513,SUP-7722-24,ST,20620,29692800
513,SUP-7722-24,ST,20620,29692800
513,SUP-7722-24,ST,20620,29692800
513,SUP-7722-24,ST,20620,29692800
513,SUP-7722-24,ST,20620,29692800
513,SUP-7722-24,ST,20620,29692800
513,SUP-7722-24,ST,20620,29692800
513,SUP-7722-24,ST,20620,29692800
513,SUP-7722-24,ST,20620,29692800
513,SUP-7722-24,ST,20620,29692800
513,SUP-7722-24,ST,20620,29692800
513,SUP-7722-24,ST,20620,29692800
513,SUP-7722-24,ST,20620,29692800
513,SUP-7722-24,ST,20620,29692800
513,SUP-7722-24,ST,20620,29692800
353,SUP-6806-23,ST,20620,29692800
353,SUP-6806-23,ST,20620,29692800
353,SUP-6806-23,ST,20620,29692800
353,SUP-6806-23,ST,20620,29692800
353,SUP-6806-23,ST,20620,29692800
353,SUP-6806-23,ST,20620,29692800
353,SUP-6806-23,ST,20620,29692800
353,SUP-6806-23,ST,20620,29692800
389,SUP-6806-23,ST,20620,29692800
389,SUP-6806-23,ST,20620,29692800
353,SUP-6806-23,ST,20620,29692800
389,SUP-6806-23,ST,20620,29692800
353,SUP-6806-23,ST,20620,29692800
389,SUP-6806-23,ST,20620,29692800
389,SUP-6806-23,ST,20620,29692800
389,SUP-6806-23,ST,20620,29692800
389,SUP-6806-23,ST,20620,29692800
389,SUP-6806-23,ST,20620,29692800
389,SUP-6806-23,ST,20620,29692800
577,SUP-7128-24,SP,20620,29692800
603,SUP-7128-24,SP,20620,29692800
329,SUP-8370-25,SP,20620,29692800
614,SUP-8370-25,SP,20620,29692800
463,SUP-6830-23,SP,20620,29692800
447,SUP-7133-24,ST,20620,29692800
447,SUP-7133-24,ST,20620,29692800
447,SUP-7133-24,ST,20620,29692800
447,SUP-7133-24,ST,20620,29692800
447,SUP-7133-24,ST,20620,29692800
447,SUP-7133-24,ST,20620,29692800
447,SUP-7133-24,ST,20620,29692800
447,SUP-7133-24,ST,20620,29692800
447,SUP-7133-24,ST,20620,29692800
447,SUP-7133-24,ST,20620,29692800
223,SUP-8370-25,SM / SM.F / SR,20620,29692800
420,SUP-7133-24,SM / SM.F / SR,20620,29692800
585,SUP-7133-24,SM / SM.F / SR,20620,29692800
297,SUP-8224-25 (AB),ST,20620,29692800
297,SUP-8224-25 (AB),ST,20620,29692800
297,SUP-8224-25 (AB),ST,20620,29692800
297,SUP-8224-25 (AB),ST,20620,29692800
297,SUP-8224-25 (AB),ST,20620,29692800
297,SUP-8224-25 (AB),ST,20620,29692800
297,SUP-8224-25 (AB),ST,20620,29692800
297,SUP-8224-25 (AB),ST,20620,29692800
143,SUP-7813-24,SP,20620,29692800
286,SUP-7285-24,SM / SM.F / SR,20621,29694240
575,SUP-7285-24,ST,20621,29694240
575,SUP-7285-24,ST,20621,29694240
575,SUP-7285-24,ST,20621,29694240
575,SUP-7285-24,ST,20621,29694240
575,SUP-7285-24,ST,20621,29694240
164,SUP-7722-24,SM / SM.F / SR,20621,29694240
588,SUP-7285-24,SM / SM.F / SR,20621,29694240
586,SUP-7285-24,SP,20621,29694240
361,SUP-7285-24,SP,20621,29694240
603,SUP-7133-24,SP,20621,29694240
577,SUP-7133-24,SP,20621,29694240
577,SUP-7133-24,SP,20621,29694240
603,SUP-7133-24,SP,20621,29694240
297,SUP-7133-24,PI,20621,29694240
297,SUP-7133-24,PI,20621,29694240
297,SUP-7133-24,PI,20621,29694240
595,SUP-6806-23,ST,20621,29694240
595,SUP-6806-23,ST,20621,29694240
595,SUP-6806-23,ST,20621,29694240
595,SUP-6806-23,ST,20621,29694240
595,SUP-6806-23,ST,20621,29694240
595,SUP-6806-23,ST,20621,29694240
595,SUP-6806-23,ST,20621,29694240
595,SUP-6806-23,ST,20621,29694240
595,SUP-6806-23,ST,20621,29694240
389,SUP-6806-23,ST,20621,29694240
389,SUP-6806-23,ST,20621,29694240
389,SUP-6806-23,ST,20621,29694240
389,SUP-6806-23,ST,20621,29694240
389,SUP-6806-23,ST,20621,29694240
136,SUP-6830-23,SM / SM.F / SR,20621,29694240
329,SUP-8370-25,SP,20621,29694240
463,SUP-6830-23,SP,20621,29694240
582,SUP-6830-23,SP,20621,29694240
428,SUP-7593-24,SM / SM.F / SR,20621,29694240
447,SUP-7133-24,ST,20621,29694240
447,SUP-7133-24,ST,20621,29694240
447,SUP-7133-24,ST,20621,29694240
447,SUP-7133-24,ST,20621,29694240
447,SUP-7133-24,ST,20621,29694240
447,SUP-7133-24,ST,20621,29694240
447,SUP-7133-24,ST,20621,29694240
447,SUP-7133-24,ST,20621,29694240
447,SUP-7133-24,ST,20621,29694240
447,SUP-7133-24,ST,20621,29694240
420,SUP-7133-24,SM / SM.F / SR,20621,29694240
614,SUP-8224-25 (AB),SP,20621,29694240
297,SUP-8224-25 (AB),ST,20621,29694240
297,SUP-8224-25 (AB),ST,20621,29694240
297,SUP-8224-25 (AB),ST,20621,29694240
143,SUP-7813-24,SP,20621,29694240
600,SUP-8250-25,PI,20621,29694240
600,SUP-8250-25,PI,20621,29694240
600,SUP-8250-25,ST,20621,29694240
600,SUP-8250-25,ST,20621,29694240
600,SUP-8250-25,ST,20621,29694240
306,SUP-7722-24,SM / SM.F / SR,20622,29695680
540,SUP-7285-24,SM / SM.F / SR,20622,29695680
575,SUP-7285-24,ST,20622,29695680
216,SUP-7722-24,SM / SM.F / SR,20622,29695680
340,SUP-7285-24,SM / SM.F / SR,20622,29695680
586,SUP-7285-24,SP,20622,29695680
536,SUP-7285-24,SP,20622,29695680
297,SUP-7285-24,VT,20622,29695680
297,SUP-7285-24,CPTu,20622,29695680
297,SUP-7285-24,VT,20622,29695680
577,SUP-7133-24,SP,20622,29695680
603,SUP-7133-24,SP,20622,29695680
577,SUP-7133-24,SP,20622,29695680
603,SUP-7133-24,SP,20622,29695680
603,SUP-7133-24,SP,20622,29695680
276,SUP-7133-24,SP,20622,29695680
594,SUP-7133-24,SP,20622,29695680
605,SUP-7133-24,SP,20622,29695680
478,SUP-7133-24,SP,20622,29695680
559,SUP-7133-24,SP,20622,29695680
447,SUP-7133-24,PI,20622,29695680
447,SUP-7133-24,PI,20622,29695680
447,SUP-7133-24,PI,20622,29695680
389,SUP-6806-23,ST,20622,29695680
389,SUP-6806-23,ST,20622,29695680
353,SUP-6806-23,ST,20622,29695680
389,SUP-6806-23,ST,20622,29695680
353,SUP-6806-23,ST,20622,29695680
389,SUP-6806-23,ST,20622,29695680
353,SUP-6806-23,ST,20622,29695680
389,SUP-6806-23,ST,20622,29695680
353,SUP-6806-23,ST,20622,29695680
389,SUP-6806-23,ST,20622,29695680
353,SUP-6806-23,ST,20622,29695680
389,SUP-6806-23,ST,20622,29695680
353,SUP-6806-23,ST,20622,29695680
353,SUP-6806-23,ST,20622,29695680
389,SUP-6806-23,ST,20622,29695680
353,SUP-6806-23,ST,20622,29695680
389,SUP-6806-23,ST,20622,29695680
389,SUP-6806-23,ST,20622,29695680
353,SUP-6806-23,ST,20622,29695680
389,SUP-6806-23,ST,20622,29695680
353,SUP-6806-23,ST,20622,29695680
297,SUP-7133-24,PI,20622,29695680
582,SUP-6830-23,SP,20622,29695680
463,SUP-6830-23,SP,20622,29695680
582,SUP-6830-23,SP,20622,29695680
136,SUP-6830-23,SM / SM.F / SR,20622,29695680
627,SUP-6830-23,SM / SM.F / SR,20622,29695680
257,SUP-6830-23,SH,20622,29695680
468,SUP-6806-23,SM / SM.F / SR,20622,29695680
325,SUP-8370-25,SM / SM.F / SR,20622,29695680
614,SUP-8224-25 (AB),SP,20622,29695680
614,SUP-8224-25 (AB),SP,20622,29695680
154,SUP-7128-24,SP,20622,29695680
405,SUP-7722-24,SM / SM.F / SR,20622,29695680
143,SUP-7813-24,SP,20622,29695680
600,SUP-8250-25,PI,20622,29695680
600,SUP-8250-25,PI,20622,29695680
520,SUP-7128-24,SM / SM.F / SR,20622,29695680
361,SUP-7813-24,SP,20622,29695680
561,SUP-7722-24,SM / SM.F / SR,20623,29697120
286,SUP-7285-24,SM / SM.F / SR,20623,29697120
575,SUP-7285-24,ST,20623,29697120
575,SUP-7285-24,ST,20623,29697120
575,SUP-7285-24,ST,20623,29697120
575,SUP-7285-24,ST,20623,29697120
575,SUP-7285-24,ST,20623,29697120
623,SUP-7722-24,SM / SM.F / SR,20623,29697120
602,SUP-7722-24,SM / SM.F / SR,20623,29697120
216,SUP-7722-24,SM / SM.F / SR,20623,29697120
536,SUP-7285-24,SP,20623,29697120
297,SUP-7285-24,CPTu,20623,29697120
447,SUP-7133-24,PI,20623,29697120
447,SUP-7133-24,PI,20623,29697120
447,SUP-7133-24,PI,20623,29697120
577,SUP-7133-24,SP,20623,29697120
603,SUP-7133-24,SP,20623,29697120
594,SUP-7133-24,SP,20623,29697120
559,SUP-7133-24,SP,20623,29697120
605,SUP-7133-24,SP,20623,29697120
478,SUP-7133-24,SP,20623,29697120
595,SUP-6806-23,ST,20623,29697120
154,SUP-7128-24,SP,20623,29697120
297,SUP-7133-24,PI,20623,29697120
297,SUP-7133-24,PI,20623,29697120
297,SUP-7133-24,PI,20623,29697120
364,SUP-6498-23,SM / SM.F / SR,20623,29697120
288,SUP-6498-23,SM / SM.F / SR,20623,29697120
463,SUP-6830-23,SP,20623,29697120
463,SUP-6830-23,SP,20623,29697120
463,SUP-6830-23,SP,20623,29697120
463,SUP-6830-23,SP,20623,29697120
582,SUP-6830-23,SP,20623,29697120
582,SUP-6830-23,SP,20623,29697120
463,SUP-6830-23,SP,20623,29697120
582,SUP-6830-23,SP,20623,29697120
582,SUP-6830-23,SP,20623,29697120
582,SUP-6830-23,SP,20623,29697120
582,SUP-6830-23,SP,20623,29697120
463,SUP-6830-23,SP,20623,29697120
463,SUP-6830-23,SP,20623,29697120
463,SUP-6830-23,SP,20623,29697120
463,SUP-6830-23,SP,20623,29697120
171,SUP-7285-24,SP,20623,29697120
568,SUP-7285-24,SP,20623,29697120
325,SUP-8370-25,SM / SM.F / SR,20623,29697120
325,SUP-8370-25,SM / SM.F / SR,20623,29697120
614,SUP-8224-25 (AB),SP,20623,29697120
389,SUP-8187-25,PI,20623,29697120
519,SUP-7813-24,SP,20623,29697120
575,SUP-7285-24,ST,20624,29698560
575,SUP-7285-24,ST,20624,29698560
575,SUP-7285-24,ST,20624,29698560
575,SUP-7285-24,ST,20624,29698560
306,SUP-7722-24,SM / SM.F / SR,20624,29698560
373,SUP-6830-23,SM / SM.F / SR,20624,29698560
588,SUP-7285-24,SM / SM.F / SR,20624,29698560
571,SUP-7285-24,SP,20624,29698560
571,SUP-7285-24,SP,20624,29698560
571,SUP-7285-24,SP,20624,29698560
571,SUP-7285-24,SP,20624,29698560
571,SUP-7285-24,SP,20624,29698560
299,SUP-7285-24,SP,20624,29698560
321,SUP-7285-24,SP,20624,29698560
577,SUP-7133-24,SP,20624,29698560
603,SUP-7133-24,SP,20624,29698560
519,SUP-7285-24,SP,20624,29698560
361,SUP-7285-24,SP,20624,29698560
586,SUP-7285-24,SP,20624,29698560
536,SUP-7285-24,SP,20624,29698560
297,SUP-7285-24,VT,20624,29698560
297,SUP-7285-24,CPTu,20624,29698560
447,SUP-7133-24,PI,20624,29698560
447,SUP-7133-24,PI,20624,29698560
603,SUP-7133-24,SP,20624,29698560
577,SUP-7133-24,SP,20624,29698560
595,SUP-6806-23,ST,20624,29698560
595,SUP-6806-23,ST,20624,29698560
595,SUP-6806-23,ST,20624,29698560
595,SUP-6806-23,ST,20624,29698560
595,SUP-6806-23,ST,20624,29698560
595,SUP-6806-23,ST,20624,29698560
595,SUP-6806-23,ST,20624,29698560
595,SUP-6806-23,ST,20624,29698560
595,SUP-6806-23,ST,20624,29698560
121,SUP-6498-23,SM / SM.F / SR,20624,29698560
537,SUP-6830-23,SM / SM.F / SR,20624,29698560
329,SUP-8370-25,SP,20624,29698560
607,SUP-8370-25,SP,20624,29698560
463,SUP-6830-23,SP,20624,29698560
582,SUP-6830-23,SP,20624,29698560
582,SUP-6830-23,SP,20624,29698560
582,SUP-6830-23,SP,20624,29698560
582,SUP-6830-23,SP,20624,29698560
582,SUP-6830-23,SP,20624,29698560
463,SUP-6830-23,SP,20624,29698560
582,SUP-6830-23,SP,20624,29698560
568,SUP-7285-24,SP,20624,29698560
325,SUP-8370-25,SM / SM.F / SR,20624,29698560
154,SUP-7128-24,SP,20624,29698560
340,SUP-7285-24,SM / SM.F / SR,20625,29700000
595,SUP-6806-23,PI,20625,29700000
595,SUP-6806-23,PI,20625,29700000
321,SUP-7285-24,SP,20625,29700000
571,SUP-7285-24,SP,20625,29700000
299,SUP-7285-24,SP,20625,29700000
299,SUP-7285-24,SP,20625,29700000
571,SUP-7285-24,SP,20625,29700000
321,SUP-7285-24,SP,20625,29700000
614,SUP-8370-25,SP,20625,29700000
614,SUP-8370-25,SP,20625,29700000
614,SUP-8370-25,SP,20625,29700000
297,SUP-7285-24,VT,20625,29700000
297,SUP-7285-24,CPTu,20625,29700000
600,SUP-8250-25,PI,20625,29700000
577,SUP-7133-24,SP,20625,29700000
447,SUP-7133-24,PI,20625,29700000
603,SUP-7133-24,SP,20625,29700000
447,SUP-7133-24,PI,20625,29700000
276,SUP-7133-24,SP,20625,29700000
605,SUP-7133-24,SP,20625,29700000
594,SUP-7133-24,SP,20625,29700000
276,SUP-7133-24,SP,20625,29700000
605,SUP-7133-24,SP,20625,29700000
594,SUP-7133-24,SP,20625,29700000
513,SUP-7722-24,ST,20625,29700000
513,SUP-7722-24,ST,20625,29700000
513,SUP-7722-24,ST,20625,29700000
513,SUP-7722-24,ST,20625,29700000
513,SUP-7722-24,ST,20625,29700000
513,SUP-7722-24,ST,20625,29700000
513,SUP-7722-24,ST,20625,29700000
513,SUP-7722-24,ST,20625,29700000
513,SUP-7722-24,ST,20625,29700000
513,SUP-7722-24,ST,20625,29700000
513,SUP-7722-24,ST,20625,29700000
513,SUP-7722-24,ST,20625,29700000
513,SUP-7722-24,ST,20625,29700000
513,SUP-7722-24,ST,20625,29700000
513,SUP-7722-24,ST,20625,29700000
513,SUP-7722-24,ST,20625,29700000
513,SUP-7722-24,ST,20625,29700000
26,SUP-6498-23,SM / SM.F / SR,20625,29700000
329,SUP-8370-25,SP,20625,29700000
582,SUP-6830-23,SP,20625,29700000
468,SUP-6806-23,SM / SM.F / SR,20625,29700000
568,SUP-7285-24,SP,20625,29700000
171,SUP-7285-24,SP,20625,29700000
154,SUP-7128-24,SP,20625,29700000
520,SUP-7722-24,SM / SM.F / SR,20625,29700000
600,SUP-8250-25,ST,20625,29700000
600,SUP-8250-25,ST,20625,29700000
600,SUP-8250-25,ST,20625,29700000
600,SUP-8250-25,ST,20625,29700000
600,SUP-8250-25,ST,20625,29700000
600,SUP-8250-25,ST,20625,29700000
577,SUP-7133-24,SP,20626,29701440
627,SUP-6830-23,SM / SM.F / SR,20626,29701440
136,SUP-6830-23,SM / SM.F / SR,20626,29701440
540,SUP-7285-24,SM / SM.F / SR,20626,29701440
575,SUP-7285-24,ST,20626,29701440
575,SUP-7285-24,ST,20626,29701440
575,SUP-7285-24,ST,20626,29701440
575,SUP-7285-24,ST,20626,29701440
575,SUP-7285-24,ST,20626,29701440
575,SUP-7285-24,ST,20626,29701440
513,SUP-7722-24,ST,20626,29701440
306,SUP-7722-24,SM / SM.F / SR,20626,29701440
373,SUP-6830-23,SM / SM.F / SR,20626,29701440
571,SUP-7285-24,SP,20626,29701440
571,SUP-7285-24,SP,20626,29701440
577,SUP-7133-24,SP,20626,29701440
614,SUP-8370-25,SP,20626,29701440
297,SUP-7285-24,VT,20626,29701440
297,SUP-7285-24,CPTu,20626,29701440
447,SUP-7133-24,PI,20626,29701440
447,SUP-7133-24,PI,20626,29701440
447,SUP-7133-24,PI,20626,29701440
605,SUP-7133-24,SP,20626,29701440
276,SUP-7133-24,SP,20626,29701440
594,SUP-7133-24,SP,20626,29701440
513,SUP-7722-24,ST,20626,29701440
513,SUP-7722-24,ST,20626,29701440
513,SUP-7722-24,ST,20626,29701440
513,SUP-7722-24,ST,20626,29701440
513,SUP-7722-24,ST,20626,29701440
513,SUP-7722-24,ST,20626,29701440
513,SUP-7722-24,ST,20626,29701440
513,SUP-7722-24,ST,20626,29701440
513,SUP-7722-24,ST,20626,29701440
513,SUP-7722-24,ST,20626,29701440
389,SUP-6806-23,ST,20626,29701440
595,SUP-6806-23,ST,20626,29701440
595,SUP-6806-23,ST,20626,29701440
389,SUP-6806-23,ST,20626,29701440
389,SUP-6806-23,ST,20626,29701440
595,SUP-6806-23,ST,20626,29701440
595,SUP-6806-23,ST,20626,29701440
595,SUP-6806-23,ST,20626,29701440
603,SUP-7133-24,SP,20626,29701440
297,SUP-7133-24,PI,20626,29701440
297,SUP-7133-24,PI,20626,29701440
603,SUP-7133-24,SP,20626,29701440
121,SUP-6498-23,SM / SM.F / SR,20626,29701440
364,SUP-6498-23,SM / SM.F / SR,20626,29701440
607,SUP-8370-25,SP,20626,29701440
329,SUP-8370-25,SP,20626,29701440
607,SUP-8370-25,SP,20626,29701440
463,SUP-6830-23,SP,20626,29701440
582,SUP-6830-23,SP,20626,29701440
582,SUP-6830-23,SP,20626,29701440
582,SUP-6830-23,SP,20626,29701440
582,SUP-6830-23,SP,20626,29701440
582,SUP-6830-23,SP,20626,29701440
463,SUP-6830-23,SP,20626,29701440
582,SUP-6830-23,SP,20626,29701440
428,SUP-7593-24,SM / SM.F / SR,20626,29701440
257,SUP-6830-23,CPTu,20626,29701440
568,SUP-7285-24,SP,20626,29701440
325,SUP-8370-25,SM / SM.F / SR,20626,29701440
154,SUP-7128-24,SP,20626,29701440
154,SUP-7128-24,SP,20626,29701440
561,SUP-7722-24,SM / SM.F / SR,20627,29702880
588,SUP-7285-24,SM / SM.F / SR,20627,29702880
575,SUP-7285-24,ST,20627,29702880
575,SUP-7285-24,ST,20627,29702880
575,SUP-7285-24,ST,20627,29702880
575,SUP-7285-24,ST,20627,29702880
575,SUP-7285-24,ST,20627,29702880
614,SUP-8370-25,SP,20627,29702880
614,SUP-8370-25,SP,20627,29702880
614,SUP-8370-25,SP,20627,29702880
577,SUP-7133-24,SP,20627,29702880
447,SUP-7133-24,PI,20627,29702880
447,SUP-7133-24,PI,20627,29702880
447,SUP-7133-24,PI,20627,29702880
605,SUP-7133-24,SP,20627,29702880
276,SUP-7133-24,SP,20627,29702880
594,SUP-7133-24,SP,20627,29702880
513,SUP-7722-24,ST,20627,29702880
513,SUP-7722-24,ST,20627,29702880
513,SUP-7722-24,ST,20627,29702880
513,SUP-7722-24,ST,20627,29702880
513,SUP-7722-24,ST,20627,29702880
513,SUP-7722-24,ST,20627,29702880
513,SUP-7722-24,ST,20627,29702880
513,SUP-7722-24,ST,20627,29702880
513,SUP-7722-24,ST,20627,29702880
513,SUP-7722-24,ST,20627,29702880
513,SUP-7722-24,ST,20627,29702880
513,SUP-7722-24,ST,20627,29702880
513,SUP-7722-24,ST,20627,29702880
353,SUP-6806-23,ST,20627,29702880
353,SUP-6806-23,ST,20627,29702880
353,SUP-6806-23,ST,20627,29702880
353,SUP-6806-23,ST,20627,29702880
353,SUP-6806-23,ST,20627,29702880
353,SUP-6806-23,ST,20627,29702880
353,SUP-6806-23,ST,20627,29702880
603,SUP-7133-24,SP,20627,29702880
603,SUP-7133-24,SP,20627,29702880
297,SUP-7285-24,BL,20627,29702880
329,SUP-8370-25,SP,20627,29702880
463,SUP-6830-23,SP,20627,29702880
463,SUP-6830-23,SP,20627,29702880
463,SUP-6830-23,SP,20627,29702880
164,SUP-8370-25,SM / SM.F / SR,20627,29702880
223,SUP-8370-25,SM / SM.F / SR,20627,29702880
171,SUP-7285-24,SP,20627,29702880
154,SUP-7128-24,SP,20627,29702880
512,SUP-7133-24,SM / SM.F / SR,20627,29702880
585,SUP-7133-24,SM / SM.F / SR,20627,29702880
257,SUP-6830-23,ST,20627,29702880
286,SUP-7813-24,SM / SM.F / SR,20627,29702880
575,SUP-7285-24,ST,20628,29704320
575,SUP-7285-24,ST,20628,29704320
575,SUP-7285-24,ST,20628,29704320
513,SUP-7722-24,ST,20628,29704320
513,SUP-7722-24,ST,20628,29704320
513,SUP-7722-24,ST,20628,29704320
513,SUP-7722-24,ST,20628,29704320
513,SUP-7722-24,ST,20628,29704320
513,SUP-7722-24,ST,20628,29704320
568,SUP-7285-24,SP,20628,29704320
299,SUP-7285-24,SP,20628,29704320
171,SUP-7285-24,SP,20628,29704320
321,SUP-7285-24,SP,20628,29704320
571,SUP-7285-24,SP,20628,29704320
600,SUP-8250-25,PI,20628,29704320
447,SUP-7133-24,PI,20628,29704320
447,SUP-7133-24,PI,20628,29704320
447,SUP-7133-24,PI,20628,29704320
276,SUP-7133-24,SP,20628,29704320
594,SUP-7133-24,SP,20628,29704320
605,SUP-7133-24,SP,20628,29704320
276,SUP-7133-24,SP,20628,29704320
594,SUP-7133-24,SP,20628,29704320
389,SUP-6806-23,ST,20628,29704320
389,SUP-6806-23,ST,20628,29704320
389,SUP-6806-23,ST,20628,29704320
389,SUP-6806-23,ST,20628,29704320
389,SUP-6806-23,ST,20628,29704320
389,SUP-6806-23,ST,20628,29704320
389,SUP-6806-23,ST,20628,29704320
389,SUP-6806-23,ST,20628,29704320
603,SUP-7133-24,SP,20628,29704320
297,SUP-7133-24,PI,20628,29704320
297,SUP-7133-24,PI,20628,29704320
603,SUP-7133-24,SP,20628,29704320
297,SUP-7285-24,BL,20628,29704320
463,SUP-6830-23,SP,20628,29704320
582,SUP-6830-23,SP,20628,29704320
463,SUP-6830-23,SP,20628,29704320
468,SUP-6806-23,SM / SM.F / SR,20628,29704320
154,SUP-7128-24,SP,20628,29704320
513,SUP-7128-24,ST,20628,29704320
513,SUP-7128-24,ST,20628,29704320
513,SUP-7128-24,ST,20628,29704320
513,SUP-7128-24,ST,20628,29704320
513,SUP-7128-24,ST,20628,29704320
513,SUP-7128-24,ST,20628,29704320
513,SUP-7128-24,ST,20628,29704320
577,SUP-7133-24,SP,20628,29704320
577,SUP-7133-24,SP,20628,29704320
577,SUP-7133-24,SP,20628,29704320
577,SUP-7133-24,SP,20628,29704320
623,SUP-7722-24,SM / SM.F / SR,20629,29705760
602,SUP-7722-24,SM / SM.F / SR,20629,29705760
340,SUP-7285-24,SM / SM.F / SR,20629,29705760
575,SUP-7285-24,ST,20629,29705760
575,SUP-7285-24,ST,20629,29705760
575,SUP-7285-24,ST,20629,29705760
575,SUP-7285-24,ST,20629,29705760
306,SUP-7722-24,SM / SM.F / SR,20629,29705760
299,SUP-7285-24,SP,20629,29705760
321,SUP-7285-24,SP,20629,29705760
571,SUP-7285-24,SP,20629,29705760
577,SUP-7133-24,SP,20629,29705760
614,SUP-8370-25,SP,20629,29705760
614,SUP-8370-25,SP,20629,29705760
600,SUP-8250-25,PI,20629,29705760
447,SUP-7133-24,PI,20629,29705760
447,SUP-7133-24,PI,20629,29705760
447,SUP-7133-24,PI,20629,29705760
605,SUP-7133-24,SP,20629,29705760
594,SUP-7133-24,SP,20629,29705760
605,SUP-7133-24,SP,20629,29705760
405,SUP-7285-24,SM / SM.F / SR,20629,29705760
595,SUP-6806-23,ST,20629,29705760
595,SUP-6806-23,ST,20629,29705760
595,SUP-6806-23,ST,20629,29705760
595,SUP-6806-23,ST,20629,29705760
595,SUP-6806-23,ST,20629,29705760
577,SUP-7133-24,SP,20629,29705760
297,SUP-7133-24,PI,20629,29705760
297,SUP-7133-24,PI,20629,29705760
603,SUP-7133-24,SP,20629,29705760
297,SUP-7133-24,PI,20629,29705760
582,SUP-6830-23,SP,20629,29705760
582,SUP-6830-23,SP,20629,29705760
631,SUP-8370-25,SM / SM.F / SR,20629,29705760
325,SUP-8370-25,SM / SM.F / SR,20629,29705760
154,SUP-7128-24,SP,20629,29705760
154,SUP-7128-24,SP,20629,29705760
513,SUP-7128-24,ST,20629,29705760
513,SUP-7128-24,ST,20629,29705760
513,SUP-7128-24,ST,20629,29705760
520,SUP-7128-24,SM / SM.F / SR,20629,29705760
607,SUP-8370-25,SP,20629,29705760
329,SUP-8370-25,SP,20629,29705760
297,SUP-8570-26,SH,20629,29705760
297,SUP-8570-26,VT,20629,29705760
257,SUP-6830-23,ST,20629,29705760
257,SUP-6830-23,ST,20629,29705760
257,SUP-6830-23,ST,20629,29705760
405,SUP-7285-24,SM / SM.F / SR,20629,29705760
588,SUP-7285-24,SM / SM.F / SR,20630,29707200
575,SUP-7285-24,ST,20630,29707200
575,SUP-7285-24,ST,20630,29707200
575,SUP-7285-24,ST,20630,29707200
575,SUP-7285-24,ST,20630,29707200
575,SUP-7285-24,ST,20630,29707200
614,SUP-8370-25,SP,20630,29707200
600,SUP-8250-25,PI,20630,29707200
605,SUP-7133-24,SP,20630,29707200
594,SUP-7133-24,SP,20630,29707200
276,SUP-7133-24,SP,20630,29707200
594,SUP-7133-24,SP,20630,29707200
605,SUP-7133-24,SP,20630,29707200
626,SUP-7593-24,SP,20630,29707200
513,SUP-7722-24,ST,20630,29707200
595,SUP-6806-23,ST,20630,29707200
389,SUP-6806-23,ST,20630,29707200
353,SUP-6806-23,ST,20630,29707200
389,SUP-6806-23,ST,20630,29707200
353,SUP-6806-23,ST,20630,29707200
595,SUP-6806-23,ST,20630,29707200
389,SUP-6806-23,ST,20630,29707200
595,SUP-6806-23,ST,20630,29707200
353,SUP-6806-23,ST,20630,29707200
595,SUP-6806-23,ST,20630,29707200
353,SUP-6806-23,ST,20630,29707200
353,SUP-6806-23,ST,20630,29707200
595,SUP-6806-23,ST,20630,29707200
389,SUP-6806-23,ST,20630,29707200
389,SUP-6806-23,ST,20630,29707200
353,SUP-6806-23,ST,20630,29707200
595,SUP-6806-23,ST,20630,29707200
297,SUP-7133-24,PI,20630,29707200
603,SUP-7133-24,SP,20630,29707200
577,SUP-7133-24,SP,20630,29707200
297,SUP-7133-24,PI,20630,29707200
603,SUP-7133-24,SP,20630,29707200
297,SUP-7133-24,PI,20630,29707200
288,SUP-6498-23,SM / SM.F / SR,20630,29707200
582,SUP-6830-23,SP,20630,29707200
582,SUP-6830-23,SP,20630,29707200
582,SUP-6830-23,SP,20630,29707200
582,SUP-6830-23,SP,20630,29707200
582,SUP-6830-23,SP,20630,29707200
463,SUP-6830-23,SP,20630,29707200
582,SUP-6830-23,SP,20630,29707200
582,SUP-6830-23,SP,20630,29707200
582,SUP-6830-23,SP,20630,29707200
582,SUP-6830-23,SP,20630,29707200
257,SUP-6830-23,SH,20630,29707200
337,SUP-8370-25,SM / SM.F / SR,20630,29707200
164,SUP-8370-25,SM / SM.F / SR,20630,29707200
420,SUP-7133-24,SM / SM.F / SR,20630,29707200
154,SUP-7128-24,SP,20630,29707200
329,SUP-8370-25,SP,20630,29707200
79,SUP-7722-24,SM / SM.F / SR,20630,29707200
340,SUP-7285-24,SM / SM.F / SR,20631,29708640
306,SUP-7722-24,SM / SM.F / SR,20631,29708640
626,SUP-7593-24,SP,20631,29708640
582,SUP-6498-23,SP,20631,29708640
634,SUP-8370-25,SP,20631,29708640
634,SUP-8370-25,SP,20631,29708640
634,SUP-8370-25,SP,20631,29708640
594,SUP-7133-24,SP,20631,29708640
605,SUP-7133-24,SP,20631,29708640
595,SUP-6806-23,ST,20631,29708640
353,SUP-6806-23,ST,20631,29708640
595,SUP-6806-23,ST,20631,29708640
595,SUP-6806-23,ST,20631,29708640
353,SUP-6806-23,ST,20631,29708640
353,SUP-6806-23,ST,20631,29708640
595,SUP-6806-23,ST,20631,29708640
353,SUP-6806-23,ST,20631,29708640
595,SUP-6806-23,ST,20631,29708640
353,SUP-6806-23,ST,20631,29708640
595,SUP-6806-23,ST,20631,29708640
389,SUP-6806-23,ST,20631,29708640
389,SUP-6806-23,ST,20631,29708640
353,SUP-6806-23,ST,20631,29708640
595,SUP-6806-23,ST,20631,29708640
595,SUP-6806-23,ST,20631,29708640
297,SUP-7133-24,PI,20631,29708640
603,SUP-7133-24,SP,20631,29708640
577,SUP-7133-24,SP,20631,29708640
389,SUP-6806-23,ST,20631,29708640
364,SUP-6498-23,SM / SM.F / SR,20631,29708640
154,SUP-7128-24,SP,20631,29708640
600,SUP-8250-25,PI,20631,29708640
463,SUP-6498-23,SP,20631,29708640
257,SUP-6830-23,SH,20631,29708640
325,SUP-8370-25,SM / SM.F / SR,20631,29708640
428,SUP-7593-24,SM / SM.F / SR,20631,29708640
512,SUP-7133-24,SM / SM.F / SR,20631,29708640
585,SUP-7133-24,SM / SM.F / SR,20631,29708640
513,SUP-7128-24,ST,20631,29708640
513,SUP-7128-24,ST,20631,29708640
513,SUP-7128-24,ST,20631,29708640
513,SUP-7128-24,ST,20631,29708640
513,SUP-7128-24,ST,20631,29708640
588,SUP-7285-24,SM / SM.F / SR,20632,29710080
626,SUP-7593-24,SP,20632,29710080
353,SUP-6806-23,PI,20632,29710080
353,SUP-6806-23,PI,20632,29710080
595,SUP-6806-23,PI,20632,29710080
595,SUP-6806-23,PI,20632,29710080
634,SUP-8370-25,SP,20632,29710080
634,SUP-8370-25,SP,20632,29710080
634,SUP-8370-25,SP,20632,29710080
600,SUP-8250-25,PI,20632,29710080
594,SUP-7133-24,SP,20632,29710080
605,SUP-7133-24,SP,20632,29710080
297,SUP-7133-24,PI,20632,29710080
577,SUP-7133-24,SP,20632,29710080
603,SUP-7133-24,SP,20632,29710080
297,SUP-7133-24,PI,20632,29710080
577,SUP-7133-24,SP,20632,29710080
603,SUP-7133-24,SP,20632,29710080
257,SUP-6830-23,VT,20632,29710080
509,SUP-8370-25,SM / SM.F / SR,20632,29710080
405,SUP-8370-25,SM / SM.F / SR,20632,29710080
631,SUP-8370-25,SM / SM.F / SR,20632,29710080
223,SUP-8370-25,SM / SM.F / SR,20632,29710080
468,SUP-6806-23,SM / SM.F / SR,20632,29710080
607,SUP-8370-25,SP,20632,29710080
329,SUP-8370-25,SP,20632,29710080
601,SUP-8370-25,SP,20632,29710080
568,SUP-8370-25,SP,20632,29710080
568,SUP-8370-25,SP,20632,29710080
568,SUP-8370-25,SP,20632,29710080
568,SUP-8370-25,SP,20632,29710080
171,SUP-8370-25,SP,20632,29710080
568,SUP-8370-25,SP,20632,29710080
171,SUP-8370-25,SP,20632,29710080
171,SUP-8370-25,SP,20632,29710080
568,SUP-8370-25,SP,20632,29710080
568,SUP-8370-25,SP,20632,29710080
568,SUP-8370-25,SP,20632,29710080
568,SUP-8370-25,SP,20632,29710080
171,SUP-8370-25,SP,20632,29710080
568,SUP-8370-25,SP,20632,29710080
321,SUP-8370-25,SP,20632,29710080
171,SUP-8370-25,SP,20632,29710080
321,SUP-8370-25,SP,20632,29710080
568,SUP-8370-25,SP,20632,29710080
568,SUP-8370-25,SP,20632,29710080
321,SUP-8370-25,SP,20632,29710080
321,SUP-8370-25,SP,20632,29710080
568,SUP-8370-25,SP,20632,29710080
171,SUP-8370-25,SP,20632,29710080
299,SUP-8370-25,SP,20632,29710080
571,SUP-8370-25,SP,20632,29710080
321,SUP-8370-25,SP,20632,29710080
513,SUP-7128-24,ST,20632,29710080
513,SUP-7128-24,ST,20632,29710080
513,SUP-7128-24,ST,20632,29710080
513,SUP-7128-24,ST,20632,29710080
513,SUP-7128-24,ST,20632,29710080
513,SUP-7128-24,ST,20632,29710080
513,SUP-7128-24,ST,20632,29710080
513,SUP-7128-24,ST,20632,29710080
582,SUP-6830-23,SP,20632,29710080
463,SUP-6830-23,SP,20632,29710080
79,SUP-7722-24,SM / SM.F / SR,20632,29710080
595,SUP-6806-23,PI,20632,29710080
595,SUP-6806-23,PI,20632,29710080
540,SUP-7285-24,SM / SM.F / SR,20633,29711520
575,SUP-7285-24,ST,20633,29711520
575,SUP-7285-24,ST,20633,29711520
575,SUP-7285-24,ST,20633,29711520
463,SUP-6498-23,SP,20633,29711520
582,SUP-6498-23,SP,20633,29711520
600,SUP-8250-25,PI,20633,29711520
577,SUP-7133-24,SP,20633,29711520
603,SUP-7133-24,SP,20633,29711520
121,SUP-6498-23,SM / SM.F / SR,20633,29711520
nome:Fabio Fernando dos Santos,SUP-6498-23,SM / SM.F / SR,20633,29711520
257,SUP-6830-23,VT,20633,29711520
325,SUP-8370-25,SM / SM.F / SR,20633,29711520
607,SUP-8370-25,SP,20633,29711520
329,SUP-8370-25,SP,20633,29711520
571,SUP-8370-25,SP,20633,29711520
171,SUP-8370-25,SP,20633,29711520
568,SUP-8370-25,SP,20633,29711520
171,SUP-8370-25,SP,20633,29711520
321,SUP-8370-25,SP,20633,29711520
299,SUP-8370-25,SP,20633,29711520
571,SUP-8370-25,SP,20633,29711520
520,SUP-7722-24,SM / SM.F / SR,20633,29711520
389,SUP-6806-23,ST,20633,29711520
389,SUP-6806-23,ST,20633,29711520
389,SUP-6806-23,ST,20633,29711520
389,SUP-6806-23,ST,20633,29711520
389,SUP-6806-23,ST,20633,29711520
595,SUP-6806-23,ST,20633,29711520
353,SUP-6806-23,ST,20633,29711520
353,SUP-6806-23,ST,20633,29711520
595,SUP-6806-23,ST,20633,29711520
595,SUP-6806-23,ST,20633,29711520
353,SUP-6806-23,ST,20633,29711520
353,SUP-6806-23,ST,20633,29711520
595,SUP-6806-23,ST,20633,29711520
353,SUP-6806-23,ST,20633,29711520
595,SUP-6806-23,ST,20633,29711520
306,SUP-7722-24,SM / SM.F / SR,20634,29712960
561,SUP-7722-24,SM / SM.F / SR,20634,29712960
216,SUP-7722-24,SM / SM.F / SR,20634,29712960
216,SUP-7722-24,SM / SM.F / SR,20634,29712960
634,SUP-8370-25,SP,20634,29712960
340,SUP-7285-24,SM / SM.F / SR,20634,29712960
588,SUP-7285-24,SM / SM.F / SR,20634,29712960
575,SUP-7285-24,ST,20634,29712960
575,SUP-7285-24,ST,20634,29712960
575,SUP-7285-24,ST,20634,29712960
575,SUP-7285-24,ST,20634,29712960
575,SUP-7285-24,ST,20634,29712960
463,SUP-6498-23,SP,20634,29712960
463,SUP-6498-23,SP,20634,29712960
582,SUP-6498-23,SP,20634,29712960
582,SUP-6498-23,SP,20634,29712960
463,SUP-6498-23,SP,20634,29712960
582,SUP-6498-23,SP,20634,29712960
594,SUP-7133-24,SP,20634,29712960
605,SUP-7133-24,SP,20634,29712960
276,SUP-7133-24,SP,20634,29712960
605,SUP-7133-24,SP,20634,29712960
594,SUP-7133-24,SP,20634,29712960
595,SUP-6806-23,ST,20634,29712960
595,SUP-6806-23,ST,20634,29712960
595,SUP-6806-23,ST,20634,29712960
595,SUP-6806-23,ST,20634,29712960
595,SUP-6806-23,ST,20634,29712960
353,SUP-6806-23,ST,20634,29712960
595,SUP-6806-23,ST,20634,29712960
353,SUP-6806-23,ST,20634,29712960
595,SUP-6806-23,ST,20634,29712960
353,SUP-6806-23,ST,20634,29712960
595,SUP-6806-23,ST,20634,29712960
595,SUP-6806-23,ST,20634,29712960
353,SUP-6806-23,ST,20634,29712960
577,SUP-7133-24,SP,20634,29712960
603,SUP-7133-24,SP,20634,29712960
595,SUP-6806-23,ST,20634,29712960
26,SUP-6498-23,SM / SM.F / SR,20634,29712960
582,SUP-6498-23,SP,20634,29712960
582,SUP-6498-23,SP,20634,29712960
582,SUP-6498-23,SP,20634,29712960
154,SUP-7128-24,SP,20634,29712960
154,SUP-7128-24,SP,20634,29712960
154,SUP-7128-24,SP,20634,29712960
154,SUP-7128-24,SP,20634,29712960
601,SUP-8370-25,SP,20634,29712960
607,SUP-8370-25,SP,20634,29712960
585,SUP-7133-24,SM / SM.F / SR,20634,29712960
568,SUP-8370-25,SP,20634,29712960
571,SUP-8370-25,SP,20634,29712960
299,SUP-8370-25,SP,20634,29712960
571,SUP-8370-25,SP,20634,29712960
321,SUP-8370-25,SP,20634,29712960
568,SUP-8370-25,SP,20634,29712960
571,SUP-8370-25,SP,20634,29712960
568,SUP-8370-25,SP,20634,29712960
568,SUP-8370-25,SP,20634,29712960
568,SUP-8370-25,SP,20634,29712960
299,SUP-8370-25,SP,20634,29712960
571,SUP-8370-25,SP,20634,29712960
568,SUP-8370-25,SP,20634,29712960
321,SUP-8370-25,SP,20634,29712960
604,SUP-8370-25,SM / SM.F / SR,20634,29712960
362,SUP-8370-25,SM / SM.F / SR,20634,29712960
614,SUP-8370-25,SP,20635,29714400
600,SUP-8250-25,PI,20635,29714400
605,SUP-7133-24,SP,20635,29714400
594,SUP-7133-24,SP,20635,29714400
605,SUP-7133-24,SP,20635,29714400
276,SUP-7133-24,SP,20635,29714400
594,SUP-7133-24,SP,20635,29714400
389,SUP-6806-23,ST,20635,29714400
389,SUP-6806-23,ST,20635,29714400
595,SUP-6806-23,ST,20635,29714400
389,SUP-6806-23,ST,20635,29714400
595,SUP-6806-23,ST,20635,29714400
389,SUP-6806-23,ST,20635,29714400
389,SUP-6806-23,ST,20635,29714400
595,SUP-6806-23,ST,20635,29714400
389,SUP-6806-23,ST,20635,29714400
389,SUP-6806-23,ST,20635,29714400
595,SUP-6806-23,ST,20635,29714400
389,SUP-6806-23,ST,20635,29714400
595,SUP-6806-23,ST,20635,29714400
595,SUP-6806-23,ST,20635,29714400
595,SUP-6806-23,ST,20635,29714400
595,SUP-6806-23,ST,20635,29714400
577,SUP-7133-24,SP,20635,29714400
603,SUP-7133-24,SP,20635,29714400
577,SUP-7133-24,SP,20635,29714400
603,SUP-7133-24,SP,20635,29714400
595,SUP-6806-23,ST,20635,29714400
364,SUP-6498-23,SM / SM.F / SR,20635,29714400
582,SUP-6830-23,SP,20635,29714400
463,SUP-6830-23,SP,20635,29714400
626,SUP-7593-24,SP,20635,29714400
463,SUP-6830-23,SP,20635,29714400
582,SUP-6830-23,SP,20635,29714400
257,SUP-6830-23,SH,20635,29714400
428,SUP-7593-24,SM / SM.F / SR,20635,29714400
325,SUP-8370-25,SM / SM.F / SR,20635,29714400
223,SUP-8370-25,SM / SM.F / SR,20635,29714400
468,SUP-6806-23,SM / SM.F / SR,20635,29714400
154,SUP-7128-24,SP,20635,29714400
299,SUP-8370-25,SP,20635,29714400
171,SUP-8370-25,SP,20635,29714400
171,SUP-8370-25,SP,20635,29714400
171,SUP-8370-25,SP,20635,29714400
171,SUP-8370-25,SP,20635,29714400
171,SUP-8370-25,SP,20635,29714400
571,SUP-8370-25,SP,20635,29714400
568,SUP-8370-25,SP,20635,29714400
171,SUP-8370-25,SP,20635,29714400
568,SUP-8370-25,SP,20635,29714400
568,SUP-8370-25,SP,20635,29714400
171,SUP-8370-25,SP,20635,29714400
568,SUP-8370-25,SP,20635,29714400
571,SUP-8370-25,SP,20635,29714400
568,SUP-8370-25,SP,20635,29714400
568,SUP-8370-25,SP,20635,29714400
321,SUP-8370-25,SP,20635,29714400
571,SUP-8370-25,SP,20635,29714400
171,SUP-8370-25,SP,20635,29714400
513,SUP-7128-24,ST,20635,29714400
513,SUP-7128-24,ST,20635,29714400
216,SUP-7133-24,SM / SM.F / SR,20635,29714400
623,SUP-7133-24,SM / SM.F / SR,20635,29714400
601,SUP-8370-25,SP,20635,29714400
329,SUP-8370-25,SP,20635,29714400
607,SUP-8370-25,SP,20635,29714400
389,SUP-6806-23,ST,20635,29714400
297,SUP-6830-23,PI,20635,29714400
512,SUP-7133-24,SM / SM.F / SR,20635,29714400
520,SUP-7128-24,SM / SM.F / SR,20635,29714400
306,SUP-7722-24,SM / SM.F / SR,20636,29715840
614,SUP-8370-25,SP,20636,29715840
614,SUP-8370-25,SP,20636,29715840
340,SUP-7285-24,SM / SM.F / SR,20636,29715840
575,SUP-7285-24,ST,20636,29715840
575,SUP-7285-24,ST,20636,29715840
575,SUP-7285-24,ST,20636,29715840
136,SUP-6830-23,SM / SM.F / SR,20636,29715840
634,SUP-8370-25,SP,20636,29715840
614,SUP-8370-25,SP,20636,29715840
605,SUP-7133-24,SP,20636,29715840
276,SUP-7133-24,SP,20636,29715840
594,SUP-7133-24,SP,20636,29715840
595,SUP-6806-23,ST,20636,29715840
353,SUP-6806-23,ST,20636,29715840
595,SUP-6806-23,ST,20636,29715840
353,SUP-6806-23,ST,20636,29715840
595,SUP-6806-23,ST,20636,29715840
353,SUP-6806-23,ST,20636,29715840
353,SUP-6806-23,ST,20636,29715840
595,SUP-6806-23,ST,20636,29715840
595,SUP-6806-23,ST,20636,29715840
353,SUP-6806-23,ST,20636,29715840
353,SUP-6806-23,ST,20636,29715840
595,SUP-6806-23,ST,20636,29715840
353,SUP-6806-23,ST,20636,29715840
595,SUP-6806-23,ST,20636,29715840
577,SUP-7133-24,SP,20636,29715840
603,SUP-7133-24,SP,20636,29715840
603,SUP-7133-24,SP,20636,29715840
577,SUP-7133-24,SP,20636,29715840
463,SUP-6830-23,SP,20636,29715840
463,SUP-6830-23,SP,20636,29715840
463,SUP-6830-23,SP,20636,29715840
463,SUP-6830-23,SP,20636,29715840
463,SUP-6830-23,SP,20636,29715840
607,SUP-8370-25,SP,20636,29715840
601,SUP-8370-25,SP,20636,29715840
329,SUP-8370-25,SP,20636,29715840
463,SUP-6830-23,SP,20636,29715840
582,SUP-6830-23,SP,20636,29715840
631,SUP-8370-25,SM / SM.F / SR,20636,29715840
164,SUP-8370-25,SM / SM.F / SR,20636,29715840
325,SUP-8370-25,SM / SM.F / SR,20636,29715840
325,SUP-8370-25,SM / SM.F / SR,20636,29715840
468,SUP-6806-23,SM / SM.F / SR,20636,29715840
154,SUP-7128-24,SP,20636,29715840
154,SUP-7128-24,SP,20636,29715840
171,SUP-8370-25,SP,20636,29715840
299,SUP-8370-25,SP,20636,29715840
568,SUP-8370-25,SP,20636,29715840
299,SUP-8370-25,SP,20636,29715840
571,SUP-8370-25,SP,20636,29715840
171,SUP-8370-25,SP,20636,29715840
568,SUP-8370-25,SP,20636,29715840
321,SUP-8370-25,SP,20636,29715840
79,SUP-7722-24,SM / SM.F / SR,20636,29715840
602,SUP-7133-24,SM / SM.F / SR,20636,29715840
614,SUP-8370-25,SP,20637,29717280
634,SUP-8370-25,SP,20637,29717280
634,SUP-8370-25,SP,20637,29717280
588,SUP-7285-24,SM / SM.F / SR,20637,29717280
340,SUP-7285-24,SM / SM.F / SR,20637,29717280
575,SUP-7285-24,ST,20637,29717280
575,SUP-7285-24,ST,20637,29717280
575,SUP-7285-24,ST,20637,29717280
575,SUP-7285-24,ST,20637,29717280
575,SUP-7285-24,ST,20637,29717280
600,SUP-8250-25,PI,20637,29717280
353,SUP-6806-23,ST,20637,29717280
595,SUP-6806-23,ST,20637,29717280
353,SUP-6806-23,ST,20637,29717280
353,SUP-6806-23,ST,20637,29717280
595,SUP-6806-23,ST,20637,29717280
595,SUP-6806-23,ST,20637,29717280
353,SUP-6806-23,ST,20637,29717280
595,SUP-6806-23,ST,20637,29717280
595,SUP-6806-23,ST,20637,29717280
353,SUP-6806-23,ST,20637,29717280
595,SUP-6806-23,ST,20637,29717280
353,SUP-6806-23,ST,20637,29717280
595,SUP-6806-23,ST,20637,29717280
353,SUP-6806-23,ST,20637,29717280
595,SUP-6806-23,ST,20637,29717280
353,SUP-6806-23,ST,20637,29717280
577,SUP-7133-24,SP,20637,29717280
603,SUP-7133-24,SP,20637,29717280
276,SUP-7133-24,SP,20637,29717280
605,SUP-7133-24,SP,20637,29717280
594,SUP-7133-24,SP,20637,29717280
594,SUP-7133-24,SP,20637,29717280
577,SUP-7133-24,SP,20637,29717280
603,SUP-7133-24,SP,20637,29717280
288,SUP-6498-23,SM / SM.F / SR,20637,29717280
373,SUP-6830-23,SM / SM.F / SR,20637,29717280
582,SUP-6830-23,SP,20637,29717280
627,SUP-6830-23,SM / SM.F / SR,20637,29717280
601,SUP-8370-25,SP,20637,29717280
607,SUP-8370-25,SP,20637,29717280
601,SUP-8370-25,SP,20637,29717280
329,SUP-8370-25,SP,20637,29717280
136,SUP-6830-23,SM / SM.F / SR,20637,29717280
297,SUP-6830-23,SH,20637,29717280
297,SUP-6830-23,VT,20637,29717280
297,SUP-6830-23,VT,20637,29717280
297,SUP-6830-23,SH,20637,29717280
509,SUP-8370-25,SM / SM.F / SR,20637,29717280
428,SUP-7593-24,SM / SM.F / SR,20637,29717280
154,SUP-7128-24,SP,20637,29717280
154,SUP-7128-24,SP,20637,29717280
600,SUP-8250-25,ST,20637,29717280
600,SUP-8250-25,ST,20637,29717280
299,SUP-8370-25,SP,20637,29717280
321,SUP-8370-25,SP,20637,29717280
571,SUP-8370-25,SP,20637,29717280
286,SUP-7813-24,SM / SM.F / SR,20637,29717280
614,SUP-8370-25,SP,20638,29718720
614,SUP-8370-25,SP,20638,29718720
540,SUP-7285-24,SM / SM.F / SR,20638,29718720
575,SUP-7285-24,ST,20638,29718720
575,SUP-7285-24,ST,20638,29718720
575,SUP-7285-24,ST,20638,29718720
575,SUP-7285-24,ST,20638,29718720
595,SUP-6806-23,PI,20638,29718720
595,SUP-6806-23,PI,20638,29718720
353,SUP-6806-23,PI,20638,29718720
600,SUP-8250-25,PI,20638,29718720
600,SUP-8250-25,PI,20638,29718720
603,SUP-7133-24,SP,20638,29718720
577,SUP-7133-24,SP,20638,29718720
603,SUP-7133-24,SP,20638,29718720
605,SUP-7133-24,SP,20638,29718720
577,SUP-7133-24,SP,20638,29718720
603,SUP-7133-24,SP,20638,29718720
601,SUP-8370-25,SP,20638,29718720
601,SUP-8370-25,SP,20638,29718720
601,SUP-8370-25,SP,20638,29718720
601,SUP-8370-25,SP,20638,29718720
329,SUP-8370-25,SP,20638,29718720
601,SUP-8370-25,SP,20638,29718720
607,SUP-8370-25,SP,20638,29718720
626,SUP-7593-24,SP,20638,29718720
537,SUP-6830-23,SM / SM.F / SR,20638,29718720
223,SUP-8370-25,SM / SM.F / SR,20638,29718720
nome:Andre Luiz Silva dos Santos,SUP-8276-25,SP,20638,29718720
154,SUP-7128-24,SP,20638,29718720
299,SUP-8370-25,SP,20638,29718720
568,SUP-8370-25,SP,20638,29718720
571,SUP-8370-25,SP,20638,29718720
321,SUP-8370-25,SP,20638,29718720
513,SUP-7128-24,ST,20638,29718720
513,SUP-7128-24,ST,20638,29718720
513,SUP-7128-24,ST,20638,29718720
79,SUP-7722-24,SM / SM.F / SR,20638,29718720
306,SUP-7722-24,SM / SM.F / SR,20638,29718720
216,SUP-7722-24,SM / SM.F / SR,20638,29718720
561,SUP-7722-24,SM / SM.F / SR,20638,29718720
595,SUP-6806-23,ST,20638,29718720
353,SUP-6806-23,ST,20638,29718720
353,SUP-6806-23,ST,20638,29718720
353,SUP-6806-23,ST,20638,29718720
595,SUP-6806-23,ST,20638,29718720
353,SUP-6806-23,ST,20638,29718720
595,SUP-6806-23,ST,20638,29718720
595,SUP-6806-23,ST,20638,29718720
353,SUP-6806-23,ST,20638,29718720
353,SUP-6806-23,ST,20638,29718720
595,SUP-6806-23,ST,20638,29718720
634,SUP-8370-25,SP,20639,29720160
614,SUP-8370-25,SP,20639,29720160
634,SUP-8370-25,SP,20639,29720160
575,SUP-7285-24,ST,20639,29720160
575,SUP-7285-24,ST,20639,29720160
575,SUP-7285-24,ST,20639,29720160
575,SUP-7285-24,ST,20639,29720160
595,SUP-6806-23,PI,20639,29720160
595,SUP-6806-23,PI,20639,29720160
595,SUP-6806-23,PI,20639,29720160
600,SUP-8250-25,PI,20639,29720160
600,SUP-8250-25,PI,20639,29720160
577,SUP-7133-24,SP,20639,29720160
603,SUP-7133-24,SP,20639,29720160
577,SUP-7133-24,SP,20639,29720160
603,SUP-7133-24,SP,20639,29720160
297,SUP-6830-23,BL,20639,29720160
329,SUP-8370-25,SP,20639,29720160
601,SUP-8370-25,SP,20639,29720160
329,SUP-8370-25,SP,20639,29720160
607,SUP-8370-25,SP,20639,29720160
329,SUP-8370-25,SP,20639,29720160
607,SUP-8370-25,SP,20639,29720160
428,SUP-7593-24,SM / SM.F / SR,20639,29720160
631,SUP-8370-25,SM / SM.F / SR,20639,29720160
321,SUP-8370-25,SP,20639,29720160
571,SUP-8370-25,SP,20639,29720160
321,SUP-8370-25,SP,20639,29720160
299,SUP-8370-25,SP,20639,29720160
568,SUP-8370-25,SP,20639,29720160
171,SUP-8370-25,SP,20639,29720160
513,SUP-7128-24,ST,20639,29720160
561,SUP-7722-24,SM / SM.F / SR,20639,29720160
614,SUP-8370-25,SP,20640,29721600
575,SUP-7285-24,ST,20640,29721600
575,SUP-7285-24,ST,20640,29721600
575,SUP-7285-24,ST,20640,29721600
575,SUP-7285-24,ST,20640,29721600
575,SUP-7285-24,ST,20640,29721600
614,SUP-8370-25,SP,20640,29721600
634,SUP-8370-25,SP,20640,29721600
634,SUP-8370-25,SP,20640,29721600
600,SUP-8250-25,PI,20640,29721600
600,SUP-8250-25,PI,20640,29721600
600,SUP-8250-25,PI,20640,29721600
605,SUP-7133-24,SP,20640,29721600
594,SUP-7133-24,SP,20640,29721600
603,SUP-7133-24,SP,20640,29721600
276,SUP-7133-24,SP,20640,29721600
594,SUP-7133-24,SP,20640,29721600
605,SUP-7133-24,SP,20640,29721600
603,SUP-7133-24,SP,20640,29721600
329,SUP-8370-25,SP,20640,29721600
601,SUP-8370-25,SP,20640,29721600
607,SUP-8370-25,SP,20640,29721600
329,SUP-8370-25,SP,20640,29721600
136,SUP-6830-23,SP,20640,29721600
405,SUP-8370-25,SM / SM.F / SR,20640,29721600
325,SUP-8370-25,SM / SM.F / SR,20640,29721600
337,SUP-8370-25,SM / SM.F / SR,20640,29721600
154,SUP-7128-24,SP,20640,29721600
154,SUP-7128-24,SP,20640,29721600
154,SUP-7128-24,SP,20640,29721600
154,SUP-7128-24,SP,20640,29721600
154,SUP-7128-24,SP,20640,29721600
154,SUP-7128-24,SP,20640,29721600
171,SUP-8370-25,SP,20640,29721600
171,SUP-8370-25,SP,20640,29721600
171,SUP-8370-25,SP,20640,29721600
79,SUP-7722-24,SM / SM.F / SR,20640,29721600
216,SUP-7722-24,SM / SM.F / SR,20640,29721600
353,SUP-6806-23,ST,20640,29721600
595,SUP-6806-23,ST,20640,29721600
353,SUP-6806-23,ST,20640,29721600
595,SUP-6806-23,ST,20640,29721600
353,SUP-6806-23,ST,20640,29721600
353,SUP-6806-23,ST,20640,29721600
353,SUP-6806-23,ST,20640,29721600
353,SUP-6806-23,ST,20640,29721600
353,SUP-6806-23,ST,20640,29721600
595,SUP-6806-23,ST,20640,29721600
595,SUP-6806-23,ST,20640,29721600
595,SUP-6806-23,ST,20640,29721600
595,SUP-6806-23,ST,20640,29721600
595,SUP-6806-23,ST,20640,29721600
595,SUP-6806-23,ST,20640,29721600
595,SUP-6806-23,ST,20640,29721600
340,SUP-7285-24,SM / SM.F / SR,20641,29723040
568,SUP-7722-24,SP,20641,29723040
568,SUP-7722-24,SP,20641,29723040
321,SUP-7722-24,SP,20641,29723040
571,SUP-7722-24,SP,20641,29723040
299,SUP-7722-24,SP,20641,29723040
171,SUP-7722-24,SP,20641,29723040
299,SUP-7722-24,SP,20641,29723040
321,SUP-7722-24,SP,20641,29723040
171,SUP-7722-24,SP,20641,29723040
571,SUP-7722-24,SP,20641,29723040
575,SUP-7285-24,ST,20641,29723040
575,SUP-7285-24,ST,20641,29723040
575,SUP-7285-24,ST,20641,29723040
575,SUP-7285-24,ST,20641,29723040
575,SUP-7285-24,ST,20641,29723040
540,SUP-7285-24,SM / SM.F / SR,20641,29723040
588,SUP-7285-24,SM / SM.F / SR,20641,29723040
614,SUP-8370-25,SP,20641,29723040
634,SUP-8370-25,SP,20641,29723040
614,SUP-8370-25,SP,20641,29723040
614,SUP-8370-25,SP,20641,29723040
634,SUP-8370-25,SP,20641,29723040
600,SUP-8250-25,PI,20641,29723040
600,SUP-8250-25,PI,20641,29723040
600,SUP-8250-25,PI,20641,29723040
600,SUP-8250-25,PI,20641,29723040
600,SUP-8250-25,PI,20641,29723040
600,SUP-8250-25,PI,20641,29723040
600,SUP-8250-25,PI,20641,29723040
595,SUP-6806-23,ST,20641,29723040
353,SUP-6806-23,ST,20641,29723040
353,SUP-6806-23,ST,20641,29723040
595,SUP-6806-23,ST,20641,29723040
605,SUP-7133-24,SP,20641,29723040
603,SUP-7133-24,SP,20641,29723040
594,SUP-7133-24,SP,20641,29723040
594,SUP-7133-24,SP,20641,29723040
603,SUP-7133-24,SP,20641,29723040
601,SUP-8370-25,SP,20641,29723040
607,SUP-8370-25,SP,20641,29723040
428,SUP-7593-24,SM / SM.F / SR,20641,29723040
635,SUP-8276-25,SP,20641,29723040
286,SUP-8276-25,SM / SM.F / SR,20641,29723040
154,SUP-7128-24,SP,20641,29723040
297,SUP-6830-23,ST,20641,29723040
297,SUP-6830-23,ST,20641,29723040
297,SUP-6830-23,ST,20641,29723040
297,SUP-6830-23,ST,20641,29723040
297,SUP-6830-23,ST,20641,29723040
297,SUP-6830-23,ST,20641,29723040
513,SUP-7128-24,ST,20641,29723040
520,SUP-7722-24,SM / SM.F / SR,20641,29723040
216,SUP-7722-24,SM / SM.F / SR,20641,29723040
602,SUP-7722-24,SM / SM.F / SR,20641,29723040
623,SUP-7722-24,SM / SM.F / SR,20641,29723040
468,SUP-6806-23,SM / SM.F / SR,20641,29723040
468,SUP-6806-23,SM / SM.F / SR,20641,29723040
568,SUP-7722-24,SP,20642,29724480
568,SUP-7722-24,SP,20642,29724480
321,SUP-7722-24,SP,20642,29724480
321,SUP-7722-24,SP,20642,29724480
171,SUP-7722-24,SP,20642,29724480
321,SUP-7722-24,SP,20642,29724480
571,SUP-7722-24,SP,20642,29724480
299,SUP-7722-24,SP,20642,29724480
171,SUP-7722-24,SP,20642,29724480
299,SUP-7722-24,SP,20642,29724480
571,SUP-7722-24,SP,20642,29724480
321,SUP-7722-24,SP,20642,29724480
575,SUP-7285-24,ST,20642,29724480
575,SUP-7285-24,ST,20642,29724480
575,SUP-7285-24,ST,20642,29724480
575,SUP-7285-24,ST,20642,29724480
575,SUP-7285-24,ST,20642,29724480
575,SUP-7285-24,ST,20642,29724480
614,SUP-8370-25,SP,20642,29724480
614,SUP-8370-25,SP,20642,29724480
614,SUP-8370-25,SP,20642,29724480
600,SUP-8250-25,PI,20642,29724480
600,SUP-8250-25,PI,20642,29724480
600,SUP-8250-25,PI,20642,29724480
600,SUP-8250-25,PI,20642,29724480
600,SUP-8250-25,PI,20642,29724480
600,SUP-8250-25,PI,20642,29724480
626,SUP-7593-24,SP,20642,29724480
353,SUP-6806-23,ST,20642,29724480
595,SUP-6806-23,ST,20642,29724480
595,SUP-6806-23,ST,20642,29724480
353,SUP-6806-23,ST,20642,29724480
595,SUP-6806-23,ST,20642,29724480
353,SUP-6806-23,ST,20642,29724480
595,SUP-6806-23,ST,20642,29724480
353,SUP-6806-23,ST,20642,29724480
595,SUP-6806-23,ST,20642,29724480
353,SUP-6806-23,ST,20642,29724480
595,SUP-6806-23,ST,20642,29724480
353,SUP-6806-23,ST,20642,29724480
595,SUP-6806-23,ST,20642,29724480
353,SUP-6806-23,ST,20642,29724480
595,SUP-6806-23,ST,20642,29724480
276,SUP-7133-24,SP,20642,29724480
603,SUP-7133-24,SP,20642,29724480
594,SUP-7133-24,SP,20642,29724480
605,SUP-7133-24,SP,20642,29724480
276,SUP-7133-24,SP,20642,29724480
594,SUP-7133-24,SP,20642,29724480
603,SUP-7133-24,SP,20642,29724480
353,SUP-6806-23,ST,20642,29724480
364,SUP-6498-23,SM / SM.F / SR,20642,29724480
373,SUP-6830-23,SM / SM.F / SR,20642,29724480
373,SUP-6830-23,SM / SM.F / SR,20642,29724480
627,SUP-6830-23,SP,20642,29724480
627,SUP-6830-23,SP,20642,29724480
627,SUP-6830-23,SP,20642,29724480
627,SUP-6830-23,SP,20642,29724480
136,SUP-6830-23,SP,20642,29724480
627,SUP-6830-23,SP,20642,29724480
223,SUP-8370-25,SM / SM.F / SR,20642,29724480
362,SUP-8370-25,SM / SM.F / SR,20642,29724480
631,SUP-8370-25,SM / SM.F / SR,20642,29724480
635,SUP-8276-25,SP,20642,29724480
635,SUP-8276-25,SP,20642,29724480
635,SUP-8276-25,SP,20642,29724480
154,SUP-7128-24,SP,20642,29724480
154,SUP-7128-24,SP,20642,29724480
154,SUP-7128-24,SP,20642,29724480
154,SUP-7128-24,SP,20642,29724480
257,SUP-6830-23,ST,20642,29724480
297,SUP-6830-23,ST,20642,29724480
257,SUP-6830-23,ST,20642,29724480
297,SUP-6830-23,ST,20642,29724480
257,SUP-6830-23,ST,20642,29724480
297,SUP-6830-23,ST,20642,29724480
257,SUP-6830-23,ST,20642,29724480
257,SUP-6830-23,ST,20642,29724480
297,SUP-6830-23,ST,20642,29724480
512,SUP-7133-24,SM / SM.F / SR,20642,29724480
585,SUP-7133-24,SM / SM.F / SR,20642,29724480
428,SUP-7593-24,SM / SM.F / SR,20642,29724480
513,SUP-7128-24,ST,20642,29724480
513,SUP-7128-24,ST,20642,29724480
520,SUP-7722-24,SM / SM.F / SR,20642,29724480
79,SUP-7722-24,SM / SM.F / SR,20642,29724480
378,SUP-7722-24,SM / SM.F / SR,20642,29724480
378,SUP-7722-24,SM / SM.F / SR,20642,29724480
216,SUP-7722-24,SM / SM.F / SR,20642,29724480
306,SUP-7722-24,SM / SM.F / SR,20642,29724480
468,SUP-6806-23,SM / SM.F / SR,20642,29724480
468,SUP-6806-23,SM / SM.F / SR,20642,29724480
575,SUP-7285-24,ST,20643,29725920
575,SUP-7285-24,ST,20643,29725920
575,SUP-7285-24,ST,20643,29725920
575,SUP-7285-24,ST,20643,29725920
575,SUP-7285-24,ST,20643,29725920
136,SUP-6830-23,SM / SM.F / SR,20643,29725920
634,SUP-8370-25,SP,20643,29725920
614,SUP-8370-25,SP,20643,29725920
634,SUP-8370-25,SP,20643,29725920
600,SUP-8250-25,PI,20643,29725920
600,SUP-8250-25,PI,20643,29725920
600,SUP-8250-25,PI,20643,29725920
600,SUP-8250-25,PI,20643,29725920
600,SUP-8250-25,PI,20643,29725920
353,SUP-6806-23,ST,20643,29725920
595,SUP-6806-23,ST,20643,29725920
353,SUP-6806-23,ST,20643,29725920
595,SUP-6806-23,ST,20643,29725920
353,SUP-6806-23,ST,20643,29725920
595,SUP-6806-23,ST,20643,29725920
353,SUP-6806-23,ST,20643,29725920
605,SUP-7133-24,SP,20643,29725920
603,SUP-7133-24,SP,20643,29725920
276,SUP-7133-24,SP,20643,29725920
605,SUP-7133-24,SP,20643,29725920
594,SUP-7133-24,SP,20643,29725920
595,SUP-6806-23,ST,20643,29725920
463,SUP-6830-23,SP,20643,29725920
627,SUP-6830-23,SM / SM.F / SR,20643,29725920
463,SUP-6830-23,SP,20643,29725920
463,SUP-6830-23,SP,20643,29725920
463,SUP-6830-23,SP,20643,29725920
582,SUP-6830-23,SP,20643,29725920
537,SUP-6830-23,SM / SM.F / SR,20643,29725920
463,SUP-6830-23,SP,20643,29725920
463,SUP-6830-23,SP,20643,29725920
136,SUP-6830-23,SP,20643,29725920
136,SUP-6830-23,SP,20643,29725920
626,SUP-7593-24,SP,20643,29725920
649,SUP-8370-25,SM / SM.F / SR,20643,29725920
635,SUP-8276-25,SP,20643,29725920
286,SUP-8276-25,SM / SM.F / SR,20643,29725920
257,SUP-6830-23,ST,20643,29725920
297,SUP-6830-23,ST,20643,29725920
297,SUP-6830-23,ST,20643,29725920
297,SUP-6830-23,ST,20643,29725920
297,SUP-6830-23,ST,20643,29725920
297,SUP-6830-23,ST,20643,29725920
297,SUP-6830-23,ST,20643,29725920
561,SUP-7722-24,SM / SM.F / SR,20643,29725920
216,SUP-7722-24,SM / SM.F / SR,20643,29725920
468,SUP-6806-23,SM / SM.F / SR,20643,29725920
154,SUP-7128-24,SP,20643,29725920
154,SUP-7128-24,SP,20643,29725920
154,SUP-7128-24,SP,20643,29725920
154,SUP-7128-24,SP,20643,29725920
154,SUP-7128-24,SP,20643,29725920
154,SUP-7128-24,SP,20643,29725920
171,SUP-7722-24,SP,20644,29727360
571,SUP-7722-24,SP,20644,29727360
299,SUP-7722-24,SP,20644,29727360
568,SUP-7722-24,SP,20644,29727360
321,SUP-7722-24,SP,20644,29727360
171,SUP-7722-24,SP,20644,29727360
321,SUP-7722-24,SP,20644,29727360
299,SUP-7722-24,SP,20644,29727360
571,SUP-7722-24,SP,20644,29727360
568,SUP-7722-24,SP,20644,29727360
575,SUP-7285-24,ST,20644,29727360
575,SUP-7285-24,ST,20644,29727360
575,SUP-7285-24,ST,20644,29727360
575,SUP-7285-24,ST,20644,29727360
575,SUP-7285-24,ST,20644,29727360
614,SUP-8370-25,SP,20644,29727360
614,SUP-8370-25,SP,20644,29727360
614,SUP-8370-25,SP,20644,29727360
614,SUP-8370-25,SP,20644,29727360
600,SUP-8250-25,PI,20644,29727360
600,SUP-8250-25,PI,20644,29727360
600,SUP-8250-25,PI,20644,29727360
420,SUP-7285-24,SM / SM.F / SR,20644,29727360
389,SUP-6806-23,ST,20644,29727360
389,SUP-6806-23,ST,20644,29727360
595,SUP-6806-23,ST,20644,29727360
353,SUP-6806-23,ST,20644,29727360
389,SUP-6806-23,ST,20644,29727360
595,SUP-6806-23,ST,20644,29727360
353,SUP-6806-23,ST,20644,29727360
389,SUP-6806-23,ST,20644,29727360
595,SUP-6806-23,ST,20644,29727360
353,SUP-6806-23,ST,20644,29727360
595,SUP-6806-23,ST,20644,29727360
353,SUP-6806-23,ST,20644,29727360
595,SUP-6806-23,ST,20644,29727360
353,SUP-6806-23,ST,20644,29727360
389,SUP-6806-23,ST,20644,29727360
595,SUP-6806-23,ST,20644,29727360
595,SUP-6806-23,ST,20644,29727360
353,SUP-6806-23,ST,20644,29727360
595,SUP-6806-23,ST,20644,29727360
353,SUP-6806-23,ST,20644,29727360
605,SUP-7133-24,SP,20644,29727360
594,SUP-7133-24,SP,20644,29727360
605,SUP-7133-24,SP,20644,29727360
276,SUP-7133-24,SP,20644,29727360
594,SUP-7133-24,SP,20644,29727360
353,SUP-6806-23,ST,20644,29727360
582,SUP-6830-23,SP,20644,29727360
463,SUP-6830-23,SP,20644,29727360
582,SUP-6830-23,SP,20644,29727360
463,SUP-6830-23,SP,20644,29727360
631,SUP-8370-25,SM / SM.F / SR,20644,29727360
635,SUP-8276-25,SP,20644,29727360
600,SUP-8250-25,ST,20644,29727360
59,SUP-7133-24,SM / SM.F / SR,20644,29727360
257,SUP-6830-23,ST,20644,29727360
257,SUP-6830-23,ST,20644,29727360
257,SUP-6830-23,ST,20644,29727360
297,SUP-6830-23,ST,20644,29727360
257,SUP-6830-23,ST,20644,29727360
297,SUP-6830-23,ST,20644,29727360
257,SUP-6830-23,ST,20644,29727360
257,SUP-6830-23,ST,20644,29727360
257,SUP-6830-23,ST,20644,29727360
297,SUP-6830-23,ST,20644,29727360
257,SUP-6830-23,ST,20644,29727360
257,SUP-6830-23,ST,20644,29727360
257,SUP-6830-23,ST,20644,29727360
297,SUP-6830-23,ST,20644,29727360
513,SUP-7128-24,ST,20644,29727360
513,SUP-7128-24,ST,20644,29727360
513,SUP-7128-24,ST,20644,29727360
513,SUP-7128-24,ST,20644,29727360
513,SUP-7128-24,ST,20644,29727360
513,SUP-7128-24,ST,20644,29727360
513,SUP-7128-24,ST,20644,29727360
341,SUP-7722-24,SM / SM.F / SR,20644,29727360
520,SUP-7722-24,SM / SM.F / SR,20644,29727360
79,SUP-7722-24,SM / SM.F / SR,20644,29727360
216,SUP-7722-24,SM / SM.F / SR,20644,29727360
623,SUP-7722-24,SM / SM.F / SR,20644,29727360
602,SUP-7722-24,SM / SM.F / SR,20644,29727360
154,SUP-7128-24,SP,20644,29727360
588,SUP-7285-24,SM / SM.F / SR,20645,29728800
299,SUP-7722-24,SP,20645,29728800
568,SUP-7722-24,SP,20645,29728800
571,SUP-7722-24,SP,20645,29728800
321,SUP-7722-24,SP,20645,29728800
299,SUP-7722-24,SP,20645,29728800
321,SUP-7722-24,SP,20645,29728800
571,SUP-7722-24,SP,20645,29728800
171,SUP-7722-24,SP,20645,29728800
568,SUP-7722-24,SP,20645,29728800
171,SUP-7722-24,SP,20645,29728800
634,SUP-8370-25,SP,20645,29728800
600,SUP-8250-25,PI,20645,29728800
600,SUP-8250-25,PI,20645,29728800
600,SUP-8250-25,PI,20645,29728800
600,SUP-8250-25,PI,20645,29728800
627,SUP-7285-24,SM / SM.F / SR,20645,29728800
582,SUP-7285-24,SP,20645,29728800
463,SUP-7285-24,SP,20645,29728800
595,SUP-6806-23,ST,20645,29728800
353,SUP-6806-23,ST,20645,29728800
353,SUP-6806-23,ST,20645,29728800
595,SUP-6806-23,ST,20645,29728800
353,SUP-6806-23,ST,20645,29728800
595,SUP-6806-23,ST,20645,29728800
276,SUP-7133-24,SP,20645,29728800
594,SUP-7133-24,SP,20645,29728800
297,SUP-7285-24,BL,20645,29728800
626,SUP-7593-24,SP,20645,29728800
468,SUP-6806-23,SM / SM.F / SR,20645,29728800
223,SUP-8370-25,SM / SM.F / SR,20645,29728800
649,SUP-8370-25,SM / SM.F / SR,20645,29728800
325,SUP-8370-25,SM / SM.F / SR,20645,29728800
325,SUP-8370-25,SM / SM.F / SR,20645,29728800
635,SUP-8276-25,SP,20645,29728800
154,SUP-7128-24,SP,20645,29728800
600,SUP-8250-25,ST,20645,29728800
463,SUP-7285-24,SP,20645,29728800
582,SUP-7285-24,SP,20645,29728800
136,SUP-7285-24,SM / SM.F / SR,20645,29728800
513,SUP-7128-24,ST,20645,29728800
306,SUP-7722-24,SM / SM.F / SR,20645,29728800
325,SUP-8370-25,SM / SM.F / SR,20645,29728800
299,SUP-7722-24,SP,20646,29730240
571,SUP-7722-24,SP,20646,29730240
321,SUP-7722-24,SP,20646,29730240
321,SUP-7722-24,SP,20646,29730240
299,SUP-7722-24,SP,20646,29730240
571,SUP-7722-24,SP,20646,29730240
568,SUP-7722-24,SP,20646,29730240
171,SUP-7722-24,SP,20646,29730240
568,SUP-7722-24,SP,20646,29730240
171,SUP-7722-24,SP,20646,29730240
600,SUP-8250-25,PI,20646,29730240
600,SUP-8250-25,PI,20646,29730240
626,SUP-7593-24,SP,20646,29730240
353,SUP-6806-23,ST,20646,29730240
353,SUP-6806-23,ST,20646,29730240
595,SUP-6806-23,ST,20646,29730240
353,SUP-6806-23,ST,20646,29730240
595,SUP-6806-23,ST,20646,29730240
353,SUP-6806-23,ST,20646,29730240
595,SUP-6806-23,ST,20646,29730240
353,SUP-6806-23,ST,20646,29730240
595,SUP-6806-23,ST,20646,29730240
353,SUP-6806-23,ST,20646,29730240
595,SUP-6806-23,ST,20646,29730240
353,SUP-6806-23,ST,20646,29730240
605,SUP-7133-24,SP,20646,29730240
276,SUP-7133-24,SP,20646,29730240
594,SUP-7133-24,SP,20646,29730240
605,SUP-7133-24,SP,20646,29730240
297,SUP-7285-24,BL,20646,29730240
337,SUP-8370-25,SM / SM.F / SR,20646,29730240
582,SUP-7285-24,SP,20646,29730240
463,SUP-7285-24,SP,20646,29730240
520,SUP-7722-24,SM / SM.F / SR,20646,29730240
59,SUP-7133-24,SM / SM.F / SR,20646,29730240
299,SUP-7722-24,SP,20647,29731680
571,SUP-7722-24,SP,20647,29731680
321,SUP-7722-24,SP,20647,29731680
321,SUP-7722-24,SP,20647,29731680
171,SUP-7722-24,SP,20647,29731680
568,SUP-7722-24,SP,20647,29731680
568,SUP-7722-24,SP,20647,29731680
600,SUP-8250-25,PI,20647,29731680
600,SUP-8250-25,PI,20647,29731680
600,SUP-8250-25,PI,20647,29731680
600,SUP-8250-25,PI,20647,29731680
600,SUP-8250-25,PI,20647,29731680
600,SUP-8250-25,PI,20647,29731680
626,SUP-7593-24,SP,20647,29731680
353,SUP-6806-23,ST,20647,29731680
595,SUP-6806-23,ST,20647,29731680
595,SUP-6806-23,ST,20647,29731680
595,SUP-6806-23,ST,20647,29731680
353,SUP-6806-23,ST,20647,29731680
595,SUP-6806-23,ST,20647,29731680
595,SUP-6806-23,ST,20647,29731680
353,SUP-6806-23,ST,20647,29731680
595,SUP-6806-23,ST,20647,29731680
353,SUP-6806-23,ST,20647,29731680
353,SUP-6806-23,ST,20647,29731680
595,SUP-6806-23,ST,20647,29731680
595,SUP-6806-23,ST,20647,29731680
353,SUP-6806-23,ST,20647,29731680
353,SUP-6806-23,ST,20647,29731680
353,SUP-6806-23,ST,20647,29731680
605,SUP-7133-24,SP,20647,29731680
594,SUP-7133-24,SP,20647,29731680
276,SUP-7133-24,SP,20647,29731680
605,SUP-7133-24,SP,20647,29731680
276,SUP-7133-24,SP,20647,29731680
594,SUP-7133-24,SP,20647,29731680
297,SUP-7285-24,BL,20647,29731680
288,SUP-6498-23,SM / SM.F / SR,20647,29731680
631,SUP-8370-25,SM / SM.F / SR,20647,29731680
635,SUP-8276-25,SP,20647,29731680
463,SUP-7285-24,SP,20647,29731680
523,SUP-7285-24,SP,20647,29731680
523,SUP-7285-24,SP,20647,29731680
463,SUP-7285-24,SP,20647,29731680
341,SUP-7722-24,SM / SM.F / SR,20647,29731680
79,SUP-7722-24,SM / SM.F / SR,20647,29731680
378,SUP-7722-24,SM / SM.F / SR,20647,29731680
306,SUP-7722-24,SM / SM.F / SR,20647,29731680
602,SUP-7722-24,SM / SM.F / SR,20647,29731680
561,SUP-7722-24,SM / SM.F / SR,20647,29731680
216,SUP-7722-24,SM / SM.F / SR,20647,29731680
585,SUP-7133-24,SM / SM.F / SR,20647,29731680
154,SUP-7128-24,SP,20647,29731680
325,SUP-8370-25,SM / SM.F / SR,20647,29731680
171,SUP-7722-24,SP,20648,29733120
568,SUP-7722-24,SP,20648,29733120
299,SUP-7722-24,SP,20648,29733120
568,SUP-7722-24,SP,20648,29733120
171,SUP-7722-24,SP,20648,29733120
299,SUP-7722-24,SP,20648,29733120
571,SUP-7722-24,SP,20648,29733120
571,SUP-7722-24,SP,20648,29733120
321,SUP-7722-24,SP,20648,29733120
634,SUP-8370-25,SP,20648,29733120
634,SUP-8370-25,SP,20648,29733120
614,SUP-8370-25,SP,20648,29733120
627,SUP-7285-24,SM / SM.F / SR,20648,29733120
600,SUP-8250-25,PI,20648,29733120
600,SUP-8250-25,PI,20648,29733120
600,SUP-8250-25,PI,20648,29733120
600,SUP-8250-25,PI,20648,29733120
600,SUP-8250-25,PI,20648,29733120
600,SUP-8250-25,PI,20648,29733120
353,SUP-6806-23,ST,20648,29733120
595,SUP-6806-23,ST,20648,29733120
595,SUP-6806-23,ST,20648,29733120
353,SUP-6806-23,ST,20648,29733120
353,SUP-6806-23,ST,20648,29733120
595,SUP-6806-23,ST,20648,29733120
353,SUP-6806-23,ST,20648,29733120
595,SUP-6806-23,ST,20648,29733120
353,SUP-6806-23,ST,20648,29733120
595,SUP-6806-23,ST,20648,29733120
595,SUP-6806-23,ST,20648,29733120
353,SUP-6806-23,ST,20648,29733120
353,SUP-6806-23,ST,20648,29733120
595,SUP-6806-23,ST,20648,29733120
353,SUP-6806-23,ST,20648,29733120
595,SUP-6806-23,ST,20648,29733120
276,SUP-7133-24,SP,20648,29733120
594,SUP-7133-24,SP,20648,29733120
605,SUP-7133-24,SP,20648,29733120
276,SUP-7133-24,SP,20648,29733120
605,SUP-7133-24,SP,20648,29733120
594,SUP-7133-24,SP,20648,29733120
297,SUP-7285-24,BL,20648,29733120
121,SUP-6498-23,SM / SM.F / SR,20648,29733120
649,SUP-8370-25,SM / SM.F / SR,20648,29733120
468,SUP-6806-23,SM / SM.F / SR,20648,29733120
626,SUP-7593-24,SP,20648,29733120
523,SUP-7285-24,SP,20648,29733120
463,SUP-7285-24,SP,20648,29733120
523,SUP-7285-24,SP,20648,29733120
523,SUP-7285-24,SP,20648,29733120
520,SUP-7722-24,SM / SM.F / SR,20648,29733120
378,SUP-7722-24,SM / SM.F / SR,20648,29733120
561,SUP-7722-24,SM / SM.F / SR,20648,29733120
512,SUP-8587-26,SM / SM.F / SR,20648,29733120
154,SUP-7128-24,SP,20648,29733120
325,SUP-8370-25,SM / SM.F / SR,20648,29733120
373,SUP-6830-23,SM / SM.F / SR,20648,29733120
299,SUP-7722-24,SP,20649,29734560
568,SUP-7722-24,SP,20649,29734560
171,SUP-7722-24,SP,20649,29734560
568,SUP-7722-24,SP,20649,29734560
571,SUP-7722-24,SP,20649,29734560
321,SUP-7722-24,SP,20649,29734560
634,SUP-8370-25,SP,20649,29734560
614,SUP-8370-25,SP,20649,29734560
600,SUP-8250-25,PI,20649,29734560
626,SUP-7593-24,SP,20649,29734560
595,SUP-6806-23,ST,20649,29734560
353,SUP-6806-23,ST,20649,29734560
353,SUP-6806-23,ST,20649,29734560
595,SUP-6806-23,ST,20649,29734560
595,SUP-6806-23,ST,20649,29734560
353,SUP-6806-23,ST,20649,29734560
595,SUP-6806-23,ST,20649,29734560
353,SUP-6806-23,ST,20649,29734560
353,SUP-6806-23,ST,20649,29734560
595,SUP-6806-23,ST,20649,29734560
353,SUP-6806-23,ST,20649,29734560
595,SUP-6806-23,ST,20649,29734560
353,SUP-6806-23,ST,20649,29734560
595,SUP-6806-23,ST,20649,29734560
353,SUP-6806-23,ST,20649,29734560
595,SUP-6806-23,ST,20649,29734560
595,SUP-6806-23,ST,20649,29734560
353,SUP-6806-23,ST,20649,29734560
605,SUP-7133-24,SP,20649,29734560
594,SUP-7133-24,SP,20649,29734560
276,SUP-7133-24,SP,20649,29734560
594,SUP-7133-24,SP,20649,29734560
600,SUP-8250-25,PI,20649,29734560
325,SUP-8276-25,SM / SM.F / SR,20649,29734560
635,SUP-8276-25,SP,20649,29734560
520,SUP-7722-24,SM / SM.F / SR,20649,29734560
378,SUP-7722-24,SM / SM.F / SR,20649,29734560
79,SUP-7722-24,SM / SM.F / SR,20649,29734560
306,SUP-7722-24,SM / SM.F / SR,20649,29734560
216,SUP-7722-24,SM / SM.F / SR,20649,29734560
602,SUP-7722-24,SM / SM.F / SR,20649,29734560
154,SUP-7128-24,SP,20649,29734560
634,SUP-8370-25,SP,20650,29736000
614,SUP-8370-25,SP,20650,29736000
600,SUP-8250-25,PI,20650,29736000
600,SUP-8250-25,PI,20650,29736000
600,SUP-8250-25,PI,20650,29736000
600,SUP-8250-25,PI,20650,29736000
600,SUP-8250-25,PI,20650,29736000
600,SUP-8250-25,PI,20650,29736000
626,SUP-7593-24,SP,20650,29736000
595,SUP-6806-23,ST,20650,29736000
353,SUP-6806-23,ST,20650,29736000
595,SUP-6806-23,ST,20650,29736000
353,SUP-6806-23,ST,20650,29736000
595,SUP-6806-23,ST,20650,29736000
353,SUP-6806-23,ST,20650,29736000
595,SUP-6806-23,ST,20650,29736000
353,SUP-6806-23,ST,20650,29736000
595,SUP-6806-23,ST,20650,29736000
353,SUP-6806-23,ST,20650,29736000
353,SUP-6806-23,ST,20650,29736000
595,SUP-6806-23,ST,20650,29736000
595,SUP-6806-23,ST,20650,29736000
364,SUP-6498-23,SM / SM.F / SR,20650,29736000
288,SUP-6498-23,SM / SM.F / SR,20650,29736000
377,SUP-6498-23,SM / SM.F / SR,20650,29736000
523,SUP-6830-23,SP,20650,29736000
463,SUP-6830-23,SP,20650,29736000
428,SUP-7593-24,SM / SM.F / SR,20650,29736000
223,SUP-8370-25,SM / SM.F / SR,20650,29736000
631,SUP-8370-25,SM / SM.F / SR,20650,29736000
635,SUP-8276-25,SP,20650,29736000
286,SUP-8276-25,SM / SM.F / SR,20650,29736000
136,SUP-7285-24,SM / SM.F / SR,20650,29736000
341,SUP-7722-24,SM / SM.F / SR,20650,29736000
520,SUP-7722-24,SM / SM.F / SR,20650,29736000
623,SUP-7722-24,SM / SM.F / SR,20650,29736000
655,SUP-8370-25,SP,20650,29736000
607,SUP-8370-25,SP,20650,29736000
595,SUP-6806-23,ST,20650,29736000
353,SUP-6806-23,ST,20650,29736000
353,SUP-6806-23,ST,20650,29736000
171,SUP-7128-24,SP,20650,29736000
171,SUP-7128-24,SP,20650,29736000
568,SUP-7128-24,SP,20650,29736000
154,SUP-7128-24,SP,20650,29736000
571,SUP-7128-24,SP,20650,29736000
634,SUP-8370-25,SP,20651,29737440
634,SUP-8370-25,SP,20651,29737440
614,SUP-8370-25,SP,20651,29737440
600,SUP-8250-25,PI,20651,29737440
600,SUP-8250-25,PI,20651,29737440
600,SUP-8250-25,PI,20651,29737440
600,SUP-8250-25,PI,20651,29737440
600,SUP-8250-25,PI,20651,29737440
600,SUP-8250-25,PI,20651,29737440
595,SUP-6806-23,ST,20651,29737440
353,SUP-6806-23,ST,20651,29737440
353,SUP-6806-23,ST,20651,29737440
595,SUP-6806-23,ST,20651,29737440
595,SUP-6806-23,ST,20651,29737440
353,SUP-6806-23,ST,20651,29737440
595,SUP-6806-23,ST,20651,29737440
353,SUP-6806-23,ST,20651,29737440
595,SUP-6806-23,ST,20651,29737440
353,SUP-6806-23,ST,20651,29737440
595,SUP-6806-23,ST,20651,29737440
353,SUP-6806-23,ST,20651,29737440
595,SUP-6806-23,ST,20651,29737440
353,SUP-6806-23,ST,20651,29737440
595,SUP-6806-23,ST,20651,29737440
353,SUP-6806-23,ST,20651,29737440
428,SUP-7593-24,SM / SM.F / SR,20651,29737440
463,SUP-6830-23,SP,20651,29737440
463,SUP-6830-23,SP,20651,29737440
463,SUP-6830-23,SP,20651,29737440
463,SUP-6830-23,SP,20651,29737440
463,SUP-6830-23,SP,20651,29737440
523,SUP-6830-23,SP,20651,29737440
463,SUP-6830-23,SP,20651,29737440
428,SUP-7593-24,SP,20651,29737440
428,SUP-7593-24,SM / SM.F / SR,20651,29737440
428,SUP-7593-24,SM / SM.F / SR,20651,29737440
299,SUP-7128-24,SP,20651,29737440
651,SUP-8370-25,ST,20651,29737440
656,SUP-8370-25,ST,20651,29737440
644,SUP-8370-25,ST,20651,29737440
520,SUP-7722-24,SM / SM.F / SR,20651,29737440
79,SUP-7722-24,SM / SM.F / SR,20651,29737440
378,SUP-7722-24,SM / SM.F / SR,20651,29737440
216,SUP-7722-24,SM / SM.F / SR,20651,29737440
306,SUP-7722-24,SM / SM.F / SR,20651,29737440
585,SUP-8587-26,SM / SM.F / SR,20651,29737440
655,SUP-8370-25,SP,20651,29737440
607,SUP-8370-25,SP,20651,29737440
171,SUP-7128-24,ST,20651,29737440
568,SUP-7128-24,ST,20651,29737440
568,SUP-7128-24,SP,20651,29737440
651,SUP-8370-25,ST,20651,29737440
650,SUP-8370-25,ST,20651,29737440
656,SUP-8370-25,ST,20651,29737440
651,SUP-8370-25,ST,20651,29737440
644,SUP-8370-25,ST,20651,29737440
299,SUP-7128-24,SP,20651,29737440
321,SUP-7128-24,SP,20651,29737440
577,SUP-7133-24,ST,20651,29737440
577,SUP-7133-24,ST,20651,29737440
577,SUP-7133-24,ST,20651,29737440
635,SUP-8408-26,SP,20651,29737440
297,SUP-8496-26 (adt1),VT,20651,29737440
634,SUP-8370-25,SP,20652,29738880
614,SUP-8370-25,SP,20652,29738880
634,SUP-8370-25,SP,20652,29738880
136,SUP-7285-24,SM / SM.F / SR,20652,29738880
627,SUP-7285-24,SM / SM.F / SR,20652,29738880
600,SUP-8250-25,PI,20652,29738880
600,SUP-8250-25,PI,20652,29738880
600,SUP-8250-25,PI,20652,29738880
626,SUP-7593-24,SP,20652,29738880
626,SUP-7593-24,SP,20652,29738880
595,SUP-6806-23,ST,20652,29738880
595,SUP-6806-23,ST,20652,29738880
595,SUP-6806-23,ST,20652,29738880
595,SUP-6806-23,ST,20652,29738880
353,SUP-6806-23,ST,20652,29738880
595,SUP-6806-23,ST,20652,29738880
353,SUP-6806-23,ST,20652,29738880
595,SUP-6806-23,ST,20652,29738880
595,SUP-6806-23,ST,20652,29738880
353,SUP-6806-23,ST,20652,29738880
595,SUP-6806-23,ST,20652,29738880
353,SUP-6806-23,ST,20652,29738880
353,SUP-6806-23,ST,20652,29738880
595,SUP-6806-23,ST,20652,29738880
595,SUP-6806-23,ST,20652,29738880
353,SUP-6806-23,ST,20652,29738880
523,SUP-6830-23,SP,20652,29738880
571,SUP-7128-24,SP,20652,29738880
321,SUP-7128-24,SP,20652,29738880
571,SUP-7128-24,SP,20652,29738880
571,SUP-7128-24,SP,20652,29738880
299,SUP-7128-24,SP,20652,29738880
571,SUP-7128-24,SP,20652,29738880
321,SUP-7128-24,SP,20652,29738880
405,SUP-7285-24,SM / SM.F / SR,20652,29738880
362,SUP-7285-24,SM / SM.F / SR,20652,29738880
337,SUP-7285-24,SM / SM.F / SR,20652,29738880
341,SUP-7722-24,SM / SM.F / SR,20652,29738880
520,SUP-7722-24,SM / SM.F / SR,20652,29738880
623,SUP-7722-24,SM / SM.F / SR,20652,29738880
602,SUP-7722-24,SM / SM.F / SR,20652,29738880
561,SUP-7722-24,SM / SM.F / SR,20652,29738880
216,SUP-7722-24,SM / SM.F / SR,20652,29738880
607,SUP-8370-25,SP,20652,29738880
655,SUP-8370-25,SP,20652,29738880
656,SUP-8370-25,ST,20652,29738880
651,SUP-8370-25,ST,20652,29738880
644,SUP-8370-25,ST,20652,29738880
656,SUP-8370-25,ST,20652,29738880
651,SUP-8370-25,ST,20652,29738880
644,SUP-8370-25,ST,20652,29738880
656,SUP-8370-25,ST,20652,29738880
656,SUP-8370-25,ST,20652,29738880
651,SUP-8370-25,ST,20652,29738880
644,SUP-8370-25,ST,20652,29738880
651,SUP-8370-25,ST,20652,29738880
644,SUP-8370-25,ST,20652,29738880
656,SUP-8370-25,ST,20652,29738880
171,SUP-7128-24,SP,20652,29738880
171,SUP-7128-24,SP,20652,29738880
568,SUP-7128-24,SP,20652,29738880
223,SUP-8370-25,SM / SM.F / SR,20652,29738880
223,SUP-8370-25,SM / SM.F / SR,20652,29738880
175,SUP-8496-26 (adt1),VT,20652,29738880
175,SUP-8496-26 (adt1),VT,20652,29738880
175,SUP-8496-26 (adt1),VT,20652,29738880
634,SUP-8370-25,SP,20653,29740320
614,SUP-8370-25,SP,20653,29740320
614,SUP-8370-25,SP,20653,29740320
634,SUP-8370-25,SP,20653,29740320
175,SUP-7285-24,ST,20653,29740320
297,SUP-7285-24,ST,20653,29740320
175,SUP-7285-24,ST,20653,29740320
600,SUP-8250-25,PI,20653,29740320
600,SUP-8250-25,PI,20653,29740320
600,SUP-8250-25,PI,20653,29740320
523,SUP-6830-23,SP,20653,29740320
463,SUP-6830-23,SP,20653,29740320
428,SUP-7593-24,SM / SM.F / SR,20653,29740320
631,SUP-8370-25,SM / SM.F / SR,20653,29740320
468,SUP-6806-23,SM / SM.F / SR,20653,29740320
321,SUP-7128-24,SP,20653,29740320
571,SUP-7128-24,SP,20653,29740320
171,SUP-7128-24,SP,20653,29740320
520,SUP-7722-24,SM / SM.F / SR,20653,29740320
329,SUP-8370-25,SP,20653,29740320
329,SUP-8370-25,SP,20653,29740320
329,SUP-8370-25,SP,20653,29740320
329,SUP-8370-25,SP,20653,29740320
607,SUP-8370-25,SP,20653,29740320
644,SUP-8370-25,ST,20653,29740320
651,SUP-8370-25,ST,20653,29740320
644,SUP-8370-25,ST,20653,29740320
651,SUP-8370-25,ST,20653,29740320
644,SUP-8370-25,ST,20653,29740320
299,SUP-7128-24,SP,20653,29740320
568,SUP-7128-24,SP,20653,29740320
223,SUP-8370-25,SM / SM.F / SR,20653,29740320
nome:Andre Luiz Silva dos Santos,SUP-8408-26,SP,20653,29740320
640,SUP-7722-24,SP,20654,29741760
297,SUP-7285-24,ST,20654,29741760
297,SUP-7285-24,ST,20654,29741760
297,SUP-7285-24,ST,20654,29741760
634,SUP-8370-25,SP,20654,29741760
614,SUP-8370-25,SP,20654,29741760
627,SUP-7285-24,SM / SM.F / SR,20654,29741760
420,SUP-7285-24,SM / SM.F / SR,20654,29741760
626,SUP-7593-24,SP,20654,29741760
79,SUP-7128-24,SM / SM.F / SR,20654,29741760
631,SUP-8370-25,SM / SM.F / SR,20654,29741760
337,SUP-7285-24,SM / SM.F / SR,20654,29741760
373,SUP-7285-24,SM / SM.F / SR,20654,29741760
136,SUP-7285-24,SM / SM.F / SR,20654,29741760
523,SUP-7285-24,SP,20654,29741760
463,SUP-7285-24,SP,20654,29741760
644,SUP-8370-25,ST,20654,29741760
644,SUP-8370-25,ST,20654,29741760
655,SUP-8370-25,SP,20654,29741760
607,SUP-8370-25,SP,20654,29741760
655,SUP-8370-25,SP,20654,29741760
655,SUP-8370-25,SP,20654,29741760
607,SUP-8370-25,SP,20654,29741760
329,SUP-8370-25,SP,20654,29741760
607,SUP-8370-25,SP,20654,29741760
655,SUP-8370-25,SP,20654,29741760
607,SUP-8370-25,SP,20654,29741760
655,SUP-8370-25,SP,20654,29741760
607,SUP-8370-25,SP,20654,29741760
329,SUP-8370-25,SP,20654,29741760
656,SUP-8370-25,ST,20654,29741760
651,SUP-8370-25,ST,20654,29741760
644,SUP-8370-25,ST,20654,29741760
651,SUP-8370-25,ST,20654,29741760
644,SUP-8370-25,ST,20654,29741760
656,SUP-8370-25,ST,20654,29741760
651,SUP-8370-25,ST,20654,29741760
644,SUP-8370-25,ST,20654,29741760
644,SUP-8370-25,ST,20654,29741760
656,SUP-8370-25,ST,20654,29741760
651,SUP-8370-25,ST,20654,29741760
223,SUP-8370-25,SM / SM.F / SR,20654,29741760
223,SUP-8370-25,SM / SM.F / SR,20654,29741760
512,SUP-7133-24,SM / SM.F / SR,20654,29741760
641,SUP-7722-24,SP,20655,29743200
297,SUP-7285-24,ST,20655,29743200
297,SUP-7285-24,ST,20655,29743200
297,SUP-7285-24,ST,20655,29743200
297,SUP-7285-24,ST,20655,29743200
297,SUP-7285-24,ST,20655,29743200
297,SUP-7285-24,ST,20655,29743200
614,SUP-8370-25,SP,20655,29743200
634,SUP-8370-25,SP,20655,29743200
634,SUP-8370-25,SP,20655,29743200
614,SUP-8370-25,SP,20655,29743200
600,SUP-8250-25,PI,20655,29743200
600,SUP-8250-25,PI,20655,29743200
600,SUP-8250-25,PI,20655,29743200
600,SUP-8250-25,PI,20655,29743200
600,SUP-8250-25,PI,20655,29743200
600,SUP-8250-25,PI,20655,29743200
600,SUP-8250-25,PI,20655,29743200
362,SUP-7285-24,SM / SM.F / SR,20655,29743200
463,SUP-7285-24,SP,20655,29743200
523,SUP-7285-24,SP,20655,29743200
645,SUP-7593-24,SP,20655,29743200
649,SUP-8370-25,SM / SM.F / SR,20655,29743200
325,SUP-8276-25,SM / SM.F / SR,20655,29743200
286,SUP-8276-25,SM / SM.F / SR,20655,29743200
523,SUP-7285-24,SP,20655,29743200
523,SUP-7285-24,SP,20655,29743200
523,SUP-7285-24,SP,20655,29743200
463,SUP-7285-24,SP,20655,29743200
463,SUP-7285-24,SP,20655,29743200
463,SUP-7285-24,SP,20655,29743200
373,SUP-7285-24,SM / SM.F / SR,20655,29743200
79,SUP-7722-24,SM / SM.F / SR,20655,29743200
329,SUP-8370-25,SP,20655,29743200
329,SUP-8370-25,SP,20655,29743200
607,SUP-8370-25,SP,20655,29743200
559,SUP-8370-25,SP,20655,29743200
478,SUP-8370-25,SP,20655,29743200
655,SUP-8370-25,SP,20655,29743200
644,SUP-8370-25,ST,20655,29743200
644,SUP-8370-25,ST,20655,29743200
656,SUP-8370-25,ST,20655,29743200
644,SUP-8370-25,ST,20655,29743200
656,SUP-8370-25,ST,20655,29743200
644,SUP-8370-25,ST,20655,29743200
651,SUP-8370-25,ST,20655,29743200
656,SUP-8370-25,ST,20655,29743200
656,SUP-8370-25,ST,20655,29743200
651,SUP-8370-25,ST,20655,29743200
644,SUP-8370-25,ST,20655,29743200
651,SUP-8370-25,ST,20655,29743200
644,SUP-8370-25,ST,20655,29743200
644,SUP-8370-25,ST,20655,29743200
651,SUP-8370-25,ST,20655,29743200
223,SUP-8370-25,SM / SM.F / SR,20655,29743200
577,SUP-7133-24,ST,20655,29743200
577,SUP-7133-24,ST,20655,29743200
577,SUP-7133-24,ST,20655,29743200
577,SUP-7133-24,ST,20655,29743200
577,SUP-7133-24,ST,20655,29743200
577,SUP-7133-24,ST,20655,29743200
585,SUP-7133-24,SM / SM.F / SR,20655,29743200
635,SUP-8408-26,SP,20655,29743200
600,SUP-8250-25,PI,20655,29743200
640,SUP-7722-24,SP,20656,29744640
297,SUP-7285-24,ST,20656,29744640
297,SUP-7285-24,ST,20656,29744640
297,SUP-7285-24,ST,20656,29744640
297,SUP-7285-24,ST,20656,29744640
364,SUP-7285-24,SM / SM.F / SR,20656,29744640
634,SUP-8370-25,SP,20656,29744640
600,SUP-8250-25,PI,20656,29744640
600,SUP-8250-25,PI,20656,29744640
600,SUP-8250-25,PI,20656,29744640
600,SUP-8250-25,PI,20656,29744640
600,SUP-8250-25,PI,20656,29744640
600,SUP-8250-25,PI,20656,29744640
600,SUP-8250-25,PI,20656,29744640
600,SUP-8250-25,PI,20656,29744640
600,SUP-8250-25,PI,20656,29744640
600,SUP-8250-25,PI,20656,29744640
600,SUP-8250-25,PI,20656,29744640
614,SUP-8370-25,SP,20656,29744640
523,SUP-7285-24,SP,20656,29744640
627,SUP-7285-24,SM / SM.F / SR,20656,29744640
463,SUP-7285-24,SP,20656,29744640
136,SUP-7285-24,SM / SM.F / SR,20656,29744640
523,SUP-7285-24,SP,20656,29744640
651,SUP-8370-25,ST,20656,29744640
651,SUP-8370-25,ST,20656,29744640
651,SUP-8370-25,ST,20656,29744640
520,SUP-7722-24,SM / SM.F / SR,20656,29744640
288,SUP-7285-24,SM / SM.F / SR,20656,29744640
655,SUP-8370-25,SP,20656,29744640
329,SUP-8370-25,SP,20656,29744640
644,SUP-8370-25,ST,20656,29744640
656,SUP-8370-25,ST,20656,29744640
656,SUP-8370-25,ST,20656,29744640
644,SUP-8370-25,ST,20656,29744640
651,SUP-8370-25,ST,20656,29744640
635,SUP-8408-26,SP,20656,29744640
635,SUP-8408-26,SP,20656,29744640
641,SUP-7722-24,SP,20657,29746080
121,SUP-7285-24,SM / SM.F / SR,20657,29746080
634,SUP-8370-25,SP,20657,29746080
463,SUP-7285-24,SP,20657,29746080
523,SUP-7285-24,SP,20657,29746080
600,SUP-8250-25,PI,20657,29746080
600,SUP-8250-25,PI,20657,29746080
600,SUP-8250-25,PI,20657,29746080
600,SUP-8250-25,PI,20657,29746080
600,SUP-8250-25,PI,20657,29746080
600,SUP-8250-25,PI,20657,29746080
600,SUP-8250-25,PI,20657,29746080
600,SUP-8250-25,PI,20657,29746080
600,SUP-8250-25,PI,20657,29746080
600,SUP-8250-25,PI,20657,29746080
600,SUP-8250-25,PI,20657,29746080
600,SUP-8250-25,PI,20657,29746080
626,SUP-7593-24,SP,20657,29746080
297,SUP-7285-24,CPTu,20657,29746080
428,SUP-7593-24,SM / SM.F / SR,20657,29746080
164,SUP-8370-25,SM / SM.F / SR,20657,29746080
631,SUP-8370-25,SM / SM.F / SR,20657,29746080
603,SUP-7128-24,SP,20657,29746080
276,SUP-7133-24,SP,20657,29746080
605,SUP-7133-24,SP,20657,29746080
627,SUP-7285-24,SM / SM.F / SR,20657,29746080
373,SUP-7285-24,SM / SM.F / SR,20657,29746080
651,SUP-8370-25,ST,20657,29746080
651,SUP-8370-25,ST,20657,29746080
79,SUP-7722-24,SM / SM.F / SR,20657,29746080
286,SUP-7813-24,SM / SM.F / SR,20657,29746080
329,SUP-8370-25,SP,20657,29746080
329,SUP-8370-25,SP,20657,29746080
329,SUP-8370-25,SP,20657,29746080
607,SUP-8370-25,SP,20657,29746080
329,SUP-8370-25,SP,20657,29746080
329,SUP-8370-25,SP,20657,29746080
656,SUP-8370-25,ST,20657,29746080
644,SUP-8370-25,ST,20657,29746080
656,SUP-8370-25,ST,20657,29746080
656,SUP-8370-25,ST,20657,29746080
644,SUP-8370-25,ST,20657,29746080
341,SUP-7722-24,SM / SM.F / SR,20657,29746080
325,SUP-8370-25,SM / SM.F / SR,20657,29746080
614,SUP-8370-25,SP,20657,29746080
223,SUP-8370-25,SM / SM.F / SR,20657,29746080
223,SUP-8370-25,SM / SM.F / SR,20657,29746080
577,SUP-7133-24,SP,20657,29746080
577,SUP-7133-24,SP,20657,29746080
635,SUP-8408-26,SP,20657,29746080
635,SUP-8408-26,SP,20657,29746080
nome:Andre Luiz Silva dos Santos,SUP-8408-26,SP,20657,29746080
635,SUP-8408-26,SP,20657,29746080
nome:Andre Luiz Silva dos Santos,SUP-8408-26,SP,20657,29746080
nome:Andre Luiz Silva dos Santos,SUP-8408-26,SP,20657,29746080
635,SUP-8408-26,SP,20657,29746080
378,SUP-7128-24,SM / SM.F / SR,20657,29746080
377,SUP-7285-24,SM / SM.F / SR,20658,29747520
288,SUP-7285-24,SM / SM.F / SR,20658,29747520
634,SUP-8370-25,SP,20658,29747520
634,SUP-8370-25,SP,20658,29747520
634,SUP-8370-25,SP,20658,29747520
634,SUP-8370-25,SP,20658,29747520
634,SUP-8370-25,SP,20658,29747520
523,SUP-7285-24,SP,20658,29747520
463,SUP-7285-24,SP,20658,29747520
523,SUP-7285-24,SP,20658,29747520
463,SUP-7285-24,SP,20658,29747520
600,SUP-8250-25,PI,20658,29747520
600,SUP-8250-25,PI,20658,29747520
600,SUP-8250-25,PI,20658,29747520
600,SUP-8250-25,PI,20658,29747520
600,SUP-8250-25,PI,20658,29747520
600,SUP-8250-25,PI,20658,29747520
600,SUP-8250-25,PI,20658,29747520
600,SUP-8250-25,PI,20658,29747520
600,SUP-8250-25,PI,20658,29747520
600,SUP-8250-25,PI,20658,29747520
136,SUP-7285-24,SM / SM.F / SR,20658,29747520
420,SUP-7285-24,SM / SM.F / SR,20658,29747520
471,SUP-8370-25,PI,20658,29747520
276,SUP-7133-24,SP,20658,29747520
605,SUP-7133-24,SP,20658,29747520
297,SUP-7285-24,CPTu,20658,29747520
631,SUP-8370-25,SM / SM.F / SR,20658,29747520
603,SUP-7128-24,SP,20658,29747520
605,SUP-7133-24,SP,20658,29747520
478,SUP-7133-24,ST,20658,29747520
636,SUP-7133-24,ST,20658,29747520
559,SUP-7133-24,ST,20658,29747520
478,SUP-7133-24,ST,20658,29747520
559,SUP-7133-24,ST,20658,29747520
478,SUP-7133-24,ST,20658,29747520
636,SUP-7133-24,ST,20658,29747520
478,SUP-7133-24,ST,20658,29747520
636,SUP-7133-24,ST,20658,29747520
559,SUP-7133-24,ST,20658,29747520
478,SUP-7133-24,ST,20658,29747520
559,SUP-7133-24,ST,20658,29747520
636,SUP-7133-24,ST,20658,29747520
478,SUP-7133-24,ST,20658,29747520
636,SUP-7133-24,ST,20658,29747520
478,SUP-7133-24,ST,20658,29747520
559,SUP-7133-24,ST,20658,29747520
478,SUP-7133-24,ST,20658,29747520
559,SUP-7133-24,ST,20658,29747520
559,SUP-7133-24,ST,20658,29747520
478,SUP-7133-24,ST,20658,29747520
520,SUP-7722-24,SM / SM.F / SR,20658,29747520
286,SUP-7813-24,SM / SM.F / SR,20658,29747520
655,SUP-8370-25,SP,20658,29747520
655,SUP-8370-25,SP,20658,29747520
655,SUP-8370-25,SP,20658,29747520
329,SUP-8370-25,SP,20658,29747520
607,SUP-8370-25,SP,20658,29747520
614,SUP-8370-25,SP,20658,29747520
223,SUP-8370-25,SM / SM.F / SR,20658,29747520
164,SUP-8370-25,SM / SM.F / SR,20658,29747520
577,SUP-7133-24,SP,20658,29747520
637,SUP-8408-26,SP,20658,29747520
635,SUP-8408-26,SP,20658,29747520
378,SUP-7128-24,SM / SM.F / SR,20658,29747520
663,SUP-7133-24,SP,20658,29747520
640,SUP-7722-24,SP,20659,29748960
641,SUP-7722-24,SP,20659,29748960
364,SUP-7285-24,SM / SM.F / SR,20659,29748960
634,SUP-8370-25,SP,20659,29748960
634,SUP-8370-25,SP,20659,29748960
600,SUP-8250-25,PI,20659,29748960
600,SUP-8250-25,PI,20659,29748960
600,SUP-8250-25,PI,20659,29748960
276,SUP-7133-24,SP,20659,29748960
605,SUP-7133-24,SP,20659,29748960
297,SUP-7285-24,CPTu,20659,29748960
154,SUP-7593-24,SP,20659,29748960
154,SUP-7593-24,SP,20659,29748960
478,SUP-7133-24,ST,20659,29748960
478,SUP-7133-24,ST,20659,29748960
478,SUP-7133-24,ST,20659,29748960
559,SUP-7133-24,ST,20659,29748960
559,SUP-7133-24,ST,20659,29748960
478,SUP-7133-24,ST,20659,29748960
559,SUP-7133-24,ST,20659,29748960
636,SUP-7133-24,ST,20659,29748960
478,SUP-7133-24,ST,20659,29748960
559,SUP-7133-24,ST,20659,29748960
636,SUP-7133-24,ST,20659,29748960
478,SUP-7133-24,ST,20659,29748960
559,SUP-7133-24,ST,20659,29748960
559,SUP-7133-24,ST,20659,29748960
478,SUP-7133-24,ST,20659,29748960
636,SUP-7133-24,ST,20659,29748960
559,SUP-7133-24,ST,20659,29748960
478,SUP-7133-24,ST,20659,29748960
636,SUP-7133-24,ST,20659,29748960
559,SUP-7133-24,ST,20659,29748960
478,SUP-7133-24,ST,20659,29748960
559,SUP-7133-24,ST,20659,29748960
636,SUP-7133-24,ST,20659,29748960
559,SUP-7133-24,ST,20659,29748960
559,SUP-7133-24,ST,20659,29748960
478,SUP-7133-24,ST,20659,29748960
636,SUP-7133-24,ST,20659,29748960
559,SUP-7133-24,ST,20659,29748960
603,SUP-7128-24,SP,20659,29748960
143,SUP-7285-24,ST,20659,29748960
519,SUP-7285-24,ST,20659,29748960
361,SUP-7285-24,ST,20659,29748960
586,SUP-7285-24,ST,20659,29748960
143,SUP-7285-24,ST,20659,29748960
519,SUP-7285-24,ST,20659,29748960
361,SUP-7285-24,ST,20659,29748960
586,SUP-7285-24,ST,20659,29748960
536,SUP-7285-24,ST,20659,29748960
143,SUP-7285-24,ST,20659,29748960
586,SUP-7285-24,ST,20659,29748960
519,SUP-7285-24,ST,20659,29748960
361,SUP-7285-24,ST,20659,29748960
143,SUP-7285-24,ST,20659,29748960
536,SUP-7285-24,ST,20659,29748960
143,SUP-7285-24,ST,20659,29748960
361,SUP-7285-24,ST,20659,29748960
519,SUP-7285-24,ST,20659,29748960
586,SUP-7285-24,ST,20659,29748960
143,SUP-7285-24,ST,20659,29748960
361,SUP-7285-24,ST,20659,29748960
519,SUP-7285-24,ST,20659,29748960
663,SUP-7133-24,SP,20659,29748960
136,SUP-7285-24,SM / SM.F / SR,20659,29748960
337,SUP-7285-24,SM / SM.F / SR,20659,29748960
286,SUP-7813-24,SP,20659,29748960
607,SUP-8370-25,SP,20659,29748960
607,SUP-8370-25,SP,20659,29748960
607,SUP-8370-25,SP,20659,29748960
607,SUP-8370-25,SP,20659,29748960
655,SUP-8370-25,SP,20659,29748960
607,SUP-8370-25,SP,20659,29748960
325,SUP-8370-25,SM / SM.F / SR,20659,29748960
471,SUP-8370-25,ST,20659,29748960
603,SUP-7128-24,SP,20659,29748960
577,SUP-7133-24,SP,20659,29748960
635,SUP-8408-26,SP,20659,29748960
648,SUP-8370-25,SP,20659,29748960
648,SUP-8370-25,SP,20659,29748960
378,SUP-7128-24,SM / SM.F / SR,20659,29748960
337,SUP-7285-24,SM / SM.F / SR,20659,29748960
634,SUP-8370-25,SP,20660,29750400
600,SUP-8250-25,PI,20660,29750400
362,SUP-7285-24,SM / SM.F / SR,20660,29750400
664,SUP-7593-24,SP,20660,29750400
664,SUP-7593-24,SP,20660,29750400
478,SUP-7133-24,ST,20660,29750400
636,SUP-7133-24,ST,20660,29750400
478,SUP-7133-24,ST,20660,29750400
559,SUP-7133-24,ST,20660,29750400
478,SUP-7133-24,ST,20660,29750400
559,SUP-7133-24,ST,20660,29750400
478,SUP-7133-24,ST,20660,29750400
559,SUP-7133-24,ST,20660,29750400
478,SUP-7133-24,ST,20660,29750400
559,SUP-7133-24,ST,20660,29750400
636,SUP-7133-24,ST,20660,29750400
478,SUP-7133-24,ST,20660,29750400
559,SUP-7133-24,ST,20660,29750400
636,SUP-7133-24,ST,20660,29750400
559,SUP-7133-24,ST,20660,29750400
478,SUP-7133-24,ST,20660,29750400
478,SUP-7133-24,ST,20660,29750400
559,SUP-7133-24,ST,20660,29750400
559,SUP-7133-24,ST,20660,29750400
636,SUP-7133-24,ST,20660,29750400
478,SUP-7133-24,ST,20660,29750400
559,SUP-7133-24,ST,20660,29750400
636,SUP-7133-24,ST,20660,29750400
559,SUP-7133-24,ST,20660,29750400
478,SUP-7133-24,ST,20660,29750400
636,SUP-7133-24,ST,20660,29750400
478,SUP-7133-24,ST,20660,29750400
559,SUP-7133-24,ST,20660,29750400
636,SUP-7133-24,ST,20660,29750400
478,SUP-7133-24,ST,20660,29750400
559,SUP-7133-24,ST,20660,29750400
636,SUP-7133-24,ST,20660,29750400
478,SUP-7133-24,ST,20660,29750400
559,SUP-7133-24,ST,20660,29750400
636,SUP-7133-24,ST,20660,29750400
559,SUP-7133-24,ST,20660,29750400
478,SUP-7133-24,ST,20660,29750400
636,SUP-7133-24,ST,20660,29750400
478,SUP-7133-24,ST,20660,29750400
559,SUP-7133-24,ST,20660,29750400
468,SUP-6806-23,SM / SM.F / SR,20660,29750400
603,SUP-7128-24,SP,20660,29750400
361,SUP-7285-24,ST,20660,29750400
519,SUP-7285-24,ST,20660,29750400
519,SUP-7285-24,ST,20660,29750400
361,SUP-7285-24,ST,20660,29750400
361,SUP-7285-24,ST,20660,29750400
519,SUP-7285-24,ST,20660,29750400
143,SUP-7285-24,ST,20660,29750400
143,SUP-7285-24,ST,20660,29750400
519,SUP-7285-24,ST,20660,29750400
361,SUP-7285-24,ST,20660,29750400
143,SUP-7285-24,ST,20660,29750400
536,SUP-7285-24,ST,20660,29750400
586,SUP-7285-24,ST,20660,29750400
143,SUP-7285-24,ST,20660,29750400
143,SUP-7285-24,ST,20660,29750400
536,SUP-7285-24,ST,20660,29750400
586,SUP-7285-24,ST,20660,29750400
143,SUP-7285-24,ST,20660,29750400
586,SUP-7285-24,ST,20660,29750400
536,SUP-7285-24,ST,20660,29750400
586,SUP-7285-24,ST,20660,29750400
536,SUP-7285-24,ST,20660,29750400
586,SUP-7285-24,ST,20660,29750400
586,SUP-7285-24,ST,20660,29750400
536,SUP-7285-24,ST,20660,29750400
361,SUP-7285-24,ST,20660,29750400
519,SUP-7285-24,ST,20660,29750400
536,SUP-7285-24,ST,20660,29750400
586,SUP-7285-24,ST,20660,29750400
600,SUP-8250-25,ST,20660,29750400
605,SUP-7133-24,SP,20660,29750400
605,SUP-7133-24,SP,20660,29750400
663,SUP-7133-24,SP,20660,29750400
644,SUP-8370-25,ST,20660,29750400
644,SUP-8370-25,ST,20660,29750400
656,SUP-8370-25,ST,20660,29750400
651,SUP-8370-25,ST,20660,29750400
656,SUP-8370-25,ST,20660,29750400
651,SUP-8370-25,ST,20660,29750400
656,SUP-8370-25,ST,20660,29750400
651,SUP-8370-25,ST,20660,29750400
655,SUP-8370-25,SP,20660,29750400
607,SUP-8370-25,SP,20660,29750400
329,SUP-8370-25,SP,20660,29750400
614,SUP-8370-25,SP,20660,29750400
644,SUP-8370-25,ST,20660,29750400
644,SUP-8370-25,ST,20660,29750400
644,SUP-8370-25,ST,20660,29750400
644,SUP-8370-25,ST,20660,29750400
164,SUP-8370-25,SM / SM.F / SR,20660,29750400
577,SUP-7133-24,SP,20660,29750400
635,SUP-8408-26,SP,20660,29750400
637,SUP-8408-26,SP,20660,29750400
635,SUP-8408-26,SP,20660,29750400
637,SUP-8408-26,SP,20660,29750400
648,SUP-8370-25,SP,20660,29750400
664,SUP-7593-24,SP,20660,29750400
663,SUP-7133-24,SP,20660,29750400
640,SUP-7722-24,SP,20661,29751840
641,SUP-7722-24,SP,20661,29751840
640,SUP-7722-24,SP,20661,29751840
377,SUP-7285-24,SM / SM.F / SR,20661,29751840
519,SUP-7285-24,ST,20661,29751840
143,SUP-7285-24,ST,20661,29751840
614,SUP-8370-25,SP,20661,29751840
627,SUP-7285-24,SM / SM.F / SR,20661,29751840
523,SUP-7285-24,SP,20661,29751840
463,SUP-7285-24,SP,20661,29751840
600,SUP-8250-25,PI,20661,29751840
600,SUP-8250-25,PI,20661,29751840
600,SUP-8250-25,PI,20661,29751840
600,SUP-8250-25,PI,20661,29751840
600,SUP-8250-25,PI,20661,29751840
600,SUP-8250-25,PI,20661,29751840
600,SUP-8250-25,PI,20661,29751840
600,SUP-8250-25,PI,20661,29751840
600,SUP-8250-25,PI,20661,29751840
600,SUP-8250-25,PI,20661,29751840
605,SUP-7133-24,SP,20661,29751840
121,SUP-7285-24,SM / SM.F / SR,20661,29751840
428,SUP-7593-24,SM / SM.F / SR,20661,29751840
478,SUP-7133-24,ST,20661,29751840
636,SUP-7133-24,ST,20661,29751840
478,SUP-7133-24,ST,20661,29751840
636,SUP-7133-24,ST,20661,29751840
559,SUP-7133-24,ST,20661,29751840
478,SUP-7133-24,ST,20661,29751840
559,SUP-7133-24,ST,20661,29751840
636,SUP-7133-24,ST,20661,29751840
559,SUP-7133-24,ST,20661,29751840
478,SUP-7133-24,ST,20661,29751840
478,SUP-7133-24,ST,20661,29751840
478,SUP-7133-24,ST,20661,29751840
559,SUP-7133-24,ST,20661,29751840
559,SUP-7133-24,ST,20661,29751840
478,SUP-7133-24,ST,20661,29751840
636,SUP-7133-24,ST,20661,29751840
559,SUP-7133-24,ST,20661,29751840
478,SUP-7133-24,ST,20661,29751840
559,SUP-7133-24,ST,20661,29751840
478,SUP-7133-24,ST,20661,29751840
636,SUP-7133-24,ST,20661,29751840
559,SUP-7133-24,ST,20661,29751840
559,SUP-7133-24,ST,20661,29751840
636,SUP-7133-24,ST,20661,29751840
559,SUP-7133-24,ST,20661,29751840
631,SUP-8370-25,SM / SM.F / SR,20661,29751840
603,SUP-7128-24,SP,20661,29751840
603,SUP-7128-24,SP,20661,29751840
143,SUP-7285-24,ST,20661,29751840
361,SUP-7285-24,ST,20661,29751840
536,SUP-7285-24,ST,20661,29751840
586,SUP-7285-24,ST,20661,29751840
143,SUP-7285-24,ST,20661,29751840
536,SUP-7285-24,ST,20661,29751840
586,SUP-7285-24,ST,20661,29751840
519,SUP-7285-24,ST,20661,29751840
361,SUP-7285-24,ST,20661,29751840
143,SUP-7285-24,ST,20661,29751840
519,SUP-7285-24,ST,20661,29751840
361,SUP-7285-24,ST,20661,29751840
276,SUP-7133-24,SP,20661,29751840
663,SUP-7133-24,SP,20661,29751840
656,SUP-8370-25,ST,20661,29751840
644,SUP-8370-25,ST,20661,29751840
651,SUP-8370-25,ST,20661,29751840
651,SUP-8370-25,ST,20661,29751840
656,SUP-8370-25,ST,20661,29751840
644,SUP-8370-25,ST,20661,29751840
656,SUP-8370-25,ST,20661,29751840
644,SUP-8370-25,ST,20661,29751840
651,SUP-8370-25,ST,20661,29751840
656,SUP-8370-25,ST,20661,29751840
644,SUP-8370-25,ST,20661,29751840
651,SUP-8370-25,ST,20661,29751840
656,SUP-8370-25,ST,20661,29751840
644,SUP-8370-25,ST,20661,29751840
79,SUP-7722-24,SM / SM.F / SR,20661,29751840
286,SUP-7813-24,SP,20661,29751840
655,SUP-8370-25,SP,20661,29751840
329,SUP-8370-25,SP,20661,29751840
329,SUP-8370-25,SP,20661,29751840
329,SUP-8370-25,SP,20661,29751840
648,SUP-8370-25,SP,20661,29751840
329,SUP-8370-25,SP,20661,29751840
329,SUP-8370-25,SP,20661,29751840
297,SUP-8370-25,VT,20661,29751840
175,SUP-8370-25,SH,20661,29751840
164,SUP-8370-25,SM / SM.F / SR,20661,29751840
577,SUP-7133-24,SP,20661,29751840
635,SUP-8408-26,SP,20661,29751840
637,SUP-8408-26,SP,20661,29751840
648,SUP-8370-25,SP,20661,29751840
614,SUP-8370-25,SP,20661,29751840
378,SUP-7128-24,SM / SM.F / SR,20661,29751840
121,SUP-7285-24,SM / SM.F / SR,20661,29751840
640,SUP-7722-24,SP,20662,29753280
640,SUP-7722-24,SP,20662,29753280
641,SUP-7722-24,SP,20662,29753280
288,SUP-7285-24,SM / SM.F / SR,20662,29753280
143,SUP-7285-24,ST,20662,29753280
519,SUP-7285-24,ST,20662,29753280
143,SUP-7285-24,ST,20662,29753280
143,SUP-7285-24,ST,20662,29753280
519,SUP-7285-24,ST,20662,29753280
614,SUP-8370-25,SP,20662,29753280
614,SUP-8370-25,SP,20662,29753280
634,SUP-8370-25,SP,20662,29753280
463,SUP-7285-24,SP,20662,29753280
523,SUP-7285-24,SP,20662,29753280
600,SUP-8250-25,PI,20662,29753280
600,SUP-8250-25,PI,20662,29753280
600,SUP-8250-25,PI,20662,29753280
600,SUP-8250-25,PI,20662,29753280
600,SUP-8250-25,PI,20662,29753280
600,SUP-8250-25,PI,20662,29753280
600,SUP-8250-25,PI,20662,29753280
600,SUP-8250-25,PI,20662,29753280
600,SUP-8250-25,PI,20662,29753280
600,SUP-8250-25,PI,20662,29753280
600,SUP-8250-25,PI,20662,29753280
600,SUP-8250-25,PI,20662,29753280
362,SUP-7285-24,SM / SM.F / SR,20662,29753280
664,SUP-7593-24,SP,20662,29753280
154,SUP-6248-25 (Adt1),SP,20662,29753280
154,SUP-6248-25 (Adt1),SP,20662,29753280
471,SUP-8370-25,PI,20662,29753280
471,SUP-8370-25,PI,20662,29753280
663,SUP-7133-24,SP,20662,29753280
276,SUP-7133-24,SP,20662,29753280
663,SUP-7133-24,SP,20662,29753280
361,SUP-7285-24,ST,20662,29753280
478,SUP-7133-24,ST,20662,29753280
636,SUP-7133-24,ST,20662,29753280
478,SUP-7133-24,ST,20662,29753280
636,SUP-7133-24,ST,20662,29753280
478,SUP-7133-24,ST,20662,29753280
559,SUP-7133-24,ST,20662,29753280
636,SUP-7133-24,ST,20662,29753280
478,SUP-7133-24,ST,20662,29753280
559,SUP-7133-24,ST,20662,29753280
559,SUP-7133-24,ST,20662,29753280
636,SUP-7133-24,ST,20662,29753280
478,SUP-7133-24,ST,20662,29753280
559,SUP-7133-24,ST,20662,29753280
636,SUP-7133-24,ST,20662,29753280
478,SUP-7133-24,ST,20662,29753280
636,SUP-7133-24,ST,20662,29753280
559,SUP-7133-24,ST,20662,29753280
559,SUP-7133-24,ST,20662,29753280
478,SUP-7133-24,ST,20662,29753280
636,SUP-7133-24,ST,20662,29753280
559,SUP-7133-24,ST,20662,29753280
636,SUP-7133-24,ST,20662,29753280
478,SUP-7133-24,ST,20662,29753280
559,SUP-7133-24,ST,20662,29753280
636,SUP-7133-24,ST,20662,29753280
468,SUP-6806-23,SM / SM.F / SR,20662,29753280
536,SUP-7285-24,ST,20662,29753280
361,SUP-7285-24,ST,20662,29753280
361,SUP-7285-24,ST,20662,29753280
519,SUP-7285-24,ST,20662,29753280
586,SUP-7285-24,ST,20662,29753280
605,SUP-7133-24,SP,20662,29753280
605,SUP-7133-24,SP,20662,29753280
373,SUP-7285-24,SM / SM.F / SR,20662,29753280
651,SUP-8370-25,ST,20662,29753280
644,SUP-8370-25,ST,20662,29753280
644,SUP-8370-25,ST,20662,29753280
651,SUP-8370-25,ST,20662,29753280
644,SUP-8370-25,ST,20662,29753280
656,SUP-8370-25,ST,20662,29753280
651,SUP-8370-25,ST,20662,29753280
651,SUP-8370-25,ST,20662,29753280
520,SUP-7722-24,SM / SM.F / SR,20662,29753280
512,SUP-8408-26,SM / SM.F / SR,20662,29753280
585,SUP-8408-26,SM / SM.F / SR,20662,29753280
329,SUP-8370-25,SP,20662,29753280
329,SUP-8370-25,SP,20662,29753280
329,SUP-8370-25,SP,20662,29753280
329,SUP-8370-25,SP,20662,29753280
329,SUP-8370-25,SP,20662,29753280
329,SUP-8370-25,SP,20662,29753280
329,SUP-8370-25,SP,20662,29753280
607,SUP-8370-25,SP,20662,29753280
644,SUP-8370-25,ST,20662,29753280
644,SUP-8370-25,ST,20662,29753280
644,SUP-8370-25,ST,20662,29753280
644,SUP-8370-25,ST,20662,29753280
644,SUP-8370-25,ST,20662,29753280
286,SUP-7813-24,SM / SM.F / SR,20662,29753280
223,SUP-8370-25,SM / SM.F / SR,20662,29753280
175,SUP-8370-25,CPTu,20662,29753280
164,SUP-8370-25,SM / SM.F / SR,20662,29753280
325,SUP-8370-25,SM / SM.F / SR,20662,29753280
603,SUP-7128-24,SP,20662,29753280
143,SUP-7285-24,ST,20662,29753280
143,SUP-7285-24,ST,20662,29753280
361,SUP-7285-24,ST,20662,29753280
143,SUP-7285-24,ST,20662,29753280
143,SUP-7285-24,ST,20662,29753280
361,SUP-7285-24,ST,20662,29753280
519,SUP-7285-24,ST,20662,29753280
143,SUP-7285-24,ST,20662,29753280
577,SUP-7133-24,SP,20662,29753280
577,SUP-7133-24,SP,20662,29753280
635,SUP-8408-26,SP,20662,29753280
637,SUP-8408-26,SP,20662,29753280
648,SUP-8370-25,SP,20662,29753280
634,SUP-8370-25,SP,20662,29753280
568,SUP-8224-25 (PR),SP,20662,29753280
171,SUP-8224-25 (PR),SP,20662,29753280
321,SUP-8224-25 (PR),SP,20662,29753280
378,SUP-7128-24,SM / SM.F / SR,20662,29753280
603,SUP-7128-24,SP,20662,29753280
362,SUP-7285-24,SM / SM.F / SR,20662,29753280
663,SUP-7133-24,SP,20662,29753280
585,SUP-8408-26,SM / SM.F / SR,20662,29753280
512,SUP-8408-26,SM / SM.F / SR,20662,29753280
286,SUP-7813-24,SM / SM.F / SR,20662,29753280
640,SUP-7722-24,SP,20663,29754720
641,SUP-7722-24,SP,20663,29754720
377,SUP-7285-24,SM / SM.F / SR,20663,29754720
143,SUP-7285-24,ST,20663,29754720
143,SUP-7285-24,ST,20663,29754720
143,SUP-7285-24,ST,20663,29754720
361,SUP-7285-24,ST,20663,29754720
536,SUP-7285-24,ST,20663,29754720
519,SUP-7285-24,ST,20663,29754720
519,SUP-7285-24,ST,20663,29754720
523,SUP-7285-24,SP,20663,29754720
136,SUP-7285-24,SM / SM.F / SR,20663,29754720
523,SUP-7285-24,SP,20663,29754720
463,SUP-7285-24,SP,20663,29754720
600,SUP-8250-25,PI,20663,29754720
600,SUP-8250-25,PI,20663,29754720
600,SUP-8250-25,PI,20663,29754720
600,SUP-8250-25,PI,20663,29754720
600,SUP-8250-25,PI,20663,29754720
600,SUP-8250-25,PI,20663,29754720
600,SUP-8250-25,PI,20663,29754720
600,SUP-8250-25,PI,20663,29754720
600,SUP-8250-25,PI,20663,29754720
600,SUP-8250-25,PI,20663,29754720
600,SUP-8250-25,PI,20663,29754720
600,SUP-8250-25,PI,20663,29754720
600,SUP-8250-25,PI,20663,29754720
600,SUP-8250-25,PI,20663,29754720
600,SUP-8250-25,PI,20663,29754720
600,SUP-8250-25,PI,20663,29754720
600,SUP-8250-25,PI,20663,29754720
664,SUP-7593-24,SP,20663,29754720
471,SUP-8370-25,PI,20663,29754720
276,SUP-7133-24,SP,20663,29754720
428,SUP-7593-24,SM / SM.F / SR,20663,29754720
478,SUP-7133-24,ST,20663,29754720
559,SUP-7133-24,ST,20663,29754720
478,SUP-7133-24,ST,20663,29754720
559,SUP-7133-24,ST,20663,29754720
603,SUP-7128-24,SP,20663,29754720
644,SUP-8370-25,ST,20663,29754720
644,SUP-8370-25,ST,20663,29754720
644,SUP-8370-25,ST,20663,29754720
651,SUP-8370-25,ST,20663,29754720
644,SUP-8370-25,ST,20663,29754720
651,SUP-8370-25,ST,20663,29754720
644,SUP-8370-25,ST,20663,29754720
329,SUP-8370-25,SP,20663,29754720
655,SUP-8370-25,SP,20663,29754720
607,SUP-8370-25,SP,20663,29754720
651,SUP-8370-25,ST,20663,29754720
656,SUP-8370-25,ST,20663,29754720
644,SUP-8370-25,ST,20663,29754720
651,SUP-8370-25,ST,20663,29754720
656,SUP-8370-25,ST,20663,29754720
656,SUP-8370-25,ST,20663,29754720
286,SUP-7813-24,SM / SM.F / SR,20663,29754720
297,SUP-8370-25,VT,20663,29754720
175,SUP-8370-25,CPTu,20663,29754720
175,SUP-8370-25,SH,20663,29754720
175,SUP-8370-25,CPTu,20663,29754720
175,SUP-8370-25,SH,20663,29754720
297,SUP-8370-25,VT,20663,29754720
164,SUP-8370-25,SM / SM.F / SR,20663,29754720
143,SUP-7285-24,ST,20663,29754720
586,SUP-7285-24,ST,20663,29754720
536,SUP-7285-24,ST,20663,29754720
361,SUP-7285-24,ST,20663,29754720
586,SUP-7285-24,ST,20663,29754720
361,SUP-7285-24,ST,20663,29754720
143,SUP-7285-24,ST,20663,29754720
519,SUP-7285-24,ST,20663,29754720
143,SUP-7285-24,ST,20663,29754720
361,SUP-7285-24,ST,20663,29754720
586,SUP-7285-24,ST,20663,29754720
143,SUP-7285-24,ST,20663,29754720
536,SUP-7285-24,ST,20663,29754720
586,SUP-7285-24,ST,20663,29754720
143,SUP-7285-24,ST,20663,29754720
361,SUP-7285-24,ST,20663,29754720
536,SUP-7285-24,ST,20663,29754720
586,SUP-7285-24,ST,20663,29754720
577,SUP-7133-24,SP,20663,29754720
637,SUP-8408-26,SP,20663,29754720
635,SUP-8408-26,SP,20663,29754720
648,SUP-8370-25,SP,20663,29754720
614,SUP-8370-25,SP,20663,29754720
634,SUP-8370-25,SP,20663,29754720
571,SUP-8224-25 (PR),SP,20663,29754720
171,SUP-8224-25 (PR),SP,20663,29754720
568,SUP-8224-25 (PR),SP,20663,29754720
299,SUP-8224-25 (PR),SP,20663,29754720
377,SUP-7285-24,SM / SM.F / SR,20663,29754720
136,SUP-7285-24,SM / SM.F / SR,20663,29754720
664,SUP-7593-24,SP,20663,29754720
663,SUP-7133-24,SP,20663,29754720
286,SUP-7813-24,SM / SM.F / SR,20663,29754720
361,SUP-7285-24,ST,20664,29756160
143,SUP-7285-24,ST,20664,29756160
586,SUP-7285-24,ST,20664,29756160
361,SUP-7285-24,ST,20664,29756160
586,SUP-7285-24,ST,20664,29756160
361,SUP-7285-24,ST,20664,29756160
463,SUP-7285-24,SP,20664,29756160
463,SUP-7285-24,SP,20664,29756160
600,SUP-8250-25,PI,20664,29756160
600,SUP-8250-25,PI,20664,29756160
600,SUP-8250-25,PI,20664,29756160
600,SUP-8250-25,PI,20664,29756160
600,SUP-8250-25,PI,20664,29756160
600,SUP-8250-25,PI,20664,29756160
600,SUP-8250-25,PI,20664,29756160
600,SUP-8250-25,PI,20664,29756160
600,SUP-8250-25,PI,20664,29756160
154,SUP-6248-25 (Adt1),SP,20664,29756160
663,SUP-7133-24,SP,20664,29756160
636,SUP-7133-24,ST,20664,29756160
636,SUP-7133-24,ST,20664,29756160
636,SUP-7133-24,ST,20664,29756160
559,SUP-7133-24,ST,20664,29756160
478,SUP-7133-24,ST,20664,29756160
559,SUP-7133-24,ST,20664,29756160
559,SUP-7133-24,ST,20664,29756160
478,SUP-7133-24,ST,20664,29756160
631,SUP-8370-25,SM / SM.F / SR,20664,29756160
603,SUP-7128-24,SP,20664,29756160
536,SUP-7285-24,ST,20664,29756160
536,SUP-7285-24,ST,20664,29756160
536,SUP-7285-24,ST,20664,29756160
586,SUP-7285-24,ST,20664,29756160
536,SUP-7285-24,ST,20664,29756160
536,SUP-7285-24,ST,20664,29756160
536,SUP-7285-24,ST,20664,29756160
594,SUP-7133-24,SP,20664,29756160
605,SUP-7133-24,SP,20664,29756160
605,SUP-7133-24,SP,20664,29756160
373,SUP-7285-24,SM / SM.F / SR,20664,29756160
463,SUP-7285-24,SP,20664,29756160
523,SUP-7285-24,SP,20664,29756160
420,SUP-7285-24,SM / SM.F / SR,20664,29756160
143,SUP-7285-24,ST,20664,29756160
361,SUP-7285-24,ST,20664,29756160
519,SUP-7285-24,ST,20664,29756160
143,SUP-7285-24,ST,20664,29756160
519,SUP-7285-24,ST,20664,29756160
143,SUP-7285-24,ST,20664,29756160
519,SUP-7285-24,ST,20664,29756160
519,SUP-7285-24,ST,20664,29756160
143,SUP-7285-24,ST,20664,29756160
143,SUP-7285-24,ST,20664,29756160
519,SUP-7285-24,ST,20664,29756160
143,SUP-7285-24,ST,20664,29756160
143,SUP-7285-24,ST,20664,29756160
519,SUP-7285-24,ST,20664,29756160
655,SUP-8370-25,SP,20664,29756160
607,SUP-8370-25,SP,20664,29756160
329,SUP-8370-25,SP,20664,29756160
648,SUP-8370-25,SP,20664,29756160
634,SUP-8370-25,SP,20664,29756160
614,SUP-8370-25,SP,20664,29756160
571,SUP-8224-25 (PR),SP,20664,29756160
571,SUP-8224-25 (PR),SP,20664,29756160
571,SUP-8224-25 (PR),SP,20664,29756160
571,SUP-8224-25 (PR),SP,20664,29756160
571,SUP-8224-25 (PR),SP,20664,29756160
299,SUP-8224-25 (PR),SP,20664,29756160
325,SUP-8370-25,SM / SM.F / SR,20664,29756160
361,SUP-7285-24,ST,20664,29756160
361,SUP-7285-24,ST,20664,29756160
586,SUP-7285-24,ST,20664,29756160
361,SUP-7285-24,ST,20664,29756160
361,SUP-7285-24,ST,20664,29756160
586,SUP-7285-24,ST,20664,29756160
586,SUP-7285-24,ST,20664,29756160
577,SUP-7133-24,SP,20664,29756160
341,SUP-7769-24,SM / SM.F / SR,20664,29756160
635,SUP-8408-26,SP,20664,29756160
637,SUP-8408-26,SP,20664,29756160
635,SUP-8408-26,SP,20664,29756160
171,SUP-8224-25 (PR),SP,20664,29756160
568,SUP-8224-25 (PR),SP,20664,29756160
171,SUP-8224-25 (PR),SP,20664,29756160
568,SUP-8224-25 (PR),SP,20664,29756160
321,SUP-8224-25 (PR),SP,20664,29756160
571,SUP-8224-25 (PR),SP,20664,29756160
571,SUP-8224-25 (PR),SP,20664,29756160
571,SUP-8224-25 (PR),SP,20664,29756160
299,SUP-8224-25 (PR),SP,20664,29756160
378,SUP-7128-24,SM / SM.F / SR,20664,29756160
559,SUP-7133-24,ST,20664,29756160
373,SUP-7285-24,SM / SM.F / SR,20664,29756160
420,SUP-7285-24,SM / SM.F / SR,20664,29756160
341,SUP-7769-24,SM / SM.F / SR,20664,29756160
640,SUP-7722-24,SP,20665,29757600
640,SUP-7722-24,SP,20665,29757600
288,SUP-7285-24,SP,20665,29757600
364,SUP-7285-24,SP,20665,29757600
377,SUP-7285-24,SM / SM.F / SR,20665,29757600
519,SUP-7285-24,ST,20665,29757600
361,SUP-7285-24,ST,20665,29757600
361,SUP-7285-24,ST,20665,29757600
361,SUP-7285-24,ST,20665,29757600
519,SUP-7285-24,ST,20665,29757600
361,SUP-7285-24,ST,20665,29757600
143,SUP-7285-24,ST,20665,29757600
536,SUP-7285-24,ST,20665,29757600
536,SUP-7285-24,ST,20665,29757600
536,SUP-7285-24,ST,20665,29757600
523,SUP-7285-24,SP,20665,29757600
463,SUP-7285-24,SP,20665,29757600
463,SUP-7285-24,SP,20665,29757600
523,SUP-7285-24,SP,20665,29757600
627,SUP-7285-24,SM / SM.F / SR,20665,29757600
600,SUP-8250-25,PI,20665,29757600
600,SUP-8250-25,PI,20665,29757600
663,SUP-7133-24,SP,20665,29757600
143,SUP-7285-24,ST,20665,29757600
143,SUP-7285-24,ST,20665,29757600
636,SUP-7133-24,ST,20665,29757600
559,SUP-7133-24,ST,20665,29757600
478,SUP-7133-24,ST,20665,29757600
559,SUP-7133-24,ST,20665,29757600
636,SUP-7133-24,ST,20665,29757600
559,SUP-7133-24,ST,20665,29757600
636,SUP-7133-24,ST,20665,29757600
559,SUP-7133-24,ST,20665,29757600
636,SUP-7133-24,ST,20665,29757600
559,SUP-7133-24,ST,20665,29757600
636,SUP-7133-24,ST,20665,29757600
559,SUP-7133-24,ST,20665,29757600
559,SUP-7133-24,ST,20665,29757600
636,SUP-7133-24,ST,20665,29757600
478,SUP-7133-24,ST,20665,29757600
559,SUP-7133-24,ST,20665,29757600
626,SUP-7593-24,SP,20665,29757600
586,SUP-7285-24,ST,20665,29757600
586,SUP-7285-24,ST,20665,29757600
586,SUP-7285-24,ST,20665,29757600
586,SUP-7285-24,ST,20665,29757600
594,SUP-7133-24,SP,20665,29757600
605,SUP-7133-24,SP,20665,29757600
605,SUP-7133-24,SP,20665,29757600
605,SUP-7133-24,SP,20665,29757600
605,SUP-7133-24,SP,20665,29757600
605,SUP-7133-24,SP,20665,29757600
605,SUP-7133-24,SP,20665,29757600
605,SUP-7133-24,SP,20665,29757600
644,SUP-6806-23,ST,20665,29757600
644,SUP-6806-23,ST,20665,29757600
644,SUP-6806-23,ST,20665,29757600
644,SUP-6806-23,ST,20665,29757600
644,SUP-6806-23,ST,20665,29757600
644,SUP-6806-23,ST,20665,29757600
644,SUP-6806-23,ST,20665,29757600
143,SUP-7285-24,ST,20665,29757600
519,SUP-7285-24,ST,20665,29757600
143,SUP-7285-24,ST,20665,29757600
361,SUP-7285-24,ST,20665,29757600
519,SUP-7285-24,ST,20665,29757600
361,SUP-7285-24,ST,20665,29757600
361,SUP-7285-24,ST,20665,29757600
519,SUP-7285-24,ST,20665,29757600
607,SUP-8370-25,SP,20665,29757600
655,SUP-8370-25,SP,20665,29757600
607,SUP-8370-25,SP,20665,29757600
468,SUP-6806-23,SM / SM.F / SR,20665,29757600
648,SUP-8370-25,SP,20665,29757600
668,SUP-8370-25,SP,20665,29757600
614,SUP-8370-25,SP,20665,29757600
297,SUP-8370-25,VT,20665,29757600
175,SUP-8370-25,CPTu,20665,29757600
175,SUP-8370-25,CPTu,20665,29757600
297,SUP-8370-25,VT,20665,29757600
175,SUP-8370-25,SH,20665,29757600
164,SUP-8370-25,SM / SM.F / SR,20665,29757600
603,SUP-7128-24,SP,20665,29757600
656,SUP-6806-23,ST,20665,29757600
656,SUP-6806-23,ST,20665,29757600
656,SUP-6806-23,ST,20665,29757600
651,SUP-6806-23,ST,20665,29757600
656,SUP-6806-23,ST,20665,29757600
651,SUP-6806-23,ST,20665,29757600
656,SUP-6806-23,ST,20665,29757600
651,SUP-6806-23,ST,20665,29757600
143,SUP-7285-24,ST,20665,29757600
143,SUP-7285-24,ST,20665,29757600
536,SUP-7285-24,ST,20665,29757600
143,SUP-7285-24,ST,20665,29757600
586,SUP-7285-24,ST,20665,29757600
635,SUP-8408-26,SP,20665,29757600
635,SUP-8408-26,SP,20665,29757600
635,SUP-8408-26,SP,20665,29757600
635,SUP-8408-26,SP,20665,29757600
666,SUP-8408-26,SP,20665,29757600
635,SUP-8408-26,SP,20665,29757600
666,SUP-8408-26,SP,20665,29757600
568,SUP-8224-25 (PR),SP,20665,29757600
299,SUP-8224-25 (PR),SP,20665,29757600
571,SUP-8224-25 (PR),SP,20665,29757600
321,SUP-8224-25 (PR),SP,20665,29757600
378,SUP-7128-24,SM / SM.F / SR,20665,29757600
603,SUP-7128-24,SP,20665,29757600
640,SUP-7722-24,SP,20665,29757600
640,SUP-7722-24,SP,20665,29757600
288,SUP-7285-24,SP,20665,29757600
364,SUP-7285-24,SP,20665,29757600
377,SUP-7285-24,SM / SM.F / SR,20665,29757600
627,SUP-7285-24,SM / SM.F / SR,20665,29757600
626,SUP-7593-24,SP,20665,29757600
594,SUP-7133-24,SP,20665,29757600
605,SUP-7133-24,SP,20665,29757600
644,SUP-6806-23,ST,20665,29757600
607,SUP-8370-25,SP,20665,29757600
607,SUP-8370-25,SP,20665,29757600
468,SUP-6806-23,SM / SM.F / SR,20665,29757600
648,SUP-8370-25,SP,20665,29757600
668,SUP-8370-25,SP,20665,29757600
614,SUP-8370-25,SP,20665,29757600
175,SUP-8370-25,CPTu,20665,29757600
378,SUP-7128-24,SM / SM.F / SR,20665,29757600
603,SUP-7128-24,SP,20665,29757600
640,SUP-7722-24,SP,20666,29762444
641,SUP-7722-24,SP,20666,29760005
586,SUP-7285-24,ST,20666,29760042
361,SUP-7285-24,ST,20666,29760040
586,SUP-7285-24,ST,20666,29759964
361,SUP-7285-24,ST,20666,29759960
361,SUP-7285-24,ST,20666,29759912
586,SUP-7285-24,ST,20666,29759916
361,SUP-7285-24,ST,20666,29759876
536,SUP-7285-24,ST,20666,29759858
586,SUP-7285-24,ST,20666,29759858
536,SUP-7285-24,ST,20666,29759740
586,SUP-7285-24,ST,20666,29759722
519,SUP-7285-24,ST,20666,29759705
361,SUP-7285-24,ST,20666,29759693
536,SUP-7285-24,ST,20666,29759686
143,SUP-7285-24,ST,20666,29759731
519,SUP-7285-24,ST,20666,29759657
361,SUP-7285-24,ST,20666,29759646
586,SUP-7285-24,ST,20666,29759667
361,SUP-7285-24,ST,20666,29759612
536,SUP-7285-24,ST,20666,29759606
143,SUP-7285-24,ST,20666,29759591
586,SUP-7285-24,ST,20666,29759599
519,SUP-7285-24,ST,20666,29759589
519,SUP-7285-24,ST,20666,29760028
519,SUP-7285-24,ST,20666,29760001
143,SUP-7285-24,ST,20666,29760003
143,SUP-7285-24,ST,20666,29759941
143,SUP-7285-24,ST,20666,29759880
463,SUP-7285-24,SP,20666,29759900
600,SUP-8250-25,PI,20666,29759656
577,SUP-7133-24,SP,20666,29766952
577,SUP-7133-24,SP,20666,29761135
136,SUP-7285-24,SM / SM.F / SR,20666,29764284
154,SUP-7593-24,SP,20666,29759941
154,SUP-7593-24,SP,20666,29759725
636,SUP-7133-24,ST,20666,29760010
559,SUP-7133-24,ST,20666,29760004
636,SUP-7133-24,ST,20666,29759975
559,SUP-7133-24,ST,20666,29759967
636,SUP-7133-24,ST,20666,29759952
559,SUP-7133-24,ST,20666,29759944
636,SUP-7133-24,ST,20666,29759927
559,SUP-7133-24,ST,20666,29759918
636,SUP-7133-24,ST,20666,29759911
559,SUP-7133-24,ST,20666,29759895
636,SUP-7133-24,ST,20666,29759893
559,SUP-7133-24,ST,20666,29759877
636,SUP-7133-24,ST,20666,29759872
559,SUP-7133-24,ST,20666,29759859
559,SUP-7133-24,ST,20666,29759747
559,SUP-7133-24,ST,20666,29759699
636,SUP-7133-24,ST,20666,29759695
559,SUP-7133-24,ST,20666,29759678
559,SUP-7133-24,ST,20666,29759656
559,SUP-7133-24,ST,20666,29759635
559,SUP-7133-24,ST,20666,29759615
478,SUP-7133-24,ST,20666,29759970
478,SUP-7133-24,ST,20666,29759953
478,SUP-7133-24,ST,20666,29759937
478,SUP-7133-24,ST,20666,29759922
478,SUP-7133-24,ST,20666,29759899
478,SUP-7133-24,ST,20666,29762671
478,SUP-7133-24,ST,20666,29759714
478,SUP-7133-24,ST,20666,29759689
478,SUP-7133-24,ST,20666,29759661
478,SUP-7133-24,ST,20666,29759627
631,SUP-8370-25,SM / SM.F / SR,20666,29764161
666,SUP-8276-25,SP,20666,29760015
666,SUP-8276-25,SP,20666,29760014
164,SUP-8276-25,SM / SM.F / SR,20666,29759710
164,SUP-8276-25,SM / SM.F / SR,20666,29759704
666,SUP-8276-25,SP,20666,29760013
519,SUP-7285-24,ST,20666,29759942
463,SUP-7285-24,SP,20666,29761404
276,SUP-7133-24,SP,20666,29772955
276,SUP-7133-24,SP,20666,29772955
276,SUP-7133-24,SP,20666,29772954
605,SUP-7133-24,SP,20666,29760008
605,SUP-7133-24,SP,20666,29759634
337,SUP-7285-24,SM / SM.F / SR,20666,29770055
523,SUP-7285-24,SP,20666,29759890
523,SUP-7285-24,SP,20666,29760053
512,SUP-8408-26,SM / SM.F / SR,20666,29765545
644,SUP-6806-23,ST,20666,29760098
644,SUP-6806-23,ST,20666,29759961
644,SUP-6806-23,ST,20666,29759926
644,SUP-6806-23,ST,20666,29759763
644,SUP-6806-23,ST,20666,29759721
644,SUP-6806-23,ST,20666,29784460
536,SUP-7285-24,ST,20666,29759999
361,SUP-7285-24,ST,20666,29759565
607,SUP-8370-25,SP,20666,29760062
655,SUP-8370-25,SP,20666,29760104
329,SUP-8370-25,SP,20666,29760062
520,SUP-7722-24,SM / SM.F / SR,20666,29764328
668,SUP-8370-25,SP,20666,29761184
297,SUP-8370-25,VT,20666,29759992
175,SUP-8370-25,SH,20666,29759995
175,SUP-8370-25,CPTu,20666,29759834
297,SUP-8370-25,SH,20666,29759727
175,SUP-8370-25,CPTu,20666,29759650
325,SUP-8370-25,SM / SM.F / SR,20666,29764344
603,SUP-7128-24,SP,20666,29760056
651,SUP-6806-23,ST,20666,29759711
651,SUP-6806-23,ST,20666,29759665
656,SUP-6806-23,ST,20666,29759627
428,SUP-7593-24,SM / SM.F / SR,20666,29762994
656,SUP-6806-23,ST,20666,29759781
651,SUP-6806-23,ST,20666,29759762
656,SUP-6806-23,ST,20666,29759726
651,SUP-6806-23,ST,20666,29759610
641,SUP-7722-24,SP,20667,29764290
536,SUP-7285-24,ST,20667,29761480
519,SUP-7285-24,ST,20667,29761380
361,SUP-7285-24,ST,20667,29761334
519,SUP-7285-24,ST,20667,29761294
143,SUP-7285-24,ST,20667,29761140
143,SUP-7285-24,ST,20667,29761093
519,SUP-7285-24,ST,20667,29761074
143,SUP-7285-24,ST,20667,29761050
523,SUP-7285-24,SP,20667,29761515
600,SUP-8250-25,PI,20667,29761444
577,SUP-7133-24,SP,20667,29761521
577,SUP-7133-24,SP,20667,29761491
577,SUP-7133-24,SP,20667,29761519
577,SUP-7133-24,SP,20667,29761409
577,SUP-7133-24,SP,20667,29761415
577,SUP-7133-24,SP,20667,29761361
nome:Fabio Fernando dos Santos,SUP-7285-24,SM / SM.F / SR,20667,29762908
626,SUP-7593-24,SP,20667,29761374
664,SUP-7593-24,SP,20667,29762530
154,SUP-7593-24,SP,20667,29761421
644,SUP-6806-23,ST,20667,29761361
644,SUP-6806-23,ST,20667,29761326
644,SUP-6806-23,ST,20667,29761200
644,SUP-6806-23,ST,20667,29761165
644,SUP-6806-23,ST,20667,29761131
644,SUP-6806-23,ST,20667,29761101
644,SUP-6806-23,ST,20667,29761073
663,SUP-7133-24,SP,20667,29764333
636,SUP-7133-24,ST,20667,29761447
636,SUP-7133-24,ST,20667,29761431
636,SUP-7133-24,ST,20667,29761417
636,SUP-7133-24,ST,20667,29761396
636,SUP-7133-24,ST,20667,29761382
636,SUP-7133-24,ST,20667,29761367
636,SUP-7133-24,ST,20667,29761353
636,SUP-7133-24,ST,20667,29761135
636,SUP-7133-24,ST,20667,29761123
636,SUP-7133-24,ST,20667,29761091
636,SUP-7133-24,ST,20667,29761069
636,SUP-7133-24,ST,20667,29761044
636,SUP-7133-24,ST,20667,29761015
636,SUP-7133-24,ST,20667,29760994
636,SUP-7133-24,ST,20667,29760977
559,SUP-7133-24,ST,20667,29761478
559,SUP-7133-24,ST,20667,29761455
559,SUP-7133-24,ST,20667,29761434
559,SUP-7133-24,ST,20667,29761411
559,SUP-7133-24,ST,20667,29761388
559,SUP-7133-24,ST,20667,29761369
559,SUP-7133-24,ST,20667,29761346
559,SUP-7133-24,ST,20667,29761325
478,SUP-7133-24,ST,20667,29761190
478,SUP-7133-24,ST,20667,29761172
478,SUP-7133-24,ST,20667,29761159
478,SUP-7133-24,ST,20667,29761140
559,SUP-7133-24,ST,20667,29761100
478,SUP-7133-24,ST,20667,29761114
559,SUP-7133-24,ST,20667,29761080
559,SUP-7133-24,ST,20667,29761063
478,SUP-7133-24,ST,20667,29761061
559,SUP-7133-24,ST,20667,29761042
478,SUP-7133-24,ST,20667,29761029
559,SUP-7133-24,ST,20667,29761021
478,SUP-7133-24,ST,20667,29761006
559,SUP-7133-24,ST,20667,29760992
478,SUP-7133-24,ST,20667,29760982
478,SUP-7133-24,ST,20667,29760959
559,SUP-7133-24,ST,20667,29760958
666,SUP-8276-25,SP,20667,29761302
586,SUP-7285-24,ST,20667,29761490
519,SUP-7285-24,ST,20667,29761414
536,SUP-7285-24,ST,20667,29761396
143,SUP-7285-24,ST,20667,29761403
586,SUP-7285-24,ST,20667,29761406
361,SUP-7285-24,ST,20667,29761440
143,SUP-7285-24,ST,20667,29761362
536,SUP-7285-24,ST,20667,29761345
586,SUP-7285-24,ST,20667,29761355
519,SUP-7285-24,ST,20667,29761329
143,SUP-7285-24,ST,20667,29761325
361,SUP-7285-24,ST,20667,29761303
536,SUP-7285-24,ST,20667,29761303
586,SUP-7285-24,ST,20667,29761309
361,SUP-7285-24,ST,20667,29761175
586,SUP-7285-24,ST,20667,29761179
519,SUP-7285-24,ST,20667,29761165
586,SUP-7285-24,ST,20667,29761139
361,SUP-7285-24,ST,20667,29761139
536,SUP-7285-24,ST,20667,29761144
519,SUP-7285-24,ST,20667,29761112
361,SUP-7285-24,ST,20667,29761085
536,SUP-7285-24,ST,20667,29761067
586,SUP-7285-24,ST,20667,29761069
361,SUP-7285-24,ST,20667,29761047
519,SUP-7285-24,ST,20667,29761021
536,SUP-7285-24,ST,20667,29761022
361,SUP-7285-24,ST,20667,29761016
586,SUP-7285-24,ST,20667,29761020
463,SUP-7285-24,SP,20667,29761463
594,SUP-7133-24,SP,20667,29761141
605,SUP-7133-24,SP,20667,29761385
605,SUP-7133-24,SP,20667,29761085
607,SUP-8370-25,SP,20667,29761384
468,SUP-6806-23,SM / SM.F / SR,20667,29761598
668,SUP-8370-25,SP,20667,29762618
649,SUP-8370-25,SM / SM.F / SR,20667,29769790
297,SUP-8370-25,VT,20667,29761427
175,SUP-8370-25,SH,20667,29761442
175,SUP-8370-25,CPTu,20667,29764222
297,SUP-8370-25,VT,20667,29761313
175,SUP-8370-25,SH,20667,29761303
175,SUP-8370-25,SH,20667,29761301
175,SUP-8370-25,SH,20667,29761300
175,SUP-8370-25,CPTu,20667,29761317
175,SUP-8370-25,SH,20667,29761151
175,SUP-8370-25,SH,20667,29761150
297,SUP-8370-25,VT,20667,29761158
175,SUP-8370-25,CPTu,20667,29761121
297,SUP-8370-25,VT,20667,29761093
175,SUP-8370-25,SH,20667,29761094
175,SUP-8370-25,CPTu,20667,29760991
341,SUP-7769-24,SM / SM.F / SR,20667,29767248
655,SUP-8370-25,SP,20667,29761345
329,SUP-8370-25,SP,20667,29761359
603,SUP-7128-24,SP,20667,29762472
603,SUP-7128-24,SP,20667,29761275
571,SUP-6806-23,SP,20667,29761538
568,SUP-6806-23,SP,20667,29761462
171,SUP-6806-23,SP,20667,29761515
321,SUP-6806-23,SP,20667,29762497
299,SUP-6806-23,SP,20667,29761315
171,SUP-6806-23,SP,20667,29761527
568,SUP-6806-23,SP,20667,29761465
571,SUP-6806-23,SP,20667,29761354
641,SUP-7722-24,SP,20668,29764288
640,SUP-7722-24,SP,20668,29763808
463,SUP-7285-24,SP,20668,29762882
523,SUP-7285-24,SP,20668,29762880
600,SUP-8250-25,PI,20668,29762899
600,SUP-8250-25,PI,20668,29762607
600,SUP-8250-25,PI,20668,29762599
577,SUP-7133-24,SP,20668,29765263
577,SUP-7133-24,SP,20668,29762774
577,SUP-7133-24,SP,20668,29762774
577,SUP-7133-24,SP,20668,29762774
577,SUP-7133-24,SP,20668,29762532
577,SUP-7133-24,SP,20668,29762472
405,SUP-7285-24,SM / SM.F / SR,20668,29772980
154,SUP-7593-24,SP,20668,29762866
664,SUP-7593-24,SP,20668,29764158
154,SUP-7593-24,SP,20668,29762591
644,SUP-6806-23,ST,20668,29762753
644,SUP-6806-23,ST,20668,29762707
644,SUP-6806-23,ST,20668,29762799
644,SUP-6806-23,ST,20668,29762556
594,SUP-7133-24,SP,20668,29762870
663,SUP-7133-24,SP,20668,29762791
478,SUP-7133-24,ST,20668,29762652
478,SUP-7133-24,ST,20668,29762636
636,SUP-7133-24,ST,20668,29762577
636,SUP-7133-24,ST,20668,29762563
636,SUP-7133-24,ST,20668,29762531
636,SUP-7133-24,ST,20668,29762494
559,SUP-7133-24,ST,20668,29762529
559,SUP-7133-24,ST,20668,29762461
478,SUP-7133-24,ST,20668,29762603
478,SUP-7133-24,ST,20668,29762557
478,SUP-7133-24,ST,20668,29762521
478,SUP-7133-24,ST,20668,29762498
478,SUP-7133-24,ST,20668,29762479
478,SUP-7133-24,ST,20668,29762463
626,SUP-7593-24,SP,20668,29764206
594,SUP-7133-24,SP,20668,29766918
663,SUP-7133-24,SP,20668,29763994
605,SUP-7133-24,SP,20668,29762848
605,SUP-7133-24,SP,20668,29762490
329,SUP-8370-25,SP,20668,29762897
607,SUP-8370-25,SP,20668,29763946
655,SUP-8370-25,SP,20668,29774409
648,SUP-8370-25,SP,20668,29762807
175,SUP-8370-25,SH,20668,29762851
297,SUP-8370-25,VT,20668,29762843
175,SUP-8370-25,CPTu,20668,29762749
175,SUP-8370-25,CPTu,20668,29762543
297,SUP-8370-25,VT,20668,29762538
175,SUP-8370-25,SH,20668,29762540
175,SUP-8370-25,SH,20668,29762645
297,SUP-8370-25,VT,20668,29762605
175,SUP-8370-25,CPTu,20668,29762557
651,SUP-6806-23,ST,20668,29762818
656,SUP-6806-23,ST,20668,29762818
656,SUP-6806-23,ST,20668,29762638
603,SUP-7128-24,SP,20668,29763962
603,SUP-7128-24,SP,20668,29762734
171,SUP-6806-23,SP,20668,29762944
571,SUP-6806-23,SP,20668,29762946
568,SUP-6806-23,SP,20668,29762909
321,SUP-6806-23,SP,20668,29762870
171,SUP-6806-23,SP,20668,29762668
568,SUP-6806-23,SP,20668,29762911
299,SUP-6806-23,SP,20668,29762834
571,SUP-6806-23,SP,20668,29762759
428,SUP-7593-24,SM / SM.F / SR,20668,29762991
651,SUP-6806-23,ST,20668,29762608
656,SUP-6806-23,ST,20668,29762539
651,SUP-6806-23,ST,20668,29762510
640,SUP-7722-24,SP,20669,29766739
640,SUP-7722-24,SP,20669,29765252
600,SUP-8250-25,PI,20669,29764351
600,SUP-8250-25,PI,20669,29764073
664,SUP-7593-24,SP,20669,29764257
154,SUP-7593-24,SP,20669,29764280
664,SUP-7593-24,SP,20669,29763951
664,SUP-7593-24,SP,20669,29763951
664,SUP-7593-24,SP,20669,29763950
154,SUP-7593-24,SP,20669,29763955
644,SUP-6806-23,ST,20669,29764388
644,SUP-6806-23,ST,20669,29764354
644,SUP-6806-23,ST,20669,29764316
644,SUP-6806-23,ST,20669,29764292
644,SUP-6806-23,ST,20669,29764243
644,SUP-6806-23,ST,20669,29764095
644,SUP-6806-23,ST,20669,29764061
644,SUP-6806-23,ST,20669,29764031
644,SUP-6806-23,ST,20669,29763985
664,SUP-7593-24,SP,20669,29764310
664,SUP-7593-24,SP,20669,29764310
664,SUP-7593-24,SP,20669,29764311
478,SUP-7133-24,ST,20669,29764326
559,SUP-7133-24,ST,20669,29764334
636,SUP-7133-24,ST,20669,29764323
559,SUP-7133-24,ST,20669,29764239
478,SUP-7133-24,ST,20669,29764266
626,SUP-7593-24,SP,20669,29765381
523,SUP-7285-24,SP,20669,29764341
463,SUP-7285-24,SP,20669,29764340
594,SUP-7133-24,SP,20669,29772920
605,SUP-7133-24,SP,20669,29764312
594,SUP-7133-24,SP,20669,29766919
663,SUP-7133-24,SP,20669,29764376
594,SUP-7133-24,SP,20669,29766921
605,SUP-7133-24,SP,20669,29764176
605,SUP-7133-24,SP,20669,29763921
361,SUP-6830-23,ST,20669,29764357
143,SUP-6830-23,ST,20669,29764315
536,SUP-6830-23,ST,20669,29764292
143,SUP-6830-23,ST,20669,29764219
361,SUP-6830-23,ST,20669,29764204
519,SUP-6830-23,ST,20669,29764207
519,SUP-6830-23,ST,20669,29764180
361,SUP-6830-23,ST,20669,29764072
143,SUP-6830-23,ST,20669,29764043
519,SUP-6830-23,ST,20669,29764030
143,SUP-6830-23,ST,20669,29763992
361,SUP-6830-23,ST,20669,29764016
519,SUP-6830-23,ST,20669,29763965
420,SUP-7285-24,SM / SM.F / SR,20669,29766802
175,SUP-8370-25,ST,20669,29764310
585,SUP-8408-26,SM / SM.F / SR,20669,29775922
59,SUP-8408-26,SM / SM.F / SR,20669,29767042
329,SUP-8370-25,SP,20669,29768732
655,SUP-8370-25,SP,20669,29764327
655,SUP-8370-25,SP,20669,29765477
607,SUP-8370-25,SP,20669,29764343
329,SUP-8370-25,SP,20669,29763795
286,SUP-7813-24,SM / SM.F / SR,20669,29766709
648,SUP-8370-25,SP,20669,29764269
175,SUP-8370-25,CPTu,20669,29764120
164,SUP-8370-25,SM / SM.F / SR,20669,29765443
378,SUP-7128-24,SM / SM.F / SR,20669,29765742
603,SUP-7128-24,SP,20669,29764370
321,SUP-6806-23,SP,20669,29765616
299,SUP-6806-23,SP,20669,29765692
171,SUP-6806-23,SP,20669,29764416
568,SUP-6806-23,SP,20669,29764387
571,SUP-6806-23,SP,20669,29764307
299,SUP-6806-23,SP,20669,29765692
171,SUP-6806-23,SP,20669,29764216
568,SUP-6806-23,SP,20669,29764388
321,SUP-6806-23,SP,20669,29764283
586,SUP-6830-23,ST,20669,29764284
536,SUP-6830-23,ST,20669,29764232
586,SUP-6830-23,ST,20669,29764232
536,SUP-6830-23,ST,20669,29764070
586,SUP-6830-23,ST,20669,29764057
536,SUP-6830-23,ST,20669,29764033
536,SUP-6830-23,ST,20669,29764306
586,SUP-6830-23,ST,20669,29764005
586,SUP-6830-23,ST,20669,29763928
361,SUP-6830-23,ST,20669,29763931
428,SUP-7593-24,SM / SM.F / SR,20669,29765669
640,SUP-7722-24,SP,20670,29766693
641,SUP-7722-24,SP,20670,29765758
523,SUP-7285-24,SP,20670,29765760
463,SUP-7285-24,SP,20670,29765764
600,SUP-8250-25,PI,20670,29765633
577,SUP-7133-24,SP,20670,29766926
577,SUP-7133-24,SP,20670,29765643
577,SUP-7133-24,SP,20670,29765265
626,SUP-7593-24,SP,20670,29768267
664,SUP-7593-24,SP,20670,29765789
154,SUP-7593-24,SP,20670,29766701
644,SUP-6806-23,ST,20670,29765875
644,SUP-6806-23,ST,20670,29765824
644,SUP-6806-23,ST,20670,29765780
644,SUP-6806-23,ST,20670,29765730
644,SUP-6806-23,ST,20670,29765687
644,SUP-6806-23,ST,20670,29765526
644,SUP-6806-23,ST,20670,29765490
644,SUP-6806-23,ST,20670,29765462
644,SUP-6806-23,ST,20670,29765432
171,SUP-6806-23,SP,20670,29768461
171,SUP-6806-23,SP,20670,29765720
171,SUP-6806-23,SP,20670,29765720
171,SUP-6806-23,SP,20670,29765721
171,SUP-6806-23,SP,20670,29765720
605,SUP-7133-24,SP,20670,29766848
605,SUP-7133-24,SP,20670,29765477
631,SUP-8370-25,SM / SM.F / SR,20670,29766916
478,SUP-7133-24,ST,20670,29765673
663,SUP-7133-24,SP,20670,29765704
663,SUP-7133-24,SP,20670,29765648
663,SUP-7133-24,SP,20670,29765647
663,SUP-7133-24,SP,20670,29765648
361,SUP-6830-23,ST,20670,29765762
536,SUP-6830-23,ST,20670,29765771
586,SUP-6830-23,ST,20670,29765745
143,SUP-6830-23,ST,20670,29765716
361,SUP-6830-23,ST,20670,29765716
519,SUP-6830-23,ST,20670,29765706
361,SUP-6830-23,ST,20670,29765667
143,SUP-6830-23,ST,20670,29766922
586,SUP-6830-23,ST,20670,29765656
536,SUP-6830-23,ST,20670,29765683
361,SUP-6830-23,ST,20670,29765646
519,SUP-6830-23,ST,20670,29765649
536,SUP-6830-23,ST,20670,29765488
586,SUP-6830-23,ST,20670,29765504
143,SUP-6830-23,ST,20670,29765488
519,SUP-6830-23,ST,20670,29765486
361,SUP-6830-23,ST,20670,29765455
361,SUP-6830-23,ST,20670,29765431
143,SUP-6830-23,ST,20670,29765447
586,SUP-6830-23,ST,20670,29765411
361,SUP-6830-23,ST,20670,29765395
143,SUP-6830-23,ST,20670,29765379
519,SUP-6830-23,ST,20670,29765431
536,SUP-6830-23,ST,20670,29765361
586,SUP-6830-23,ST,20670,29767217
362,SUP-7285-24,SM / SM.F / SR,20670,29774171
655,SUP-8370-25,SP,20670,29767257
655,SUP-8370-25,SP,20670,29765477
655,SUP-8370-25,SP,20670,29765476
655,SUP-8370-25,SP,20670,29765477
607,SUP-8370-25,SP,20670,29765796
286,SUP-7813-24,SM / SM.F / SR,20670,29766779
520,SUP-7722-24,SM / SM.F / SR,20670,29773075
648,SUP-8370-25,SP,20670,29766871
668,SUP-8370-25,SP,20670,29765726
175,SUP-8370-25,ST,20670,29765779
175,SUP-8370-25,ST,20670,29765649
175,SUP-8370-25,ST,20670,29765630
164,SUP-8370-25,SM / SM.F / SR,20670,29766963
175,SUP-8370-25,ST,20670,29765504
175,SUP-8370-25,ST,20670,29765497
468,SUP-7769-24,SM / SM.F / SR,20670,29768138
603,SUP-7128-24,SP,20670,29765607
568,SUP-6806-23,SP,20670,29765891
568,SUP-6806-23,SP,20670,29765845
571,SUP-6806-23,SP,20670,29765715
614,SUP-7128-24,SP,20670,29765833
175,SUP-8370-25,ST,20670,29765382
175,SUP-8370-25,ST,20670,29765377
175,SUP-8370-25,ST,20670,29765376
175,SUP-8370-25,ST,20670,29765375
175,SUP-8370-25,ST,20670,29765373
175,SUP-8370-25,ST,20670,29765372
175,SUP-8370-25,ST,20670,29765370
175,SUP-8370-25,ST,20670,29765374
641,SUP-7722-24,SP,20671,29768567
640,SUP-7722-24,SP,20671,29769594
640,SUP-7722-24,SP,20671,29768454
641,SUP-7722-24,SP,20671,29767035
523,SUP-7285-24,SP,20671,29768156
463,SUP-7285-24,SP,20671,29768156
600,SUP-8250-25,PI,20671,29767267
600,SUP-8250-25,PI,20671,29766971
154,SUP-7593-24,SP,20671,29766904
605,SUP-7133-24,SP,20671,29767190
216,SUP-7285-24,SM / SM.F / SR,20671,29770137
602,SUP-7285-24,SM / SM.F / SR,20671,29772920
561,SUP-7285-24,SM / SM.F / SR,20671,29778428
306,SUP-7285-24,SM / SM.F / SR,20671,29772433
623,SUP-7285-24,SM / SM.F / SR,20671,29772898
636,SUP-7133-24,ST,20671,29767166
636,SUP-7133-24,ST,20671,29767145
559,SUP-7133-24,ST,20671,29767185
478,SUP-7133-24,ST,20671,29767212
636,SUP-7133-24,ST,20671,29767118
559,SUP-7133-24,ST,20671,29767098
478,SUP-7133-24,ST,20671,29767097
478,SUP-7133-24,ST,20671,29766909
559,SUP-7133-24,ST,20671,29766932
636,SUP-7133-24,ST,20671,29766863
559,SUP-7133-24,ST,20671,29766862
636,SUP-7133-24,ST,20671,29766840
478,SUP-7133-24,ST,20671,29766864
559,SUP-7133-24,ST,20671,29766834
636,SUP-7133-24,ST,20671,29766812
559,SUP-7133-24,ST,20671,29766796
636,SUP-7133-24,ST,20671,29766763
559,SUP-7133-24,ST,20671,29766758
478,SUP-7133-24,ST,20671,29766810
663,SUP-7133-24,SP,20671,29767211
663,SUP-7133-24,SP,20671,29767210
594,SUP-7133-24,SP,20671,29767195
663,SUP-7133-24,SP,20671,29767212
420,SUP-7285-24,SM / SM.F / SR,20671,29769662
79,SUP-7722-24,SM / SM.F / SR,20671,29770039
378,SUP-7722-24,SM / SM.F / SR,20671,29768664
607,SUP-8370-25,SP,20671,29767231
668,SUP-8370-25,SP,20671,29768610
175,SUP-8370-25,ST,20671,29767199
175,SUP-8370-25,ST,20671,29768230
175,SUP-8370-25,ST,20671,29768251
175,SUP-8370-25,ST,20671,29767156
175,SUP-8370-25,ST,20671,29767152
175,SUP-8370-25,ST,20671,29767134
175,SUP-8370-25,ST,20671,29767108
175,SUP-8370-25,ST,20671,29767084
175,SUP-8370-25,ST,20671,29767059
175,SUP-8370-25,ST,20671,29766911
175,SUP-8370-25,ST,20671,29766909
175,SUP-8370-25,ST,20671,29766908
175,SUP-8370-25,ST,20671,29766899
175,SUP-8370-25,ST,20671,29766898
175,SUP-8370-25,ST,20671,29766895
175,SUP-8370-25,ST,20671,29766889
175,SUP-8370-25,ST,20671,29766875
175,SUP-8370-25,ST,20671,29766838
175,SUP-8370-25,ST,20671,29766811
175,SUP-8370-25,ST,20671,29766797
175,SUP-8370-25,ST,20671,29766797
175,SUP-8370-25,ST,20671,29766797
603,SUP-7128-24,SP,20671,29767261
603,SUP-7128-24,SP,20671,29766932
638,SUP-8604-25,SP,20671,29769750
586,SUP-6830-23,ST,20671,29766806
536,SUP-6830-23,ST,20671,29766813
586,SUP-6830-23,ST,20671,29766771
614,SUP-7128-24,SP,20671,29767099
428,SUP-7593-24,SM / SM.F / SR,20671,29767287
143,SUP-6830-23,ST,20671,29767209
143,SUP-6830-23,ST,20671,29768238
361,SUP-6830-23,ST,20671,29767223
536,SUP-6830-23,ST,20671,29767170
361,SUP-6830-23,ST,20671,29767141
519,SUP-6830-23,ST,20671,29767168
586,SUP-6830-23,ST,20671,29767159
143,SUP-6830-23,ST,20671,29767148
361,SUP-6830-23,ST,20671,29767120
519,SUP-6830-23,ST,20671,29767104
143,SUP-6830-23,ST,20671,29767113
536,SUP-6830-23,ST,20671,29767103
586,SUP-6830-23,ST,20671,29767097
519,SUP-6830-23,ST,20671,29767084
361,SUP-6830-23,ST,20671,29767072
536,SUP-6830-23,ST,20671,29766945
586,SUP-6830-23,ST,20671,29766937
463,SUP-7285-24,SP,20672,29768572
523,SUP-7285-24,SP,20672,29768584
600,SUP-8250-25,PI,20672,29768314
664,SUP-7593-24,SP,20672,29770021
626,SUP-7593-24,SP,20672,29769945
644,SUP-6806-23,ST,20672,29768437
644,SUP-6806-23,ST,20672,29768411
644,SUP-6806-23,ST,20672,29768375
644,SUP-6806-23,ST,20672,29768339
568,SUP-6806-23,SP,20672,29768728
171,SUP-6806-23,SP,20672,29769751
299,SUP-6806-23,SP,20672,29768512
571,SUP-6806-23,SP,20672,29769810
568,SUP-6806-23,SP,20672,29768502
321,SUP-6806-23,SP,20672,29768527
154,SUP-7593-24,SP,20672,29768655
154,SUP-7593-24,SP,20672,29768322
664,SUP-7593-24,SP,20672,29768568
631,SUP-8370-25,SM / SM.F / SR,20672,29772566
164,SUP-8370-25,SM / SM.F / SR,20672,29774063
636,SUP-7133-24,ST,20672,29768301
559,SUP-7133-24,ST,20672,29768285
559,SUP-7133-24,ST,20672,29768260
636,SUP-7133-24,ST,20672,29768253
478,SUP-7133-24,ST,20672,29768271
559,SUP-7133-24,ST,20672,29768221
603,SUP-7128-24,SP,20672,29768419
577,SUP-7133-24,SP,20672,29773872
577,SUP-7133-24,SP,20672,29773869
605,SUP-7133-24,SP,20672,29768517
276,SUP-7133-24,SP,20672,29784222
594,SUP-7133-24,SP,20672,29768733
663,SUP-7133-24,SP,20672,29768737
594,SUP-7133-24,SP,20672,29768733
605,SUP-7133-24,SP,20672,29768322
337,SUP-7285-24,SM / SM.F / SR,20672,29778642
79,SUP-7722-24,SM / SM.F / SR,20672,29775364
607,SUP-8370-25,SP,20672,29769660
655,SUP-8370-25,SP,20672,29769681
648,SUP-8370-25,SP,20672,29772696
614,SUP-8370-25,SP,20672,29772866
175,SUP-8370-25,ST,20672,29768271
175,SUP-8370-25,ST,20672,29768210
468,SUP-7769-24,SM / SM.F / SR,20672,29772880
638,SUP-8604-25,ST,20672,29768743
638,SUP-8604-25,ST,20672,29768654
638,SUP-8604-25,ST,20672,29768608
638,SUP-8604-25,ST,20672,29768567
638,SUP-8604-25,ST,20672,29768515
638,SUP-8604-25,ST,20672,29768396
638,SUP-8604-25,ST,20672,29768352
638,SUP-8604-25,ST,20672,29768286
638,SUP-8604-25,ST,20672,29768235
586,SUP-6830-23,ST,20672,29768630
361,SUP-6830-23,ST,20672,29768615
536,SUP-6830-23,ST,20672,29768618
536,SUP-6830-23,ST,20672,29770030
586,SUP-6830-23,ST,20672,29768560
536,SUP-6830-23,ST,20672,29768524
519,SUP-6830-23,ST,20672,29768381
361,SUP-6830-23,ST,20672,29768357
143,SUP-6830-23,ST,20672,29768617
143,SUP-6830-23,ST,20672,29768341
361,SUP-6830-23,ST,20672,29768336
519,SUP-6830-23,ST,20672,29768345
519,SUP-6830-23,ST,20672,29768303
361,SUP-6830-23,ST,20672,29768302
536,SUP-6830-23,ST,20672,29768297
143,SUP-6830-23,ST,20672,29768314
586,SUP-6830-23,ST,20672,29768263
536,SUP-6830-23,ST,20672,29770036
341,SUP-7769-24,SM / SM.F / SR,20672,29770107
640,SUP-7722-24,SP,20673,29775361
641,SUP-7722-24,SP,20673,29772683
600,SUP-8250-25,PI,20673,29770123
600,SUP-8250-25,PI,20673,29769750
664,SUP-7593-24,SP,20673,29770021
664,SUP-7593-24,SP,20673,29770022
154,SUP-7593-24,SP,20673,29769820
154,SUP-7593-24,SP,20673,29769787
154,SUP-7593-24,SP,20673,29769759
571,SUP-6806-23,SP,20673,29770181
321,SUP-6806-23,SP,20673,29770098
171,SUP-6806-23,SP,20673,29770132
568,SUP-6806-23,SP,20673,29770042
299,SUP-6806-23,SP,20673,29770003
571,SUP-6806-23,SP,20673,29769925
321,SUP-6806-23,SP,20673,29769891
605,SUP-7133-24,SP,20673,29769719
664,SUP-7593-24,SP,20673,29772949
154,SUP-7593-24,SP,20673,29769599
154,SUP-7593-24,SP,20673,29769593
154,SUP-7593-24,SP,20673,29769584
478,SUP-7133-24,ST,20673,29770023
636,SUP-7133-24,ST,20673,29770013
478,SUP-7133-24,ST,20673,29770002
478,SUP-7133-24,ST,20673,29769963
636,SUP-7133-24,ST,20673,29769971
478,SUP-7133-24,ST,20673,29769937
636,SUP-7133-24,ST,20673,29769921
478,SUP-7133-24,ST,20673,29769908
636,SUP-7133-24,ST,20673,29769693
478,SUP-7133-24,ST,20673,29769703
636,SUP-7133-24,ST,20673,29769674
559,SUP-7133-24,ST,20673,29769692
478,SUP-7133-24,ST,20673,29769663
577,SUP-7133-24,SP,20673,29775364
276,SUP-7133-24,SP,20673,29772709
276,SUP-7133-24,SP,20673,29772707
276,SUP-7133-24,SP,20673,29772705
605,SUP-7133-24,SP,20673,29772627
663,SUP-7133-24,SP,20673,29769682
594,SUP-7133-24,SP,20673,29769759
378,SUP-7722-24,SM / SM.F / SR,20673,29772494
607,SUP-8370-25,SP,20673,29770063
607,SUP-8370-25,SP,20673,29770063
655,SUP-8370-25,SP,20673,29772682
607,SUP-8370-25,SP,20673,29770062
329,SUP-8370-25,SP,20673,29773008
607,SUP-8370-25,SP,20673,29770061
655,SUP-8370-25,SP,20673,29774407
607,SUP-8370-25,SP,20673,29770061
329,SUP-8370-25,SP,20673,29769839
603,SUP-7128-24,SP,20673,29770168
649,SUP-8370-25,SM / SM.F / SR,20673,29784322
325,SUP-8370-25,SM / SM.F / SR,20673,29772955
651,SUP-6806-23,ST,20673,29770013
656,SUP-6806-23,ST,20673,29770000
651,SUP-6806-23,ST,20673,29769816
638,SUP-8604-25,SP,20673,29770022
656,SUP-6806-23,ST,20673,29769781
651,SUP-6806-23,ST,20673,29769755
656,SUP-6806-23,ST,20673,29769717
651,SUP-6806-23,ST,20673,29769697
297,SUP-8408-26,ST,20673,29770064
297,SUP-8408-26,ST,20673,29770017
586,SUP-6830-23,ST,20673,29770060
536,SUP-6830-23,ST,20673,29770085
361,SUP-6830-23,ST,20673,29770027
536,SUP-6830-23,ST,20673,29770018
586,SUP-6830-23,ST,20673,29770018
586,SUP-6830-23,ST,20673,29769969
361,SUP-6830-23,ST,20673,29769966
143,SUP-6830-23,ST,20673,29769930
536,SUP-6830-23,ST,20673,29769979
519,SUP-6830-23,ST,20673,29769955
586,SUP-6830-23,ST,20673,29769940
361,SUP-6830-23,ST,20673,29769924
519,SUP-6830-23,ST,20673,29769905
143,SUP-6830-23,ST,20673,29769902
361,SUP-6830-23,ST,20673,29769896
536,SUP-6830-23,ST,20673,29769800
586,SUP-6830-23,ST,20673,29769769
143,SUP-6830-23,ST,20673,29769765
519,SUP-6830-23,ST,20673,29769753
143,SUP-6830-23,ST,20673,29769742
361,SUP-6830-23,ST,20673,29769762
361,SUP-6830-23,ST,20673,29769710
586,SUP-6830-23,ST,20673,29769724
536,SUP-6830-23,ST,20673,29769727
143,SUP-6830-23,ST,20673,29769706
519,SUP-6830-23,ST,20673,29769712
641,SUP-7722-24,SP,20675,29774130
216,SUP-7285-24,SM / SM.F / SR,20675,29778769
664,SUP-7593-24,SP,20675,29774108
626,SUP-7593-24,SP,20675,29772943
571,SUP-6806-23,SP,20675,29774186
299,SUP-6806-23,SP,20675,29772878
571,SUP-6806-23,SP,20675,29774183
321,SUP-6806-23,SP,20675,29774172
276,SUP-7133-24,SP,20675,29774087
594,SUP-7133-24,SP,20675,29772947
594,SUP-7133-24,SP,20675,29772947
288,SUP-7813-24,SM / SM.F / SR,20675,29780168
364,SUP-7813-24,SM / SM.F / SR,20675,29777205
600,SUP-7769-24,ST,20675,29773086
154,SUP-7593-24,SP,20675,29772950
154,SUP-7593-24,SP,20675,29772553
154,SUP-7593-24,SP,20675,29772548
154,SUP-7593-24,SP,20675,29772534
154,SUP-7593-24,SP,20675,29772495
154,SUP-7593-24,SP,20675,29772487
154,SUP-7593-24,SP,20675,29772475
478,SUP-7133-24,ST,20675,29772781
559,SUP-7133-24,ST,20675,29772703
636,SUP-7133-24,ST,20675,29772694
478,SUP-7133-24,ST,20675,29772675
478,SUP-7133-24,ST,20675,29772645
559,SUP-7133-24,ST,20675,29772645
636,SUP-7133-24,ST,20675,29772641
478,SUP-7133-24,ST,20675,29772623
559,SUP-7133-24,ST,20675,29772618
636,SUP-7133-24,ST,20675,29772610
636,SUP-7133-24,ST,20675,29772558
577,SUP-7133-24,SP,20675,29773091
605,SUP-7133-24,SP,20675,29772932
276,SUP-7133-24,SP,20675,29784219
378,SUP-7722-24,SM / SM.F / SR,20675,29774136
655,SUP-8370-25,SP,20675,29774412
607,SUP-8370-25,SP,20675,29772980
329,SUP-8370-25,SP,20675,29777333
614,SUP-8370-25,SP,20675,29774405
648,SUP-8370-25,SP,20675,29774364
644,SUP-6806-23,ST,20675,29772903
644,SUP-6806-23,ST,20675,29772781
644,SUP-6806-23,ST,20675,29772720
644,SUP-6806-23,ST,20675,29772671
644,SUP-6806-23,ST,20675,29772614
651,SUP-6806-23,ST,20675,29772610
568,SUP-6806-23,SP,20675,29773002
171,SUP-6806-23,SP,20675,29772999
638,SUP-8604-25,SP,20675,29772853
638,SUP-8604-25,SP,20675,29772704
603,SUP-7128-24,SP,20675,29772929
603,SUP-7128-24,SP,20675,29772852
603,SUP-7128-24,SP,20675,29772758
603,SUP-7128-24,SP,20675,29772631
644,SUP-6806-23,ST,20675,29774106
644,SUP-6806-23,ST,20675,29774100
656,SUP-6806-23,ST,20675,29772910
651,SUP-6806-23,ST,20675,29772746
656,SUP-6806-23,ST,20675,29772619
297,SUP-8408-26,ST,20675,29772954
297,SUP-8408-26,ST,20675,29772950
297,SUP-8408-26,ST,20675,29772887
297,SUP-8408-26,ST,20675,29772696
297,SUP-8408-26,ST,20675,29772627
297,SUP-8408-26,ST,20675,29772584
297,SUP-8408-26,ST,20675,29784382
297,SUP-8408-26,ST,20675,29784369
341,SUP-7769-24,SM / SM.F / SR,20675,29774305
641,SUP-7722-24,SP,20676,29775897
640,SUP-7722-24,SP,20676,29775356
623,SUP-7285-24,SM / SM.F / SR,20676,29782702
561,SUP-7285-24,SM / SM.F / SR,20676,29781152
136,SUP-7285-24,SM / SM.F / SR,20676,29779674
664,SUP-7593-24,SP,20676,29774106
664,SUP-7593-24,SP,20676,29774100
664,SUP-7593-24,SP,20676,29774106
664,SUP-7593-24,SP,20676,29774109
664,SUP-7593-24,SP,20676,29774109
568,SUP-6806-23,SP,20676,29774472
321,SUP-6806-23,SP,20676,29775592
571,SUP-6806-23,SP,20676,29774470
299,SUP-6806-23,SP,20676,29774414
568,SUP-6806-23,SP,20676,29774477
171,SUP-6806-23,SP,20676,29774416
321,SUP-6806-23,SP,20676,29774166
299,SUP-6806-23,SP,20676,29774171
600,SUP-7769-24,ST,20676,29774498
600,SUP-7769-24,ST,20676,29774234
121,SUP-7285-24,SM / SM.F / SR,20676,29777189
664,SUP-7593-24,SP,20676,29775570
626,SUP-7593-24,SP,20676,29774466
626,SUP-7593-24,SP,20676,29774274
154,SUP-7593-24,SP,20676,29774387
164,SUP-8370-25,SM / SM.F / SR,20676,29774410
325,SUP-8276-25,SM / SM.F / SR,20676,29777352
594,SUP-7133-24,SP,20676,29775828
577,SUP-7133-24,SP,20676,29775467
577,SUP-7133-24,SP,20676,29775359
605,SUP-7133-24,SP,20676,29774070
594,SUP-7133-24,SP,20676,29774318
276,SUP-7133-24,SP,20676,29777163
605,SUP-7133-24,SP,20676,29774345
607,SUP-8370-25,SP,20676,29774419
520,SUP-7722-24,SM / SM.F / SR,20676,29780268
644,SUP-6806-23,ST,20676,29774397
651,SUP-6806-23,ST,20676,29774333
644,SUP-6806-23,ST,20676,29774343
651,SUP-6806-23,ST,20676,29774214
651,SUP-6806-23,ST,20676,29774176
656,SUP-6806-23,ST,20676,29774320
468,SUP-7769-24,SM / SM.F / SR,20676,29778330
329,SUP-8370-25,SP,20676,29775845
329,SUP-8370-25,SP,20676,29774089
329,SUP-8370-25,SP,20676,29774048
329,SUP-8370-25,SP,20676,29773995
329,SUP-8370-25,SP,20676,29773950
329,SUP-8370-25,SP,20676,29774318
603,SUP-7128-24,SP,20676,29774363
603,SUP-7128-24,SP,20676,29774362
603,SUP-7128-24,SP,20676,29774362
603,SUP-7128-24,SP,20676,29774248
603,SUP-7128-24,SP,20676,29774111
603,SUP-7128-24,SP,20676,29773990
428,SUP-7593-24,SM / SM.F / SR,20676,29775346
631,SUP-8370-25,SM / SM.F / SR,20676,29775649
651,SUP-6806-23,ST,20676,29774379
644,SUP-6806-23,ST,20676,29774196
656,SUP-6806-23,ST,20676,29774081
644,SUP-6806-23,ST,20676,29774054
651,SUP-6806-23,ST,20676,29774029
297,SUP-8408-26,ST,20676,29774408
297,SUP-8408-26,ST,20676,29774352
297,SUP-8408-26,ST,20676,29774297
640,SUP-7722-24,SP,20677,29776769
403,SUP-7285-24,SM / SM.F / SR,20677,29781269
638,SUP-7285-24,SM / SM.F / SR,20677,29796088
306,SUP-7285-24,SM / SM.F / SR,20677,29784274
377,SUP-7285-24,SM / SM.F / SR,20677,29782627
602,SUP-7285-24,SM / SM.F / SR,20677,29782902
420,SUP-7285-24,SM / SM.F / SR,20677,29784451
626,SUP-7593-24,SP,20677,29775815
626,SUP-7593-24,SP,20677,29775807
626,SUP-7593-24,SP,20677,29775799
656,SUP-6806-23,ST,20677,29775890
644,SUP-6806-23,ST,20677,29775888
644,SUP-6806-23,ST,20677,29775845
644,SUP-6806-23,ST,20677,29775809
644,SUP-6806-23,ST,20677,29775774
656,SUP-6806-23,ST,20677,29775766
644,SUP-6806-23,ST,20677,29775746
644,SUP-6806-23,ST,20677,29775711
656,SUP-6806-23,ST,20677,29775716
299,SUP-6806-23,SP,20677,29776939
321,SUP-6806-23,SP,20677,29775879
299,SUP-6806-23,SP,20677,29775730
571,SUP-6806-23,SP,20677,29775857
626,SUP-7593-24,SP,20677,29775768
626,SUP-7593-24,SP,20677,29775753
626,SUP-7593-24,SP,20677,29775737
664,SUP-7593-24,SP,20677,29777117
154,SUP-7593-24,SP,20677,29776794
154,SUP-7593-24,SP,20677,29775505
164,SUP-8370-25,SM / SM.F / SR,20677,29775741
636,SUP-7133-24,ST,20677,29775849
636,SUP-7133-24,ST,20677,29775824
478,SUP-7133-24,ST,20677,29775822
559,SUP-7133-24,ST,20677,29775829
478,SUP-7133-24,ST,20677,29775797
636,SUP-7133-24,ST,20677,29775791
478,SUP-7133-24,ST,20677,29775780
559,SUP-7133-24,ST,20677,29775787
478,SUP-7133-24,ST,20677,29775763
636,SUP-7133-24,ST,20677,29775767
559,SUP-7133-24,ST,20677,29775754
478,SUP-7133-24,ST,20677,29775742
276,SUP-7133-24,SP,20677,29775885
594,SUP-7133-24,SP,20677,29775829
605,SUP-7133-24,SP,20677,29775780
636,SUP-7133-24,ST,20677,29775536
478,SUP-7133-24,ST,20677,29775537
636,SUP-7133-24,ST,20677,29775496
559,SUP-7133-24,ST,20677,29775513
636,SUP-7133-24,ST,20677,29775475
478,SUP-7133-24,ST,20677,29775481
559,SUP-7133-24,ST,20677,29775469
478,SUP-7133-24,ST,20677,29775454
559,SUP-7133-24,ST,20677,29775435
478,SUP-7133-24,ST,20677,29775428
636,SUP-7133-24,ST,20677,29775444
478,SUP-7133-24,ST,20677,29775396
559,SUP-7133-24,ST,20677,29775407
605,SUP-7133-24,SP,20677,29775594
577,SUP-7133-24,SP,20677,29775914
nome:Aucelio Costa Formiga,SUP-8408-26,SM / SM.F / SR,20677,29778564
656,SUP-6806-23,ST,20677,29775835
655,SUP-8370-25,SP,20677,29775872
648,SUP-8370-25,SP,20677,29775839
614,SUP-8370-25,SP,20677,29775825
164,SUP-8370-25,SM / SM.F / SR,20677,29775550
341,SUP-7769-24,SM / SM.F / SR,20677,29779654
607,SUP-8370-25,SP,20677,29777023
607,SUP-8370-25,SP,20677,29775621
607,SUP-8370-25,SP,20677,29775618
607,SUP-8370-25,SP,20677,29775619
607,SUP-8370-25,SP,20677,29775617
607,SUP-8370-25,SP,20677,29775617
171,SUP-6806-23,SP,20677,29775874
568,SUP-6806-23,SP,20677,29775884
568,SUP-6806-23,SP,20677,29775870
171,SUP-6806-23,SP,20677,29775761
143,SUP-6830-23,ST,20677,29775357
428,SUP-7593-24,SM / SM.F / SR,20677,29778340
631,SUP-8370-25,SM / SM.F / SR,20677,29779923
603,SUP-8408-26,SP,20677,29777283
297,SUP-8408-26,ST,20677,29775792
297,SUP-8408-26,ST,20677,29775578
297,SUP-8408-26,ST,20677,29775538
297,SUP-8408-26,ST,20677,29775503
603,SUP-8408-26,SP,20677,29777299
297,SUP-8408-26,ST,20677,29775456
297,SUP-8408-26,ST,20677,29775409
519,SUP-6830-23,ST,20677,29775833
143,SUP-6830-23,ST,20677,29775862
519,SUP-6830-23,ST,20677,29775802
519,SUP-6830-23,ST,20677,29775777
143,SUP-6830-23,ST,20677,29775761
519,SUP-6830-23,ST,20677,29775748
143,SUP-6830-23,ST,20677,29775727
519,SUP-6830-23,ST,20677,29775715
361,SUP-6830-23,ST,20677,29775745
361,SUP-6830-23,ST,20677,29775568
143,SUP-6830-23,ST,20677,29775546
361,SUP-6830-23,ST,20677,29775524
143,SUP-6830-23,ST,20677,29775517
519,SUP-6830-23,ST,20677,29775487
143,SUP-6830-23,ST,20677,29775475
519,SUP-6830-23,ST,20677,29775462
361,SUP-6830-23,ST,20677,29775490
519,SUP-6830-23,ST,20677,29775430
378,SUP-7128-24,SM / SM.F / SR,20677,29781295
640,SUP-7722-24,SP,20678,29778258
641,SUP-7722-24,SP,20678,29785988
537,SUP-7285-24,SM / SM.F / SR,20678,29795603
523,SUP-7285-24,SP,20678,29777278
463,SUP-7285-24,SP,20678,29777305
626,SUP-7593-24,SP,20678,29777203
626,SUP-7593-24,SP,20678,29777187
626,SUP-7593-24,SP,20678,29777177
154,SUP-7593-24,SP,20678,29776967
656,SUP-6806-23,ST,20678,29777350
644,SUP-6806-23,ST,20678,29777310
656,SUP-6806-23,ST,20678,29777310
644,SUP-6806-23,ST,20678,29777273
656,SUP-6806-23,ST,20678,29777251
644,SUP-6806-23,ST,20678,29777237
644,SUP-6806-23,ST,20678,29777096
656,SUP-6806-23,ST,20678,29777078
644,SUP-6806-23,ST,20678,29777046
656,SUP-6806-23,ST,20678,29777033
644,SUP-6806-23,ST,20678,29777016
644,SUP-6806-23,ST,20678,29776986
656,SUP-6806-23,ST,20678,29776994
644,SUP-6806-23,ST,20678,29776956
656,SUP-6806-23,ST,20678,29776942
644,SUP-6806-23,ST,20678,29776951
571,SUP-6806-23,SP,20678,29777278
299,SUP-6806-23,SP,20678,29777291
321,SUP-6806-23,SP,20678,29777241
571,SUP-6806-23,SP,20678,29777118
600,SUP-7769-24,ST,20678,29777309
600,SUP-7769-24,ST,20678,29777199
600,SUP-7769-24,ST,20678,29776970
600,SUP-7769-24,ST,20678,29776852
664,SUP-7593-24,SP,20678,29778564
626,SUP-7593-24,SP,20678,29776980
626,SUP-7593-24,SP,20678,29776976
626,SUP-7593-24,SP,20678,29776967
626,SUP-7593-24,SP,20678,29776913
154,SUP-7593-24,SP,20678,29776912
626,SUP-7593-24,SP,20678,29776903
626,SUP-7593-24,SP,20678,29776891
154,SUP-7593-24,SP,20678,29776895
154,SUP-7593-24,SP,20678,29776876
164,SUP-8370-25,SM / SM.F / SR,20678,29784371
276,SUP-7133-24,SP,20678,29780063
594,SUP-7133-24,SP,20678,29780129
605,SUP-7133-24,SP,20678,29777240
605,SUP-7133-24,SP,20678,29776964
594,SUP-7133-24,SP,20678,29777278
154,SUP-7593-24,SP,20678,29776954
577,SUP-7133-24,SP,20678,29781685
577,SUP-7133-24,SP,20678,29777047
577,SUP-7133-24,SP,20678,29776826
276,SUP-7133-24,SP,20678,29777163
373,SUP-7285-24,SM / SM.F / SR,20678,29784099
659,SUP-8408-26,SM / SM.F / SR,20678,29796976
585,SUP-8408-26,SM / SM.F / SR,20678,29784544
512,SUP-8408-26,SM / SM.F / SR,20678,29780174
607,SUP-8370-25,SP,20678,29777350
655,SUP-8370-25,SP,20678,29777283
329,SUP-8370-25,SP,20678,29777389
648,SUP-8370-25,SP,20678,29777195
614,SUP-8370-25,SP,20678,29777207
568,SUP-6806-23,SP,20678,29777389
171,SUP-6806-23,SP,20678,29778422
79,SUP-7128-24,SM / SM.F / SR,20678,29782557
428,SUP-7593-24,SM / SM.F / SR,20678,29778338
297,SUP-8408-26,ST,20678,29777322
297,SUP-8408-26,ST,20678,29777279
297,SUP-8408-26,ST,20678,29777250
297,SUP-8408-26,ST,20678,29777212
297,SUP-8408-26,ST,20678,29777178
297,SUP-8408-26,ST,20678,29777004
297,SUP-8408-26,ST,20678,29776962
297,SUP-8408-26,ST,20678,29776935
297,SUP-8408-26,ST,20678,29776906
297,SUP-8408-26,ST,20678,29776858
143,SUP-6830-23,ST,20678,29777303
143,SUP-6830-23,ST,20678,29777290
361,SUP-6830-23,ST,20678,29777240
519,SUP-6830-23,ST,20678,29777204
143,SUP-6830-23,ST,20678,29777215
143,SUP-6830-23,ST,20678,29777175
143,SUP-6830-23,ST,20678,29777163
519,SUP-6830-23,ST,20678,29777169
519,SUP-6830-23,ST,20678,29777019
361,SUP-6830-23,ST,20678,29777004
361,SUP-6830-23,ST,20678,29776976
143,SUP-6830-23,ST,20678,29777005
361,SUP-6830-23,ST,20678,29776962
519,SUP-6830-23,ST,20678,29776960
143,SUP-6830-23,ST,20678,29776945
361,SUP-6830-23,ST,20678,29776911
519,SUP-6830-23,ST,20678,29776889
154,SUP-7593-24,SP,20678,29777183
154,SUP-7593-24,SP,20678,29777162
154,SUP-7593-24,SP,20678,29777143
641,SUP-7722-24,SP,20679,29785987
640,SUP-7722-24,SP,20679,29783972
364,SUP-7285-24,SM / SM.F / SR,20679,29781445
121,SUP-7285-24,SM / SM.F / SR,20679,29782626
627,SUP-7285-24,SM / SM.F / SR,20679,29786865
656,SUP-6806-23,ST,20679,29778535
644,SUP-6806-23,ST,20679,29778518
656,SUP-6806-23,ST,20679,29778488
644,SUP-6806-23,ST,20679,29778478
644,SUP-6806-23,ST,20679,29778448
656,SUP-6806-23,ST,20679,29778428
644,SUP-6806-23,ST,20679,29778416
656,SUP-6806-23,ST,20679,29778377
644,SUP-6806-23,ST,20679,29778357
571,SUP-6806-23,SP,20679,29781556
299,SUP-6806-23,SP,20679,29779721
571,SUP-6806-23,SP,20679,29778537
299,SUP-6806-23,SP,20679,29779717
321,SUP-6806-23,SP,20679,29778663
571,SUP-6806-23,SP,20679,29778433
600,SUP-7769-24,ST,20679,29778749
600,SUP-7769-24,ST,20679,29778365
600,SUP-7769-24,ST,20679,29778272
164,SUP-8370-25,SM / SM.F / SR,20679,29778223
478,SUP-7133-24,ST,20679,29778677
559,SUP-7133-24,ST,20679,29778693
636,SUP-7133-24,ST,20679,29778693
478,SUP-7133-24,ST,20679,29778653
559,SUP-7133-24,ST,20679,29778642
478,SUP-7133-24,ST,20679,29778630
276,SUP-7133-24,SP,20679,29780062
594,SUP-7133-24,SP,20679,29783014
605,SUP-7133-24,SP,20679,29779800
636,SUP-7133-24,ST,20679,29778408
636,SUP-7133-24,ST,20679,29778361
276,SUP-7133-24,SP,20679,29780063
636,SUP-7133-24,ST,20679,29778340
636,SUP-7133-24,ST,20679,29778304
594,SUP-7133-24,SP,20679,29780129
605,SUP-7133-24,SP,20679,29778444
577,SUP-7133-24,SP,20679,29781691
478,SUP-7133-24,ST,20679,29778428
559,SUP-7133-24,ST,20679,29778452
478,SUP-7133-24,ST,20679,29778399
559,SUP-7133-24,ST,20679,29778382
478,SUP-7133-24,ST,20679,29778375
559,SUP-7133-24,ST,20679,29778352
478,SUP-7133-24,ST,20679,29778336
559,SUP-7133-24,ST,20679,29778315
478,SUP-7133-24,ST,20679,29778307
478,SUP-7133-24,ST,20679,29778287
559,SUP-7133-24,ST,20679,29778284
523,SUP-7285-24,SP,20679,29778780
604,SUP-7285-24,SM / SM.F / SR,20679,29787367
523,SUP-7285-24,SP,20679,29779658
647,SUP-7285-24,SM / SM.F / SR,20679,29787002
523,SUP-7285-24,SP,20679,29779657
523,SUP-7285-24,SP,20679,29779656
463,SUP-7285-24,SP,20679,29779651
329,SUP-8370-25,SP,20679,29778461
329,SUP-8370-25,SP,20679,29778456
655,SUP-8370-25,SP,20679,29778459
607,SUP-8370-25,SP,20679,29778458
648,SUP-8370-25,SP,20679,29778632
171,SUP-6806-23,SP,20679,29778835
568,SUP-6806-23,SP,20679,29778768
428,SUP-7593-24,SM / SM.F / SR,20679,29780030
631,SUP-8370-25,SM / SM.F / SR,20679,29782828
297,SUP-8408-26,ST,20679,29778780
297,SUP-8408-26,ST,20679,29778746
297,SUP-8408-26,ST,20679,29778693
297,SUP-8408-26,ST,20679,29778654
297,SUP-8408-26,ST,20679,29778608
297,SUP-8408-26,ST,20679,29778451
603,SUP-8408-26,SP,20679,29779768
297,SUP-8408-26,ST,20679,29778406
297,SUP-8408-26,ST,20679,29778362
297,SUP-8408-26,ST,20679,29778330
297,SUP-8408-26,ST,20679,29778301
361,SUP-6830-23,ST,20679,29778386
519,SUP-6830-23,ST,20679,29778380
361,SUP-6830-23,ST,20679,29778585
519,SUP-6830-23,ST,20679,29778302
154,SUP-7593-24,SP,20679,29778680
657,SUP-8370-25,ST,20679,29778742
626,SUP-7593-24,SP,20679,29780105
626,SUP-7593-24,SP,20679,29778672
626,SUP-7593-24,SP,20679,29778478
626,SUP-7593-24,SP,20679,29778379
136,SUP-7285-24,SM / SM.F / SR,20680,29793128
656,SUP-6806-23,ST,20680,29780260
656,SUP-6806-23,ST,20680,29780226
644,SUP-6806-23,ST,20680,29779964
644,SUP-6806-23,ST,20680,29779932
656,SUP-6806-23,ST,20680,29779926
644,SUP-6806-23,ST,20680,29779896
656,SUP-6806-23,ST,20680,29779886
644,SUP-6806-23,ST,20680,29779866
656,SUP-6806-23,ST,20680,29779856
644,SUP-6806-23,ST,20680,29779836
656,SUP-6806-23,ST,20680,29779822
644,SUP-6806-23,ST,20680,29779798
321,SUP-6806-23,SP,20680,29780187
299,SUP-6806-23,SP,20680,29779899
600,SUP-7769-24,ST,20680,29779852
600,SUP-7769-24,ST,20680,29779779
664,SUP-7593-24,SP,20680,29780082
478,SUP-7133-24,ST,20680,29780164
559,SUP-7133-24,ST,20680,29780145
478,SUP-7133-24,ST,20680,29780139
559,SUP-7133-24,ST,20680,29780122
478,SUP-7133-24,ST,20680,29780111
605,SUP-7133-24,SP,20680,29780224
478,SUP-7133-24,ST,20680,29780086
559,SUP-7133-24,ST,20680,29780072
636,SUP-7133-24,ST,20680,29780073
478,SUP-7133-24,ST,20680,29780061
559,SUP-7133-24,ST,20680,29780042
605,SUP-7133-24,SP,20680,29780064
636,SUP-7133-24,ST,20680,29779837
559,SUP-7133-24,ST,20680,29779900
594,SUP-7133-24,SP,20680,29780128
594,SUP-7133-24,SP,20680,29780129
577,SUP-7133-24,SP,20680,29781705
636,SUP-7133-24,ST,20680,29780151
636,SUP-7133-24,ST,20680,29780129
478,SUP-7133-24,ST,20680,29779851
577,SUP-7133-24,SP,20680,29781617
535,SUP-7285-24,SM / SM.F / SR,20680,29794557
337,SUP-7285-24,SM / SM.F / SR,20680,29798551
535,SUP-7285-24,SM / SM.F / SR,20680,29788800
512,SUP-8408-26,SM / SM.F / SR,20680,29790161
nome:Aucelio Costa Formiga,SUP-8408-26,SM / SM.F / SR,20680,29787343
656,SUP-6806-23,ST,20680,29780170
656,SUP-6806-23,ST,20680,29780141
648,SUP-8370-25,SP,20680,29784405
341,SUP-7769-24,SM / SM.F / SR,20680,29789871
568,SUP-6806-23,SP,20680,29780317
171,SUP-6806-23,SP,20680,29780263
299,SUP-6806-23,SP,20680,29780130
571,SUP-6806-23,SP,20680,29780176
297,SUP-8408-26,ST,20680,29780190
297,SUP-8408-26,ST,20680,29780177
297,SUP-8408-26,ST,20680,29780140
297,SUP-8408-26,ST,20680,29780116
297,SUP-8408-26,ST,20680,29780089
297,SUP-8408-26,ST,20680,29780057
603,SUP-8408-26,SP,20680,29782788
297,SUP-8408-26,ST,20680,29779884
297,SUP-8408-26,ST,20680,29779786
297,SUP-8408-26,ST,20680,29779752
297,SUP-8408-26,ST,20680,29779725
297,SUP-8408-26,ST,20680,29779698
297,SUP-8408-26,ST,20680,29779660
154,SUP-7593-24,SP,20680,29780153
154,SUP-7593-24,SP,20680,29779968
468,SUP-7769-24,SM / SM.F / SR,20680,29780225
378,SUP-7128-24,SM / SM.F / SR,20680,29793193
657,SUP-8370-25,ST,20680,29779967
364,SUP-7285-24,SM / SM.F / SR,20681,29788384
403,SUP-7285-24,SM / SM.F / SR,20681,29787221
288,SUP-7285-24,SM / SM.F / SR,20681,29789887
463,SUP-7285-24,SP,20681,29781678
216,SUP-7285-24,SM / SM.F / SR,20681,29781674
361,SUP-7285-24,SP,20681,29781516
361,SUP-7285-24,SP,20681,29781454
519,SUP-7285-24,SP,20681,29782625
361,SUP-7285-24,SP,20681,29782614
143,SUP-7285-24,SP,20681,29781317
644,SUP-6806-23,ST,20681,29781660
656,SUP-6806-23,ST,20681,29781645
644,SUP-6806-23,ST,20681,29781621
644,SUP-6806-23,ST,20681,29781608
656,SUP-6806-23,ST,20681,29781608
644,SUP-6806-23,ST,20681,29781419
656,SUP-6806-23,ST,20681,29781423
644,SUP-6806-23,ST,20681,29781384
644,SUP-6806-23,ST,20681,29781347
644,SUP-6806-23,ST,20681,29781318
656,SUP-6806-23,ST,20681,29781321
644,SUP-6806-23,ST,20681,29781291
656,SUP-6806-23,ST,20681,29781282
644,SUP-6806-23,ST,20681,29781260
644,SUP-6806-23,ST,20681,29781234
656,SUP-6806-23,ST,20681,29781242
321,SUP-6806-23,SP,20681,29781692
321,SUP-6806-23,SP,20681,29781693
664,SUP-7593-24,SP,20681,29781323
276,SUP-7133-24,SP,20681,29784036
559,SUP-7133-24,ST,20681,29781552
478,SUP-7133-24,ST,20681,29781552
605,SUP-7133-24,SP,20681,29781632
478,SUP-7133-24,ST,20681,29781525
559,SUP-7133-24,ST,20681,29781507
478,SUP-7133-24,ST,20681,29781506
478,SUP-7133-24,ST,20681,29781482
605,SUP-7133-24,SP,20681,29781485
594,SUP-7133-24,SP,20681,29781554
559,SUP-7133-24,ST,20681,29781269
559,SUP-7133-24,ST,20681,29781241
559,SUP-7133-24,ST,20681,29781219
559,SUP-7133-24,ST,20681,29781184
276,SUP-7133-24,SP,20681,29783036
559,SUP-7133-24,ST,20681,29781162
594,SUP-7133-24,SP,20681,29781555
605,SUP-7133-24,SP,20681,29781259
575,SUP-7133-24,PI,20681,29781651
575,SUP-7133-24,PI,20681,29781538
575,SUP-7133-24,PI,20681,29781340
575,SUP-7133-24,PI,20681,29781234
536,SUP-7285-24,SP,20681,29784509
652,SUP-7285-24,SP,20681,29785643
523,SUP-7285-24,SP,20681,29781675
523,SUP-7285-24,SP,20681,29781385
463,SUP-7285-24,SP,20681,29781384
636,SUP-7133-24,ST,20681,29781552
559,SUP-7133-24,ST,20681,29781528
559,SUP-7133-24,ST,20681,29781486
559,SUP-7133-24,ST,20681,29781510
478,SUP-7133-24,ST,20681,29781353
559,SUP-7133-24,ST,20681,29781493
478,SUP-7133-24,ST,20681,29781309
636,SUP-7133-24,ST,20681,29781277
478,SUP-7133-24,ST,20681,29781268
636,SUP-7133-24,ST,20681,29781256
478,SUP-7133-24,ST,20681,29781242
636,SUP-7133-24,ST,20681,29781223
478,SUP-7133-24,ST,20681,29781216
636,SUP-7133-24,ST,20681,29781189
478,SUP-7133-24,ST,20681,29781194
636,SUP-7133-24,ST,20681,29781167
478,SUP-7133-24,ST,20681,29781164
577,SUP-7133-24,SP,20681,29781607
257,SUP-7133-24,VT,20681,29784104
257,SUP-7133-24,VT,20681,29781511
649,SUP-8370-25,SM / SM.F / SR,20681,29784003
520,SUP-7133-24,SM / SM.F / SR,20681,29784546
171,SUP-6806-23,SP,20681,29781582
428,SUP-7593-24,SM / SM.F / SR,20681,29782608
571,SUP-6806-23,SP,20681,29781537
299,SUP-6806-23,SP,20681,29781311
603,SUP-8408-26,SP,20681,29781650
297,SUP-8408-26,ST,20681,29781580
603,SUP-8408-26,SP,20681,29781650
297,SUP-8408-26,ST,20681,29781545
603,SUP-8408-26,SP,20681,29781650
297,SUP-8408-26,ST,20681,29781510
297,SUP-8408-26,ST,20681,29781318
603,SUP-8408-26,SP,20681,29781454
297,SUP-8408-26,ST,20681,29781275
603,SUP-8408-26,SP,20681,29781251
297,SUP-8408-26,ST,20681,29781190
297,SUP-8408-26,ST,20681,29781146
297,SUP-8408-26,ST,20681,29781107
600,SUP-7769-24,ST,20681,29781179
468,SUP-7769-24,SM / SM.F / SR,20681,29782807
640,SUP-7722-24,SP,20682,29787022
641,SUP-7722-24,SP,20682,29783081
377,SUP-7285-24,SM / SM.F / SR,20682,29785802
306,SUP-7285-24,SM / SM.F / SR,20682,29787388
561,SUP-7285-24,SM / SM.F / SR,20682,29796022
216,SUP-7285-24,SM / SM.F / SR,20682,29784458
143,SUP-7285-24,SP,20682,29783022
143,SUP-7285-24,SP,20682,29785591
143,SUP-7285-24,SP,20682,29782695
519,SUP-7285-24,SP,20682,29782660
523,SUP-7285-24,SP,20682,29783071
463,SUP-7285-24,SP,20682,29783080
519,SUP-7285-24,SP,20682,29782636
656,SUP-6806-23,ST,20682,29783046
409,SUP-6806-23,ST,20682,29786996
644,SUP-6806-23,ST,20682,29783050
409,SUP-6806-23,ST,20682,29782987
644,SUP-6806-23,ST,20682,29782982
644,SUP-6806-23,ST,20682,29782864
656,SUP-6806-23,ST,20682,29782868
644,SUP-6806-23,ST,20682,29782830
409,SUP-6806-23,ST,20682,29782955
656,SUP-6806-23,ST,20682,29782817
644,SUP-6806-23,ST,20682,29782778
644,SUP-6806-23,ST,20682,29782732
656,SUP-6806-23,ST,20682,29782727
644,SUP-6806-23,ST,20682,29782709
571,SUP-6806-23,SP,20682,29782997
321,SUP-6806-23,SP,20682,29783007
600,SUP-7769-24,PI,20682,29783034
600,SUP-7769-24,PI,20682,29782923
600,SUP-7769-24,ST,20682,29782702
664,SUP-7593-24,SP,20682,29782911
636,SUP-7133-24,SP,20682,29784473
559,SUP-7133-24,SP,20682,29784429
478,SUP-7133-24,SP,20682,29784184
276,SUP-7133-24,SP,20682,29784492
594,SUP-7133-24,SP,20682,29784107
605,SUP-7133-24,SP,20682,29783031
594,SUP-7133-24,SP,20682,29783014
605,SUP-7133-24,SP,20682,29782703
575,SUP-7133-24,PI,20682,29782653
586,SUP-7285-24,SP,20682,29784162
586,SUP-7285-24,SP,20682,29785818
575,SUP-7133-24,PI,20682,29784105
575,SUP-7133-24,PI,20682,29783046
575,SUP-7133-24,PI,20682,29782846
577,SUP-7133-24,SP,20682,29783047
257,SUP-7133-24,SH,20682,29783961
257,SUP-7133-24,SH,20682,29784100
614,SUP-8370-25,SP,20682,29783043
649,SUP-8370-25,SM / SM.F / SR,20682,29783025
568,SUP-6806-23,SP,20682,29782918
428,SUP-7593-24,SM / SM.F / SR,20682,29785823
79,SUP-7128-24,SM / SM.F / SR,20682,29784437
631,SUP-8370-25,SM / SM.F / SR,20682,29785982
603,SUP-8408-26,SP,20682,29783088
603,SUP-8408-26,SP,20682,29782608
154,SUP-7593-24,SP,20682,29783018
154,SUP-7593-24,SP,20682,29782685
657,SUP-8370-25,ST,20682,29783046
657,SUP-8370-25,ST,20682,29782937
657,SUP-8370-25,ST,20682,29782755
657,SUP-8370-25,ST,20682,29782629
640,SUP-7722-24,SP,20683,29787022
640,SUP-7722-24,SP,20683,29784341
641,SUP-7722-24,SP,20683,29785938
623,SUP-7285-24,SM / SM.F / SR,20683,29789965
519,SUP-7285-24,SP,20683,29784468
523,SUP-7285-24,SP,20683,29784485
463,SUP-7285-24,SP,20683,29784486
519,SUP-7285-24,SP,20683,29784150
361,SUP-7285-24,SP,20683,29784488
664,SUP-7593-24,SP,20683,29785521
664,SUP-7593-24,SP,20683,29784411
644,SUP-6806-23,ST,20683,29784308
409,SUP-6806-23,ST,20683,29784281
644,SUP-6806-23,ST,20683,29784314
409,SUP-6806-23,ST,20683,29784284
644,SUP-6806-23,ST,20683,29784229
409,SUP-6806-23,ST,20683,29784190
644,SUP-6806-23,ST,20683,29784185
644,SUP-6806-23,ST,20683,29784134
409,SUP-6806-23,ST,20683,29784142
600,SUP-7769-24,PI,20683,29784193
600,SUP-7769-24,PI,20683,29784075
121,SUP-7285-24,SM / SM.F / SR,20683,29792726
559,SUP-7133-24,SP,20683,29785921
478,SUP-7133-24,SP,20683,29785837
594,SUP-7133-24,SP,20683,29784460
605,SUP-7133-24,SP,20683,29784451
594,SUP-7133-24,SP,20683,29784460
586,SUP-7285-24,SP,20683,29790150
586,SUP-7285-24,SP,20683,29784406
588,SUP-7285-24,SM / SM.F / SR,20683,29793172
586,SUP-7285-24,SP,20683,29784380
340,SUP-7285-24,SM / SM.F / SR,20683,29789853
586,SUP-7285-24,SP,20683,29784162
586,SUP-7285-24,SP,20683,29784162
468,SUP-7769-24,SM / SM.F / SR,20683,29785484
373,SUP-7285-24,SM / SM.F / SR,20683,29798406
519,SUP-7285-24,SP,20683,29785561
585,SUP-8408-26,SM / SM.F / SR,20683,29788506
257,SUP-7133-24,VT,20683,29785832
571,SUP-6806-23,SP,20683,29784480
614,SUP-8370-25,SP,20683,29785645
648,SUP-8370-25,SP,20683,29788355
614,SUP-8370-25,SP,20683,29784279
409,SUP-6806-23,ST,20683,29784595
644,SUP-6806-23,ST,20683,29784606
171,SUP-6806-23,SP,20683,29785980
568,SUP-6806-23,SP,20683,29784478
297,SUP-8408-26,ST,20683,29784461
154,SUP-7593-24,SP,20683,29784442
154,SUP-7593-24,SP,20683,29784155
600,SUP-7769-24,ST,20683,29784446
600,SUP-7769-24,ST,20683,29784366
299,SUP-6806-23,SP,20683,29784462
321,SUP-6806-23,SP,20683,29784459
656,SUP-6806-23,ST,20683,29784171
634,SUP-8370-25,SP,20683,29784497
537,SUP-7285-24,SP,20684,29790176
602,SUP-7285-24,SM / SM.F / SR,20684,29796002
216,SUP-7285-24,SM / SM.F / SR,20684,29788660
216,SUP-7285-24,SM / SM.F / SR,20684,29790185
463,SUP-7285-24,SP,20684,29785956
523,SUP-7285-24,SP,20684,29785964
143,SUP-7285-24,SP,20684,29787434
420,SUP-7285-24,SM / SM.F / SR,20684,29794139
519,SUP-7285-24,SP,20684,29785903
644,SUP-6806-23,ST,20684,29785975
409,SUP-6806-23,ST,20684,29785974
644,SUP-6806-23,ST,20684,29785943
656,SUP-6806-23,ST,20684,29785923
409,SUP-6806-23,ST,20684,29785900
644,SUP-6806-23,ST,20684,29785907
656,SUP-6806-23,ST,20684,29785894
656,SUP-6806-23,ST,20684,29785857
644,SUP-6806-23,ST,20684,29785866
409,SUP-6806-23,ST,20684,29785838
656,SUP-6806-23,ST,20684,29785835
644,SUP-6806-23,ST,20684,29785827
657,SUP-8370-25,PI,20684,29786010
657,SUP-8370-25,PI,20684,29786052
657,SUP-8370-25,PI,20684,29785798
600,SUP-7769-24,PI,20684,29785482
154,SUP-7593-24,SP,20684,29785894
154,SUP-7593-24,SP,20684,29785876
478,SUP-7133-24,SP,20684,29785925
276,SUP-7133-24,SP,20684,29785903
594,SUP-7133-24,SP,20684,29785921
605,SUP-7133-24,SP,20684,29785907
636,SUP-7133-24,SP,20684,29785924
276,SUP-7133-24,SP,20684,29785905
594,SUP-7133-24,SP,20684,29785922
605,SUP-7133-24,SP,20684,29785585
536,SUP-7285-24,SP,20684,29787281
540,SUP-7285-24,SM / SM.F / SR,20684,29794402
652,SUP-7285-24,SP,20684,29787339
468,SUP-7769-24,SM / SM.F / SR,20684,29785971
575,SUP-7133-24,PI,20684,29785906
361,SUP-7285-24,SP,20684,29787055
361,SUP-7285-24,SP,20684,29786888
257,SUP-7133-24,SH,20684,29785885
257,SUP-7133-24,VT,20684,29785887
409,SUP-6806-23,ST,20684,29785675
409,SUP-6806-23,ST,20684,29785630
409,SUP-6806-23,ST,20684,29785593
644,SUP-6806-23,ST,20684,29785550
409,SUP-6806-23,ST,20684,29785534
644,SUP-6806-23,ST,20684,29785721
644,SUP-6806-23,ST,20684,29785703
644,SUP-6806-23,ST,20684,29785658
644,SUP-6806-23,ST,20684,29785606
648,SUP-8370-25,SP,20684,29786996
614,SUP-8370-25,SP,20684,29787089
648,SUP-8370-25,SP,20684,29785815
657,SUP-8370-25,PI,20684,29785613
520,SUP-7133-24,SM / SM.F / SR,20684,29787400
171,SUP-6806-23,SP,20684,29785979
568,SUP-6806-23,SP,20684,29785961
79,SUP-7128-24,SM / SM.F / SR,20684,29787298
571,SUP-6806-23,SP,20684,29785938
321,SUP-6806-23,SP,20684,29785893
299,SUP-6806-23,SP,20684,29785893
321,SUP-6806-23,SP,20684,29785905
299,SUP-6806-23,SP,20684,29785592
571,SUP-6806-23,SP,20684,29785940
175,SUP-8408-26,SH,20684,29785912
175,SUP-8408-26,SH,20684,29785655
297,SUP-8408-26,ST,20684,29785941
600,SUP-7769-24,ST,20684,29785914
600,SUP-7769-24,PI,20684,29785839
600,SUP-7769-24,ST,20684,29785607
600,SUP-7769-24,ST,20684,29785540
513,SUP-8224-25 (AB),ST,20684,29785932
513,SUP-8224-25 (AB),ST,20684,29785842
513,SUP-8224-25 (AB),ST,20684,29785792
513,SUP-8224-25 (AB),ST,20684,29785629
513,SUP-8224-25 (AB),ST,20684,29785590
513,SUP-8224-25 (AB),ST,20684,29785560
634,SUP-8370-25,SP,20684,29785897
164,SUP-8370-25,SM / SM.F / SR,20684,29788598
377,SUP-7285-24,SM / SM.F / SR,20685,29792966
523,SUP-7285-24,SP,20685,29787391
523,SUP-7285-24,SP,20685,29787389
523,SUP-7285-24,SP,20685,29787389
463,SUP-7285-24,SP,20685,29787402
154,SUP-7593-24,SP,20685,29787311
664,SUP-7593-24,SP,20685,29787299
409,SUP-6806-23,ST,20685,29787100
644,SUP-6806-23,ST,20685,29787083
409,SUP-6806-23,ST,20685,29787040
644,SUP-6806-23,ST,20685,29787039
409,SUP-6806-23,ST,20685,29788500
644,SUP-6806-23,ST,20685,29786997
171,SUP-6806-23,SP,20685,29788501
568,SUP-6806-23,SP,20685,29787451
657,SUP-8370-25,PI,20685,29787378
657,SUP-8370-25,PI,20685,29787272
657,SUP-8370-25,PI,20685,29787064
657,SUP-8370-25,PI,20685,29786946
669,SUP-8276-25,SP,20685,29789796
559,SUP-7133-24,SP,20685,29789948
605,SUP-7133-24,SP,20685,29787301
478,SUP-7133-24,SP,20685,29787387
594,SUP-7133-24,SP,20685,29787229
276,SUP-7133-24,SP,20685,29787271
636,SUP-7133-24,SP,20685,29787347
478,SUP-7133-24,SP,20685,29787035
559,SUP-7133-24,SP,20685,29787348
605,SUP-7133-24,SP,20685,29787031
154,SUP-7593-24,SP,20685,29787061
257,SUP-7133-24,BL,20685,29793145
575,SUP-7133-24,PI,20685,29787413
575,SUP-7133-24,PI,20685,29787284
575,SUP-7133-24,PI,20685,29787104
575,SUP-7133-24,PI,20685,29786965
647,SUP-7285-24,SM / SM.F / SR,20685,29794413
519,SUP-7285-24,SP,20685,29788476
361,SUP-7285-24,SP,20685,29787050
519,SUP-7285-24,SP,20685,29786990
257,SUP-7133-24,SH,20685,29786994
299,SUP-6806-23,SP,20685,29787290
614,SUP-8370-25,SP,20685,29788512
648,SUP-8370-25,SP,20685,29787324
571,SUP-6806-23,SP,20685,29787452
321,SUP-6806-23,SP,20685,29787379
571,SUP-6806-23,SP,20685,29787453
321,SUP-6806-23,SP,20685,29787222
631,SUP-8370-25,SM / SM.F / SR,20685,29792653
297,SUP-8408-26,ST,20685,29787397
297,SUP-8408-26,ST,20685,29787346
297,SUP-8408-26,ST,20685,29787307
297,SUP-8408-26,ST,20685,29787259
297,SUP-8408-26,ST,20685,29787035
297,SUP-8408-26,ST,20685,29786994
297,SUP-8408-26,ST,20685,29786946
297,SUP-8408-26,ST,20685,29786907
644,SUP-6806-23,ST,20685,29787444
409,SUP-6806-23,ST,20685,29787451
656,SUP-6806-23,ST,20685,29787039
513,SUP-8224-25 (AB),ST,20685,29787379
513,SUP-8224-25 (AB),ST,20685,29787322
513,SUP-8224-25 (AB),ST,20685,29787284
513,SUP-8224-25 (AB),ST,20685,29787247
513,SUP-8224-25 (AB),ST,20685,29787100
513,SUP-8224-25 (AB),ST,20685,29787010
513,SUP-8224-25 (AB),ST,20685,29786953
513,SUP-8224-25 (AB),ST,20685,29786895
649,SUP-8370-25,SM / SM.F / SR,20685,29790104
634,SUP-8370-25,SP,20685,29787339
640,SUP-7128-24,SP,20685,29788300
640,SUP-7128-24,SP,20685,29788306
378,SUP-7128-24,SM / SM.F / SR,20685,29797510
403,SUP-7285-24,SM / SM.F / SR,20686,29795853
403,SUP-7285-24,SM / SM.F / SR,20686,29788513
575,SUP-7133-24,PI,20686,29788855
670,SUP-7133-24,PI,20686,29789869
575,SUP-7133-24,PI,20686,29788740
670,SUP-7133-24,PI,20686,29788483
306,SUP-7285-24,SM / SM.F / SR,20686,29794466
523,SUP-7285-24,SP,20686,29788885
523,SUP-7285-24,SP,20686,29788884
523,SUP-7285-24,SP,20686,29788883
463,SUP-7285-24,SP,20686,29789858
575,SUP-7133-24,PI,20686,29788567
575,SUP-7133-24,PI,20686,29788476
143,SUP-7285-24,SP,20686,29789990
154,SUP-7593-24,SP,20686,29788750
154,SUP-7593-24,SP,20686,29788455
568,SUP-6806-23,SP,20686,29788831
171,SUP-6806-23,SP,20686,29793172
568,SUP-6806-23,SP,20686,29788858
657,SUP-8370-25,PI,20686,29788827
657,SUP-8370-25,PI,20686,29788717
657,SUP-8370-25,PI,20686,29788580
657,SUP-8370-25,PI,20686,29788479
644,SUP-6806-23,ST,20686,29788861
656,SUP-6806-23,ST,20686,29788868
644,SUP-6806-23,ST,20686,29788815
644,SUP-6806-23,ST,20686,29788762
409,SUP-6806-23,ST,20686,29788870
409,SUP-6806-23,ST,20686,29788751
644,SUP-6806-23,ST,20686,29788636
644,SUP-6806-23,ST,20686,29788594
409,SUP-6806-23,ST,20686,29788587
644,SUP-6806-23,ST,20686,29788553
409,SUP-6806-23,ST,20686,29788498
644,SUP-6806-23,ST,20686,29788483
409,SUP-6806-23,ST,20686,29788444
644,SUP-6806-23,ST,20686,29788435
409,SUP-6806-23,ST,20686,29788811
656,SUP-6806-23,ST,20686,29788736
656,SUP-6806-23,ST,20686,29788615
656,SUP-6806-23,ST,20686,29788519
656,SUP-6806-23,ST,20686,29788443
600,SUP-7769-24,ST,20686,29788375
364,SUP-7285-24,SM / SM.F / SR,20686,29793149
664,SUP-7593-24,SP,20686,29794163
664,SUP-7593-24,SP,20686,29794162
664,SUP-7593-24,SP,20686,29794162
478,SUP-7133-24,SP,20686,29788837
636,SUP-7133-24,SP,20686,29792870
257,SUP-7133-24,BL,20686,29793145
257,SUP-7133-24,VT,20686,29788750
519,SUP-7285-24,SP,20686,29788803
519,SUP-7285-24,SP,20686,29788798
361,SUP-7285-24,SP,20686,29792734
536,SUP-7285-24,SP,20686,29793141
627,SUP-7285-24,SM / SM.F / SR,20686,29795610
321,SUP-6806-23,SP,20686,29788903
614,SUP-8370-25,SP,20686,29790074
648,SUP-8370-25,SP,20686,29792786
297,SUP-8408-26,ST,20686,29788792
297,SUP-8408-26,ST,20686,29788751
297,SUP-8408-26,ST,20686,29788714
297,SUP-8408-26,ST,20686,29788674
297,SUP-8408-26,ST,20686,29788505
297,SUP-8408-26,ST,20686,29788473
297,SUP-8408-26,ST,20686,29788433
297,SUP-8408-26,ST,20686,29788390
297,SUP-8408-26,ST,20686,29788350
600,SUP-7769-24,ST,20686,29788820
600,SUP-7769-24,ST,20686,29788527
nome:Aucelio Costa Formiga,SUP-8408-26,SM / SM.F / SR,20686,29793046
656,SUP-6806-23,ST,20686,29788787
656,SUP-6806-23,ST,20686,29788488
513,SUP-8224-25 (AB),ST,20686,29788706
513,SUP-8224-25 (AB),ST,20686,29788530
513,SUP-8224-25 (AB),ST,20686,29788471
513,SUP-8224-25 (AB),ST,20686,29788417
513,SUP-8224-25 (AB),ST,20686,29788371
513,SUP-8224-25 (AB),ST,20686,29788337
520,SUP-7128-24,SM / SM.F / SR,20686,29790257
634,SUP-8370-25,SP,20686,29788742
607,SUP-8370-25,SP,20686,29788802
329,SUP-8370-25,SP,20686,29793128
655,SUP-8370-25,SP,20686,29788866
640,SUP-7128-24,SP,20686,29789711
288,SUP-7285-24,SM / SM.F / SR,20687,29794583
657,SUP-8370-25,PI,20687,29790045
657,SUP-8370-25,PI,20687,29789998
463,SUP-7285-24,SP,20687,29790211
670,SUP-7133-24,PI,20687,29792851
670,SUP-7133-24,PI,20687,29789970
575,SUP-7133-24,PI,20687,29790014
523,SUP-7285-24,SP,20687,29790209
670,SUP-7133-24,PI,20687,29792853
670,SUP-7133-24,PI,20687,29790257
154,SUP-7593-24,SP,20687,29790127
664,SUP-7593-24,SP,20687,29789966
568,SUP-6806-23,SP,20687,29790238
171,SUP-6806-23,SP,20687,29790244
171,SUP-6806-23,SP,20687,29789953
568,SUP-6806-23,SP,20687,29790061
657,SUP-8370-25,PI,20687,29789909
657,SUP-8370-25,PI,20687,29789832
656,SUP-6806-23,ST,20687,29790266
644,SUP-6806-23,ST,20687,29790265
656,SUP-6806-23,ST,20687,29790199
644,SUP-6806-23,ST,20687,29790268
409,SUP-6806-23,ST,20687,29790153
656,SUP-6806-23,ST,20687,29790149
644,SUP-6806-23,ST,20687,29790149
656,SUP-6806-23,ST,20687,29790023
644,SUP-6806-23,ST,20687,29789994
656,SUP-6806-23,ST,20687,29789961
644,SUP-6806-23,ST,20687,29789948
656,SUP-6806-23,ST,20687,29789922
644,SUP-6806-23,ST,20687,29789909
409,SUP-6806-23,ST,20687,29790206
409,SUP-6806-23,ST,20687,29789972
657,SUP-8370-25,PI,20687,29790163
669,SUP-8276-25,SP,20687,29790223
669,SUP-8276-25,SP,20687,29790213
669,SUP-8276-25,SP,20687,29790192
478,SUP-7133-24,SP,20687,29790279
559,SUP-7133-24,SP,20687,29792923
478,SUP-7133-24,SP,20687,29789981
340,SUP-7285-24,SM / SM.F / SR,20687,29797518
257,SUP-7133-24,VT,20687,29790182
586,SUP-7285-24,SP,20687,29789885
586,SUP-7285-24,SP,20687,29789875
652,SUP-7285-24,SP,20687,29790259
586,SUP-7285-24,SP,20687,29789861
136,SUP-7285-24,SM / SM.F / SR,20687,29794185
79,SUP-7722-24,SM / SM.F / SR,20687,29797036
321,SUP-6806-23,SP,20687,29790174
299,SUP-6806-23,SP,20687,29793058
321,SUP-6806-23,SP,20687,29789971
614,SUP-8370-25,SP,20687,29790219
648,SUP-8370-25,SP,20687,29792821
634,SUP-8370-25,SP,20687,29792991
648,SUP-8370-25,SP,20687,29792804
341,SUP-7769-24,SM / SM.F / SR,20687,29798360
297,SUP-8408-26,ST,20687,29790244
297,SUP-8408-26,ST,20687,29790217
297,SUP-8408-26,ST,20687,29790185
297,SUP-8408-26,ST,20687,29790155
297,SUP-8408-26,ST,20687,29790115
297,SUP-8408-26,ST,20687,29789974
297,SUP-8408-26,ST,20687,29789940
297,SUP-8408-26,ST,20687,29789901
297,SUP-8408-26,ST,20687,29789867
297,SUP-8408-26,ST,20687,29789818
389,SUP-8370-25,ST,20687,29790210
389,SUP-8370-25,ST,20687,29790185
600,SUP-7769-24,PI,20687,29790205
600,SUP-7769-24,PI,20687,29790030
600,SUP-7769-24,PI,20687,29789940
600,SUP-7769-24,PI,20687,29789838
585,SUP-8408-26,SM / SM.F / SR,20687,29794382
512,SUP-8408-26,SM / SM.F / SR,20687,29797515
659,SUP-8408-26,SM / SM.F / SR,20687,29796975
513,SUP-8224-25 (AB),ST,20687,29790245
513,SUP-8224-25 (AB),ST,20687,29790211
513,SUP-8224-25 (AB),ST,20687,29790167
513,SUP-8224-25 (AB),ST,20687,29790142
513,SUP-8224-25 (AB),ST,20687,29789939
513,SUP-8224-25 (AB),ST,20687,29789879
513,SUP-8224-25 (AB),ST,20687,29789832
513,SUP-8224-25 (AB),ST,20687,29789742
329,SUP-8370-25,SP,20687,29790308
655,SUP-8370-25,SP,20687,29797370
607,SUP-8370-25,SP,20687,29790251
329,SUP-8370-25,SP,20687,29790309
640,SUP-7128-24,SP,20687,29792633
216,SUP-7285-24,SM / SM.F / SR,20689,29798574
377,SUP-7285-24,SM / SM.F / SR,20689,29795528
623,SUP-7285-24,SM / SM.F / SR,20689,29797446
420,SUP-7285-24,SM / SM.F / SR,20689,29793158
143,SUP-7285-24,SP,20689,29793041
154,SUP-7593-24,SP,20689,29792736
171,SUP-6806-23,SP,20689,29793159
568,SUP-6806-23,SP,20689,29793198
171,SUP-6806-23,SP,20689,29793016
568,SUP-6806-23,SP,20689,29793180
656,SUP-6806-23,ST,20689,29792869
409,SUP-6806-23,ST,20689,29793137
409,SUP-6806-23,ST,20689,29793072
644,SUP-6806-23,ST,20689,29792989
644,SUP-6806-23,ST,20689,29792924
409,SUP-6806-23,ST,20689,29793163
644,SUP-6806-23,ST,20689,29792882
644,SUP-6806-23,ST,20689,29792831
409,SUP-6806-23,ST,20689,29792836
656,SUP-6806-23,ST,20689,29792799
644,SUP-6806-23,ST,20689,29792789
656,SUP-6806-23,ST,20689,29792736
409,SUP-6806-23,ST,20689,29793180
644,SUP-6806-23,ST,20689,29793171
656,SUP-6806-23,ST,20689,29793085
644,SUP-6806-23,ST,20689,29792733
575,SUP-7133-24,PI,20689,29793104
575,SUP-7133-24,PI,20689,29792906
670,SUP-7133-24,PI,20689,29792845
670,SUP-7133-24,PI,20689,29792790
575,SUP-7133-24,PI,20689,29792799
670,SUP-7133-24,PI,20689,29792746
657,SUP-8370-25,PI,20689,29793105
657,SUP-8370-25,PI,20689,29793039
657,SUP-8370-25,PI,20689,29792834
657,SUP-8370-25,PI,20689,29792753
657,SUP-8370-25,PI,20689,29792673
600,SUP-7769-24,ST,20689,29793116
664,SUP-7593-24,SP,20689,29793003
664,SUP-7593-24,SP,20689,29793004
664,SUP-7593-24,SP,20689,29793002
669,SUP-8276-25,SP,20689,29793103
478,SUP-7133-24,SP,20689,29794259
559,SUP-7133-24,SP,20689,29794342
478,SUP-7133-24,SP,20689,29793021
154,SUP-7593-24,SP,20689,29793075
588,SUP-7285-24,SM / SM.F / SR,20689,29797510
540,SUP-7285-24,SM / SM.F / SR,20689,29798415
523,SUP-7285-24,SP,20689,29793119
463,SUP-7285-24,SP,20689,29793111
257,SUP-7133-24,BL,20689,29793057
670,SUP-7133-24,PI,20689,29793142
670,SUP-7133-24,PI,20689,29793055
652,SUP-7285-24,SP,20689,29795995
299,SUP-6806-23,SP,20689,29794204
299,SUP-6806-23,SP,20689,29794204
571,SUP-6806-23,SP,20689,29794268
321,SUP-6806-23,SP,20689,29793195
571,SUP-6806-23,SP,20689,29794279
321,SUP-6806-23,SP,20689,29793197
648,SUP-8370-25,SP,20689,29795601
614,SUP-8370-25,SP,20689,29793089
631,SUP-8370-25,SM / SM.F / SR,20689,29795621
297,SUP-8408-26,ST,20689,29793151
297,SUP-8408-26,ST,20689,29793128
297,SUP-8408-26,ST,20689,29793084
297,SUP-8408-26,ST,20689,29793050
297,SUP-8408-26,ST,20689,29793011
297,SUP-8408-26,ST,20689,29792854
297,SUP-8408-26,ST,20689,29792821
603,SUP-8408-26,SP,20689,29797452
297,SUP-8408-26,ST,20689,29792786
297,SUP-8408-26,ST,20689,29792751
297,SUP-8408-26,ST,20689,29792711
595,SUP-8370-25,ST,20689,29792898
389,SUP-8370-25,ST,20689,29792865
389,SUP-8370-25,ST,20689,29792817
595,SUP-8370-25,ST,20689,29792851
389,SUP-8370-25,ST,20689,29792787
389,SUP-8370-25,ST,20689,29792762
595,SUP-8370-25,ST,20689,29792779
389,SUP-8370-25,ST,20689,29792734
389,SUP-8370-25,ST,20689,29792706
595,SUP-8370-25,ST,20689,29792698
389,SUP-8370-25,ST,20689,29792680
600,SUP-7769-24,ST,20689,29793060
600,SUP-7769-24,PI,20689,29792815
600,SUP-7769-24,ST,20689,29792706
600,SUP-7769-24,ST,20689,29792650
644,SUP-6806-23,ST,20689,29793097
656,SUP-6806-23,ST,20689,29793019
513,SUP-8224-25 (AB),ST,20689,29793114
513,SUP-8224-25 (AB),ST,20689,29793048
513,SUP-8224-25 (AB),ST,20689,29793016
513,SUP-8224-25 (AB),ST,20689,29792834
513,SUP-8224-25 (AB),ST,20689,29792792
513,SUP-8224-25 (AB),ST,20689,29792724
513,SUP-8224-25 (AB),ST,20689,29792688
641,SUP-7128-24,SP,20689,29793181
634,SUP-8370-25,SP,20689,29794698
655,SUP-8370-25,SP,20689,29794644
607,SUP-8370-25,SP,20689,29794133
329,SUP-8370-25,SP,20689,29795461
640,SUP-7722-24,SP,20689,29794054
361,SUP-7285-24,ST,20690,29794573
519,SUP-7285-24,ST,20690,29794446
361,SUP-7285-24,ST,20690,29794300
143,SUP-7285-24,ST,20690,29794593
143,SUP-7285-24,ST,20690,29794464
523,SUP-7285-24,SP,20690,29796046
306,SUP-7285-24,SM / SM.F / SR,20690,29798490
523,SUP-7285-24,SP,20690,29794444
463,SUP-7285-24,SP,20690,29794480
420,SUP-7285-24,SM / SM.F / SR,20690,29798529
136,SUP-7285-24,SM / SM.F / SR,20690,29796975
664,SUP-7593-24,SP,20690,29794602
171,SUP-6806-23,SP,20690,29794566
568,SUP-6806-23,SP,20690,29794551
171,SUP-6806-23,SP,20690,29794306
568,SUP-6806-23,SP,20690,29794567
656,SUP-6806-23,ST,20690,29794274
644,SUP-6806-23,ST,20690,29794366
644,SUP-6806-23,ST,20690,29794339
644,SUP-6806-23,ST,20690,29794295
644,SUP-6806-23,ST,20690,29794246
644,SUP-6806-23,ST,20690,29794193
644,SUP-6806-23,ST,20690,29794153
409,SUP-6806-23,ST,20690,29794293
656,SUP-6806-23,ST,20690,29794225
409,SUP-6806-23,ST,20690,29794262
656,SUP-6806-23,ST,20690,29794182
409,SUP-6806-23,ST,20690,29794165
657,SUP-8370-25,PI,20690,29794425
657,SUP-8370-25,PI,20690,29794183
657,SUP-8370-25,PI,20690,29794095
364,SUP-7285-24,SM / SM.F / SR,20690,29797302
154,SUP-7593-24,SP,20690,29794447
154,SUP-7593-24,SP,20690,29794258
154,SUP-7593-24,SP,20690,29794230
154,SUP-7593-24,SP,20690,29794186
669,SUP-8276-25,SP,20690,29795946
670,SUP-7133-24,PI,20690,29794574
575,SUP-7133-24,PI,20690,29794301
636,SUP-7133-24,SP,20690,29794499
664,SUP-7593-24,SP,20690,29794437
143,SUP-7285-24,ST,20690,29794565
463,SUP-7285-24,SP,20690,29796001
257,SUP-7133-24,CPTu,20690,29794555
257,SUP-7133-24,CPTu,20690,29794555
575,SUP-7133-24,PI,20690,29794593
575,SUP-7133-24,PI,20690,29794468
670,SUP-7133-24,PI,20690,29794257
670,SUP-7133-24,PI,20690,29794178
575,SUP-7133-24,PI,20690,29794175
535,SUP-7285-24,SM / SM.F / SR,20690,29798536
299,SUP-6806-23,SP,20690,29794279
299,SUP-6806-23,SP,20690,29794206
571,SUP-6806-23,SP,20690,29794280
644,SUP-6806-23,ST,20690,29794652
409,SUP-6806-23,ST,20690,29795891
409,SUP-6806-23,ST,20690,29794562
656,SUP-6806-23,ST,20690,29794615
644,SUP-6806-23,ST,20690,29794608
648,SUP-8370-25,SP,20690,29795963
614,SUP-8370-25,SP,20690,29794528
519,SUP-7285-24,ST,20690,29794475
361,SUP-7285-24,ST,20690,29794468
361,SUP-7285-24,ST,20690,29794427
519,SUP-7285-24,ST,20690,29794300
577,SUP-8224-25 (PR),SP,20690,29795789
321,SUP-6806-23,SP,20690,29795726
321,SUP-6806-23,SP,20690,29794258
297,SUP-8408-26,ST,20690,29794609
297,SUP-8408-26,ST,20690,29794572
585,SUP-8408-26,SM / SM.F / SR,20690,29797515
603,SUP-8408-26,SP,20690,29797441
297,SUP-8408-26,ST,20690,29794537
297,SUP-8408-26,ST,20690,29794486
297,SUP-8408-26,ST,20690,29794415
nome:Aucelio Costa Formiga,SUP-8408-26,SM / SM.F / SR,20690,29798516
297,SUP-8408-26,ST,20690,29794268
297,SUP-8408-26,ST,20690,29794232
297,SUP-8408-26,ST,20690,29794188
603,SUP-8408-26,SP,20690,29797448
595,SUP-8370-25,ST,20690,29794561
595,SUP-8370-25,ST,20690,29794538
595,SUP-8370-25,ST,20690,29794326
595,SUP-8370-25,ST,20690,29794300
595,SUP-8370-25,ST,20690,29794248
595,SUP-8370-25,ST,20690,29794212
595,SUP-8370-25,ST,20690,29794173
513,SUP-8224-25 (AB),ST,20690,29794560
513,SUP-8224-25 (AB),ST,20690,29794522
513,SUP-8224-25 (AB),ST,20690,29794497
513,SUP-8224-25 (AB),ST,20690,29794475
513,SUP-8224-25 (AB),ST,20690,29794439
513,SUP-8224-25 (AB),ST,20690,29794298
513,SUP-8224-25 (AB),ST,20690,29794218
513,SUP-8224-25 (AB),ST,20690,29794175
641,SUP-7128-24,SP,20690,29795675
520,SUP-7128-24,SM / SM.F / SR,20690,29797152
641,SUP-7128-24,SP,20690,29794538
626,SUP-8370-25,SM / SM.F / SR,20690,29794679
329,SUP-8370-25,SP,20690,29794668
607,SUP-8370-25,SP,20690,29795568
600,SUP-7770-24,ST,20690,29794554
600,SUP-7770-24,ST,20690,29794523
600,SUP-7770-24,ST,20690,29794492
600,SUP-7770-24,ST,20690,29794458
600,SUP-7770-24,ST,20690,29794424
600,SUP-7770-24,ST,20690,29794393
600,SUP-7770-24,ST,20690,29794362
640,SUP-7722-24,SP,20690,29796914
640,SUP-7722-24,SP,20690,29795869
121,SUP-7285-24,SM / SM.F / SR,20690,29795774
536,SUP-7285-24,SP,20690,29797451
652,SUP-7285-24,SP,20690,29798447
586,SUP-7285-24,SP,20690,29797298
121,SUP-7285-24,SM / SM.F / SR,20691,29798561
377,SUP-7285-24,SM / SM.F / SR,20691,29797447
519,SUP-7285-24,ST,20691,29795901
361,SUP-7285-24,ST,20691,29796000
361,SUP-7285-24,ST,20691,29795892
361,SUP-7285-24,ST,20691,29795553
288,SUP-7285-24,SM / SM.F / SR,20691,29797389
627,SUP-7285-24,SM / SM.F / SR,20691,29798516
664,SUP-7593-24,SP,20691,29798572
664,SUP-7593-24,SP,20691,29795705
664,SUP-7593-24,SP,20691,29795688
664,SUP-7593-24,SP,20691,29795664
171,SUP-6806-23,SP,20691,29796036
568,SUP-6806-23,SP,20691,29796021
171,SUP-6806-23,SP,20691,29795780
568,SUP-6806-23,SP,20691,29795728
669,SUP-8276-25,SP,20691,29797378
670,SUP-7133-24,PI,20691,29796063
670,SUP-7133-24,PI,20691,29795717
670,SUP-7133-24,PI,20691,29795647
670,SUP-7133-24,PI,20691,29795564
143,SUP-7285-24,ST,20691,29796014
143,SUP-7285-24,ST,20691,29795725
519,SUP-7285-24,ST,20691,29795672
361,SUP-7285-24,ST,20691,29795676
143,SUP-7285-24,ST,20691,29795639
519,SUP-7285-24,ST,20691,29795626
361,SUP-7285-24,ST,20691,29795588
143,SUP-7285-24,ST,20691,29795590
478,SUP-7133-24,SP,20691,29796014
559,SUP-7133-24,SP,20691,29797334
478,SUP-7133-24,SP,20691,29795646
636,SUP-7133-24,SP,20691,29795969
537,SUP-7285-24,SM / SM.F / SR,20691,29796080
299,SUP-6806-23,SP,20691,29795893
299,SUP-6806-23,SP,20691,29795670
571,SUP-6806-23,SP,20691,29795761
656,SUP-6806-23,ST,20691,29795789
409,SUP-6806-23,ST,20691,29795797
656,SUP-6806-23,ST,20691,29795697
644,SUP-6806-23,ST,20691,29795945
644,SUP-6806-23,ST,20691,29795746
644,SUP-6806-23,ST,20691,29795705
143,SUP-7285-24,ST,20691,29795959
143,SUP-7285-24,ST,20691,29795925
634,SUP-8370-25,SP,20691,29795899
634,SUP-8370-25,SP,20691,29797270
648,SUP-8370-25,SP,20691,29797105
614,SUP-8370-25,SP,20691,29797212
614,SUP-8370-25,SP,20691,29795773
519,SUP-7285-24,ST,20691,29795935
577,SUP-8224-25 (PR),SP,20691,29796101
631,SUP-8370-25,SM / SM.F / SR,20691,29798386
657,SUP-8370-25,PI,20691,29795954
657,SUP-8370-25,PI,20691,29795938
657,SUP-8370-25,PI,20691,29795715
657,SUP-8370-25,PI,20691,29795626
657,SUP-8370-25,PI,20691,29795569
595,SUP-8370-25,ST,20691,29796026
353,SUP-8370-25,ST,20691,29796029
595,SUP-8370-25,ST,20691,29796001
389,SUP-8370-25,ST,20691,29796035
595,SUP-8370-25,ST,20691,29795968
353,SUP-8370-25,ST,20691,29795975
389,SUP-8370-25,ST,20691,29795970
595,SUP-8370-25,ST,20691,29795941
353,SUP-8370-25,ST,20691,29795924
595,SUP-8370-25,ST,20691,29795802
389,SUP-8370-25,ST,20691,29795780
595,SUP-8370-25,ST,20691,29795803
389,SUP-8370-25,ST,20691,29795760
353,SUP-8370-25,ST,20691,29795751
595,SUP-8370-25,ST,20691,29795741
389,SUP-8370-25,ST,20691,29795718
389,SUP-8370-25,ST,20691,29795742
353,SUP-8370-25,ST,20691,29795706
595,SUP-8370-25,ST,20691,29795651
389,SUP-8370-25,ST,20691,29795631
353,SUP-8370-25,ST,20691,29795652
595,SUP-8370-25,ST,20691,29795655
389,SUP-8370-25,ST,20691,29795609
595,SUP-8370-25,ST,20691,29795574
389,SUP-8370-25,ST,20691,29795589
353,SUP-8370-25,ST,20691,29795591
389,SUP-8370-25,ST,20691,29795566
595,SUP-8370-25,ST,20691,29795664
353,SUP-8370-25,ST,20691,29795532
513,SUP-8224-25 (AB),ST,20691,29796060
513,SUP-8224-25 (AB),ST,20691,29795973
513,SUP-8224-25 (AB),ST,20691,29795911
513,SUP-8224-25 (AB),ST,20691,29795863
513,SUP-8224-25 (AB),ST,20691,29795838
513,SUP-8224-25 (AB),ST,20691,29795816
513,SUP-8224-25 (AB),ST,20691,29795566
641,SUP-7128-24,SP,20691,29797205
626,SUP-8370-25,SM / SM.F / SR,20691,29795976
329,SUP-8370-25,SP,20691,29797450
607,SUP-8370-25,SP,20691,29796107
655,SUP-8370-25,SP,20691,29797260
329,SUP-8370-25,SP,20691,29797165
600,SUP-7770-24,ST,20691,29795931
600,SUP-7770-24,ST,20691,29795883
600,SUP-7770-24,ST,20691,29795827
600,SUP-7770-24,ST,20691,29795707
257,SUP-7133-24,VT,20691,29798503
257,SUP-7133-24,CPTu,20691,29797430
586,SUP-7285-24,SP,20691,29798459
657,SUP-8370-25,PI,20692,29797267
657,SUP-8370-25,PI,20692,29797253
299,SUP-6806-23,SP,20692,29797365
321,SUP-6806-23,SP,20692,29797408
571,SUP-6806-23,SP,20692,29797393
299,SUP-6806-23,SP,20692,29797259
571,SUP-6806-23,SP,20692,29797176
321,SUP-6806-23,SP,20692,29797245
288,SUP-7285-24,SM / SM.F / SR,20692,29798544
403,SUP-7285-24,SM / SM.F / SR,20692,29798573
657,SUP-8370-25,PI,20692,29797370
656,SUP-6806-23,ST,20692,29797499
409,SUP-6806-23,ST,20692,29797494
656,SUP-6806-23,ST,20692,29797465
409,SUP-6806-23,ST,20692,29797416
656,SUP-6806-23,ST,20692,29797435
644,SUP-6806-23,ST,20692,29797474
409,SUP-6806-23,ST,20692,29797445
644,SUP-6806-23,ST,20692,29797429
656,SUP-6806-23,ST,20692,29797404
644,SUP-6806-23,ST,20692,29797381
364,SUP-7285-24,SM / SM.F / SR,20692,29797419
575,SUP-7133-24,PI,20692,29797460
575,SUP-7133-24,PI,20692,29797378
143,SUP-7285-24,ST,20692,29797446
559,SUP-7133-24,SP,20692,29797427
478,SUP-7133-24,ST,20692,29797386
636,SUP-7133-24,SP,20692,29797431
575,SUP-7133-24,ST,20692,29797197
575,SUP-7133-24,ST,20692,29797143
575,SUP-7133-24,ST,20692,29797054
575,SUP-7133-24,ST,20692,29797034
537,SUP-7285-24,SM / SM.F / SR,20692,29798555
79,SUP-7722-24,SM / SM.F / SR,20692,29798421
568,SUP-6806-23,SP,20692,29797170
634,SUP-8370-25,SP,20692,29798569
648,SUP-8370-25,SP,20692,29797467
607,SUP-8370-25,SP,20692,29797444
577,SUP-8224-25 (PR),SP,20692,29797487
171,SUP-6806-23,SP,20692,29797523
568,SUP-6806-23,SP,20692,29797451
171,SUP-6806-23,SP,20692,29797426
568,SUP-6806-23,SP,20692,29797452
361,SUP-7285-24,ST,20692,29797441
143,SUP-7285-24,ST,20692,29797403
143,SUP-7285-24,ST,20692,29797365
519,SUP-7285-24,ST,20692,29797346
519,SUP-7285-24,ST,20692,29797108
143,SUP-7285-24,ST,20692,29797108
519,SUP-7285-24,ST,20692,29797078
297,SUP-8408-26,ST,20692,29797517
297,SUP-8408-26,ST,20692,29797476
297,SUP-8408-26,ST,20692,29797448
297,SUP-8408-26,ST,20692,29797402
297,SUP-8408-26,ST,20692,29797372
297,SUP-8408-26,ST,20692,29797345
603,SUP-8408-26,SP,20692,29797426
297,SUP-8408-26,ST,20692,29797180
297,SUP-8408-26,ST,20692,29797147
297,SUP-8408-26,ST,20692,29797099
297,SUP-8408-26,ST,20692,29797064
297,SUP-8408-26,ST,20692,29797034
297,SUP-8408-26,ST,20692,29796997
657,SUP-8370-25,PI,20692,29797095
657,SUP-8370-25,PI,20692,29797038
657,SUP-8370-25,PI,20692,29796969
389,SUP-8370-25,ST,20692,29797395
595,SUP-8370-25,ST,20692,29797439
353,SUP-8370-25,ST,20692,29797420
389,SUP-8370-25,ST,20692,29797363
595,SUP-8370-25,ST,20692,29797332
353,SUP-8370-25,ST,20692,29797330
389,SUP-8370-25,ST,20692,29797331
595,SUP-8370-25,ST,20692,29797277
353,SUP-8370-25,ST,20692,29797273
389,SUP-8370-25,ST,20692,29797187
389,SUP-8370-25,ST,20692,29797156
595,SUP-8370-25,ST,20692,29797153
595,SUP-8370-25,ST,20692,29797110
353,SUP-8370-25,ST,20692,29797155
389,SUP-8370-25,ST,20692,29797083
389,SUP-8370-25,ST,20692,29797054
595,SUP-8370-25,ST,20692,29797077
389,SUP-8370-25,ST,20692,29797028
353,SUP-8370-25,ST,20692,29797075
389,SUP-8370-25,ST,20692,29797004
389,SUP-8370-25,ST,20692,29796985
595,SUP-8370-25,ST,20692,29796991
353,SUP-8370-25,ST,20692,29796993
659,SUP-8408-26,SM / SM.F / SR,20692,29797154
143,SUP-7285-24,ST,20692,29797224
361,SUP-7285-24,ST,20692,29797327
513,SUP-8224-25 (AB),PI,20692,29797356
641,SUP-7128-24,SP,20692,29797573
607,SUP-8370-25,SP,20692,29798458
640,SUP-7722-24,SP,20692,29797445
297,SUP-8848-26,VT,20692,29797400
257,SUP-7133-24,SH,20692,29797429
378,SUP-7128-24,SM / SM.F / SR,20692,29797021
520,SUP-7722-24,SM / SM.F / SR,20692,29797432
377,SUP-7285-24,SM / SM.F / SR,20693,29798538
638,SUP-7285-24,SM / SM.F / SR,20693,29798530
523,SUP-7285-24,SP,20693,29798568
463,SUP-7285-24,SP,20693,29798561
657,SUP-8370-25,PI,20693,29798553
657,SUP-8370-25,PI,20693,29798458
657,SUP-8370-25,PI,20693,29798407
409,SUP-6806-23,ST,20693,29798478
409,SUP-6806-23,ST,20693,29798564
409,SUP-6806-23,ST,20693,29798531
669,SUP-8276-25,SP,20693,29798559
575,SUP-7133-24,PI,20693,29798567
670,SUP-7133-24,PI,20693,29798567
670,SUP-7133-24,PI,20693,29798469
575,SUP-7133-24,PI,20693,29798533
143,SUP-7285-24,ST,20693,29798478
636,SUP-7133-24,SP,20693,29798559
594,SUP-7133-24,SP,20693,29798551
605,SUP-7133-24,SP,20693,29798514
647,SUP-7285-24,SM / SM.F / SR,20693,29798576
171,SUP-6806-23,SP,20693,29798566
614,SUP-8370-25,SP,20693,29798577
648,SUP-8370-25,SP,20693,29798575
631,SUP-8370-25,SM / SM.F / SR,20693,29798537
143,SUP-7285-24,ST,20693,29798426
603,SUP-8408-26,SP,20693,29798575
299,SUP-6806-23,SP,20693,29798572
321,SUP-6806-23,SP,20693,29798449
571,SUP-6806-23,SP,20693,29798574
353,SUP-8370-25,ST,20693,29798571
353,SUP-8370-25,ST,20693,29798533
389,SUP-8370-25,ST,20693,29798477
389,SUP-8370-25,ST,20693,29798461
353,SUP-8370-25,ST,20693,29798478
595,SUP-8370-25,ST,20693,29798409
353,SUP-8370-25,ST,20693,29798441
143,SUP-7285-24,ST,20693,29798550
361,SUP-7285-24,ST,20693,29798577
513,SUP-8224-25 (AB),PI,20693,29798479
626,SUP-8370-25,SM / SM.F / SR,20693,29798550
329,SUP-8370-25,SP,20693,29798435
640,SUP-7722-24,SP,20693,29798527
652,SUP-7285-24,SP,20693,29798547
586,SUP-7285-24,SP,20693,29798564
641,SUP-7722-24,SP,20693,29798377
