Contrato,Criação da OS,Tipo,Status,Executado Dia,Deslocamento,Total (m),Observações de Campo,OS,Sondador,Latitude,Longitude
SUP-7133-24,19/06/2026,SM,PENDENTE,,,,,17749-26,,-25.55667703,-49.34752807
SUP-7133-24,01/06/2026,SP,PENDENTE,,,,,17667-26,,-25.55092944,-49.33055977
SUP-7133-24,14/07/2026,SM,PENDENTE,,,,,17705-26,,-25.40781933,-49.36448035
SUP-7133-24,14/07/2026,SM,PENDENTE,,,,,17705-26,,-25.40234814,-49.36211898
SUP-7133-24,14/07/2026,SM,PENDENTE,,,,,17705-26,,-25.41747062,-49.36427164
SUP-7133-24,14/07/2026,SP,PENDENTE,,,,,17705-26,,-25.40941406,-49.36477861
SUP-7133-24,14/07/2026,SP,PENDENTE,,,,,17705-26,,-25.39286938,-49.35883056
SUP-7133-24,14/07/2026,SP,PENDENTE,,,,,17705-26,,-25.39204853,-49.35798356
SUP-7133-24,14/07/2026,SP,PENDENTE,,,,,17705-26,,-25.39092789,-49.35713063
SUP-7133-24,14/07/2026,SM,PENDENTE,,,,,17711-26,,-25.4349682,-49.36543649
SUP-7133-24,14/07/2026,SM,PENDENTE,,,,,17711-26,,-25.43454465,-49.36551043
SUP-7133-24,14/07/2026,SP,PENDENTE,,,,,17711-26,,-25.434418,-49.366111
SUP-7133-24,14/07/2026,SP,PENDENTE,,,,,17711-26,,-25.4334949,-49.36636914
SUP-7133-24,14/07/2026,SP,PENDENTE,,,,,17711-26,,-25.43316749,-49.36690362
SUP-7133-24,14/07/2026,ST,PENDENTE,,,,,17711-26,,-25.43410457,-49.36512893
SUP-7133-24,11/02/2026,SP,PENDENTE,,,,,17250-26,,-25.45703147,-49.63936951
SUP-7133-24,11/02/2026,SP,PENDENTE,,,,,17250-26,,-25.45058562,-49.62085437
SUP-7133-24,11/06/2026,CPTU,PENDENTE,,,,,17703-26,,-25.43459434,-49.99446118
SUP-7133-24,11/06/2026,SP,PENDENTE,,,,,17703-26,,-25.43498613,-49.99466907
SUP-7133-24,11/06/2026,SP,PENDENTE,,,,,17703-26,,-25.43443089,-49.99564725
SUP-7133-24,11/06/2026,SP,PENDENTE,,,,,17703-26,,-25.43444203,-49.99653249
SUP-6806-23,06/07/2026,BL,PENDENTE,,,,,17807-26,,-23.49523466,-54.1895651
SUP-6806-23,06/07/2026,BL,PENDENTE,,,,,17807-26,,-23.48237487,-54.19918534
SUP-7285-24,15/12/2025,BL,PENDENTE,,,,,17111-25,,-22.6906453,-43.7890943
SUP-7285-24,18/12/2025,BL,PENDENTE,,,,,17112-25,,-22.6083305,-43.933454
SUP-6806-23,08/08/2026,BL,PENDENTE,,,,,17910-26,,-22.3392672,-54.81246374
SUP-6806-23,26/06/2026,BL,PENDENTE,,,,,17785-26,,-22.33842314,-54.81335631
SUP-7285-24,18/12/2025,BL,PENDENTE,,,,,17112-25,,-22.5857287,-44.0145103
SUP-7285-24,18/12/2025,BL,PENDENTE,,,,,17112-25,,-22.5816153,-44.0386428
SUP-7285-24,18/12/2025,BL,PENDENTE,,,,,17112-25,,-22.5861016,-44.05795
SUP-7285-24,02/04/2026,BL,PENDENTE,,,,,17474-26,,-22.54650028,-44.18437146
SUP-7285-24,02/04/2026,BL,PENDENTE,,,,,17474-26,,-22.54557061,-44.18592736
SUP-7285-24,02/04/2026,BL,PENDENTE,,,,,17474-26,,-22.54108351,-44.19242196
SUP-7285-24,02/04/2026,BL,PENDENTE,,,,,17474-26,,-22.53862229,-44.1926886
SUP-7285-24,02/04/2026,BL,PENDENTE,,,,,17474-26,,-22.5371859,-44.19461857
SUP-7285-24,02/04/2026,BL,PENDENTE,,,,,17474-26,,-22.53453879,-44.19632
SUP-7285-24,02/04/2026,BL,PENDENTE,,,,,17474-26,,-22.53198917,-44.19585798
SUP-7285-24,02/04/2026,BL,PENDENTE,,,,,17474-26,,-22.52373096,-44.20006787
SUP-7285-24,02/04/2026,BL,PENDENTE,,,,,17474-26,,-22.51441488,-44.2103535
SUP-7285-24,02/04/2026,BL,PENDENTE,,,,,17474-26,,-22.50583829,-44.2247753
SUP-7285-24,02/04/2026,BL,PENDENTE,,,,,17474-26,,-22.48527893,-44.25744359
SUP-7285-24,02/04/2026,BL,PENDENTE,,,,,17474-26,,-22.45673723,-44.2926458
SUP-7285-24,02/04/2026,BL,PENDENTE,,,,,17475-26,,-22.46794424,-44.51206099
SUP-7285-24,02/04/2026,BL,PENDENTE,,,,,17484-26,,-22.50342249,-44.62641845
SUP-7285-24,02/04/2026,BL,PENDENTE,,,,,17484-26,,-22.50342808,-44.62830894
SUP-8587-26,08/07/2026,SH,PENDENTE,,,,,17747-26,,-25.43108576,-49.35514692
SUP-8587-26,08/07/2026,SH,PENDENTE,,,,,17747-26,,-25.43047547,-49.35416265
SUP-8587-26,08/07/2026,SH,PENDENTE,,,,,17747-26,,-25.43029864,-49.35265914
SUP-7133-24,20/08/2026,CPTU,PENDENTE,,,,,17948-26,,-25.05691758,-50.33096908
SUP-7133-24,20/08/2026,CPTU,PENDENTE,,,,,17948-26,,-25.07376192,-50.39614133
SUP-7133-24,20/08/2026,CPTU,PENDENTE,,,,,17948-26,,-25.0567434,-50.33316276
SUP-6806-23,22/06/2026,CPTU,PENDENTE,,,,,17734-26,,-20.71040328,-54.54610601
SUP-6806-23,22/06/2026,CPTU,PENDENTE,,,,,17734-26,,-20.71032208,-54.54583203
SUP-6498-23,07/07/2026,CPTU,PENDENTE,,,,,17733-26,,-22.94011181,-44.32093913
SUP-6830-23,09/04/2026,CPTU,PENDENTE,,,,,17504-26,,-22.92759599,-44.37469726
SUP-6830-23,26/11/2025,CPTU,PENDENTE,,,,,17032-25,,-22.96266699,-44.43864472
SUP-6830-23,25/05/2026,CPTU,PENDENTE,,,,,17630-26,,-23.020681,-44.534258
SUP-6830-23,25/05/2026,CPTU,PENDENTE,,,,,17630-26,,-23.04257905,-44.59321794
SUP-6830-23,25/05/2026,CPTU,PENDENTE,,,,,17630-26,,-23.1036494,-44.70788115
SUP-6806-23,28/07/2026,CPTU,PENDENTE,,,,,17722-26,,-21.12287378,-54.48168958
SUP-6806-23,28/07/2026,CPTU,PENDENTE,,,,,17722-26,,-21.11205549,-54.48425792
SUP-6806-23,23/04/2026,CPTU,PENDENTE,,,,,17550-26,,-21.0907,-54.48929998
SUP-6806-23,28/07/2026,CPTU,PENDENTE,,,,,17722-26,,-21.04405822,-54.50028663
SUP-6806-23,28/07/2026,CPTU,PENDENTE,,,,,17722-26,,-20.96147534,-54.50321739
SUP-6806-23,23/04/2026,CPTU,PENDENTE,,,,,17550-26,,-20.91039402,-54.49955824
SUP-6498-23,16/06/2026,CPTU,PENDENTE,,,,,17726-26,,-23.03173208,-44.17123447
SUP-6806-23,04/08/2026,CPTU,PENDENTE,,,,,17894-26,,-20.60593531,-54.57761117
SUP-6498-23,16/06/2026,CPTU,PENDENTE,,,,,17726-26,,-23.00336714,-44.22948753
SUP-6498-23,16/06/2026,CPTU,PENDENTE,,,,,17726-26,,-22.99054715,-44.24326407
SUP-6806-23,04/08/2026,CPTU,PENDENTE,,,,,17895-26,,-20.48279097,-54.55909309
SUP-6806-23,04/08/2026,CPTU,PENDENTE,,,,,17895-26,,-20.48209336,-54.55905324
SUP-6806-23,04/08/2026,CPTU,PENDENTE,,,,,17895-26,,-20.40072471,-54.55490068
SUP-7285-24,02/04/2026,DN,PENDENTE,,,,,17474-26,,-22.50806864,-44.22138712
SUP-7285-24,02/04/2026,DN,PENDENTE,,,,,17474-26,,-22.50679161,-44.22266729
SUP-6830-23,31/03/2026,DN,PENDENTE,,,,,17072-25,,-22.92361769,-44.36687689
SUP-6830-23,31/03/2026,DN,PENDENTE,,,,,17072-25,,-23.00509199,-44.45305745
SUP-7722-24,20/03/2026,BL,PENDENTE,,,,,17394-26,,-24.637386,-49.96556051
SUP-7722-24,24/08/2026,PI,PENDENTE,,,,,17952-26,,-25.56113581,-48.58372681
SUP-7722-24,24/08/2026,PI,PENDENTE,,,,,17952-26,,-25.56533712,-48.60246361
SUP-7722-24,24/08/2026,PI,PENDENTE,,,,,17952-26,,-25.56571292,-48.60297198
SUP-7722-24,24/08/2026,PI,PENDENTE,,,,,17952-26,,-25.56676602,-48.62236809
SUP-7722-24,24/08/2026,PI,PENDENTE,,,,,17952-26,,-25.56436671,-48.63203832
SUP-7722-24,24/08/2026,PI,PENDENTE,,,,,17952-26,,-25.56215564,-48.6416057
SUP-7722-24,24/08/2026,PI,PENDENTE,,,,,17952-26,,-25.55904003,-48.65089087
SUP-7722-24,24/08/2026,PI,PENDENTE,,,,,17952-26,,-25.55462666,-48.6596998
SUP-7722-24,24/08/2026,PI,PENDENTE,,,,,17952-26,,-25.55131103,-48.66881203
SUP-7722-24,24/08/2026,PI,PENDENTE,,,,,17952-26,,-25.54706593,-48.67751283
SUP-7722-24,24/08/2026,PI,PENDENTE,,,,,17952-26,,-25.53870784,-48.69497757
SUP-7722-24,24/08/2026,PI,PENDENTE,,,,,17952-26,,-25.53332605,-48.71376572
SUP-7722-24,24/08/2026,PI,PENDENTE,,,,,17952-26,,-25.52928073,-48.73257198
SUP-7722-24,18/09/2025,PI,PENDENTE,,,,,16743-25,,-24.22266454,-49.75763358
SUP-7722-24,18/09/2025,PI,PENDENTE,,,,,16743-25,,-24.21480682,-49.77413311
SUP-7722-24,18/09/2025,PI,PENDENTE,,,,,16743-25,,-24.20068588,-49.7884091
SUP-7722-24,18/09/2025,PI,PENDENTE,,,,,16743-25,,-24.1824035,-49.78913894
SUP-7722-24,18/09/2025,PI,PENDENTE,,,,,16743-25,,-24.16291639,-49.8070482
SUP-7722-24,18/09/2025,PI,PENDENTE,,,,,16743-25,,-24.14741715,-49.81752433
SUP-7722-24,18/09/2025,PI,PENDENTE,,,,,16743-25,,-24.14249496,-49.8206649
SUP-7722-24,18/09/2025,PI,PENDENTE,,,,,16744-25,,-24.14183573,-49.82232702
SUP-7722-24,18/09/2025,PI,PENDENTE,,,,,16744-25,,-24.12997288,-49.83677513
SUP-7722-24,18/09/2025,PI,PENDENTE,,,,,16744-25,,-24.1168679,-49.84839435
SUP-7722-24,18/09/2025,PI,PENDENTE,,,,,16744-25,,-24.10068675,-49.84838413
SUP-7722-24,18/09/2025,PI,PENDENTE,,,,,16744-25,,-24.08389014,-49.84261131
SUP-7722-24,18/09/2025,PI,PENDENTE,,,,,16744-25,,-24.06161866,-49.83094563
SUP-7722-24,18/09/2025,PI,PENDENTE,,,,,16744-25,,-24.04403971,-49.83132444
SUP-7722-24,18/09/2025,PI,PENDENTE,,,,,16744-25,,-24.02996761,-49.83399068
SUP-7722-24,18/09/2025,PI,PENDENTE,,,,,16744-25,,-24.01470484,-49.82588799
SUP-7722-24,18/09/2025,PI,PENDENTE,,,,,16744-25,,-23.99804488,-49.82725389
SUP-7722-24,07/11/2025,PI,PENDENTE,,,,,16964-25,,-23.99075597,-49.81847993
SUP-7722-24,07/11/2025,PI,PENDENTE,,,,,16964-25,,-23.97572929,-49.80809069
SUP-7722-24,07/11/2025,PI,PENDENTE,,,,,16964-25,,-23.95872805,-49.81328841
SUP-7722-24,07/11/2025,PI,PENDENTE,,,,,16964-25,,-23.94099462,-49.81374543
SUP-7722-24,07/11/2025,PI,PENDENTE,,,,,16964-25,,-23.9251306,-49.81303565
SUP-7722-24,07/11/2025,PI,PENDENTE,,,,,16964-25,,-23.91145873,-49.81435906
SUP-7722-24,07/11/2025,PI,PENDENTE,,,,,16964-25,,-23.89809577,-49.82062993
SUP-7722-24,07/11/2025,PI,PENDENTE,,,,,16965-25,,-23.8803982,-49.81285477
SUP-7722-24,07/11/2025,PI,PENDENTE,,,,,16965-25,,-23.87564266,-49.8063476
SUP-7722-24,07/11/2025,PI,PENDENTE,,,,,16965-25,,-23.86712789,-49.80538472
SUP-7722-24,07/11/2025,PI,PENDENTE,,,,,16966-25,,-23.8599646,-49.79937202
SUP-7722-24,07/11/2025,PI,PENDENTE,,,,,16966-25,,-23.84711082,-49.78981902
SUP-7722-24,07/11/2025,PI,PENDENTE,,,,,16966-25,,-23.82976402,-49.79006837
SUP-7722-24,07/11/2025,PI,PENDENTE,,,,,16966-25,,-23.81347433,-49.78349532
SUP-7722-24,07/11/2025,PI,PENDENTE,,,,,16966-25,,-23.79623371,-49.79151764
SUP-7722-24,07/11/2025,PI,PENDENTE,,,,,16966-25,,-23.77848254,-49.80247669
SUP-7722-24,07/11/2025,PI,PENDENTE,,,,,16966-25,,-23.76630812,-49.79430627
SUP-7722-24,07/11/2025,PI,PENDENTE,,,,,16966-25,,-23.75380932,-49.78054767
SUP-7722-24,07/11/2025,PI,PENDENTE,,,,,16966-25,,-23.73982929,-49.78057975
SUP-7722-24,07/11/2025,PI,PENDENTE,,,,,16967-25,,-23.7331123,-49.78775462
SUP-7722-24,07/11/2025,PI,PENDENTE,,,,,16967-25,,-23.71708692,-49.79070817
SUP-7722-24,07/11/2025,PI,PENDENTE,,,,,16967-25,,-23.70559944,-49.80119105
SUP-7722-24,07/11/2025,PI,PENDENTE,,,,,16967-25,,-23.69308436,-49.81438816
SUP-7722-24,07/11/2025,PI,PENDENTE,,,,,16967-25,,-23.67388684,-49.82904461
SUP-7722-24,18/09/2025,PI,PENDENTE,,,,,16745-25,,-24.27352126,-49.73588187
SUP-7722-24,18/09/2025,PI,PENDENTE,,,,,16745-25,,-24.28992543,-49.74513272
SUP-7722-24,18/09/2025,PI,PENDENTE,,,,,16745-25,,-24.30480831,-49.75601113
SUP-7722-24,18/09/2025,PI,PENDENTE,,,,,16745-25,,-24.31324187,-49.77253893
SUP-7722-24,18/09/2025,PI,PENDENTE,,,,,16746-25,,-24.4416376,-49.85280646
SUP-7722-24,18/09/2025,PI,PENDENTE,,,,,16746-25,,-24.45899376,-49.85174623
SUP-7722-24,18/09/2025,PI,PENDENTE,,,,,16746-25,,-24.46873176,-49.866908
SUP-7722-24,18/09/2025,PI,PENDENTE,,,,,16746-25,,-24.48378009,-49.87450168
SUP-7722-24,18/09/2025,PI,PENDENTE,,,,,16746-25,,-24.49757652,-49.88727791
SUP-7722-24,18/09/2025,PI,PENDENTE,,,,,16746-25,,-24.50324304,-49.9053011
SUP-7722-24,18/09/2025,PI,PENDENTE,,,,,16746-25,,-24.51638023,-49.91810839
SUP-7722-24,18/09/2025,PI,PENDENTE,,,,,16746-25,,-24.53150182,-49.9238929
SUP-7722-24,18/09/2025,PI,PENDENTE,,,,,16746-25,,-24.54808688,-49.92534181
SUP-7722-24,18/09/2025,PI,PENDENTE,,,,,16746-25,,-24.55902996,-49.93560422
SUP-7722-24,18/09/2025,PI,PENDENTE,,,,,16746-25,,-24.57570177,-49.9403862
SUP-7722-24,18/09/2025,PI,PENDENTE,,,,,16746-25,,-24.59290128,-49.94760069
SUP-7722-24,18/09/2025,PI,PENDENTE,,,,,16746-25,,-24.60921335,-49.95651869
SUP-7722-24,18/09/2025,PI,PENDENTE,,,,,16746-25,,-24.62466434,-49.96555395
SUP-7722-24,18/09/2025,PI,PENDENTE,,,,,16746-25,,-24.64261502,-49.96714609
SUP-7722-24,18/09/2025,PI,PENDENTE,,,,,16746-25,,-24.6594332,-49.97164347
SUP-7722-24,18/09/2025,PI,PENDENTE,,,,,16746-25,,-24.67679993,-49.97478047
SUP-7722-24,18/09/2025,PI,PENDENTE,,,,,16746-25,,-24.69455699,-49.97901953
SUP-7722-24,18/09/2025,PI,PENDENTE,,,,,16746-25,,-24.72036229,-49.98565605
SUP-7722-24,18/09/2025,PI,PENDENTE,,,,,16746-25,,-24.75294362,-50.00211743
SUP-7722-24,18/09/2025,PI,PENDENTE,,,,,16746-25,,-24.94905242,-50.10925596
SUP-7722-24,18/09/2025,PI,PENDENTE,,,,,16747-25,,-24.24258268,-49.6852129
SUP-7722-24,18/09/2025,PI,PENDENTE,,,,,16747-25,,-24.25454309,-49.69437713
SUP-7722-24,18/09/2025,PI,PENDENTE,,,,,16747-25,,-24.25892659,-49.71142493
SUP-7722-24,18/09/2025,PI,PENDENTE,,,,,16747-25,,-24.26759748,-49.72742353
SUP-7722-24,19/08/2026,PI,PENDENTE,,,,,17936-26,,-25.59466714,-48.61085487
SUP-7722-24,19/08/2026,PI,PENDENTE,,,,,17936-26,,-25.69885121,-48.57288741
SUP-7722-24,19/08/2026,PI,PENDENTE,,,,,17936-26,,-25.7310772,-48.58997792
SUP-7722-24,19/08/2026,PI,PENDENTE,,,,,17936-26,,-25.80406463,-48.55417352
SUP-7722-24,19/08/2026,PI,PENDENTE,,,,,17936-26,,-25.81545242,-48.54403158
SUP-7722-24,01/06/2026,PI,PENDENTE,,,,,17668-26,,-23.13506387,-50.40209853
SUP-7722-24,01/06/2026,PI,PENDENTE,,,,,17668-26,,-23.13546196,-50.40974879
SUP-7722-24,24/08/2026,SM,PENDENTE,,,,,17952-26,,-25.56572465,-48.60420667
SUP-7722-24,24/08/2026,SM,PENDENTE,,,,,17952-26,,-25.5655445,-48.60178898
SUP-7722-24,24/08/2026,SM,PENDENTE,,,,,17952-26,,-25.56545235,-48.60181309
SUP-7722-24,24/08/2026,SM,PENDENTE,,,,,17952-26,,-25.56710335,-48.60874136
SUP-7722-24,24/08/2026,SM,PENDENTE,,,,,17952-26,,-25.5668079,-48.60882656
SUP-7722-24,24/08/2026,SM,PENDENTE,,,,,17952-26,,-25.56723952,-48.60931817
SUP-7722-24,24/08/2026,SM,PENDENTE,,,,,17952-26,,-25.56694407,-48.60940337
SUP-7722-24,24/08/2026,SM,PENDENTE,,,,,17952-26,,-25.53359246,-48.71014021
SUP-7722-24,24/08/2026,SM,PENDENTE,,,,,17952-26,,-25.53391328,-48.71030556
SUP-7722-24,23/06/2026,SM,PENDENTE,,,,,17739-26,,-23.61402673,-49.84959156
SUP-7722-24,23/06/2026,SM,PENDENTE,,,,,17739-26,,-23.61384531,-49.84948533
SUP-7722-24,23/06/2026,SM,PENDENTE,,,,,17739-26,,-23.58050524,-49.86975617
SUP-7722-24,23/06/2026,SM,PENDENTE,,,,,17739-26,,-23.58058851,-49.87002983
SUP-7722-24,23/06/2026,SM,PENDENTE,,,,,17744-26,,-24.17444156,-49.59189709
SUP-7722-24,23/06/2026,SM,PENDENTE,,,,,17744-26,,-24.17549043,-49.59276734
SUP-7722-24,23/06/2026,SM,PENDENTE,,,,,17744-26,,-24.17549252,-49.59299371
SUP-7722-24,23/06/2026,SM,PENDENTE,,,,,17744-26,,-24.17626668,-49.5946881
SUP-7722-24,18/09/2025,SM,PENDENTE,,,,,16746-25,,-24.78785843,-50.01604779
SUP-7722-24,23/06/2026,SM,PENDENTE,,,,,17743-26,,-24.1138424,-49.4726183
SUP-7722-24,23/06/2026,SM,PENDENTE,,,,,17743-26,,-24.11628162,-49.47945589
SUP-7722-24,23/06/2026,SM,PENDENTE,,,,,17743-26,,-24.11759273,-49.48014935
SUP-7722-24,23/06/2026,SM,PENDENTE,,,,,17743-26,,-24.11510977,-49.50027823
SUP-7722-24,23/06/2026,SM,PENDENTE,,,,,17743-26,,-24.11601812,-49.50844175
SUP-7722-24,23/06/2026,SM,PENDENTE,,,,,17743-26,,-24.11587074,-49.50882873
SUP-7722-24,23/06/2026,SM,PENDENTE,,,,,17743-26,,-24.13036882,-49.55439486
SUP-7722-24,23/06/2026,SM,PENDENTE,,,,,17743-26,,-24.13063244,-49.55457884
SUP-7722-24,23/06/2026,SM,PENDENTE,,,,,17743-26,,-24.13053488,-49.55476689
SUP-7722-24,23/06/2026,SM,PENDENTE,,,,,17743-26,,-24.13024418,-49.55458321
SUP-7722-24,23/06/2026,SM,PENDENTE,,,,,17744-26,,-24.16366107,-49.57819269
SUP-7722-24,23/06/2026,SM,PENDENTE,,,,,17744-26,,-24.16394615,-49.57777616
SUP-7722-24,23/06/2026,SM,PENDENTE,,,,,17744-26,,-24.17479801,-49.61180175
SUP-7722-24,23/06/2026,SM,PENDENTE,,,,,17744-26,,-24.23980801,-49.67471705
SUP-7722-24,23/06/2026,SM,PENDENTE,,,,,17744-26,,-24.24008087,-49.67494074
SUP-7722-24,23/06/2026,SM,PENDENTE,,,,,17742-26,,-24.11626629,-49.37003867
SUP-7722-24,23/06/2026,SM,PENDENTE,,,,,17742-26,,-24.11631448,-49.3700359
SUP-7722-24,23/06/2026,SM,PENDENTE,,,,,17742-26,,-24.11665233,-49.3713443
SUP-7722-24,23/06/2026,SM,PENDENTE,,,,,17742-26,,-24.1176972,-49.38291386
SUP-7722-24,23/06/2026,SM,PENDENTE,,,,,17742-26,,-24.11785901,-49.38297351
SUP-7722-24,23/06/2026,SM,PENDENTE,,,,,17742-26,,-24.11798635,-49.38306045
SUP-7722-24,23/06/2026,SM,PENDENTE,,,,,17742-26,,-24.1181104,-49.38310985
SUP-7722-24,23/06/2026,SM,PENDENTE,,,,,17742-26,,-24.11798257,-49.38526424
SUP-7722-24,23/06/2026,SM,PENDENTE,,,,,17742-26,,-24.11806269,-49.38515502
SUP-7722-24,23/06/2026,SM,PENDENTE,,,,,17742-26,,-24.12011573,-49.38717562
SUP-7722-24,23/06/2026,SM,PENDENTE,,,,,17742-26,,-24.12118024,-49.38905734
SUP-7722-24,23/06/2026,SM,PENDENTE,,,,,17742-26,,-24.1213251,-49.38909311
SUP-7722-24,23/06/2026,SM,PENDENTE,,,,,17742-26,,-24.11546393,-49.39365025
SUP-7722-24,23/06/2026,SM,PENDENTE,,,,,17742-26,,-24.11485826,-49.39554473
SUP-7722-24,23/06/2026,SM,PENDENTE,,,,,17742-26,,-24.115628,-49.39489566
SUP-7722-24,23/06/2026,SM,PENDENTE,,,,,17742-26,,-24.11485105,-49.3965778
SUP-7722-24,23/06/2026,SM,PENDENTE,,,,,17742-26,,-24.11374897,-49.40602605
SUP-7722-24,23/06/2026,SM,PENDENTE,,,,,17742-26,,-24.11408987,-49.40625341
SUP-7722-24,23/06/2026,SM,PENDENTE,,,,,17742-26,,-24.11455898,-49.40663581
SUP-7722-24,23/06/2026,SM,PENDENTE,,,,,17742-26,,-24.11811339,-49.40891361
SUP-7722-24,23/06/2026,SM,PENDENTE,,,,,17742-26,,-24.11856943,-49.40935069
SUP-7722-24,23/06/2026,SM,PENDENTE,,,,,17742-26,,-24.11829898,-49.40939339
SUP-7722-24,23/06/2026,SM,PENDENTE,,,,,17742-26,,-24.11870116,-49.40986066
SUP-7722-24,23/06/2026,SM,PENDENTE,,,,,17742-26,,-24.10933965,-49.41966634
SUP-7722-24,23/06/2026,SM,PENDENTE,,,,,17742-26,,-24.11198656,-49.45241354
SUP-7722-24,23/06/2026,SM,PENDENTE,,,,,17742-26,,-24.11150013,-49.45557361
SUP-7722-24,23/06/2026,SM,PENDENTE,,,,,17742-26,,-24.11839294,-49.38016991
SUP-7722-24,23/06/2026,SM,PENDENTE,,,,,17742-26,,-24.12064674,-49.39047662
SUP-7722-24,23/06/2026,SM,PENDENTE,,,,,17742-26,,-24.12047642,-49.39071506
SUP-7722-24,23/06/2026,SM,PENDENTE,,,,,17742-26,,-24.12029855,-49.39096472
SUP-7722-24,23/06/2026,SM,PENDENTE,,,,,17742-26,,-24.11532613,-49.39452558
SUP-7722-24,23/06/2026,SM,PENDENTE,,,,,17742-26,,-24.1148362,-49.39430542
SUP-7722-24,23/06/2026,SM,PENDENTE,,,,,17742-26,,-24.11064391,-49.44026036
SUP-7722-24,23/06/2026,SM,PENDENTE,,,,,17742-26,,-24.11015907,-49.44053185
SUP-7722-24,23/06/2026,SM,PENDENTE,,,,,17742-26,,-24.1102596,-49.4647217
SUP-7722-24,23/06/2026,SM,PENDENTE,,,,,17742-26,,-24.11159133,-49.469787
SUP-7722-24,23/06/2026,SM,PENDENTE,,,,,17742-26,,-24.11223227,-49.47048112
SUP-7722-24,23/06/2026,SM,PENDENTE,,,,,17742-26,,-24.11346463,-49.47186525
SUP-7722-24,23/06/2026,SM,PENDENTE,,,,,17742-26,,-24.1137204,-49.47215736
SUP-7722-24,19/08/2026,SM,PENDENTE,,,,,17936-26,,-25.60773824,-48.606123
SUP-7722-24,19/08/2026,SM,PENDENTE,,,,,17936-26,,-25.7793388,-48.56900495
SUP-7722-24,19/08/2026,SM,PENDENTE,,,,,17936-26,,-25.58093757,-48.61200694
SUP-7722-24,19/08/2026,SM,PENDENTE,,,,,17936-26,,-25.5809581,-48.61221281
SUP-7722-24,19/08/2026,SM,PENDENTE,,,,,17936-26,,-25.58110207,-48.61199102
SUP-7722-24,19/08/2026,SM,PENDENTE,,,,,17936-26,,-25.58112381,-48.61220635
SUP-7722-24,19/08/2026,SM,PENDENTE,,,,,17936-26,,-25.58938442,-48.61119168
SUP-7722-24,19/08/2026,SM,PENDENTE,,,,,17936-26,,-25.58940017,-48.61139571
SUP-7722-24,19/08/2026,SM,PENDENTE,,,,,17936-26,,-25.58961217,-48.61116817
SUP-7722-24,19/08/2026,SM,PENDENTE,,,,,17936-26,,-25.58961942,-48.61137534
SUP-7722-24,19/08/2026,SM,PENDENTE,,,,,17936-26,,-25.63778973,-48.59248199
SUP-7722-24,19/08/2026,SM,PENDENTE,,,,,17936-26,,-25.63785386,-48.59267689
SUP-7722-24,19/08/2026,SM,PENDENTE,,,,,17936-26,,-25.63795804,-48.59242114
SUP-7722-24,19/08/2026,SM,PENDENTE,,,,,17936-26,,-25.6380142,-48.59261884
SUP-7722-24,19/08/2026,SM,PENDENTE,,,,,17936-26,,-25.65340576,-48.58683323
SUP-7722-24,19/08/2026,SM,PENDENTE,,,,,17936-26,,-25.6534326,-48.5870456
SUP-7722-24,19/08/2026,SM,PENDENTE,,,,,17936-26,,-25.65357465,-48.58677458
SUP-7722-24,19/08/2026,SM,PENDENTE,,,,,17936-26,,-25.65360021,-48.58698175
SUP-7722-24,19/08/2026,SM,PENDENTE,,,,,17936-26,,-25.73308158,-48.59111513
SUP-7722-24,19/08/2026,SM,PENDENTE,,,,,17936-26,,-25.73300938,-48.5913094
SUP-7722-24,19/08/2026,SM,PENDENTE,,,,,17936-26,,-25.73898521,-48.59336333
SUP-7722-24,19/08/2026,SM,PENDENTE,,,,,17936-26,,-25.73898431,-48.59357109
SUP-7722-24,19/08/2026,SM,PENDENTE,,,,,17936-26,,-25.73928023,-48.59338191
SUP-7722-24,19/08/2026,SM,PENDENTE,,,,,17936-26,,-25.73927933,-48.59358967
SUP-7722-24,24/08/2026,SP,PENDENTE,,,,,17952-26,,-25.56024385,-48.57986869
SUP-7722-24,24/08/2026,SP,PENDENTE,,,,,17952-26,,-25.55995103,-48.58005573
SUP-7722-24,24/08/2026,SP,PENDENTE,,,,,17952-26,,-25.56170308,-48.5857471
SUP-7722-24,24/08/2026,SP,PENDENTE,,,,,17952-26,,-25.56192034,-48.58837323
SUP-7722-24,24/08/2026,SP,PENDENTE,,,,,17952-26,,-25.5623857,-48.58871217
SUP-7722-24,24/08/2026,SP,PENDENTE,,,,,17952-26,,-25.56447302,-48.59728103
SUP-7722-24,24/08/2026,SP,PENDENTE,,,,,17952-26,,-25.56415713,-48.59766213
SUP-7722-24,24/08/2026,SP,PENDENTE,,,,,17952-26,,-25.56499995,-48.59926667
SUP-7722-24,24/08/2026,SP,PENDENTE,,,,,17952-26,,-25.56485641,-48.59931125
SUP-7722-24,24/08/2026,SP,PENDENTE,,,,,17952-26,,-25.56456998,-48.5993961
SUP-7722-24,24/08/2026,SP,PENDENTE,,,,,17952-26,,-25.5660038,-48.6041221
SUP-7722-24,24/08/2026,SP,PENDENTE,,,,,17952-26,,-25.56672964,-48.6065902
SUP-7722-24,24/08/2026,SP,PENDENTE,,,,,17952-26,,-25.56626659,-48.60672024
SUP-7722-24,24/08/2026,SP,PENDENTE,,,,,17952-26,,-25.56771224,-48.61104841
SUP-7722-24,24/08/2026,SP,PENDENTE,,,,,17952-26,,-25.56767807,-48.61248001
SUP-7722-24,24/08/2026,SP,PENDENTE,,,,,17952-26,,-25.56819921,-48.61400795
SUP-7722-24,24/08/2026,SP,PENDENTE,,,,,17952-26,,-25.56730362,-48.61889854
SUP-7722-24,24/08/2026,SP,PENDENTE,,,,,17952-26,,-25.56653804,-48.62382154
SUP-7722-24,24/08/2026,SP,PENDENTE,,,,,17952-26,,-25.56607393,-48.62368559
SUP-7722-24,24/08/2026,SP,PENDENTE,,,,,17952-26,,-25.56408777,-48.63393319
SUP-7722-24,24/08/2026,SP,PENDENTE,,,,,17952-26,,-25.56453511,-48.63167463
SUP-7722-24,24/08/2026,SP,PENDENTE,,,,,17952-26,,-25.56428295,-48.63160184
SUP-7722-24,24/08/2026,SP,PENDENTE,,,,,17952-26,,-25.56577629,-48.62685991
SUP-7722-24,24/08/2026,SP,PENDENTE,,,,,17952-26,,-25.56338515,-48.63648619
SUP-7722-24,24/08/2026,SP,PENDENTE,,,,,17952-26,,-25.56281564,-48.63891224
SUP-7722-24,24/08/2026,SP,PENDENTE,,,,,17952-26,,-25.56222951,-48.6414999
SUP-7722-24,24/08/2026,SP,PENDENTE,,,,,17952-26,,-25.56152871,-48.64356247
SUP-7722-24,24/08/2026,SP,PENDENTE,,,,,17952-26,,-25.56124739,-48.64557017
SUP-7722-24,24/08/2026,SP,PENDENTE,,,,,17952-26,,-25.56082263,-48.64707429
SUP-7722-24,24/08/2026,SP,PENDENTE,,,,,17952-26,,-25.55909567,-48.65110193
SUP-7722-24,24/08/2026,SP,PENDENTE,,,,,17952-26,,-25.5581006,-48.65307561
SUP-7722-24,24/08/2026,SP,PENDENTE,,,,,17952-26,,-25.55663152,-48.65591795
SUP-7722-24,24/08/2026,SP,PENDENTE,,,,,17952-26,,-25.55527398,-48.65860706
SUP-7722-24,24/08/2026,SP,PENDENTE,,,,,17952-26,,-25.55443106,-48.65980665
SUP-7722-24,24/08/2026,SP,PENDENTE,,,,,17952-26,,-25.5521503,-48.66565151
SUP-7722-24,24/08/2026,SP,PENDENTE,,,,,17952-26,,-25.55166709,-48.66783944
SUP-7722-24,24/08/2026,SP,PENDENTE,,,,,17952-26,,-25.55116035,-48.67026858
SUP-7722-24,24/08/2026,SP,PENDENTE,,,,,17952-26,,-25.54909438,-48.67462078
SUP-7722-24,24/08/2026,SP,PENDENTE,,,,,17952-26,,-25.54789838,-48.67640707
SUP-7722-24,24/08/2026,SP,PENDENTE,,,,,17952-26,,-25.54696143,-48.67742549
SUP-7722-24,24/08/2026,SP,PENDENTE,,,,,17952-26,,-25.54661996,-48.67827946
SUP-7722-24,24/08/2026,SP,PENDENTE,,,,,17952-26,,-25.54540016,-48.68011501
SUP-7722-24,24/08/2026,SP,PENDENTE,,,,,17952-26,,-25.54499367,-48.680734
SUP-7722-24,24/08/2026,SP,PENDENTE,,,,,17952-26,,-25.54426361,-48.68116557
SUP-7722-24,24/08/2026,SP,PENDENTE,,,,,17952-26,,-25.54338774,-48.6833434
SUP-7722-24,24/08/2026,SP,PENDENTE,,,,,17952-26,,-25.54266741,-48.68522432
SUP-7722-24,24/08/2026,SP,PENDENTE,,,,,17952-26,,-25.54225847,-48.6850811
SUP-7722-24,24/08/2026,SP,PENDENTE,,,,,17952-26,,-25.54200613,-48.68675792
SUP-7722-24,24/08/2026,SP,PENDENTE,,,,,17952-26,,-25.54149267,-48.68698374
SUP-7722-24,24/08/2026,SP,PENDENTE,,,,,17952-26,,-25.53976401,-48.69253496
SUP-7722-24,24/08/2026,SP,PENDENTE,,,,,17952-26,,-25.5387406,-48.69509416
SUP-7722-24,24/08/2026,SP,PENDENTE,,,,,17952-26,,-25.53698777,-48.69892562
SUP-7722-24,24/08/2026,SP,PENDENTE,,,,,17952-26,,-25.53451382,-48.7062547
SUP-7722-24,24/08/2026,SP,PENDENTE,,,,,17952-26,,-25.52943472,-48.72424322
SUP-7722-24,24/08/2026,SP,PENDENTE,,,,,17952-26,,-25.52994438,-48.72918676
SUP-7722-24,24/08/2026,SP,PENDENTE,,,,,17952-26,,-25.52826261,-48.74052457
SUP-7722-24,24/08/2026,SP,PENDENTE,,,,,17952-26,,-25.52897564,-48.74308278
SUP-7722-24,24/08/2026,SP,PENDENTE,,,,,17952-26,,-25.5608862,-48.58202864
SUP-7722-24,24/08/2026,SP,PENDENTE,,,,,17952-26,,-25.56075831,-48.58206845
SUP-7722-24,24/08/2026,SP,PENDENTE,,,,,17952-26,,-25.56047936,-48.5821511
SUP-7722-24,24/08/2026,SP,PENDENTE,,,,,17952-26,,-25.56035772,-48.58218749
SUP-7722-24,24/08/2026,SP,PENDENTE,,,,,17952-26,,-25.56362883,-48.59393723
SUP-7722-24,24/08/2026,SP,PENDENTE,,,,,17952-26,,-25.56329982,-48.59403066
SUP-7722-24,24/08/2026,SP,PENDENTE,,,,,17952-26,,-25.56520196,-48.60209057
SUP-7722-24,24/08/2026,SP,PENDENTE,,,,,17952-26,,-25.56781816,-48.61404968
SUP-7722-24,24/08/2026,SP,PENDENTE,,,,,17952-26,,-25.56791188,-48.61524442
SUP-7722-24,24/08/2026,SP,PENDENTE,,,,,17952-26,,-25.56762747,-48.61899371
SUP-7722-24,24/08/2026,SP,PENDENTE,,,,,17952-26,,-25.56718369,-48.61886535
SUP-7722-24,24/08/2026,SP,PENDENTE,,,,,17952-26,,-25.56749827,-48.61963703
SUP-7722-24,24/08/2026,SP,PENDENTE,,,,,17952-26,,-25.55995765,-48.64929445
SUP-7722-24,24/08/2026,SP,PENDENTE,,,,,17952-26,,-25.55418375,-48.66076728
SUP-7722-24,24/08/2026,SP,PENDENTE,,,,,17952-26,,-25.5531497,-48.66288776
SUP-7722-24,24/08/2026,SP,PENDENTE,,,,,17952-26,,-25.5364431,-48.70083422
SUP-7722-24,24/08/2026,SP,PENDENTE,,,,,17952-26,,-25.52943539,-48.72507578
SUP-7722-24,24/08/2026,SP,PENDENTE,,,,,17952-26,,-25.52967255,-48.73063007
SUP-7722-24,24/08/2026,SP,PENDENTE,,,,,17952-26,,-25.52901033,-48.73429417
SUP-7722-24,24/08/2026,SP,PENDENTE,,,,,17952-26,,-25.52836895,-48.73796921
SUP-7722-24,18/09/2025,SP,PENDENTE,,,,,16744-25,,-24.09305723,-49.84680223
SUP-7722-24,18/09/2025,SP,PENDENTE,,,,,16744-25,,-24.01780744,-49.82551295
SUP-7722-24,07/11/2025,SP,PENDENTE,,,,,16964-25,,-23.98328109,-49.81293018
SUP-7722-24,07/11/2025,SP,PENDENTE,,,,,16964-25,,-23.98220057,-49.81217812
SUP-7722-24,07/11/2025,SP,PENDENTE,,,,,16964-25,,-23.98111651,-49.81102911
SUP-7722-24,07/11/2025,SP,PENDENTE,,,,,16964-25,,-23.94514537,-49.81217052
SUP-7722-24,07/11/2025,SP,PENDENTE,,,,,16964-25,,-23.98338557,-49.81273723
SUP-7722-24,07/11/2025,SP,PENDENTE,,,,,16964-25,,-23.98235188,-49.81191909
SUP-7722-24,07/11/2025,SP,PENDENTE,,,,,16964-25,,-23.94510928,-49.81191656
SUP-7722-24,07/11/2025,SP,PENDENTE,,,,,16964-25,,-23.92703936,-49.81314172
SUP-7722-24,07/11/2025,SP,PENDENTE,,,,,16964-25,,-23.92614894,-49.81323204
SUP-7722-24,07/11/2025,SP,PENDENTE,,,,,16964-25,,-23.89561277,-49.82167452
SUP-7722-24,07/11/2025,SP,PENDENTE,,,,,16965-25,,-23.88187589,-49.81351069
SUP-7722-24,07/11/2025,SP,PENDENTE,,,,,16965-25,,-23.88307764,-49.81483391
SUP-7722-24,18/09/2025,SP,PENDENTE,,,,,16743-25,,-24.25362966,-49.73239386
SUP-7722-24,18/09/2025,SP,PENDENTE,,,,,16743-25,,-24.25357636,-49.73251686
SUP-7722-24,18/09/2025,SP,PENDENTE,,,,,16743-25,,-24.25319287,-49.73258169
SUP-7722-24,18/09/2025,SP,PENDENTE,,,,,16744-25,,-23.99184964,-49.82456981
SUP-7722-24,07/11/2025,SP,PENDENTE,,,,,16964-25,,-23.98954584,-49.81731142
SUP-7722-24,07/11/2025,SP,PENDENTE,,,,,16964-25,,-23.98896555,-49.81701201
SUP-7722-24,07/11/2025,SP,PENDENTE,,,,,16964-25,,-23.98767626,-49.81611949
SUP-7722-24,07/11/2025,SP,PENDENTE,,,,,16964-25,,-23.98608661,-49.81492502
SUP-7722-24,07/11/2025,SP,PENDENTE,,,,,16964-25,,-23.98791325,-49.81640237
SUP-7722-24,07/11/2025,SP,PENDENTE,,,,,16964-25,,-23.97846394,-49.80902874
SUP-7722-24,07/11/2025,SP,PENDENTE,,,,,16964-25,,-23.97772966,-49.80867183
SUP-7722-24,07/11/2025,SP,PENDENTE,,,,,16964-25,,-23.97653899,-49.80840261
SUP-7722-24,07/11/2025,SP,PENDENTE,,,,,16964-25,,-23.93430231,-49.81487757
SUP-7722-24,07/11/2025,SP,PENDENTE,,,,,16964-25,,-23.92434677,-49.81327861
SUP-7722-24,07/11/2025,SP,PENDENTE,,,,,16964-25,,-23.92300807,-49.81300593
SUP-7722-24,07/11/2025,SP,PENDENTE,,,,,16964-25,,-23.92200296,-49.81266144
SUP-7722-24,07/11/2025,SP,PENDENTE,,,,,16964-25,,-23.90619879,-49.81855246
SUP-7722-24,07/11/2025,SP,PENDENTE,,,,,16964-25,,-23.90365629,-49.82028479
SUP-7722-24,07/11/2025,SP,PENDENTE,,,,,16964-25,,-23.97847939,-49.80888512
SUP-7722-24,07/11/2025,SP,PENDENTE,,,,,16964-25,,-23.97762167,-49.8084788
SUP-7722-24,07/11/2025,SP,PENDENTE,,,,,16964-25,,-23.97646337,-49.80822062
SUP-7722-24,07/11/2025,SP,PENDENTE,,,,,16964-25,,-23.9230586,-49.81281464
SUP-7722-24,07/11/2025,SP,PENDENTE,,,,,16964-25,,-23.92201629,-49.81244683
SUP-7722-24,18/09/2025,SP,PENDENTE,,,,,16744-25,,-23.99113155,-49.82006247
SUP-7722-24,19/08/2026,SP,PENDENTE,,,,,17936-26,,-25.57369833,-48.61305402
SUP-7722-24,19/08/2026,SP,PENDENTE,,,,,17936-26,,-25.5752213,-48.61249672
SUP-7722-24,19/08/2026,SP,PENDENTE,,,,,17936-26,,-25.57594788,-48.61239662
SUP-7722-24,19/08/2026,SP,PENDENTE,,,,,17936-26,,-25.57660403,-48.61268641
SUP-7722-24,19/08/2026,SP,PENDENTE,,,,,17936-26,,-25.5765798,-48.61238203
SUP-7722-24,19/08/2026,SP,PENDENTE,,,,,17936-26,,-25.57723885,-48.61226933
SUP-7722-24,19/08/2026,SP,PENDENTE,,,,,17936-26,,-25.5782845,-48.61214273
SUP-7722-24,19/08/2026,SP,PENDENTE,,,,,17936-26,,-25.57936324,-48.61209082
SUP-7722-24,19/08/2026,SP,PENDENTE,,,,,17936-26,,-25.57939256,-48.61242656
SUP-7722-24,19/08/2026,SP,PENDENTE,,,,,17936-26,,-25.58117888,-48.61189521
SUP-7722-24,19/08/2026,SP,PENDENTE,,,,,17936-26,,-25.58210866,-48.61215948
SUP-7722-24,19/08/2026,SP,PENDENTE,,,,,17936-26,,-25.5820817,-48.61182097
SUP-7722-24,19/08/2026,SP,PENDENTE,,,,,17936-26,,-25.58368792,-48.6117169
SUP-7722-24,19/08/2026,SP,PENDENTE,,,,,17936-26,,-25.58506961,-48.61183745
SUP-7722-24,19/08/2026,SP,PENDENTE,,,,,17936-26,,-25.58567647,-48.61151316
SUP-7722-24,19/08/2026,SP,PENDENTE,,,,,17936-26,,-25.58576631,-48.61174633
SUP-7722-24,19/08/2026,SP,PENDENTE,,,,,17936-26,,-25.58668728,-48.61140638
SUP-7722-24,19/08/2026,SP,PENDENTE,,,,,17936-26,,-25.58749178,-48.6113244
SUP-7722-24,19/08/2026,SP,PENDENTE,,,,,17936-26,,-25.58758293,-48.61162502
SUP-7722-24,19/08/2026,SP,PENDENTE,,,,,17936-26,,-25.58853915,-48.61122813
SUP-7722-24,19/08/2026,SP,PENDENTE,,,,,17936-26,,-25.59033347,-48.61103577
SUP-7722-24,19/08/2026,SP,PENDENTE,,,,,17936-26,,-25.59036253,-48.61139389
SUP-7722-24,19/08/2026,SP,PENDENTE,,,,,17936-26,,-25.59134557,-48.61098381
SUP-7722-24,19/08/2026,SP,PENDENTE,,,,,17936-26,,-25.59251344,-48.61109541
SUP-7722-24,19/08/2026,SP,PENDENTE,,,,,17936-26,,-25.59256945,-48.61087364
SUP-7722-24,19/08/2026,SP,PENDENTE,,,,,17936-26,,-25.59739977,-48.61063192
SUP-7722-24,19/08/2026,SP,PENDENTE,,,,,17936-26,,-25.59845531,-48.61047497
SUP-7722-24,19/08/2026,SP,PENDENTE,,,,,17936-26,,-25.6020612,-48.60936777
SUP-7722-24,19/08/2026,SP,PENDENTE,,,,,17936-26,,-25.60483998,-48.60797389
SUP-7722-24,19/08/2026,SP,PENDENTE,,,,,17936-26,,-25.61018985,-48.60504411
SUP-7722-24,19/08/2026,SP,PENDENTE,,,,,17936-26,,-25.61206481,-48.604087
SUP-7722-24,19/08/2026,SP,PENDENTE,,,,,17936-26,,-25.61225933,-48.60425932
SUP-7722-24,19/08/2026,SP,PENDENTE,,,,,17936-26,,-25.61418761,-48.60300477
SUP-7722-24,19/08/2026,SP,PENDENTE,,,,,17936-26,,-25.61429875,-48.60327504
SUP-7722-24,19/08/2026,SP,PENDENTE,,,,,17936-26,,-25.61859003,-48.60110686
SUP-7722-24,19/08/2026,SP,PENDENTE,,,,,17936-26,,-25.61857302,-48.6008185
SUP-7722-24,19/08/2026,SP,PENDENTE,,,,,17936-26,,-25.62055468,-48.59983643
SUP-7722-24,19/08/2026,SP,PENDENTE,,,,,17936-26,,-25.62225027,-48.59899752
SUP-7722-24,19/08/2026,SP,PENDENTE,,,,,17936-26,,-25.62377741,-48.59810069
SUP-7722-24,19/08/2026,SP,PENDENTE,,,,,17936-26,,-25.62502362,-48.59754908
SUP-7722-24,19/08/2026,SP,PENDENTE,,,,,17936-26,,-25.62677826,-48.59699673
SUP-7722-24,19/08/2026,SP,PENDENTE,,,,,17936-26,,-25.62667682,-48.59673632
SUP-7722-24,19/08/2026,SP,PENDENTE,,,,,17936-26,,-25.62812149,-48.59604467
SUP-7722-24,19/08/2026,SP,PENDENTE,,,,,17936-26,,-25.6300058,-48.59525202
SUP-7722-24,19/08/2026,SP,PENDENTE,,,,,17936-26,,-25.63014886,-48.59547798
SUP-7722-24,19/08/2026,SP,PENDENTE,,,,,17936-26,,-25.63184846,-48.59460056
SUP-7722-24,19/08/2026,SP,PENDENTE,,,,,17936-26,,-25.63475176,-48.59353227
SUP-7722-24,19/08/2026,SP,PENDENTE,,,,,17936-26,,-25.63653977,-48.59287849
SUP-7722-24,19/08/2026,SP,PENDENTE,,,,,17936-26,,-25.636629,-48.59317855
SUP-7722-24,19/08/2026,SP,PENDENTE,,,,,17936-26,,-25.63877214,-48.592071
SUP-7722-24,19/08/2026,SP,PENDENTE,,,,,17936-26,,-25.63886506,-48.59236895
SUP-7722-24,19/08/2026,SP,PENDENTE,,,,,17936-26,,-25.64037564,-48.59150483
SUP-7722-24,19/08/2026,SP,PENDENTE,,,,,17936-26,,-25.64563692,-48.58960405
SUP-7722-24,19/08/2026,SP,PENDENTE,,,,,17936-26,,-25.64571226,-48.58984572
SUP-7722-24,19/08/2026,SP,PENDENTE,,,,,17936-26,,-25.64827163,-48.58894839
SUP-7722-24,19/08/2026,SP,PENDENTE,,,,,17936-26,,-25.65070954,-48.58778947
SUP-7722-24,19/08/2026,SP,PENDENTE,,,,,17936-26,,-25.65088141,-48.58802382
SUP-7722-24,19/08/2026,SP,PENDENTE,,,,,17936-26,,-25.65473667,-48.5863403
SUP-7722-24,19/08/2026,SP,PENDENTE,,,,,17936-26,,-25.65486244,-48.58652905
SUP-7722-24,19/08/2026,SP,PENDENTE,,,,,17936-26,,-25.65612897,-48.58581561
SUP-7722-24,19/08/2026,SP,PENDENTE,,,,,17936-26,,-25.65743317,-48.58561403
SUP-7722-24,19/08/2026,SP,PENDENTE,,,,,17936-26,,-25.66231312,-48.58357087
SUP-7722-24,19/08/2026,SP,PENDENTE,,,,,17936-26,,-25.66321933,-48.5834889
SUP-7722-24,19/08/2026,SP,PENDENTE,,,,,17936-26,,-25.66343949,-48.58306511
SUP-7722-24,19/08/2026,SP,PENDENTE,,,,,17936-26,,-25.66578444,-48.58262327
SUP-7722-24,19/08/2026,SP,PENDENTE,,,,,17936-26,,-25.66570332,-48.58232768
SUP-7722-24,19/08/2026,SP,PENDENTE,,,,,17936-26,,-25.6679323,-48.58153205
SUP-7722-24,19/08/2026,SP,PENDENTE,,,,,17936-26,,-25.66801334,-48.58180064
SUP-7722-24,19/08/2026,SP,PENDENTE,,,,,17936-26,,-25.66983123,-48.58114112
SUP-7722-24,19/08/2026,SP,PENDENTE,,,,,17936-26,,-25.6708477,-48.58046655
SUP-7722-24,19/08/2026,SP,PENDENTE,,,,,17936-26,,-25.67301622,-48.57960235
SUP-7722-24,19/08/2026,SP,PENDENTE,,,,,17936-26,,-25.673763,-48.5794225
SUP-7722-24,19/08/2026,SP,PENDENTE,,,,,17936-26,,-25.67685916,-48.57824746
SUP-7722-24,19/08/2026,SP,PENDENTE,,,,,17936-26,,-25.67694349,-48.57822964
SUP-7722-24,19/08/2026,SP,PENDENTE,,,,,17936-26,,-25.67995024,-48.57715144
SUP-7722-24,19/08/2026,SP,PENDENTE,,,,,17936-26,,-25.683809,-48.57596572
SUP-7722-24,19/08/2026,SP,PENDENTE,,,,,17936-26,,-25.68512809,-48.5756782
SUP-7722-24,19/08/2026,SP,PENDENTE,,,,,17936-26,,-25.68717781,-48.57553863
SUP-7722-24,19/08/2026,SP,PENDENTE,,,,,17936-26,,-25.68712638,-48.57520764
SUP-7722-24,19/08/2026,SP,PENDENTE,,,,,17936-26,,-25.68913481,-48.57515719
SUP-7722-24,19/08/2026,SP,PENDENTE,,,,,17936-26,,-25.68908338,-48.5748262
SUP-7722-24,19/08/2026,SP,PENDENTE,,,,,17936-26,,-25.69072295,-48.57482222
SUP-7722-24,19/08/2026,SP,PENDENTE,,,,,17936-26,,-25.69067485,-48.57449034
SUP-7722-24,19/08/2026,SP,PENDENTE,,,,,17936-26,,-25.69323926,-48.57391918
SUP-7722-24,19/08/2026,SP,PENDENTE,,,,,17936-26,,-25.69444831,-48.5740058
SUP-7722-24,19/08/2026,SP,PENDENTE,,,,,17936-26,,-25.69440492,-48.57373714
SUP-7722-24,19/08/2026,SP,PENDENTE,,,,,17936-26,,-25.69596561,-48.57343263
SUP-7722-24,19/08/2026,SP,PENDENTE,,,,,17936-26,,-25.69744777,-48.57312331
SUP-7722-24,19/08/2026,SP,PENDENTE,,,,,17936-26,,-25.69891333,-48.57281497
SUP-7722-24,19/08/2026,SP,PENDENTE,,,,,17936-26,,-25.70072581,-48.57249815
SUP-7722-24,19/08/2026,SP,PENDENTE,,,,,17936-26,,-25.70170321,-48.57246355
SUP-7722-24,19/08/2026,SP,PENDENTE,,,,,17936-26,,-25.70354753,-48.57262302
SUP-7722-24,19/08/2026,SP,PENDENTE,,,,,17936-26,,-25.70357156,-48.57293833
SUP-7722-24,19/08/2026,SP,PENDENTE,,,,,17936-26,,-25.70467051,-48.57315432
SUP-7722-24,19/08/2026,SP,PENDENTE,,,,,17936-26,,-25.70486997,-48.5729677
SUP-7722-24,19/08/2026,SP,PENDENTE,,,,,17936-26,,-25.70617862,-48.57341036
SUP-7722-24,19/08/2026,SP,PENDENTE,,,,,17936-26,,-25.70766171,-48.57419377
SUP-7722-24,19/08/2026,SP,PENDENTE,,,,,17936-26,,-25.70753217,-48.57444882
SUP-7722-24,19/08/2026,SP,PENDENTE,,,,,17936-26,,-25.70867853,-48.57489205
SUP-7722-24,19/08/2026,SP,PENDENTE,,,,,17936-26,,-25.7085554,-48.57513007
SUP-7722-24,19/08/2026,SP,PENDENTE,,,,,17936-26,,-25.70973439,-48.57592689
SUP-7722-24,19/08/2026,SP,PENDENTE,,,,,17936-26,,-25.70988923,-48.5756997
SUP-7722-24,19/08/2026,SP,PENDENTE,,,,,17936-26,,-25.71143404,-48.57672829
SUP-7722-24,19/08/2026,SP,PENDENTE,,,,,17936-26,,-25.71305654,-48.57782999
SUP-7722-24,19/08/2026,SP,PENDENTE,,,,,17936-26,,-25.71401667,-48.57838444
SUP-7722-24,19/08/2026,SP,PENDENTE,,,,,17936-26,,-25.71512223,-48.57915342
SUP-7722-24,19/08/2026,SP,PENDENTE,,,,,17936-26,,-25.71628628,-48.58025261
SUP-7722-24,19/08/2026,SP,PENDENTE,,,,,17936-26,,-25.71655402,-48.57991178
SUP-7722-24,19/08/2026,SP,PENDENTE,,,,,17936-26,,-25.71648459,-48.58003939
SUP-7722-24,19/08/2026,SP,PENDENTE,,,,,17936-26,,-25.71802173,-48.58108397
SUP-7722-24,19/08/2026,SP,PENDENTE,,,,,17936-26,,-25.71789939,-48.5813088
SUP-7722-24,19/08/2026,SP,PENDENTE,,,,,17936-26,,-25.71895452,-48.58170966
SUP-7722-24,19/08/2026,SP,PENDENTE,,,,,17936-26,,-25.72062922,-48.582868
SUP-7722-24,19/08/2026,SP,PENDENTE,,,,,17936-26,,-25.72054835,-48.58301753
SUP-7722-24,19/08/2026,SP,PENDENTE,,,,,17936-26,,-25.72186543,-48.58391262
SUP-7722-24,19/08/2026,SP,PENDENTE,,,,,17936-26,,-25.72327873,-48.58457711
SUP-7722-24,19/08/2026,SP,PENDENTE,,,,,17936-26,,-25.72480999,-48.58587777
SUP-7722-24,19/08/2026,SP,PENDENTE,,,,,17936-26,,-25.72729779,-48.58725076
SUP-7722-24,19/08/2026,SP,PENDENTE,,,,,17936-26,,-25.72717376,-48.58747868
SUP-7722-24,19/08/2026,SP,PENDENTE,,,,,17936-26,,-25.72889612,-48.58833404
SUP-7722-24,19/08/2026,SP,PENDENTE,,,,,17936-26,,-25.73094684,-48.58996262
SUP-7722-24,19/08/2026,SP,PENDENTE,,,,,17936-26,,-25.73272526,-48.59081828
SUP-7722-24,19/08/2026,SP,PENDENTE,,,,,17936-26,,-25.7325794,-48.59108784
SUP-7722-24,19/08/2026,SP,PENDENTE,,,,,17936-26,,-25.73366339,-48.59141578
SUP-7722-24,19/08/2026,SP,PENDENTE,,,,,17936-26,,-25.73349651,-48.59172246
SUP-7722-24,19/08/2026,SP,PENDENTE,,,,,17936-26,,-25.73590401,-48.5926053
SUP-7722-24,19/08/2026,SP,PENDENTE,,,,,17936-26,,-25.73581414,-48.59291206
SUP-7722-24,19/08/2026,SP,PENDENTE,,,,,17936-26,,-25.7372791,-48.59303635
SUP-7722-24,19/08/2026,SP,PENDENTE,,,,,17936-26,,-25.73721585,-48.59336649
SUP-7722-24,19/08/2026,SP,PENDENTE,,,,,17936-26,,-25.73847633,-48.59359828
SUP-7722-24,19/08/2026,SP,PENDENTE,,,,,17936-26,,-25.73851521,-48.59324309
SUP-7722-24,19/08/2026,SP,PENDENTE,,,,,17936-26,,-25.74066827,-48.59360104
SUP-7722-24,19/08/2026,SP,PENDENTE,,,,,17936-26,,-25.74190578,-48.59345329
SUP-7722-24,19/08/2026,SP,PENDENTE,,,,,17936-26,,-25.74320249,-48.59330923
SUP-7722-24,19/08/2026,SP,PENDENTE,,,,,17936-26,,-25.74445902,-48.59289547
SUP-7722-24,19/08/2026,SP,PENDENTE,,,,,17936-26,,-25.74555673,-48.59278411
SUP-7722-24,19/08/2026,SP,PENDENTE,,,,,17936-26,,-25.74566919,-48.59302401
SUP-7722-24,19/08/2026,SP,PENDENTE,,,,,17936-26,,-25.74876248,-48.59241652
SUP-7722-24,19/08/2026,SP,PENDENTE,,,,,17936-26,,-25.74891287,-48.59266437
SUP-7722-24,19/08/2026,SP,PENDENTE,,,,,17936-26,,-25.75764433,-48.59140123
SUP-7722-24,19/08/2026,SP,PENDENTE,,,,,17936-26,,-25.75915116,-48.59150407
SUP-7722-24,19/08/2026,SP,PENDENTE,,,,,17936-26,,-25.76094202,-48.59090794
SUP-7722-24,19/08/2026,SP,PENDENTE,,,,,17936-26,,-25.76111735,-48.59110191
SUP-7722-24,19/08/2026,SP,PENDENTE,,,,,17936-26,,-25.76294089,-48.59011822
SUP-7722-24,19/08/2026,SP,PENDENTE,,,,,17936-26,,-25.76398977,-48.58950006
SUP-7722-24,19/08/2026,SP,PENDENTE,,,,,17936-26,,-25.76527864,-48.58887197
SUP-7722-24,19/08/2026,SP,PENDENTE,,,,,17936-26,,-25.76661231,-48.5875767
SUP-7722-24,19/08/2026,SP,PENDENTE,,,,,17936-26,,-25.76653581,-48.58728976
SUP-7722-24,19/08/2026,SP,PENDENTE,,,,,17936-26,,-25.76882337,-48.58441608
SUP-7722-24,19/08/2026,SP,PENDENTE,,,,,17936-26,,-25.76955506,-48.58259852
SUP-7722-24,19/08/2026,SP,PENDENTE,,,,,17936-26,,-25.76977277,-48.58275776
SUP-7722-24,19/08/2026,SP,PENDENTE,,,,,17936-26,,-25.77099458,-48.58069705
SUP-7722-24,19/08/2026,SP,PENDENTE,,,,,17936-26,,-25.77215923,-48.57833609
SUP-7722-24,19/08/2026,SP,PENDENTE,,,,,17936-26,,-25.77325727,-48.57646123
SUP-7722-24,19/08/2026,SP,PENDENTE,,,,,17936-26,,-25.77346915,-48.57661608
SUP-7722-24,19/08/2026,SP,PENDENTE,,,,,17936-26,,-25.77384144,-48.5754734
SUP-7722-24,19/08/2026,SP,PENDENTE,,,,,17936-26,,-25.77440078,-48.57458168
SUP-7722-24,19/08/2026,SP,PENDENTE,,,,,17936-26,,-25.77466855,-48.57462689
SUP-7722-24,19/08/2026,SP,PENDENTE,,,,,17936-26,,-25.77533871,-48.5734413
SUP-7722-24,19/08/2026,SP,PENDENTE,,,,,17936-26,,-25.77518233,-48.57332648
SUP-7722-24,19/08/2026,SP,PENDENTE,,,,,17936-26,,-25.77578051,-48.57229468
SUP-7722-24,19/08/2026,SP,PENDENTE,,,,,17936-26,,-25.77647932,-48.5717153
SUP-7722-24,19/08/2026,SP,PENDENTE,,,,,17936-26,,-25.77707859,-48.5705876
SUP-7722-24,19/08/2026,SP,PENDENTE,,,,,17936-26,,-25.77831753,-48.56945963
SUP-7722-24,19/08/2026,SP,PENDENTE,,,,,17936-26,,-25.78037509,-48.56803219
SUP-7722-24,19/08/2026,SP,PENDENTE,,,,,17936-26,,-25.78152011,-48.56761745
SUP-7722-24,19/08/2026,SP,PENDENTE,,,,,17936-26,,-25.78140722,-48.56738837
SUP-7722-24,19/08/2026,SP,PENDENTE,,,,,17936-26,,-25.78267484,-48.56663758
SUP-7722-24,19/08/2026,SP,PENDENTE,,,,,17936-26,,-25.78372023,-48.56582792
SUP-7722-24,19/08/2026,SP,PENDENTE,,,,,17936-26,,-25.78378393,-48.56595673
SUP-7722-24,19/08/2026,SP,PENDENTE,,,,,17936-26,,-25.78517268,-48.5650227
SUP-7722-24,19/08/2026,SP,PENDENTE,,,,,17936-26,,-25.78661099,-48.5641846
SUP-7722-24,19/08/2026,SP,PENDENTE,,,,,17936-26,,-25.78807665,-48.56337751
SUP-7722-24,19/08/2026,SP,PENDENTE,,,,,17936-26,,-25.7892981,-48.5626255
SUP-7722-24,19/08/2026,SP,PENDENTE,,,,,17936-26,,-25.79045945,-48.561949
SUP-7722-24,19/08/2026,SP,PENDENTE,,,,,17936-26,,-25.79178721,-48.56113101
SUP-7722-24,19/08/2026,SP,PENDENTE,,,,,17936-26,,-25.79196886,-48.56132478
SUP-7722-24,19/08/2026,SP,PENDENTE,,,,,17936-26,,-25.79351001,-48.56009147
SUP-7722-24,19/08/2026,SP,PENDENTE,,,,,17936-26,,-25.79373019,-48.56027863
SUP-7722-24,19/08/2026,SP,PENDENTE,,,,,17936-26,,-25.79517984,-48.55910068
SUP-7722-24,19/08/2026,SP,PENDENTE,,,,,17936-26,,-25.79686611,-48.55838044
SUP-7722-24,19/08/2026,SP,PENDENTE,,,,,17936-26,,-25.79811961,-48.55729889
SUP-7722-24,19/08/2026,SP,PENDENTE,,,,,17936-26,,-25.801611,-48.55519708
SUP-7722-24,19/08/2026,SP,PENDENTE,,,,,17936-26,,-25.80178572,-48.55539841
SUP-7722-24,19/08/2026,SP,PENDENTE,,,,,17936-26,,-25.80284856,-48.55456975
SUP-7722-24,19/08/2026,SP,PENDENTE,,,,,17936-26,,-25.8062084,-48.55365648
SUP-7722-24,19/08/2026,SP,PENDENTE,,,,,17936-26,,-25.80723764,-48.55369615
SUP-7722-24,19/08/2026,SP,PENDENTE,,,,,17936-26,,-25.80878535,-48.55300693
SUP-7722-24,19/08/2026,SP,PENDENTE,,,,,17936-26,,-25.59555537,-48.61039626
SUP-7722-24,19/08/2026,SP,PENDENTE,,,,,17936-26,,-25.59559664,-48.61082185
SUP-7722-24,19/08/2026,SP,PENDENTE,,,,,17936-26,,-25.59960205,-48.60979436
SUP-7722-24,19/08/2026,SP,PENDENTE,,,,,17936-26,,-25.60067654,-48.60962447
SUP-7722-24,19/08/2026,SP,PENDENTE,,,,,17936-26,,-25.60075869,-48.60991144
SUP-7722-24,19/08/2026,SP,PENDENTE,,,,,17936-26,,-25.60352086,-48.60838979
SUP-7722-24,19/08/2026,SP,PENDENTE,,,,,17936-26,,-25.603664,-48.6087071
SUP-7722-24,19/08/2026,SP,PENDENTE,,,,,17936-26,,-25.60622289,-48.60677688
SUP-7722-24,19/08/2026,SP,PENDENTE,,,,,17936-26,,-25.60786241,-48.60642271
SUP-7722-24,19/08/2026,SP,PENDENTE,,,,,17936-26,,-25.60794599,-48.60662097
SUP-7722-24,19/08/2026,SP,PENDENTE,,,,,17936-26,,-25.6162057,-48.60230555
SUP-7722-24,19/08/2026,SP,PENDENTE,,,,,17936-26,,-25.65908836,-48.58476083
SUP-7722-24,19/08/2026,SP,PENDENTE,,,,,17936-26,,-25.6604018,-48.58431107
SUP-7722-24,19/08/2026,SP,PENDENTE,,,,,17936-26,,-25.68180862,-48.57642411
SUP-7722-24,19/08/2026,SP,PENDENTE,,,,,17936-26,,-25.68185314,-48.57659862
SUP-7722-24,19/08/2026,SP,PENDENTE,,,,,17936-26,,-25.6819347,-48.57691892
SUP-7722-24,19/08/2026,SP,PENDENTE,,,,,17936-26,,-25.70172671,-48.57275519
SUP-7722-24,19/08/2026,SP,PENDENTE,,,,,17936-26,,-25.75198662,-48.59237118
SUP-7722-24,19/08/2026,SP,PENDENTE,,,,,17936-26,,-25.75560742,-48.59155618
SUP-7722-24,19/08/2026,SP,PENDENTE,,,,,17936-26,,-25.75645148,-48.59160974
SUP-7722-24,19/08/2026,SP,PENDENTE,,,,,17936-26,,-25.75646613,-48.59176797
SUP-7722-24,19/08/2026,SP,PENDENTE,,,,,17936-26,,-25.77843195,-48.56963966
SUP-7722-24,19/08/2026,SP,PENDENTE,,,,,17936-26,,-25.77918576,-48.56873532
SUP-7722-24,19/08/2026,SP,PENDENTE,,,,,17936-26,,-25.7793388,-48.56900495
SUP-7722-24,19/08/2026,SP,PENDENTE,,,,,17936-26,,-25.799885,-48.55651736
SUP-7722-24,19/08/2026,SP,PENDENTE,,,,,17936-26,,-25.7998087,-48.55636248
SUP-7722-24,19/08/2026,SP,PENDENTE,,,,,17936-26,,-25.80422762,-48.55406533
SUP-7722-24,19/08/2026,SP,PENDENTE,,,,,17936-26,,-25.80426901,-48.55425151
SUP-7722-24,19/08/2026,SP,PENDENTE,,,,,17936-26,,-25.80989121,-48.5528937
SUP-7722-24,19/08/2026,SP,PENDENTE,,,,,17936-26,,-25.80984622,-48.55269135
SUP-7722-24,19/08/2026,SP,PENDENTE,,,,,17936-26,,-25.81291599,-48.54999189
SUP-7722-24,19/08/2026,SP,PENDENTE,,,,,17936-26,,-25.81327698,-48.54935077
SUP-7722-24,24/08/2026,ST,PENDENTE,,,,,17952-26,,-25.56029045,-48.58139869
SUP-7722-24,24/08/2026,ST,PENDENTE,,,,,17952-26,,-25.56137039,-48.58612745
SUP-7722-24,24/08/2026,ST,PENDENTE,,,,,17952-26,,-25.56232556,-48.58852431
SUP-7722-24,24/08/2026,ST,PENDENTE,,,,,17952-26,,-25.56369431,-48.59573893
SUP-7722-24,24/08/2026,ST,PENDENTE,,,,,17952-26,,-25.56458385,-48.59815584
SUP-7722-24,24/08/2026,ST,PENDENTE,,,,,17952-26,,-25.56483787,-48.60055094
SUP-7722-24,24/08/2026,ST,PENDENTE,,,,,17952-26,,-25.5659836,-48.60536227
SUP-7722-24,24/08/2026,ST,PENDENTE,,,,,17952-26,,-25.56691008,-48.60797496
SUP-7722-24,24/08/2026,ST,PENDENTE,,,,,17952-26,,-25.56699957,-48.60959398
SUP-7722-24,24/08/2026,ST,PENDENTE,,,,,17952-26,,-25.56588327,-48.62465945
SUP-7722-24,24/08/2026,ST,PENDENTE,,,,,17952-26,,-25.56562458,-48.62725855
SUP-7722-24,24/08/2026,ST,PENDENTE,,,,,17952-26,,-25.56449445,-48.63207594
SUP-7722-24,24/08/2026,ST,PENDENTE,,,,,17952-26,,-25.5633035,-48.63687405
SUP-7722-24,24/08/2026,ST,PENDENTE,,,,,17952-26,,-25.56099901,-48.64649874
SUP-7722-24,24/08/2026,ST,PENDENTE,,,,,17952-26,,-25.55908692,-48.65105143
SUP-7722-24,24/08/2026,ST,PENDENTE,,,,,17952-26,,-25.55685287,-48.65537321
SUP-7722-24,24/08/2026,ST,PENDENTE,,,,,17952-26,,-25.55464843,-48.65971333
SUP-7722-24,24/08/2026,ST,PENDENTE,,,,,17952-26,,-25.5525232,-48.66405864
SUP-7722-24,24/08/2026,ST,PENDENTE,,,,,17952-26,,-25.55141593,-48.66883894
SUP-7722-24,24/08/2026,ST,PENDENTE,,,,,17952-26,,-25.54439796,-48.681521
SUP-7722-24,24/08/2026,ST,PENDENTE,,,,,17952-26,,-25.54292226,-48.68331709
SUP-7722-24,24/08/2026,ST,PENDENTE,,,,,17952-26,,-25.54232393,-48.68586383
SUP-7722-24,24/08/2026,ST,PENDENTE,,,,,17952-26,,-25.5405337,-48.69042928
SUP-7722-24,24/08/2026,ST,PENDENTE,,,,,17952-26,,-25.53873044,-48.69498842
SUP-7722-24,24/08/2026,ST,PENDENTE,,,,,17952-26,,-25.53512312,-48.70410616
SUP-7722-24,24/08/2026,ST,PENDENTE,,,,,17952-26,,-25.53408779,-48.70886353
SUP-7722-24,24/08/2026,ST,PENDENTE,,,,,17952-26,,-25.53335958,-48.71377173
SUP-7722-24,24/08/2026,ST,PENDENTE,,,,,17952-26,,-25.52858993,-48.74223119
SUP-7722-24,24/08/2026,ST,PENDENTE,,,,,17952-26,,-25.56116959,-48.58371592
SUP-7722-24,24/08/2026,ST,PENDENTE,,,,,17952-26,,-25.56255187,-48.59092677
SUP-7722-24,24/08/2026,ST,PENDENTE,,,,,17952-26,,-25.56345269,-48.59334066
SUP-7722-24,24/08/2026,ST,PENDENTE,,,,,17952-26,,-25.5680124,-48.61259801
SUP-7722-24,24/08/2026,ST,PENDENTE,,,,,17952-26,,-25.56474793,-48.62947385
SUP-7722-24,24/08/2026,ST,PENDENTE,,,,,17952-26,,-25.56215916,-48.64168496
SUP-7722-24,24/08/2026,ST,PENDENTE,,,,,17952-26,,-25.54978848,-48.67353396
SUP-7722-24,24/08/2026,ST,PENDENTE,,,,,17952-26,,-25.54709547,-48.67753711
SUP-7722-24,24/08/2026,ST,PENDENTE,,,,,17952-26,,-25.53692575,-48.69954682
SUP-7722-24,24/08/2026,ST,PENDENTE,,,,,17952-26,,-25.53152699,-48.71834709
SUP-7722-24,24/08/2026,ST,PENDENTE,,,,,17952-26,,-25.5297604,-48.72280311
SUP-7722-24,24/08/2026,ST,PENDENTE,,,,,17952-26,,-25.52976406,-48.72757899
SUP-7722-24,24/08/2026,ST,PENDENTE,,,,,17952-26,,-25.52930619,-48.73257804
SUP-7722-24,24/08/2026,ST,PENDENTE,,,,,17952-26,,-25.52835788,-48.7374358
SUP-7722-24,07/11/2025,ST,PENDENTE,,,,,16967-25,,-23.71251989,-49.79106415
SUP-7722-24,05/03/2026,ST,PENDENTE,,,,,17302-26,,-23.48543322,-49.94820972
SUP-7722-24,19/08/2026,ST,PENDENTE,,,,,17936-26,,-25.57228765,-48.61347922
SUP-7722-24,19/08/2026,ST,PENDENTE,,,,,17936-26,,-25.57336191,-48.6131611
SUP-7722-24,19/08/2026,ST,PENDENTE,,,,,17936-26,,-25.5745646,-48.61303057
SUP-7722-24,19/08/2026,ST,PENDENTE,,,,,17936-26,,-25.57669058,-48.61262275
SUP-7722-24,19/08/2026,ST,PENDENTE,,,,,17936-26,,-25.57885835,-48.61254349
SUP-7722-24,19/08/2026,ST,PENDENTE,,,,,17936-26,,-25.58026993,-48.61206857
SUP-7722-24,19/08/2026,ST,PENDENTE,,,,,17936-26,,-25.58118528,-48.61218772
SUP-7722-24,19/08/2026,ST,PENDENTE,,,,,17936-26,,-25.58568092,-48.61176447
SUP-7722-24,19/08/2026,ST,PENDENTE,,,,,17936-26,,-25.58925942,-48.61119917
SUP-7722-24,19/08/2026,ST,PENDENTE,,,,,17936-26,,-25.59017473,-48.61131873
SUP-7722-24,19/08/2026,ST,PENDENTE,,,,,17936-26,,-25.59823412,-48.61026308
SUP-7722-24,19/08/2026,ST,PENDENTE,,,,,17936-26,,-25.59915566,-48.61027625
SUP-7722-24,19/08/2026,ST,PENDENTE,,,,,17936-26,,-25.6025333,-48.60887348
SUP-7722-24,19/08/2026,ST,PENDENTE,,,,,17936-26,,-25.6116512,-48.60454739
SUP-7722-24,19/08/2026,ST,PENDENTE,,,,,17936-26,,-25.61486095,-48.60271452
SUP-7722-24,19/08/2026,ST,PENDENTE,,,,,17936-26,,-25.61897,-48.60065896
SUP-7722-24,19/08/2026,ST,PENDENTE,,,,,17936-26,,-25.61986934,-48.60043638
SUP-7722-24,19/08/2026,ST,PENDENTE,,,,,17936-26,,-25.62237854,-48.59882753
SUP-7722-24,19/08/2026,ST,PENDENTE,,,,,17936-26,,-25.62307902,-48.59860326
SUP-7722-24,19/08/2026,ST,PENDENTE,,,,,17936-26,,-25.62397835,-48.59838064
SUP-7722-24,19/08/2026,ST,PENDENTE,,,,,17936-26,,-25.62432195,-48.59777046
SUP-7722-24,19/08/2026,ST,PENDENTE,,,,,17936-26,,-25.62718939,-48.59654862
SUP-7722-24,19/08/2026,ST,PENDENTE,,,,,17936-26,,-25.62809866,-48.596362
SUP-7722-24,19/08/2026,ST,PENDENTE,,,,,17936-26,,-25.63141562,-48.59478318
SUP-7722-24,19/08/2026,ST,PENDENTE,,,,,17936-26,,-25.63233158,-48.59466995
SUP-7722-24,19/08/2026,ST,PENDENTE,,,,,17936-26,,-25.63661912,-48.59311996
SUP-7722-24,19/08/2026,ST,PENDENTE,,,,,17936-26,,-25.64090664,-48.59156984
SUP-7722-24,19/08/2026,ST,PENDENTE,,,,,17936-26,,-25.64342068,-48.59044295
SUP-7722-24,19/08/2026,ST,PENDENTE,,,,,17936-26,,-25.64519413,-48.5900196
SUP-7722-24,19/08/2026,ST,PENDENTE,,,,,17936-26,,-25.64948159,-48.58846924
SUP-7722-24,19/08/2026,ST,PENDENTE,,,,,17936-26,,-25.65199559,-48.58734219
SUP-7722-24,19/08/2026,ST,PENDENTE,,,,,17936-26,,-25.65376904,-48.58691872
SUP-7722-24,19/08/2026,ST,PENDENTE,,,,,17936-26,,-25.66251446,-48.58375243
SUP-7722-24,19/08/2026,ST,PENDENTE,,,,,17936-26,,-25.66485662,-48.58268638
SUP-7722-24,19/08/2026,ST,PENDENTE,,,,,17936-26,,-25.66662991,-48.58226223
SUP-7722-24,19/08/2026,ST,PENDENTE,,,,,17936-26,,-25.67091681,-48.58070982
SUP-7722-24,19/08/2026,ST,PENDENTE,,,,,17936-26,,-25.67520368,-48.57915729
SUP-7722-24,19/08/2026,ST,PENDENTE,,,,,17936-26,,-25.689978,-48.57469939
SUP-7722-24,19/08/2026,ST,PENDENTE,,,,,17936-26,,-25.69441161,-48.57377625
SUP-7722-24,19/08/2026,ST,PENDENTE,,,,,17936-26,,-25.69710656,-48.57342589
SUP-7722-24,19/08/2026,ST,PENDENTE,,,,,17936-26,,-25.7033591,-48.57262918
SUP-7722-24,19/08/2026,ST,PENDENTE,,,,,17936-26,,-25.70592724,-48.5735763
SUP-7722-24,19/08/2026,ST,PENDENTE,,,,,17936-26,,-25.70763646,-48.57424262
SUP-7722-24,19/08/2026,ST,PENDENTE,,,,,17936-26,,-25.70986378,-48.57595716
SUP-7722-24,19/08/2026,ST,PENDENTE,,,,,17936-26,,-25.71150753,-48.57680529
SUP-7722-24,19/08/2026,ST,PENDENTE,,,,,17936-26,,-25.71373154,-48.57852155
SUP-7722-24,19/08/2026,ST,PENDENTE,,,,,17936-26,,-25.71421913,-48.57839925
SUP-7722-24,19/08/2026,ST,PENDENTE,,,,,17936-26,,-25.71537528,-48.57936974
SUP-7722-24,19/08/2026,ST,PENDENTE,,,,,17936-26,,-25.71592543,-48.57951938
SUP-7722-24,19/08/2026,ST,PENDENTE,,,,,17936-26,,-25.71759926,-48.5810861
SUP-7722-24,19/08/2026,ST,PENDENTE,,,,,17936-26,,-25.71924299,-48.58193435
SUP-7722-24,19/08/2026,ST,PENDENTE,,,,,17936-26,,-25.72146695,-48.58365081
SUP-7722-24,19/08/2026,ST,PENDENTE,,,,,17936-26,,-25.72311067,-48.58449911
SUP-7722-24,19/08/2026,ST,PENDENTE,,,,,17936-26,,-25.72533461,-48.58621567
SUP-7722-24,19/08/2026,ST,PENDENTE,,,,,17936-26,,-25.72589538,-48.58634584
SUP-7722-24,19/08/2026,ST,PENDENTE,,,,,17936-26,,-25.72697832,-48.58706404
SUP-7722-24,19/08/2026,ST,PENDENTE,,,,,17936-26,,-25.73084592,-48.58962912
SUP-7722-24,19/08/2026,ST,PENDENTE,,,,,17936-26,,-25.73276041,-48.59114066
SUP-7722-24,19/08/2026,ST,PENDENTE,,,,,17936-26,,-25.73347588,-48.59137347
SUP-7722-24,19/08/2026,ST,PENDENTE,,,,,17936-26,,-25.73723017,-48.59329106
SUP-7722-24,19/08/2026,ST,PENDENTE,,,,,17936-26,,-25.73896356,-48.59335865
SUP-7722-24,19/08/2026,ST,PENDENTE,,,,,17936-26,,-25.74623436,-48.59294345
SUP-7722-24,19/08/2026,ST,PENDENTE,,,,,17936-26,,-25.74711297,-48.592636
SUP-7722-24,19/08/2026,ST,PENDENTE,,,,,17936-26,,-25.75072282,-48.59243703
SUP-7722-24,19/08/2026,ST,PENDENTE,,,,,17936-26,,-25.75967561,-48.59120708
SUP-7722-24,19/08/2026,ST,PENDENTE,,,,,17936-26,,-25.75970241,-48.59141223
SUP-7722-24,19/08/2026,ST,PENDENTE,,,,,17936-26,,-25.76388253,-48.58960548
SUP-7722-24,19/08/2026,ST,PENDENTE,,,,,17936-26,,-25.7639759,-48.58978529
SUP-7722-24,19/08/2026,ST,PENDENTE,,,,,17936-26,,-25.767259,-48.58640457
SUP-7722-24,19/08/2026,ST,PENDENTE,,,,,17936-26,,-25.7674058,-48.58653373
SUP-7722-24,19/08/2026,ST,PENDENTE,,,,,17936-26,,-25.7697874,-48.58228992
SUP-7722-24,19/08/2026,ST,PENDENTE,,,,,17936-26,,-25.76994373,-48.58240463
SUP-7722-24,19/08/2026,ST,PENDENTE,,,,,17936-26,,-25.77228409,-48.57813951
SUP-7722-24,19/08/2026,ST,PENDENTE,,,,,17936-26,,-25.77244042,-48.57825422
SUP-7722-24,19/08/2026,ST,PENDENTE,,,,,17936-26,,-25.77493698,-48.57410363
SUP-7722-24,19/08/2026,ST,PENDENTE,,,,,17936-26,,-25.77694887,-48.57078744
SUP-7722-24,19/08/2026,ST,PENDENTE,,,,,17936-26,,-25.78150835,-48.56759358
SUP-7722-24,19/08/2026,ST,PENDENTE,,,,,17936-26,,-25.78547067,-48.56521029
SUP-7722-24,19/08/2026,ST,PENDENTE,,,,,17936-26,,-25.78944381,-48.56284888
SUP-7722-24,19/08/2026,ST,PENDENTE,,,,,17936-26,,-25.79092806,-48.56169134
SUP-7722-24,19/08/2026,ST,PENDENTE,,,,,17936-26,,-25.79339515,-48.56044321
SUP-7722-24,19/08/2026,ST,PENDENTE,,,,,17936-26,,-25.79489025,-48.55930764
SUP-7722-24,19/08/2026,ST,PENDENTE,,,,,17936-26,,-25.79735732,-48.55805942
SUP-7722-24,19/08/2026,ST,PENDENTE,,,,,17936-26,,-25.81313047,-48.55002159
SUP-7722-24,19/08/2026,ST,PENDENTE,,,,,17936-26,,-25.81409505,-48.54775295
SUP-7722-24,19/08/2026,ST,PENDENTE,,,,,17936-26,,-25.58476463,-48.61163349
SUP-7722-24,19/08/2026,ST,PENDENTE,,,,,17936-26,,-25.59375369,-48.61075885
SUP-7722-24,19/08/2026,ST,PENDENTE,,,,,17936-26,,-25.59467001,-48.61089114
SUP-7722-24,19/08/2026,ST,PENDENTE,,,,,17936-26,,-25.6034329,-48.6086578
SUP-7722-24,19/08/2026,ST,PENDENTE,,,,,17936-26,,-25.60662408,-48.60677986
SUP-7722-24,19/08/2026,ST,PENDENTE,,,,,17936-26,,-25.61075185,-48.60476992
SUP-7722-24,19/08/2026,ST,PENDENTE,,,,,17936-26,,-25.61576029,-48.60249196
SUP-7722-24,19/08/2026,ST,PENDENTE,,,,,17936-26,,-25.64770815,-48.58889263
SUP-7722-24,19/08/2026,ST,PENDENTE,,,,,17936-26,,-25.65628271,-48.58579074
SUP-7722-24,19/08/2026,ST,PENDENTE,,,,,17936-26,,-25.65805602,-48.58536668
SUP-7722-24,19/08/2026,ST,PENDENTE,,,,,17936-26,,-25.66056968,-48.58423862
SUP-7722-24,19/08/2026,ST,PENDENTE,,,,,17936-26,,-25.66914353,-48.58113402
SUP-7722-24,19/08/2026,ST,PENDENTE,,,,,17936-26,,-25.67948926,-48.57759991
SUP-7722-24,19/08/2026,ST,PENDENTE,,,,,17936-26,,-25.68381592,-48.57623001
SUP-7722-24,19/08/2026,ST,PENDENTE,,,,,17936-26,,-25.68554438,-48.57562246
SUP-7722-24,19/08/2026,ST,PENDENTE,,,,,17936-26,,-25.68859404,-48.57519834
SUP-7722-24,19/08/2026,ST,PENDENTE,,,,,17936-26,,-25.69267296,-48.57434908
SUP-7722-24,19/08/2026,ST,PENDENTE,,,,,17936-26,,-25.69884586,-48.57285575
SUP-7722-24,19/08/2026,ST,PENDENTE,,,,,17936-26,,-25.70154759,-48.57269516
SUP-7722-24,19/08/2026,ST,PENDENTE,,,,,17936-26,,-25.72920223,-48.5887807
SUP-7722-24,19/08/2026,ST,PENDENTE,,,,,17936-26,,-25.73473379,-48.59213307
SUP-7722-24,19/08/2026,ST,PENDENTE,,,,,17936-26,,-25.74174588,-48.59344982
SUP-7722-24,19/08/2026,ST,PENDENTE,,,,,17936-26,,-25.7435222,-48.59304111
SUP-7722-24,19/08/2026,ST,PENDENTE,,,,,17936-26,,-25.7551922,-48.59172436
SUP-7722-24,19/08/2026,ST,PENDENTE,,,,,17936-26,,-25.75520798,-48.59189489
SUP-7722-24,19/08/2026,ST,PENDENTE,,,,,17936-26,,-25.77478065,-48.57398893
SUP-7722-24,19/08/2026,ST,PENDENTE,,,,,17936-26,,-25.77773037,-48.57024831
SUP-7722-24,19/08/2026,ST,PENDENTE,,,,,17936-26,,-25.7798336,-48.56836482
SUP-7722-24,19/08/2026,ST,PENDENTE,,,,,17936-26,,-25.79885239,-48.55692378
SUP-7722-24,19/08/2026,ST,PENDENTE,,,,,17936-26,,-25.80116094,-48.55577083
SUP-7722-24,19/08/2026,ST,PENDENTE,,,,,17936-26,,-25.80284898,-48.55459101
SUP-7722-24,19/08/2026,ST,PENDENTE,,,,,17936-26,,-25.8055119,-48.55402359
SUP-7722-24,19/08/2026,ST,PENDENTE,,,,,17936-26,,-25.80760451,-48.55338321
SUP-7722-24,19/08/2026,ST,PENDENTE,,,,,17936-26,,-25.81072209,-48.55195048
SUP-7593-24,19/05/2026,SP,PENDENTE,,,,,17617-26,,-19.99798765,-43.96204098
SUP-7593-24,19/05/2026,SP,PENDENTE,,,,,17617-26,,-19.99710215,-43.96203818
SUP-7593-24,19/05/2026,SP,PENDENTE,,,,,17617-26,,-20.00781704,-43.96490924
SUP-7593-24,19/05/2026,SP,PENDENTE,,,,,17617-26,,-20.00812598,-43.96520642
SUP-7593-24,19/05/2026,SP,PENDENTE,,,,,17617-26,,-20.00851567,-43.96540557
SUP-7593-24,19/05/2026,SM,PENDENTE,,,,,17617-26,,-20.00901096,-43.96511938
SUP-7593-24,19/05/2026,SP,PENDENTE,,,,,17617-26,,-20.01732037,-43.97075777
SUP-7593-24,19/05/2026,SP,PENDENTE,,,,,17617-26,,-20.01914027,-43.97140268
SUP-7593-24,19/05/2026,SP,PENDENTE,,,,,17617-26,,-20.02026033,-43.97134282
SUP-7593-24,19/05/2026,SP,PENDENTE,,,,,17617-26,,-20.0249197,-43.96928004
SUP-7593-24,19/05/2026,SP,PENDENTE,,,,,17617-26,,-20.02625629,-43.96916426
SUP-7593-24,19/05/2026,SP,PENDENTE,,,,,17617-26,,-20.02651841,-43.96918071
SUP-7593-24,31/05/2026,SP,PENDENTE,,,,,17658-26,,-20.02942332,-43.96995432
SUP-7593-24,31/05/2026,SM,PENDENTE,,,,,17657-26,,-20.03082867,-43.97003972
SUP-7593-24,19/05/2026,SM,PENDENTE,,,,,17617-26,,-20.04303751,-43.96490716
SUP-7593-24,19/05/2026,SP,PENDENTE,,,,,17617-26,,-20.04408374,-43.96458479
SUP-7593-24,19/05/2026,SP,PENDENTE,,,,,17617-26,,-20.11173174,-43.97066018
SUP-7593-24,19/05/2026,SP,PENDENTE,,,,,17617-26,,-20.13893954,-43.96177709
SUP-7593-24,19/05/2026,SP,PENDENTE,,,,,17617-26,,-20.14714074,-43.95974625
SUP-7593-24,19/05/2026,SP,PENDENTE,,,,,17617-26,,-20.15009067,-43.96202104
SUP-7593-24,19/05/2026,SP,PENDENTE,,,,,17617-26,,-20.1560682,-43.9628924
SUP-7593-24,19/05/2026,SP,PENDENTE,,,,,17617-26,,-20.16016176,-43.96451779
SUP-7593-24,31/05/2026,SP,PENDENTE,,,,,17658-26,,-20.77523042,-43.81052836
SUP-7593-24,13/08/2026,CPTU,PENDENTE,,,,,17912-26,,-20.6484235,-43.80947591
SUP-7593-24,13/08/2026,CPTU,PENDENTE,,,,,17912-26,,-20.64836329,-43.80977526
SUP-7593-24,13/08/2026,CPTU,PENDENTE,,,,,17912-26,,-20.65009914,-43.80946826
SUP-7593-24,13/08/2026,SP,PENDENTE,,,,,17912-26,,-20.64761745,-43.80958128
SUP-7593-24,13/08/2026,SP,PENDENTE,,,,,17912-26,,-20.64832871,-43.80946052
SUP-7593-24,13/08/2026,SP,PENDENTE,,,,,17912-26,,-20.64851226,-43.80944479
SUP-7593-24,13/08/2026,SP,PENDENTE,,,,,17912-26,,-20.64882513,-43.80940525
SUP-7593-24,13/08/2026,SP,PENDENTE,,,,,17912-26,,-20.64932987,-43.80933077
SUP-7593-24,13/08/2026,SP,PENDENTE,,,,,17912-26,,-20.64943083,-43.80956689
SUP-7593-24,13/08/2026,SP,PENDENTE,,,,,17912-26,,-20.64993699,-43.80923634
SUP-7593-24,13/08/2026,SP,PENDENTE,,,,,17912-26,,-20.64997693,-43.80948604
SUP-7593-24,13/08/2026,VT,PENDENTE,,,,,17912-26,,-20.64855148,-43.80942858
SUP-7593-24,20/02/2026,SP,PENDENTE,,,,,17281-26,,-20.05537136,-43.97195928
SUP-7593-24,20/02/2026,SP,PENDENTE,,,,,17282-26,,-20.34751349,-43.92385354
SUP-7593-24,20/02/2026,SP,PENDENTE,,,,,17282-26,,-20.35568702,-43.90934321
SUP-7593-24,20/02/2026,SP,PENDENTE,,,,,17282-26,,-20.41436734,-43.89394758
SUP-7593-24,20/02/2026,SP,PENDENTE,,,,,17282-26,,-20.41463703,-43.89421457
SUP-7593-24,20/02/2026,SP,PENDENTE,,,,,17282-26,,-20.85066564,-43.79939897
SUP-7593-24,20/02/2026,SP,PENDENTE,,,,,17282-26,,-20.87409821,-43.80119467
SUP-7593-24,20/02/2026,SP,PENDENTE,,,,,17282-26,,-20.87679411,-43.80126989
SUP-7593-24,20/02/2026,SP,PENDENTE,,,,,17282-26,,-20.89024478,-43.81513985
SUP-7593-24,20/02/2026,SP,PENDENTE,,,,,17282-26,,-20.90004902,-43.82687675
SUP-7593-24,20/02/2026,SP,PENDENTE,,,,,17282-26,,-20.94561268,-43.80670342
SUP-7593-24,20/02/2026,SP,PENDENTE,,,,,17282-26,,-20.97551813,-43.78194404
SUP-7593-24,20/02/2026,SP,PENDENTE,,,,,17282-26,,-21.05019324,-43.76294031
SUP-7593-24,20/02/2026,SP,PENDENTE,,,,,17282-26,,-21.19187811,-43.75159232
SUP-7593-24,20/02/2026,SP,PENDENTE,,,,,17282-26,,-21.19175937,-43.75187109
SUP-7593-24,20/02/2026,SP,PENDENTE,,,,,17282-26,,-20.22785265,-43.96947143
SUP-7593-24,20/02/2026,SP,PENDENTE,,,,,17282-26,,-20.22789663,-43.96972881
SUP-7593-24,20/02/2026,SP,PENDENTE,,,,,17282-26,,-20.30438835,-43.93810338
SUP-7593-24,20/02/2026,SP,PENDENTE,,,,,17282-26,,-20.30630541,-43.93619256
SUP-7593-24,20/02/2026,SP,PENDENTE,,,,,17282-26,,-20.35081272,-43.91524445
SUP-7593-24,20/02/2026,SP,PENDENTE,,,,,17282-26,,-20.35107457,-43.91525079
SUP-7593-24,20/02/2026,SP,PENDENTE,,,,,17282-26,,-20.34746215,-43.9227965
SUP-7593-24,20/02/2026,SP,PENDENTE,,,,,17282-26,,-20.34766339,-43.92318658
SUP-7593-24,20/02/2026,SP,PENDENTE,,,,,17282-26,,-20.35532351,-43.90916872
SUP-7593-24,20/02/2026,SP,PENDENTE,,,,,17282-26,,-20.84973158,-43.79954353
SUP-7593-24,20/02/2026,SP,PENDENTE,,,,,17282-26,,-20.92365651,-43.82163829
SUP-7593-24,20/02/2026,SP,PENDENTE,,,,,17282-26,,-21.07043691,-43.77068049
SUP-7593-24,20/02/2026,SP,PENDENTE,,,,,17282-26,,-20.27744511,-43.94785129
SUP-7593-24,20/02/2026,SP,PENDENTE,,,,,17281-26,,-20.022586,-43.97001031
SUP-7593-24,20/02/2026,SP,PENDENTE,,,,,17281-26,,-20.15940128,-43.96420586
SUP-7593-24,20/02/2026,SP,PENDENTE,,,,,17281-26,,-20.14871221,-43.96043526
SUP-7593-24,20/02/2026,SP,PENDENTE,,,,,17282-26,,-20.27943611,-43.9471584
SUP-7593-24,20/02/2026,SP,PENDENTE,,,,,17282-26,,-20.2794039,-43.94687991
SUP-7593-24,20/02/2026,SP,PENDENTE,,,,,17282-26,,-20.3025016,-43.93868878
SUP-7593-24,20/02/2026,SP,PENDENTE,,,,,17282-26,,-20.30246828,-43.93831896
SUP-7593-24,20/02/2026,SP,PENDENTE,,,,,17282-26,,-20.32451748,-43.92985226
SUP-7593-24,20/02/2026,SP,PENDENTE,,,,,17282-26,,-20.34938802,-43.91913442
SUP-7593-24,20/02/2026,SP,PENDENTE,,,,,17282-26,,-20.35796222,-43.90977789
SUP-7593-24,20/02/2026,SP,PENDENTE,,,,,17282-26,,-20.35809055,-43.90923146
SUP-7593-24,20/02/2026,SP,PENDENTE,,,,,17282-26,,-20.41761261,-43.88890392
SUP-7593-24,20/02/2026,SP,PENDENTE,,,,,17282-26,,-20.82041339,-43.81100369
SUP-7593-24,20/02/2026,SP,PENDENTE,,,,,17282-26,,-20.86147339,-43.79958479
SUP-7593-24,20/02/2026,SP,PENDENTE,,,,,17282-26,,-20.88875171,-43.81374079
SUP-7593-24,20/02/2026,SP,PENDENTE,,,,,17282-26,,-20.88850188,-43.81404017
SUP-7593-24,20/02/2026,SP,PENDENTE,,,,,17282-26,,-20.89485894,-43.82012197
SUP-7593-24,20/02/2026,SP,PENDENTE,,,,,17282-26,,-20.89505819,-43.81986512
SUP-7593-24,20/02/2026,SP,PENDENTE,,,,,17282-26,,-20.9169034,-43.8251267
SUP-7593-24,20/02/2026,SP,PENDENTE,,,,,17282-26,,-20.91707057,-43.82544827
SUP-7593-24,20/02/2026,SP,PENDENTE,,,,,17282-26,,-20.92180332,-43.8227069
SUP-7593-24,20/02/2026,SP,PENDENTE,,,,,17282-26,,-20.92183841,-43.82313595
SUP-7593-24,20/02/2026,SP,PENDENTE,,,,,17282-26,,-20.93798784,-43.81418687
SUP-7593-24,20/02/2026,SP,PENDENTE,,,,,17282-26,,-20.94099666,-43.81139725
SUP-7593-24,20/02/2026,SP,PENDENTE,,,,,17282-26,,-20.94652445,-43.80346734
SUP-7593-24,20/02/2026,SP,PENDENTE,,,,,17282-26,,-20.9468079,-43.80347265
SUP-7593-24,20/02/2026,SP,PENDENTE,,,,,17282-26,,-20.94894271,-43.79555016
SUP-7593-24,20/02/2026,SP,PENDENTE,,,,,17282-26,,-20.94932661,-43.79592993
SUP-7593-24,20/02/2026,SP,PENDENTE,,,,,17282-26,,-20.95795544,-43.790401
SUP-7593-24,20/02/2026,SP,PENDENTE,,,,,17282-26,,-20.95818257,-43.79059746
SUP-7593-24,20/02/2026,SP,PENDENTE,,,,,17282-26,,-20.9782668,-43.78108714
SUP-7593-24,20/02/2026,SP,PENDENTE,,,,,17282-26,,-20.97827926,-43.78069278
SUP-7593-24,20/02/2026,SP,PENDENTE,,,,,17282-26,,-20.98330894,-43.78066733
SUP-7593-24,20/02/2026,SP,PENDENTE,,,,,17282-26,,-20.98340416,-43.7808696
SUP-7593-24,20/02/2026,SP,PENDENTE,,,,,17282-26,,-20.98670901,-43.78137027
SUP-7593-24,20/02/2026,SP,PENDENTE,,,,,17282-26,,-20.99034472,-43.78098394
SUP-7593-24,20/02/2026,SP,PENDENTE,,,,,17282-26,,-20.99010915,-43.78080017
SUP-7593-24,20/02/2026,SP,PENDENTE,,,,,17282-26,,-21.00044978,-43.77668185
SUP-7593-24,20/02/2026,SP,PENDENTE,,,,,17282-26,,-21.00060132,-43.77643157
SUP-7593-24,20/02/2026,SP,PENDENTE,,,,,17282-26,,-21.00258052,-43.77859168
SUP-7593-24,20/02/2026,SP,PENDENTE,,,,,17282-26,,-21.00270335,-43.77841645
SUP-7593-24,20/02/2026,SP,PENDENTE,,,,,17282-26,,-21.01545037,-43.78328439
SUP-7593-24,20/02/2026,SP,PENDENTE,,,,,17282-26,,-21.01540874,-43.78311485
SUP-7593-24,20/02/2026,SP,PENDENTE,,,,,17282-26,,-21.02260374,-43.78291271
SUP-7593-24,20/02/2026,SP,PENDENTE,,,,,17282-26,,-21.02260712,-43.78261134
SUP-7593-24,20/02/2026,SP,PENDENTE,,,,,17282-26,,-21.02738066,-43.78258476
SUP-7593-24,20/02/2026,SP,PENDENTE,,,,,17282-26,,-21.0271412,-43.78242805
SUP-7593-24,20/02/2026,SP,PENDENTE,,,,,17282-26,,-21.02898349,-43.78102843
SUP-7593-24,20/02/2026,SP,PENDENTE,,,,,17282-26,,-21.03707947,-43.76789985
SUP-7593-24,20/02/2026,SP,PENDENTE,,,,,17282-26,,-21.03760575,-43.76685142
SUP-7593-24,20/02/2026,SP,PENDENTE,,,,,17282-26,,-21.03878589,-43.76426816
SUP-7593-24,20/02/2026,SP,PENDENTE,,,,,17282-26,,-21.03894744,-43.76446545
SUP-7593-24,20/02/2026,SP,PENDENTE,,,,,17282-26,,-21.04244264,-43.76087398
SUP-7593-24,20/02/2026,SP,PENDENTE,,,,,17282-26,,-21.05994839,-43.76175228
SUP-7593-24,20/02/2026,SP,PENDENTE,,,,,17282-26,,-21.06003041,-43.76211581
SUP-7593-24,20/02/2026,SP,PENDENTE,,,,,17282-26,,-21.07238043,-43.77004738
SUP-7593-24,20/02/2026,SP,PENDENTE,,,,,17282-26,,-21.07249092,-43.77035418
SUP-7593-24,20/02/2026,SP,PENDENTE,,,,,17282-26,,-21.37515615,-43.57068825
SUP-7593-24,20/02/2026,SP,PENDENTE,,,,,17282-26,,-20.891084,-43.8175183
SUP-7593-24,20/02/2026,SP,PENDENTE,,,,,17282-26,,-21.02882472,-43.78083043
SUP-7593-24,20/02/2026,SP,PENDENTE,,,,,17282-26,,-21.03006348,-43.78110902
SUP-7593-24,20/02/2026,SP,PENDENTE,,,,,17281-26,,-20.00552388,-43.9646086
SUP-7593-24,20/02/2026,SP,PENDENTE,,,,,17281-26,,-20.00666744,-43.9645455
SUP-7593-24,20/02/2026,SP,PENDENTE,,,,,17281-26,,-20.01743559,-43.97140844
SUP-7593-24,20/02/2026,SP,PENDENTE,,,,,17281-26,,-20.03009794,-43.96996019
SUP-7593-24,20/02/2026,SP,PENDENTE,,,,,17281-26,,-20.02693544,-43.96985785
SUP-7593-24,20/02/2026,SP,PENDENTE,,,,,17281-26,,-20.02733773,-43.9700175
SUP-7593-24,20/02/2026,SP,PENDENTE,,,,,17281-26,,-20.02970656,-43.97013107
SUP-7593-24,20/02/2026,SP,PENDENTE,,,,,17281-26,,-20.03075671,-43.97023789
SUP-7593-24,20/02/2026,SP,PENDENTE,,,,,17282-26,,-20.32195069,-43.93279618
SUP-7593-24,20/02/2026,SP,PENDENTE,,,,,17282-26,,-20.95489207,-43.79158353
SUP-7593-24,20/02/2026,SP,PENDENTE,,,,,17282-26,,-20.3234619,-43.93149099
SUP-7593-24,20/02/2026,SP,PENDENTE,,,,,17282-26,,-21.06863795,-43.77000822
SUP-7593-24,20/02/2026,SP,PENDENTE,,,,,17282-26,,-21.06942724,-43.77015796
SUP-7593-24,20/02/2026,SP,PENDENTE,,,,,17282-26,,-21.19872964,-43.74887477
SUP-7593-24,20/02/2026,SP,PENDENTE,,,,,17282-26,,-21.2123237,-43.74958476
SUP-7593-24,20/02/2026,SP,PENDENTE,,,,,17282-26,,-21.23522449,-43.72537803
SUP-7593-24,20/02/2026,SP,PENDENTE,,,,,17282-26,,-21.24657569,-43.6812288
SUP-7593-24,20/02/2026,SP,PENDENTE,,,,,17282-26,,-21.30264732,-43.61451693
SUP-7593-24,20/02/2026,SP,PENDENTE,,,,,17282-26,,-20.95249511,-43.79293016
SUP-7593-24,20/02/2026,SP,PENDENTE,,,,,17282-26,,-20.95292966,-43.79245805
SUP-7593-24,20/02/2026,SP,PENDENTE,,,,,17282-26,,-20.95398643,-43.79165233
SUP-7593-24,20/02/2026,SP,PENDENTE,,,,,17282-26,,-20.95427529,-43.79158269
SUP-7593-24,29/07/2026,SM,PENDENTE,,,,,17880-26,,-20.54711741,-43.81866563
SUP-7593-24,29/07/2026,SM,PENDENTE,,,,,17880-26,,-20.547182,-43.818537
SUP-7593-24,29/07/2026,SM,PENDENTE,,,,,17880-26,,-20.547452,-43.818501
SUP-7128-24,14/08/2026,SP,PENDENTE,,,,,17923-26,,-25.569484,-48.99724
SUP-7128-24,14/08/2026,SP,PENDENTE,,,,,17923-26,,-25.571465,-48.996444
SUP-6806-23,10/08/2026,ST,PENDENTE,,,,,17914-26,,-23.4262168,-54.20659089
SUP-6806-23,10/08/2026,ST,PENDENTE,,,,,17914-26,,-22.97024345,-54.42056402
SUP-6806-23,10/08/2026,ST,PENDENTE,,,,,17914-26,,-22.95191108,-54.45024232
SUP-6806-23,10/08/2026,ST,PENDENTE,,,,,17914-26,,-22.90722412,-54.53355794
SUP-6806-23,10/08/2026,ST,PENDENTE,,,,,17914-26,,-22.88662285,-54.5858733
SUP-6806-23,10/08/2026,ST,PENDENTE,,,,,17914-26,,-22.78815608,-54.7540268
SUP-6806-23,10/08/2026,ST,PENDENTE,,,,,17915-26,,-22.59789989,-54.81665612
SUP-6806-23,10/08/2026,ST,PENDENTE,,,,,17915-26,,-22.44794142,-54.83300212
SUP-6806-23,10/08/2026,ST,PENDENTE,,,,,17915-26,,-22.44725342,-54.83152661
SUP-6806-23,10/08/2026,ST,PENDENTE,,,,,17915-26,,-22.38296091,-54.79196945
SUP-6806-23,10/08/2026,ST,PENDENTE,,,,,17915-26,,-22.28869166,-54.82185338
SUP-6806-23,10/08/2026,ST,PENDENTE,,,,,17915-26,,-22.23674897,-54.76104944
SUP-6806-23,26/06/2026,ST,PENDENTE,,,,,17788-26,,-20.13467362,-54.4415327
SUP-6806-23,10/08/2026,ST,PENDENTE,,,,,17916-26,,-19.59567107,-54.39916451
SUP-6806-23,10/08/2026,ST,PENDENTE,,,,,17916-26,,-19.5499017,-54.43279987
SUP-6806-23,10/08/2026,ST,PENDENTE,,,,,17916-26,,-19.4861767,-54.48556742
SUP-6806-23,10/08/2026,ST,PENDENTE,,,,,17916-26,,-19.45563698,-54.51577069
SUP-6806-23,26/06/2026,ST,PENDENTE,,,,,17791-26,,-18.68225119,-54.81333856
SUP-6806-23,10/08/2026,ST,PENDENTE,,,,,17916-26,,-18.57862009,-54.76498382
SUP-6806-23,10/08/2026,ST,PENDENTE,,,,,17916-26,,-18.56562809,-54.7578699
SUP-6806-23,10/08/2026,ST,PENDENTE,,,,,17916-26,,-18.56208533,-54.75618304
SUP-8187-25,19/12/2025,PI,PENDENTE,,,,,17122-25,,-23.386217,-54.21164
SUP-8187-25,19/12/2025,PI,PENDENTE,,,,,17122-25,,-23.3313682,-54.2183979
SUP-8187-25,19/12/2025,PI,PENDENTE,,,,,17122-25,,-23.323414,-54.219601
SUP-8187-25,19/12/2025,PI,PENDENTE,,,,,17122-25,,-23.277975,-54.226368
SUP-8187-25,19/12/2025,PI,PENDENTE,,,,,17122-25,,-23.2578567,-54.228561
SUP-8187-25,19/12/2025,PI,PENDENTE,,,,,17122-25,,-20.3310225,-54.51861846
SUP-8187-25,19/12/2025,PI,PENDENTE,,,,,17122-25,,-20.1746079,-54.451523
SUP-8187-25,19/12/2025,PI,PENDENTE,,,,,17122-25,,-20.1244932,-54.442818
SUP-8187-25,19/12/2025,PI,PENDENTE,,,,,17122-25,,-20.089923,-54.434276
SUP-8187-25,19/12/2025,PI,PENDENTE,,,,,17122-25,,-20.04422817,-54.41408165
SUP-8187-25,19/12/2025,PI,PENDENTE,,,,,17122-25,,-19.902075,-54.372981
SUP-8187-25,19/12/2025,PI,PENDENTE,,,,,17122-25,,-19.8491974,-54.36930193
SUP-8187-25,19/12/2025,PI,PENDENTE,,,,,17122-25,,-19.79365291,-54.36779531
SUP-8187-25,19/12/2025,PI,PENDENTE,,,,,17122-25,,-19.7755999,-54.362991
SUP-8187-25,19/12/2025,PI,PENDENTE,,,,,17122-25,,-19.7113447,-54.350981
SUP-8187-25,19/12/2025,PI,PENDENTE,,,,,17122-25,,-19.67329388,-54.34999173
SUP-8187-25,19/12/2025,PI,PENDENTE,,,,,17122-25,,-19.66536214,-54.34988786
SUP-8187-25,19/12/2025,PI,PENDENTE,,,,,17122-25,,-19.66260015,-54.35038488
SUP-8187-25,19/12/2025,PI,PENDENTE,,,,,17122-25,,-19.65857498,-54.35329959
SUP-8187-25,19/12/2025,PI,PENDENTE,,,,,17122-25,,-19.6228033,-54.379474
SUP-8187-25,19/12/2025,PI,PENDENTE,,,,,17122-25,,-19.2384802,-54.679795
SUP-8187-25,19/12/2025,PI,PENDENTE,,,,,17122-25,,-18.67348874,-54.80839192
SUP-8187-25,19/12/2025,PI,PENDENTE,,,,,17122-25,,-18.426875,-54.694063
SUP-8187-25,19/12/2025,PI,PENDENTE,,,,,17122-25,,-18.2411372,-54.657783
SUP-8187-25,19/12/2025,PI,PENDENTE,,,,,17122-25,,-18.1419048,-54.685955
SUP-8187-25,19/12/2025,PI,PENDENTE,,,,,17122-25,,-18.05071627,-54.68781217
SUP-8187-25,19/12/2025,PI,PENDENTE,,,,,17122-25,,-17.98522162,-54.67857826
SUP-8187-25,19/12/2025,PI,PENDENTE,,,,,17122-25,,-17.98157669,-54.67843636
SUP-8187-25,19/12/2025,PI,PENDENTE,,,,,17122-25,,-17.95009768,-54.68129576
SUP-8187-25,19/12/2025,PI,PENDENTE,,,,,17122-25,,-17.9120133,-54.690198
SUP-8187-25,19/12/2025,PI,PENDENTE,,,,,17122-25,,-17.8981491,-54.691788
SUP-8187-25,19/12/2025,PI,PENDENTE,,,,,17122-25,,-17.8900118,-54.691619
SUP-8187-25,19/12/2025,PI,PENDENTE,,,,,17122-25,,-17.88061,-54.692833
SUP-8187-25,19/12/2025,PI,PENDENTE,,,,,17122-25,,-17.87181305,-54.69638523
SUP-8187-25,19/12/2025,PI,PENDENTE,,,,,17122-25,,-17.8640833,-54.699177
SUP-8187-25,19/12/2025,PI,PENDENTE,,,,,17122-25,,-17.84567097,-54.70752084
SUP-8187-25,19/12/2025,PI,PENDENTE,,,,,17122-25,,-17.8374143,-54.714471
SUP-8187-25,19/12/2025,PI,PENDENTE,,,,,17122-25,,-17.81601306,-54.7316401
SUP-8187-25,19/12/2025,PI,PENDENTE,,,,,17122-25,,-17.80778021,-54.73557811
SUP-8187-25,19/12/2025,PI,PENDENTE,,,,,17122-25,,-17.79367,-54.742305
SUP-8187-25,19/12/2025,PI,PENDENTE,,,,,17122-25,,-17.7891601,-54.744449
SUP-8187-25,19/12/2025,PI,PENDENTE,,,,,17122-25,,-17.7794698,-54.748213
SUP-8187-25,19/12/2025,PI,PENDENTE,,,,,17122-25,,-17.7134581,-54.753248
SUP-8187-25,19/12/2025,PI,PENDENTE,,,,,17122-25,,-17.6839117,-54.747005
SUP-8187-25,19/12/2025,PI,PENDENTE,,,,,17122-25,,-17.6626983,-54.747838
SUP-8187-25,19/12/2025,PI,PENDENTE,,,,,17122-25,,-17.64939367,-54.74822699
SUP-8187-25,19/12/2025,PI,PENDENTE,,,,,17122-25,,-17.626202,-54.745085
SUP-8187-25,19/12/2025,PI,PENDENTE,,,,,17122-25,,-17.61291401,-54.74445199
SUP-8187-25,19/12/2025,PI,PENDENTE,,,,,17122-25,,-17.60358301,-54.74618699
SUP-8187-25,19/12/2025,PI,PENDENTE,,,,,17122-25,,-17.598375,-54.746201
SUP-8187-25,19/12/2025,PI,PENDENTE,,,,,17122-25,,-17.58457209,-54.74366497
SUP-8187-25,19/12/2025,PI,PENDENTE,,,,,17122-25,,-17.57544597,-54.74168052
SUP-8187-25,19/12/2025,PI,PENDENTE,,,,,17122-25,,-17.57324699,-54.74141782
SUP-8187-25,19/12/2025,PI,PENDENTE,,,,,17122-25,,-17.55754361,-54.74119754
SUP-8187-25,19/12/2025,PI,PENDENTE,,,,,17122-25,,-17.54747339,-54.74120904
SUP-8187-25,19/12/2025,PI,PENDENTE,,,,,17122-25,,-17.53352316,-54.74077918
SUP-8370-25,14/08/2026,PI,PENDENTE,,,,,17927-26,,-23.45250565,-47.38415339
SUP-8224-25 (AB),15/08/2026,PI,PENDENTE,,,,,17919-26,,-22.73957776,-47.27508377
SUP-7133-24,05/06/2026,PI,PENDENTE,,,,,17684-26,,-25.07430308,-50.39286976
SUP-7133-24,09/04/2026,PI,PENDENTE,,,,,17459-26,,-25.11963296,-50.43603538
SUP-7133-24,09/04/2026,PI,PENDENTE,,,,,17459-26,,-25.12589264,-50.44139728
SUP-7133-24,09/04/2026,PI,PENDENTE,,,,,17459-26,,-25.12620659,-50.45031895
SUP-7133-24,11/06/2026,PI,PENDENTE,,,,,17656-26,,-25.17917901,-50.66079793
SUP-7133-24,11/06/2026,PI,PENDENTE,,,,,17656-26,,-25.18678741,-50.69543568
SUP-7133-24,11/06/2026,PI,PENDENTE,,,,,17656-26,,-25.18517997,-50.70414973
SUP-7133-24,11/06/2026,PI,PENDENTE,,,,,17656-26,,-25.1817264,-50.71215188
SUP-7133-24,11/06/2026,PI,PENDENTE,,,,,17656-26,,-25.18111481,-50.7206416
SUP-7133-24,11/06/2026,PI,PENDENTE,,,,,17656-26,,-25.1808733,-50.72918011
SUP-7133-24,11/06/2026,PI,PENDENTE,,,,,17656-26,,-25.187664,-50.734104
SUP-7133-24,11/06/2026,PI,PENDENTE,,,,,17656-26,,-25.19062,-50.742044
SUP-7133-24,11/06/2026,PI,PENDENTE,,,,,17656-26,,-25.19240322,-50.75064165
SUP-7133-24,11/06/2026,PI,PENDENTE,,,,,17656-26,,-25.19760108,-50.76725304
SUP-7133-24,11/06/2026,PI,PENDENTE,,,,,17656-26,,-25.19698272,-50.77616136
SUP-7133-24,11/06/2026,PI,PENDENTE,,,,,17656-26,,-25.19440632,-50.78439205
SUP-7133-24,11/06/2026,PI,PENDENTE,,,,,17656-26,,-25.19215142,-50.79249334
SUP-7133-24,11/06/2026,PI,PENDENTE,,,,,17656-26,,-25.18937074,-50.80076233
SUP-7133-24,11/06/2026,PI,PENDENTE,,,,,17656-26,,-25.18621017,-50.80869964
SUP-8370-25,11/10/2025,PI,PENDENTE,,,,,16829-25,,-23.40935134,-47.34015306
SUP-8370-25,11/10/2025,PI,PENDENTE,,,,,16829-25,,-23.41307255,-47.3430456
SUP-8370-25,29/01/2026,PI,PENDENTE,,,,,17207-26,,-23.49603016,-47.38961404
SUP-8370-25,14/08/2026,PI,PENDENTE,,,,,17927-26,,-23.45625511,-47.3810014
SUP-8224-25 (AB),15/08/2026,PI,PENDENTE,,,,,17919-26,,-22.7382994,-47.27777132
SUP-7133-24,05/06/2026,PI,PENDENTE,,,,,17684-26,,-25.07374521,-50.39406814
SUP-7133-24,11/06/2026,PI,PENDENTE,,,,,17656-26,,-25.19586099,-50.75881355
SUP-8370-25,05/08/2026,PI,PENDENTE,,,,,17896-26,,-23.60121504,-47.46336014
SUP-8370-25,29/01/2026,PI,PENDENTE,,,,,17207-26,,-23.49584412,-47.39160032
SUP-8370-25,14/08/2026,PI,PENDENTE,,,,,17927-26,,-23.45263789,-47.38436125
SUP-8224-25 (AB),15/08/2026,PI,PENDENTE,,,,,17919-26,,-22.7371735,-47.27962991
SUP-8370-25,05/08/2026,PI,PENDENTE,,,,,17896-26,,-23.59868794,-47.45934576
SUP-7128-24,02/07/2026,PI,PENDENTE,,,,,17797-26,,-25.55111658,-48.79793954
SUP-8370-25,14/08/2026,PI,PENDENTE,,,,,17927-26,,-23.45660664,-47.38103706
SUP-8224-25 (AB),15/08/2026,PI,PENDENTE,,,,,17919-26,,-22.73624094,-47.28209463
SUP-8370-25,05/08/2026,PI,PENDENTE,,,,,17896-26,,-23.59685636,-47.45757782
SUP-8370-25,29/01/2026,PI,PENDENTE,,,,,17207-26,,-23.49540155,-47.39452259
SUP-8224-25 (AB),15/08/2026,PI,PENDENTE,,,,,17919-26,,-22.73425957,-47.28644247
SUP-8370-25,05/08/2026,PI,PENDENTE,,,,,17896-26,,-23.59591748,-47.45701179
SUP-7285-24,14/11/2025,PI,PENDENTE,,,,,17006-25,,-22.74346085,-45.09469088
SUP-7285-24,14/11/2025,PI,PENDENTE,,,,,17006-25,,-22.743321,-45.094853
SUP-7285-24,14/11/2025,PI,PENDENTE,,,,,17006-25,,-22.746850,-45.099443
SUP-7285-24,14/11/2025,PI,PENDENTE,,,,,17006-25,,-22.749585,-45.103273
SUP-7285-24,14/11/2025,PI,PENDENTE,,,,,17006-25,,-22.75045335,-45.10474069
SUP-7285-24,14/11/2025,PI,PENDENTE,,,,,17006-25,,-22.7519519,-45.1065662
SUP-7285-24,14/11/2025,PI,PENDENTE,,,,,17006-25,,-22.75320899,-45.10860414
SUP-7285-24,14/11/2025,PI,PENDENTE,,,,,17006-25,,-22.75471447,-45.11041937
SUP-7285-24,14/11/2025,PI,PENDENTE,,,,,17006-25,,-22.75597249,-45.11245674
SUP-7285-24,14/11/2025,PI,PENDENTE,,,,,17006-25,,-22.75747758,-45.11427311
SUP-7285-24,14/11/2025,PI,PENDENTE,,,,,17006-25,,-22.760045,-45.117746
SUP-7285-24,14/11/2025,PI,PENDENTE,,,,,17006-25,,-22.76121612,-45.11977476
SUP-7285-24,14/11/2025,PI,PENDENTE,,,,,17006-25,,-22.76273155,-45.12158872
SUP-7285-24,14/11/2025,PI,PENDENTE,,,,,17006-25,,-22.76398636,-45.12362249
SUP-7285-24,14/11/2025,PI,PENDENTE,,,,,17006-25,,-22.7654987,-45.12544647
SUP-7285-24,14/11/2025,PI,PENDENTE,,,,,17006-25,,-22.76674795,-45.12747361
SUP-7285-24,04/06/2026,PI,PENDENTE,,,,,17677-26,,-22.76826286,-45.12929233
SUP-7285-24,14/11/2025,PI,PENDENTE,,,,,17006-25,,-22.76951444,-45.13132705
SUP-7285-24,14/11/2025,PI,PENDENTE,,,,,17006-25,,-22.77103198,-45.13314833
SUP-7285-24,14/11/2025,PI,PENDENTE,,,,,17006-25,,-22.772452,-45.135428
SUP-7285-24,14/11/2025,PI,PENDENTE,,,,,17006-25,,-22.77379675,-45.13700709
SUP-7285-24,14/11/2025,PI,PENDENTE,,,,,17006-25,,-22.77504682,-45.13902495
SUP-7285-24,14/11/2025,PI,PENDENTE,,,,,17006-25,,-22.77655751,-45.14084554
SUP-7285-24,14/11/2025,PI,PENDENTE,,,,,17006-25,,-22.77781418,-45.14287605
SUP-7285-24,14/11/2025,PI,PENDENTE,,,,,17006-25,,-22.77932156,-45.14468729
SUP-7285-24,14/11/2025,PI,PENDENTE,,,,,17006-25,,-22.781520,-45.147770
SUP-7285-24,14/11/2025,PI,PENDENTE,,,,,17006-25,,-22.783017,-45.150188
SUP-7285-24,14/11/2025,PI,PENDENTE,,,,,17006-25,,-22.784862,-45.15240165
SUP-7285-24,14/11/2025,PI,PENDENTE,,,,,17006-25,,-22.78611411,-45.15442171
SUP-7285-24,14/11/2025,PI,PENDENTE,,,,,17006-25,,-22.789531,-45.159188
SUP-7285-24,14/11/2025,PI,PENDENTE,,,,,17006-25,,-22.790911,-45.160836
SUP-8224-25 (AB),15/08/2026,PI,PENDENTE,,,,,17919-26,,-22.73436676,-47.28722597
SUP-8370-25,05/08/2026,PI,PENDENTE,,,,,17896-26,,-23.59436552,-47.45582704
SUP-7285-24,14/11/2025,PI,PENDENTE,,,,,17006-25,,-22.79315213,-45.1639419
SUP-7285-24,14/11/2025,PI,PENDENTE,,,,,17006-25,,-22.79462826,-45.16576375
SUP-7285-24,14/11/2025,PI,PENDENTE,,,,,17006-25,,-22.7967012,-45.1669054
SUP-7285-24,14/11/2025,PI,PENDENTE,,,,,17006-25,,-22.79852258,-45.16823072
SUP-7285-24,14/11/2025,PI,PENDENTE,,,,,17006-25,,-22.801787,-45.170056
SUP-7285-24,14/11/2025,PI,PENDENTE,,,,,17006-25,,-22.80243974,-45.17065407
SUP-7285-24,14/11/2025,PI,PENDENTE,,,,,17006-25,,-22.80453073,-45.17176073
SUP-7285-24,14/11/2025,PI,PENDENTE,,,,,17006-25,,-22.807619,-45.174127
SUP-7285-24,14/11/2025,PI,PENDENTE,,,,,17006-25,,-22.80993028,-45.17608949
SUP-7285-24,14/11/2025,PI,PENDENTE,,,,,17006-25,,-22.812195,-45.177641
SUP-7285-24,14/11/2025,PI,PENDENTE,,,,,17006-25,,-22.81361354,-45.17892074
SUP-7285-24,14/11/2025,PI,PENDENTE,,,,,17006-25,,-22.815119,-45.179876
SUP-7285-24,14/11/2025,PI,PENDENTE,,,,,17006-25,,-22.81728762,-45.18174042
SUP-7285-24,14/11/2025,PI,PENDENTE,,,,,17006-25,,-22.81902511,-45.18326252
SUP-7285-24,14/11/2025,PI,PENDENTE,,,,,17006-25,,-22.821387,-45.189162
SUP-7285-24,14/11/2025,PI,PENDENTE,,,,,17006-25,,-22.8231996,-45.19181068
SUP-7285-24,14/11/2025,PI,PENDENTE,,,,,16948-25,,-22.82299998,-45.19397386
SUP-7285-24,14/11/2025,PI,PENDENTE,,,,,17006-25,,-22.822908,-45.193705
SUP-7285-24,14/11/2025,PI,PENDENTE,,,,,16948-25,,-22.82653624,-45.20496237
SUP-7285-24,14/11/2025,PI,PENDENTE,,,,,16947-25,,-22.83057067,-45.21337278
SUP-7285-24,14/11/2025,PI,PENDENTE,,,,,16947-25,,-22.83585472,-45.22044691
SUP-7285-24,14/11/2025,PI,PENDENTE,,,,,16948-25,,-22.843157,-45.224513
SUP-8370-25,29/01/2026,PI,PENDENTE,,,,,17207-26,,-23.49473924,-47.3993827
SUP-8224-25 (AB),15/08/2026,PI,PENDENTE,,,,,17919-26,,-22.73136301,-47.29024428
SUP-8370-25,05/08/2026,PI,PENDENTE,,,,,17896-26,,-23.59236681,-47.45434994
SUP-7285-24,14/11/2025,PI,PENDENTE,,,,,16948-25,,-22.85133697,-45.22781087
SUP-7285-24,26/06/2026,PI,PENDENTE,,,,,17782-26,,-22.85929616,-45.23406377
SUP-7285-24,26/06/2026,PI,PENDENTE,,,,,17782-26,,-22.86202718,-45.23650797
SUP-7285-24,26/06/2026,PI,PENDENTE,,,,,17782-26,,-22.86120683,-45.23549608
SUP-7285-24,14/11/2025,PI,PENDENTE,,,,,16949-25,,-22.85765761,-45.23382077
SUP-7285-24,26/06/2026,PI,PENDENTE,,,,,17782-26,,-22.86868527,-45.24370893
SUP-7285-24,26/06/2026,PI,PENDENTE,,,,,17782-26,,-22.86537503,-45.24011755
SUP-7285-24,26/06/2026,PI,PENDENTE,,,,,17782-26,,-22.87155348,-45.24634802
SUP-7285-24,14/11/2025,PI,PENDENTE,,,,,16949-25,,-22.862183,-45.236398
SUP-7285-24,26/06/2026,PI,PENDENTE,,,,,17782-26,,-22.87261564,-45.25051476
SUP-7285-24,14/11/2025,PI,PENDENTE,,,,,16949-25,,-22.87109656,-45.24598123
SUP-7285-24,26/06/2026,PI,PENDENTE,,,,,17782-26,,-22.87349248,-45.254131
SUP-7285-24,14/11/2025,PI,PENDENTE,,,,,16950-25,,-22.87395364,-45.25485159
SUP-7285-24,26/06/2026,PI,PENDENTE,,,,,17782-26,,-22.87343208,-45.25295989
SUP-7285-24,26/06/2026,PI,PENDENTE,,,,,17782-26,,-22.87470051,-45.25951372
SUP-7285-24,14/11/2025,PI,PENDENTE,,,,,16952-25,,-22.87568487,-45.26769813
SUP-7285-24,14/07/2026,PI,PENDENTE,,,,,17825-26,,-22.875255,-45.264556
SUP-7285-24,14/07/2026,PI,PENDENTE,,,,,17825-26,,-22.87679249,-45.27128337
SUP-7285-24,14/07/2026,PI,PENDENTE,,,,,17825-26,,-22.87534222,-45.26405491
SUP-7285-24,14/11/2025,PI,PENDENTE,,,,,16952-25,,-22.8797053,-45.27502637
SUP-7285-24,14/07/2026,PI,PENDENTE,,,,,17825-26,,-22.8772171,-45.2717504
SUP-7285-24,14/07/2026,PI,PENDENTE,,,,,17825-26,,-22.88221459,-45.27811816
SUP-7285-24,14/11/2025,PI,PENDENTE,,,,,16952-25,,-22.885036,-45.281812
SUP-7285-24,14/07/2026,PI,PENDENTE,,,,,17825-26,,-22.88249232,-45.27870665
SUP-7285-24,14/07/2026,PI,PENDENTE,,,,,17825-26,,-22.88408351,-45.28039529
SUP-7285-24,14/07/2026,PI,PENDENTE,,,,,17825-26,,-22.88813433,-45.28616881
SUP-7285-24,14/07/2026,PI,PENDENTE,,,,,17825-26,,-22.89076231,-45.28967313
SUP-7285-24,14/11/2025,PI,PENDENTE,,,,,16951-25,,-22.8883343,-45.2861769
SUP-7285-24,14/07/2026,PI,PENDENTE,,,,,17825-26,,-22.89456222,-45.29548815
SUP-7285-24,14/11/2025,PI,PENDENTE,,,,,16952-25,,-22.8936486,-45.29388032
SUP-7285-24,14/07/2026,PI,PENDENTE,,,,,17825-26,,-22.89586053,-45.29708977
SUP-7285-24,14/11/2025,PI,PENDENTE,,,,,16951-25,,-22.89636121,-45.29810865
SUP-7285-24,14/11/2025,PI,PENDENTE,,,,,16953-25,,-22.89904687,-45.30145895
SUP-8224-25 (AB),15/08/2026,PI,PENDENTE,,,,,17919-26,,-22.72967537,-47.29173699
SUP-8370-25,05/08/2026,PI,PENDENTE,,,,,17896-26,,-23.58929799,-47.45375411
SUP-7285-24,14/11/2025,PI,PENDENTE,,,,,16954-25,,-22.8993631,-45.30248391
SUP-7285-24,14/11/2025,PI,PENDENTE,,,,,16954-25,,-22.902983,-45.307386
SUP-7285-24,14/11/2025,PI,PENDENTE,,,,,16954-25,,-22.90021866,-45.30340552
SUP-7285-24,14/11/2025,PI,PENDENTE,,,,,16953-25,,-22.9035755,-45.30936714
SUP-7285-24,14/11/2025,PI,PENDENTE,,,,,16954-25,,-22.90586192,-45.31261687
SUP-7285-24,14/11/2025,PI,PENDENTE,,,,,16954-25,,-22.90546797,-45.31151595
SUP-7285-24,14/11/2025,PI,PENDENTE,,,,,16953-25,,-22.90787897,-45.31673902
SUP-7285-24,04/06/2026,PI,PENDENTE,,,,,17678-26,,-22.90912488,-45.3191083
SUP-7285-24,14/11/2025,PI,PENDENTE,,,,,16954-25,,-22.91237912,-45.3252537
SUP-7285-24,14/11/2025,PI,PENDENTE,,,,,16953-25,,-22.91024128,-45.32098026
SUP-7285-24,04/06/2026,PI,PENDENTE,,,,,17678-26,,-22.91375375,-45.32830459
SUP-7285-24,14/11/2025,PI,PENDENTE,,,,,16954-25,,-22.91597257,-45.33274378
SUP-7285-24,14/11/2025,PI,PENDENTE,,,,,16954-25,,-22.91454699,-45.32957454
SUP-7285-24,04/06/2026,PI,PENDENTE,,,,,17678-26,,-22.91812957,-45.33702772
SUP-7285-24,14/11/2025,PI,PENDENTE,,,,,16954-25,,-22.91855375,-45.3374927
SUP-7285-24,14/11/2025,PI,PENDENTE,,,,,16954-25,,-22.92096995,-45.34226059
SUP-7285-24,14/11/2025,PI,PENDENTE,,,,,16953-25,,-22.92083246,-45.34306069
SUP-7285-24,04/06/2026,PI,PENDENTE,,,,,17679-26,,-22.9228639,-45.34640032
SUP-7285-24,18/11/2025,PI,PENDENTE,,,,,16956-25,,-22.92497916,-45.35068522
SUP-7285-24,18/11/2025,PI,PENDENTE,,,,,16956-25,,-22.92276665,-45.34582856
SUP-7285-24,14/11/2025,PI,PENDENTE,,,,,16955-25,,-22.92227103,-45.346185
SUP-7285-24,18/11/2025,PI,PENDENTE,,,,,16956-25,,-22.92724149,-45.35515471
SUP-7285-24,04/06/2026,PI,PENDENTE,,,,,17679-26,,-22.9262389,-45.35272392
SUP-7285-24,18/11/2025,PI,PENDENTE,,,,,16956-25,,-22.92840818,-45.3570278
SUP-7285-24,18/11/2025,PI,PENDENTE,,,,,16956-25,,-22.93318882,-45.3669056
SUP-7285-24,18/11/2025,PI,PENDENTE,,,,,16956-25,,-22.93231283,-45.3648214
SUP-7285-24,04/06/2026,PI,PENDENTE,,,,,17679-26,,-22.93542376,-45.37135533
SUP-7285-24,04/06/2026,PI,PENDENTE,,,,,17679-26,,-22.93588043,-45.37192522
SUP-7285-24,04/06/2026,PI,PENDENTE,,,,,17679-26,,-22.93836587,-45.37685487
SUP-7285-24,18/11/2025,PI,PENDENTE,,,,,16956-25,,-22.93972073,-45.37989977
SUP-7285-24,18/11/2025,PI,PENDENTE,,,,,16956-25,,-22.94190357,-45.38426336
SUP-7285-24,04/06/2026,PI,PENDENTE,,,,,17679-26,,-22.94023209,-45.38054322
SUP-7285-24,14/11/2025,PI,PENDENTE,,,,,16955-25,,-22.94026026,-45.38009464
SUP-7285-24,14/11/2025,PI,PENDENTE,,,,,16955-25,,-22.93953776,-45.38002435
SUP-8370-25,29/01/2026,PI,PENDENTE,,,,,17207-26,,-23.49425581,-47.40241096
SUP-8224-25 (AB),15/08/2026,PI,PENDENTE,,,,,17919-26,,-22.72916175,-47.29104464
SUP-7285-24,14/11/2025,PI,PENDENTE,,,,,16955-25,,-22.9448104,-45.38965012
SUP-7285-24,04/06/2026,PI,PENDENTE,,,,,17679-26,,-22.94413666,-45.38867919
SUP-7285-24,18/11/2025,PI,PENDENTE,,,,,16956-25,,-22.94667979,-45.39374678
SUP-7285-24,04/06/2026,PI,PENDENTE,,,,,17679-26,,-22.94695245,-45.39390973
SUP-7285-24,04/06/2026,PI,PENDENTE,,,,,17679-26,,-22.94881893,-45.39799662
SUP-7285-24,18/11/2025,PI,PENDENTE,,,,,16956-25,,-22.95180017,-45.40394671
SUP-7285-24,04/06/2026,PI,PENDENTE,,,,,17679-26,,-22.94908981,-45.39817425
SUP-7285-24,18/11/2025,PI,PENDENTE,,,,,16956-25,,-22.95371448,-45.4077761
SUP-7285-24,04/06/2026,PI,PENDENTE,,,,,17679-26,,-22.95429078,-45.4084899
SUP-7285-24,04/06/2026,PI,PENDENTE,,,,,17679-26,,-22.9555118,-45.4109568
SUP-7285-24,14/11/2025,PI,PENDENTE,,,,,16955-25,,-22.95202931,-45.40471902
SUP-7285-24,18/11/2025,PI,PENDENTE,,,,,16956-25,,-22.95692844,-45.41416655
SUP-7285-24,04/06/2026,PI,PENDENTE,,,,,17679-26,,-22.95903542,-45.41831947
SUP-7285-24,18/11/2025,PI,PENDENTE,,,,,16956-25,,-22.95765024,-45.41523532
SUP-7285-24,14/11/2025,PI,PENDENTE,,,,,16955-25,,-22.95884807,-45.41717554
SUP-7285-24,18/11/2025,PI,PENDENTE,,,,,16956-25,,-22.96131708,-45.42289948
SUP-7285-24,18/11/2025,PI,PENDENTE,,,,,16956-25,,-22.96120204,-45.42226471
SUP-7285-24,18/11/2025,PI,PENDENTE,,,,,16956-25,,-22.96338479,-45.42661282
SUP-7285-24,14/11/2025,PI,PENDENTE,,,,,16955-25,,-22.96522508,-45.43065914
SUP-7285-24,04/06/2026,PI,PENDENTE,,,,,17679-26,,-22.96545608,-45.43111398
SUP-7285-24,18/11/2025,PI,PENDENTE,,,,,16956-25,,-22.96767611,-45.43553107
SUP-7285-24,04/06/2026,PI,PENDENTE,,,,,17679-26,,-22.96624341,-45.43232051
SUP-7285-24,04/06/2026,PI,PENDENTE,,,,,17679-26,,-22.97005901,-45.44034026
SUP-7285-24,18/11/2025,PI,PENDENTE,,,,,16956-25,,-22.96960907,-45.43902181
SUP-7285-24,18/11/2025,PI,PENDENTE,,,,,16956-25,,-22.97184195,-45.44346374
SUP-7285-24,14/11/2025,PI,PENDENTE,,,,,16955-25,,-22.96963948,-45.43852438
SUP-7285-24,18/11/2025,PI,PENDENTE,,,,,16956-25,,-22.97439926,-45.44891472
SUP-7285-24,04/06/2026,PI,PENDENTE,,,,,17679-26,,-22.97698431,-45.45404939
SUP-7285-24,04/06/2026,PI,PENDENTE,,,,,17679-26,,-22.9740654,-45.44790637
SUP-7285-24,14/11/2025,PI,PENDENTE,,,,,16955-25,,-22.97559897,-45.45158819
SUP-7285-24,18/11/2025,PI,PENDENTE,,,,,16956-25,,-22.97909908,-45.45827222
SUP-7285-24,18/11/2025,PI,PENDENTE,,,,,16956-25,,-22.97812656,-45.4560249
SUP-7285-24,14/11/2025,PI,PENDENTE,,,,,16955-25,,-22.9813709,-45.46178225
SUP-7285-24,14/11/2025,PI,PENDENTE,,,,,16955-25,,-22.98075197,-45.46338017
SUP-8370-25,29/01/2026,PI,PENDENTE,,,,,17207-26,,-23.49401207,-47.40372742
SUP-8224-25 (AB),15/08/2026,PI,PENDENTE,,,,,17919-26,,-22.73094167,-47.29022981
SUP-8370-25,29/01/2026,PI,PENDENTE,,,,,17207-26,,-23.49629105,-47.40043201
SUP-8224-25 (AB),15/08/2026,PI,PENDENTE,,,,,17919-26,,-22.73324655,-47.2862958
SUP-8370-25,29/01/2026,PI,PENDENTE,,,,,17207-26,,-23.49635276,-47.40068067
SUP-8224-25 (AB),15/08/2026,PI,PENDENTE,,,,,17919-26,,-22.73732041,-47.27752945
SUP-8224-25 (AB),15/08/2026,PI,PENDENTE,,,,,17919-26,,-22.73817271,-47.27634505
SUP-8370-25,29/01/2026,PI,PENDENTE,,,,,17207-26,,-23.49713582,-47.40514868
SUP-8224-25 (AB),15/08/2026,PI,PENDENTE,,,,,17919-26,,-22.73995177,-47.27290452
SUP-8224-25 (AB),15/08/2026,PI,PENDENTE,,,,,17919-26,,-22.73959963,-47.27177241
SUP-8370-25,29/01/2026,PI,PENDENTE,,,,,17207-26,,-23.50039418,-47.40883895
SUP-8224-25 (AB),15/08/2026,PI,PENDENTE,,,,,17919-26,,-22.74062471,-47.27204611
SUP-8224-25 (AB),15/08/2026,PI,PENDENTE,,,,,17919-26,,-22.74082732,-47.27218971
SUP-8370-25,29/01/2026,PI,PENDENTE,,,,,17207-26,,-23.50572907,-47.41464481
SUP-8224-25 (AB),15/08/2026,PI,PENDENTE,,,,,17919-26,,-22.73197576,-47.28923238
SUP-8224-25 (AB),15/08/2026,PI,PENDENTE,,,,,17919-26,,-22.73230109,-47.28922884
SUP-8370-25,29/01/2026,PI,PENDENTE,,,,,17207-26,,-23.50914018,-47.41850956
SUP-8370-25,29/01/2026,PI,PENDENTE,,,,,17207-26,,-23.511194,-47.42108697
SUP-8370-25,29/01/2026,PI,PENDENTE,,,,,17207-26,,-23.51249763,-47.42281591
SUP-8370-25,29/01/2026,PI,PENDENTE,,,,,17207-26,,-23.51374522,-47.42443832
SUP-8370-25,29/01/2026,PI,PENDENTE,,,,,17207-26,,-23.51941936,-47.43438767
SUP-8370-25,29/01/2026,PI,PENDENTE,,,,,17207-26,,-23.5251819,-47.44194005
SUP-8370-25,29/01/2026,PI,PENDENTE,,,,,17207-26,,-23.52569839,-47.44593082
SUP-8370-25,29/01/2026,PI,PENDENTE,,,,,17207-26,,-23.5276163,-47.45440838
SUP-8370-25,29/01/2026,PI,PENDENTE,,,,,17207-26,,-23.52782393,-47.45629498
SUP-8370-25,29/01/2026,PI,PENDENTE,,,,,17207-26,,-23.52779766,-47.45677539
SUP-6830-23,14/01/2026,PI,PENDENTE,,,,,17149-26,,-22.88341135,-43.6428019
SUP-6830-23,14/01/2026,PI,PENDENTE,,,,,17149-26,,-22.88418307,-43.64371606
SUP-6830-23,14/01/2026,PI,PENDENTE,,,,,17149-26,,-22.88808465,-43.65831692
SUP-6830-23,14/01/2026,PI,PENDENTE,,,,,17149-26,,-22.88915274,-43.66010417
SUP-6830-23,14/01/2026,PI,PENDENTE,,,,,17149-26,,-22.89285819,-43.6745332
SUP-6830-23,14/01/2026,PI,PENDENTE,,,,,17149-26,,-22.89341728,-43.67370458
SUP-8370-25,29/01/2026,PI,PENDENTE,,,,,17207-26,,-23.52815862,-47.4570807
SUP-6830-23,14/01/2026,PI,PENDENTE,,,,,17149-26,,-22.88497211,-43.71511879
SUP-6830-23,14/01/2026,PI,PENDENTE,,,,,17149-26,,-22.88548615,-43.71429208
SUP-6830-23,14/01/2026,PI,PENDENTE,,,,,17149-26,,-22.88267911,-43.72126841
SUP-6830-23,14/01/2026,PI,PENDENTE,,,,,17149-26,,-22.88274088,-43.72164932
SUP-8370-25,29/01/2026,PI,PENDENTE,,,,,17207-26,,-23.52882142,-47.46064853
SUP-6830-23,14/01/2026,PI,PENDENTE,,,,,17149-26,,-22.85118129,-43.76622174
SUP-6830-23,14/01/2026,PI,PENDENTE,,,,,17149-26,,-22.85232552,-43.7659856
SUP-6830-23,14/01/2026,PI,PENDENTE,,,,,17149-26,,-22.84787228,-43.77252708
SUP-6830-23,21/05/2026,PI,PENDENTE,,,,,17636-26,,-22.85515594,-43.78513725
SUP-6830-23,14/01/2026,PI,PENDENTE,,,,,17149-26,,-22.87728265,-43.8172441
SUP-6830-23,14/01/2026,PI,PENDENTE,,,,,17149-26,,-22.88955838,-43.83987543
SUP-6830-23,14/01/2026,PI,PENDENTE,,,,,17149-26,,-22.88784419,-43.83743116
SUP-8370-25,29/01/2026,PI,PENDENTE,,,,,17207-26,,-23.52933246,-47.46293448
SUP-6830-23,14/01/2026,PI,PENDENTE,,,,,17149-26,,-22.89276348,-43.84377537
SUP-6830-23,14/01/2026,PI,PENDENTE,,,,,17149-26,,-22.89639844,-43.85480724
SUP-6830-23,14/01/2026,PI,PENDENTE,,,,,17149-26,,-22.89935627,-43.86583059
SUP-6830-23,14/01/2026,PI,PENDENTE,,,,,17149-26,,-22.90007578,-43.86732419
SUP-6830-23,14/01/2026,PI,PENDENTE,,,,,17149-26,,-22.90379239,-43.87260605
SUP-6830-23,14/01/2026,PI,PENDENTE,,,,,17149-26,,-22.90399246,-43.87691803
SUP-6830-23,21/05/2026,PI,PENDENTE,,,,,17636-26,,-22.90444911,-43.88301339
SUP-6830-23,14/01/2026,PI,PENDENTE,,,,,17149-26,,-22.90850287,-43.89138968
SUP-6830-23,14/01/2026,PI,PENDENTE,,,,,17149-26,,-22.9086872,-43.89130841
SUP-8370-25,29/01/2026,PI,PENDENTE,,,,,17207-26,,-23.53040077,-47.46481307
SUP-8370-25,29/01/2026,PI,PENDENTE,,,,,17207-26,,-23.53035251,-47.46564826
SUP-8370-25,29/01/2026,PI,PENDENTE,,,,,17207-26,,-23.52967247,-47.4658777
SUP-8370-25,29/01/2026,PI,PENDENTE,,,,,17207-26,,-23.53032322,-47.46684595
SUP-8370-25,29/01/2026,PI,PENDENTE,,,,,17207-26,,-23.53040767,-47.46888627
SUP-8370-25,29/01/2026,PI,PENDENTE,,,,,17207-26,,-23.53074501,-47.47063152
SUP-8370-25,29/01/2026,PI,PENDENTE,,,,,17207-26,,-23.53068297,-47.4713432
SUP-8370-25,29/01/2026,PI,PENDENTE,,,,,17207-26,,-23.53097499,-47.47130382
SUP-8370-25,29/01/2026,PI,PENDENTE,,,,,17207-26,,-23.53105661,-47.47309227
SUP-8370-25,29/01/2026,PI,PENDENTE,,,,,17207-26,,-23.53164866,-47.47613014
SUP-8370-25,29/01/2026,PI,PENDENTE,,,,,17207-26,,-23.53226249,-47.47933194
SUP-8370-25,29/01/2026,PI,PENDENTE,,,,,17207-26,,-23.53248931,-47.47949842
SUP-8370-25,29/01/2026,PI,PENDENTE,,,,,17207-26,,-23.53253483,-47.47991546
SUP-8370-25,29/01/2026,PI,PENDENTE,,,,,17207-26,,-23.53253691,-47.48105912
SUP-8370-25,29/01/2026,PI,PENDENTE,,,,,17207-26,,-23.53348506,-47.48565846
SUP-8370-25,29/01/2026,PI,PENDENTE,,,,,17207-26,,-23.53329979,-47.48853953
SUP-8370-25,29/01/2026,PI,PENDENTE,,,,,17207-26,,-23.53344833,-47.48922492
SUP-8370-25,29/01/2026,PI,PENDENTE,,,,,17207-26,,-23.53471004,-47.48845172
SUP-8370-25,29/01/2026,PI,PENDENTE,,,,,17207-26,,-23.53494299,-47.48886006
SUP-8370-25,29/01/2026,PI,PENDENTE,,,,,17207-26,,-23.53442513,-47.48972177
SUP-8370-25,29/01/2026,PI,PENDENTE,,,,,17207-26,,-23.5353101,-47.49513744
SUP-8370-25,29/01/2026,PI,PENDENTE,,,,,17207-26,,-23.53627569,-47.49938305
SUP-8370-25,29/01/2026,PI,PENDENTE,,,,,17207-26,,-23.53508005,-47.50462479
SUP-8370-25,29/01/2026,PI,PENDENTE,,,,,17207-26,,-23.53477231,-47.50552791
SUP-8370-25,29/01/2026,PI,PENDENTE,,,,,17207-26,,-23.53608501,-47.50540985
SUP-8370-25,29/01/2026,PI,PENDENTE,,,,,17207-26,,-23.5323004,-47.50754877
SUP-8370-25,29/01/2026,PI,PENDENTE,,,,,17207-26,,-23.52787128,-47.51060354
SUP-8370-25,29/01/2026,PI,PENDENTE,,,,,17207-26,,-23.52537134,-47.51358512
SUP-8370-25,29/01/2026,PI,PENDENTE,,,,,17207-26,,-23.52552986,-47.51369592
SUP-8370-25,29/01/2026,PI,PENDENTE,,,,,17207-26,,-23.52502669,-47.51642766
SUP-8370-25,29/01/2026,PI,PENDENTE,,,,,17207-26,,-23.52574098,-47.5191719
SUP-6806-23,24/10/2025,PI,PENDENTE,,,,,16888-25,,-23.58417008,-54.20297184
SUP-6806-23,24/10/2025,PI,PENDENTE,,,,,16888-25,,-23.58420705,-54.20302001
SUP-6806-23,12/03/2026,PI,PENDENTE,,,,,17361-26,,-23.44153983,-54.20293298
SUP-6806-23,12/03/2026,PI,PENDENTE,,,,,17361-26,,-23.4390754,-54.20402064
SUP-6806-23,12/03/2026,PI,PENDENTE,,,,,17361-26,,-23.43837914,-54.20440294
SUP-6806-23,12/03/2026,PI,PENDENTE,,,,,17361-26,,-23.43404615,-54.20560833
SUP-6806-23,12/03/2026,PI,PENDENTE,,,,,17361-26,,-23.42959318,-54.20629405
SUP-6806-23,12/03/2026,PI,PENDENTE,,,,,17361-26,,-23.42511569,-54.20689282
SUP-6806-23,12/03/2026,PI,PENDENTE,,,,,17361-26,,-23.42716361,-54.20654164
SUP-6806-23,12/03/2026,PI,PENDENTE,,,,,17361-26,,-23.42408999,-54.20696799
SUP-6806-23,12/03/2026,PI,PENDENTE,,,,,17361-26,,-23.41964626,-54.20763684
SUP-6806-23,12/03/2026,PI,PENDENTE,,,,,17361-26,,-23.41516234,-54.20817211
SUP-6806-23,12/03/2026,PI,PENDENTE,,,,,17361-26,,-23.41065272,-54.20884638
SUP-6806-23,12/03/2026,PI,PENDENTE,,,,,17361-26,,-23.40619152,-54.20938039
SUP-6806-23,12/03/2026,PI,PENDENTE,,,,,17361-26,,-23.4017032,-54.2100523
SUP-6806-23,12/03/2026,PI,PENDENTE,,,,,17361-26,,-23.39721431,-54.21045791
SUP-6806-23,12/03/2026,PI,PENDENTE,,,,,17361-26,,-23.39644102,-54.21060952
SUP-6806-23,12/03/2026,PI,PENDENTE,,,,,17361-26,,-23.38886413,-54.21137455
SUP-6806-23,12/03/2026,PI,PENDENTE,,,,,17361-26,,-23.38073791,-54.21220962
SUP-6806-23,12/03/2026,PI,PENDENTE,,,,,17361-26,,-23.37946963,-54.2122847
SUP-6806-23,12/03/2026,PI,PENDENTE,,,,,17361-26,,-23.3749845,-54.21292571
SUP-6806-23,12/03/2026,PI,PENDENTE,,,,,17361-26,,-23.3704265,-54.2135466
SUP-6806-23,12/03/2026,PI,PENDENTE,,,,,17361-26,,-23.36607403,-54.21406812
SUP-6806-23,12/03/2026,PI,PENDENTE,,,,,17361-26,,-23.3633942,-54.21439863
SUP-6806-23,12/03/2026,PI,PENDENTE,,,,,17361-26,,-23.36119491,-54.21460306
SUP-6806-23,12/03/2026,PI,PENDENTE,,,,,17361-26,,-23.35717255,-54.21519558
SUP-6806-23,12/03/2026,PI,PENDENTE,,,,,17361-26,,-23.35267935,-54.21569252
SUP-6806-23,12/03/2026,PI,PENDENTE,,,,,17361-26,,-23.34824191,-54.2163328
SUP-6806-23,12/03/2026,PI,PENDENTE,,,,,17361-26,,-23.34373029,-54.21683413
SUP-6806-23,12/03/2026,PI,PENDENTE,,,,,17361-26,,-23.33928253,-54.21747713
SUP-6806-23,12/03/2026,PI,PENDENTE,,,,,17361-26,,-23.3348226,-54.21796621
SUP-6806-23,12/03/2026,PI,PENDENTE,,,,,17361-26,,-23.33032074,-54.21861783
SUP-6806-23,12/03/2026,PI,PENDENTE,,,,,17361-26,,-23.32579167,-54.21912201
SUP-6806-23,12/03/2026,PI,PENDENTE,,,,,17361-26,,-23.32160423,-54.219743
SUP-6806-23,12/03/2026,PI,PENDENTE,,,,,17361-26,,-23.31713546,-54.22047386
SUP-6806-23,12/03/2026,PI,PENDENTE,,,,,17361-26,,-23.31259771,-54.22107319
SUP-6806-23,12/03/2026,PI,PENDENTE,,,,,17361-26,,-23.30812532,-54.22180963
SUP-6806-23,12/03/2026,PI,PENDENTE,,,,,17361-26,,-23.30369499,-54.22239164
SUP-6806-23,12/03/2026,PI,PENDENTE,,,,,17361-26,,-23.30198639,-54.22271737
SUP-6806-23,12/03/2026,PI,PENDENTE,,,,,17361-26,,-23.30007594,-54.22293151
SUP-6806-23,08/04/2026,PI,PENDENTE,,,,,17499-26,,-23.07808121,-54.22856876
SUP-6806-23,08/12/2025,PI,PENDENTE,,,,,17085-25,,-21.94741764,-54.53343131
SUP-6806-23,05/12/2025,PI,PENDENTE,,,,,17073-25,,-21.84342128,-54.53733238
SUP-6806-23,05/12/2025,PI,PENDENTE,,,,,17073-25,,-21.84321418,-54.53786746
SUP-6806-23,05/12/2025,PI,PENDENTE,,,,,17073-25,,-21.84060452,-54.53862852
SUP-6806-23,05/12/2025,PI,PENDENTE,,,,,17073-25,,-21.8382803,-54.53929951
SUP-6806-23,05/12/2025,PI,PENDENTE,,,,,17073-25,,-21.83798746,-54.53976027
SUP-6806-23,05/12/2025,PI,PENDENTE,,,,,17073-25,,-21.83711306,-54.53979179
SUP-6806-23,05/12/2025,PI,PENDENTE,,,,,17073-25,,-21.83662678,-54.53934038
SUP-6806-23,05/12/2025,PI,PENDENTE,,,,,17073-25,,-21.83394081,-54.53829042
SUP-6806-23,08/12/2025,PI,PENDENTE,,,,,17085-25,,-21.80664835,-54.52495316
SUP-6806-23,08/12/2025,PI,PENDENTE,,,,,17085-25,,-21.80471345,-54.52512032
SUP-6806-23,08/12/2025,PI,PENDENTE,,,,,17085-25,,-21.79627883,-54.52584655
SUP-6806-23,05/12/2025,PI,PENDENTE,,,,,17076-25,,-21.79025537,-54.52630306
SUP-6806-23,08/12/2025,PI,PENDENTE,,,,,17085-25,,-21.7935012,-54.52609907
SUP-6806-23,05/12/2025,PI,PENDENTE,,,,,17076-25,,-21.7896253,-54.52642844
SUP-6806-23,08/12/2025,PI,PENDENTE,,,,,17085-25,,-21.79138796,-54.52627689
SUP-6806-23,05/12/2025,PI,PENDENTE,,,,,17076-25,,-21.78605106,-54.52661696
SUP-6806-23,05/12/2025,PI,PENDENTE,,,,,17076-25,,-21.78597602,-54.52687615
SUP-6806-23,05/12/2025,PI,PENDENTE,,,,,17076-25,,-21.78390826,-54.5272789
SUP-6806-23,05/12/2025,PI,PENDENTE,,,,,17076-25,,-21.78331274,-54.52721337
SUP-6806-23,05/12/2025,PI,PENDENTE,,,,,17076-25,,-21.78269211,-54.52659838
SUP-6806-23,05/12/2025,PI,PENDENTE,,,,,17076-25,,-21.78091387,-54.52653284
SUP-6806-23,05/12/2025,PI,PENDENTE,,,,,17076-25,,-21.77819529,-54.52632526
SUP-6806-23,05/12/2025,PI,PENDENTE,,,,,17076-25,,-21.77513094,-54.52571393
SUP-6806-23,05/12/2025,PI,PENDENTE,,,,,17076-25,,-21.77114299,-54.52533029
SUP-6806-23,08/12/2025,PI,PENDENTE,,,,,17085-25,,-21.74661037,-54.51691028
SUP-6806-23,08/12/2025,PI,PENDENTE,,,,,17085-25,,-21.74502775,-54.51636701
SUP-6806-23,08/12/2025,PI,PENDENTE,,,,,17085-25,,-21.74205295,-54.51534522
SUP-6806-23,05/12/2025,PI,PENDENTE,,,,,17076-25,,-21.7353514,-54.51307618
SUP-6806-23,05/12/2025,PI,PENDENTE,,,,,17076-25,,-21.73261712,-54.51220646
SUP-6806-23,05/12/2025,PI,PENDENTE,,,,,17076-25,,-21.72842097,-54.51058559
SUP-6806-23,05/12/2025,PI,PENDENTE,,,,,17076-25,,-21.72637215,-54.50994223
SUP-6806-23,05/12/2025,PI,PENDENTE,,,,,17076-25,,-21.71387578,-54.50542582
SUP-6806-23,05/12/2025,PI,PENDENTE,,,,,17076-25,,-21.7130234,-54.50505512
SUP-6806-23,08/12/2025,PI,PENDENTE,,,,,17085-25,,-21.70728768,-54.50328823
SUP-6806-23,08/12/2025,PI,PENDENTE,,,,,17085-25,,-21.70451297,-54.50233209
SUP-6806-23,08/12/2025,PI,PENDENTE,,,,,17085-25,,-21.7030257,-54.5018126
SUP-6806-23,08/12/2025,PI,PENDENTE,,,,,17084-25,,-21.48634135,-54.39079362
SUP-6806-23,08/12/2025,PI,PENDENTE,,,,,17084-25,,-21.48430123,-54.3900675
SUP-6806-23,08/12/2025,PI,PENDENTE,,,,,17084-25,,-21.48033789,-54.38866874
SUP-6806-23,05/12/2025,PI,PENDENTE,,,,,17077-25,,-20.51507597,-54.56356235
SUP-6806-23,05/12/2025,PI,PENDENTE,,,,,17077-25,,-20.51375557,-54.56258943
SUP-6806-23,05/12/2025,PI,PENDENTE,,,,,17077-25,,-20.50087331,-54.55783747
SUP-6806-23,05/12/2025,PI,PENDENTE,,,,,17077-25,,-20.4913282,-54.55918058
SUP-6806-23,05/12/2025,PI,PENDENTE,,,,,17077-25,,-20.48881751,-54.55927933
SUP-6806-23,05/12/2025,PI,PENDENTE,,,,,17077-25,,-20.48650397,-54.55930291
SUP-6806-23,05/12/2025,PI,PENDENTE,,,,,17077-25,,-20.46468616,-54.55674445
SUP-6806-23,05/12/2025,PI,PENDENTE,,,,,17077-25,,-20.46438582,-54.55627459
SUP-6806-23,05/12/2025,PI,PENDENTE,,,,,17077-25,,-20.46336972,-54.55479258
SUP-6806-23,05/12/2025,PI,PENDENTE,,,,,17077-25,,-20.46292803,-54.55420097
SUP-6806-23,05/12/2025,PI,PENDENTE,,,,,17077-25,,-20.41318324,-54.54931043
SUP-6806-23,05/12/2025,PI,PENDENTE,,,,,17077-25,,-20.41029376,-54.55036443
SUP-6806-23,05/12/2025,PI,PENDENTE,,,,,17077-25,,-20.41040053,-54.55093314
SUP-6806-23,05/12/2025,PI,PENDENTE,,,,,17077-25,,-20.40850311,-54.5516914
SUP-6806-23,08/04/2026,PI,PENDENTE,,,,,17500-26,,-20.38962025,-54.55113849
SUP-6806-23,08/04/2026,PI,PENDENTE,,,,,17500-26,,-20.38875926,-54.55027251
SUP-6806-23,08/04/2026,PI,PENDENTE,,,,,17500-26,,-20.38779813,-54.54854949
SUP-6806-23,08/04/2026,PI,PENDENTE,,,,,17500-26,,-20.38478569,-54.54430286
SUP-6806-23,08/04/2026,PI,PENDENTE,,,,,17500-26,,-20.38395394,-54.54301253
SUP-6806-23,08/04/2026,PI,PENDENTE,,,,,17500-26,,-20.37626551,-54.53661296
SUP-6806-23,08/04/2026,PI,PENDENTE,,,,,17500-26,,-20.34421307,-54.51840068
SUP-6806-23,08/04/2026,PI,PENDENTE,,,,,17500-26,,-20.31970218,-54.51512199
SUP-6806-23,08/04/2026,PI,PENDENTE,,,,,17500-26,,-20.31647391,-54.51326909
SUP-6806-23,08/04/2026,PI,PENDENTE,,,,,17500-26,,-20.30278733,-54.50538599
SUP-6806-23,12/03/2026,PI,PENDENTE,,,,,17355-26,,-20.28615402,-54.49587962
SUP-6806-23,12/03/2026,PI,PENDENTE,,,,,17355-26,,-20.283454,-54.494604
SUP-6806-23,12/03/2026,PI,PENDENTE,,,,,17355-26,,-20.28130768,-54.49310494
SUP-6830-23,24/06/2026,PI,PENDENTE,,,,,17774-26,,-22.968956,-44.441156
SUP-6830-23,24/06/2026,PI,PENDENTE,,,,,17774-26,,-22.970268,-44.443435
SUP-6806-23,08/04/2026,PI,PENDENTE,,,,,17500-26,,-20.11211891,-54.44433865
SUP-6806-23,08/04/2026,PI,PENDENTE,,,,,17500-26,,-20.09012178,-54.4344424
SUP-6806-23,08/04/2026,PI,PENDENTE,,,,,17500-26,,-20.08674327,-54.4329672
SUP-6806-23,08/04/2026,PI,PENDENTE,,,,,17500-26,,-20.08190934,-54.43089221
SUP-6806-23,08/04/2026,PI,PENDENTE,,,,,17500-26,,-20.08044703,-54.43054854
SUP-6806-23,08/04/2026,PI,PENDENTE,,,,,17500-26,,-20.079159,-54.42969836
SUP-6806-23,12/03/2026,PI,PENDENTE,,,,,17356-26,,-20.05037378,-54.41708066
SUP-6806-23,12/03/2026,PI,PENDENTE,,,,,17356-26,,-20.047748,-54.415645
SUP-6806-23,12/03/2026,PI,PENDENTE,,,,,17356-26,,-20.04529843,-54.41483198
SUP-6806-23,12/03/2026,PI,PENDENTE,,,,,17357-26,,-20.038009,-54.411591
SUP-6806-23,12/03/2026,PI,PENDENTE,,,,,17357-26,,-20.03696,-54.410873
SUP-6806-23,12/03/2026,PI,PENDENTE,,,,,17357-26,,-20.03414119,-54.4098598
SUP-6806-23,12/03/2026,PI,PENDENTE,,,,,17357-26,,-20.03610513,-54.4104759
SUP-6806-23,08/04/2026,PI,PENDENTE,,,,,17500-26,,-20.03669612,-54.41075794
SUP-6806-23,12/03/2026,PI,PENDENTE,,,,,17357-26,,-20.03450554,-54.40976644
SUP-6806-23,08/04/2026,PI,PENDENTE,,,,,17500-26,,-20.03533021,-54.41014826
SUP-6806-23,08/04/2026,PI,PENDENTE,,,,,17500-26,,-20.03331369,-54.40924334
SUP-6806-23,12/03/2026,PI,PENDENTE,,,,,17359-26,,-17.84568582,-54.70742891
SUP-6806-23,12/03/2026,PI,PENDENTE,,,,,17359-26,,-17.84465725,-54.70839263
SUP-6806-23,12/03/2026,PI,PENDENTE,,,,,17359-26,,-17.8418176,-54.71083381
SUP-6806-23,12/03/2026,PI,PENDENTE,,,,,17359-26,,-17.838666,-54.71347655
SUP-6806-23,12/03/2026,PI,PENDENTE,,,,,17359-26,,-17.83444192,-54.71710061
SUP-6806-23,12/03/2026,PI,PENDENTE,,,,,17359-26,,-17.83093542,-54.72011086
SUP-6806-23,12/03/2026,PI,PENDENTE,,,,,17359-26,,-17.82745384,-54.72311967
SUP-6806-23,12/03/2026,PI,PENDENTE,,,,,17359-26,,-17.823957,-54.72611814
SUP-6806-23,12/03/2026,PI,PENDENTE,,,,,17359-26,,-17.82048043,-54.72912318
SUP-6806-23,12/03/2026,PI,PENDENTE,,,,,17359-26,,-17.8165325,-54.7314437
SUP-6806-23,12/03/2026,PI,PENDENTE,,,,,17359-26,,-17.81242596,-54.73339657
SUP-6806-23,12/03/2026,PI,PENDENTE,,,,,17359-26,,-17.81138435,-54.73396779
SUP-6806-23,12/03/2026,PI,PENDENTE,,,,,17359-26,,-17.80802153,-54.73557056
SUP-6806-23,12/03/2026,PI,PENDENTE,,,,,17359-26,,-17.80543249,-54.73672262
SUP-6806-23,12/03/2026,PI,PENDENTE,,,,,17359-26,,-17.8047098,-54.73713868
SUP-6806-23,12/03/2026,PI,PENDENTE,,,,,17359-26,,-17.80158522,-54.7386348
SUP-6806-23,12/03/2026,PI,PENDENTE,,,,,17359-26,,-17.8001065,-54.7392497
SUP-6806-23,12/03/2026,PI,PENDENTE,,,,,17359-26,,-17.79737173,-54.74054933
SUP-6806-23,12/03/2026,PI,PENDENTE,,,,,17359-26,,-17.77744133,-54.74862965
SUP-6806-23,12/03/2026,PI,PENDENTE,,,,,17359-26,,-17.77424543,-54.7492665
SUP-6806-23,12/03/2026,PI,PENDENTE,,,,,17359-26,,-17.77167928,-54.74977814
SUP-6806-23,12/03/2026,PI,PENDENTE,,,,,17360-26,,-17.7579977,-54.75233558
SUP-6806-23,12/03/2026,PI,PENDENTE,,,,,17360-26,,-17.75252827,-54.75358515
SUP-6806-23,12/03/2026,PI,PENDENTE,,,,,17360-26,,-17.72383705,-54.75567608
SUP-6806-23,08/04/2026,PI,PENDENTE,,,,,17501-26,,-17.59654768,-54.74597277
SUP-6806-23,08/04/2026,PI,PENDENTE,,,,,17501-26,,-17.59437547,-54.74556025
SUP-6806-23,08/04/2026,PI,PENDENTE,,,,,17501-26,,-17.59110564,-54.74542592
SUP-6806-23,10/07/2026,PI,PENDENTE,,,,,17822-26,,-23.9478119,-54.31111785
SUP-8408-26,30/07/2026,PI,PENDENTE,,,,,17891-26,,-23.06336835,-49.63310676
SUP-8408-26,30/07/2026,PI,PENDENTE,,,,,17891-26,,-23.06352122,-49.63313952
SUP-8408-26,30/07/2026,PI,PENDENTE,,,,,17891-26,,-23.0600455,-49.64806547
SUP-8408-26,30/07/2026,PI,PENDENTE,,,,,17891-26,,-23.05999194,-49.64886967
SUP-8408-26,30/07/2026,PI,PENDENTE,,,,,17891-26,,-23.05594154,-49.66691992
SUP-8408-26,30/07/2026,PI,PENDENTE,,,,,17891-26,,-23.05555711,-49.66805205
SUP-8408-26,30/07/2026,PI,PENDENTE,,,,,17891-26,,-23.05534149,-49.66949317
SUP-8408-26,30/07/2026,PI,PENDENTE,,,,,17891-26,,-23.05011194,-49.6934688
SUP-8408-26,30/07/2026,PI,PENDENTE,,,,,17891-26,,-23.04945592,-49.69569575
SUP-8408-26,30/07/2026,PI,PENDENTE,,,,,17891-26,,-23.04656287,-49.70950619
SUP-8408-26,30/07/2026,PI,PENDENTE,,,,,17891-26,,-23.04663076,-49.70858669
SUP-8408-26,30/07/2026,PI,PENDENTE,,,,,17891-26,,-23.04657988,-49.71256742
SUP-8408-26,30/07/2026,PI,PENDENTE,,,,,17891-26,,-23.04764968,-49.71401224
SUP-8408-26,30/07/2026,PI,PENDENTE,,,,,17891-26,,-23.04538908,-49.71440234
SUP-8408-26,30/07/2026,PI,PENDENTE,,,,,17891-26,,-23.04639387,-49.71552304
SUP-8408-26,30/07/2026,PI,PENDENTE,,,,,17891-26,,-23.04508401,-49.71773674
SUP-8408-26,30/07/2026,PI,PENDENTE,,,,,17891-26,,-23.04490152,-49.71508787
SUP-8408-26,30/07/2026,PI,PENDENTE,,,,,17891-26,,-23.04590517,-49.71764451
SUP-8408-26,30/07/2026,PI,PENDENTE,,,,,17891-26,,-23.01769578,-49.76865636
SUP-8408-26,30/07/2026,PI,PENDENTE,,,,,17891-26,,-23.01722063,-49.76985921
SUP-8408-26,30/07/2026,PI,PENDENTE,,,,,17891-26,,-23.01243968,-49.77912791
SUP-8408-26,30/07/2026,PI,PENDENTE,,,,,17891-26,,-23.01217897,-49.78048315
SUP-8408-26,30/07/2026,PI,PENDENTE,,,,,17891-26,,-23.0115496,-49.78397571
SUP-8408-26,30/07/2026,PI,PENDENTE,,,,,17891-26,,-23.01133037,-49.78566737
SUP-8408-26,30/07/2026,PI,PENDENTE,,,,,17891-26,,-23.00562617,-49.82440057
SUP-8408-26,30/07/2026,PI,PENDENTE,,,,,17891-26,,-23.01090112,-49.79832199
SUP-8408-26,30/07/2026,PI,PENDENTE,,,,,17891-26,,-23.01108775,-49.79692297
SUP-8408-26,30/07/2026,PI,PENDENTE,,,,,17891-26,,-22.99637422,-49.84101515
SUP-8408-26,30/07/2026,PI,PENDENTE,,,,,17891-26,,-22.99422363,-49.84762691
SUP-8408-26,30/07/2026,PI,PENDENTE,,,,,17891-26,,-22.99323197,-49.84684701
SUP-8408-26,30/07/2026,PI,PENDENTE,,,,,17891-26,,-22.99436144,-49.84522123
SUP-8408-26,30/07/2026,PI,PENDENTE,,,,,17891-26,,-22.99015505,-49.85234243
SUP-8408-26,30/07/2026,PI,PENDENTE,,,,,17891-26,,-22.98957357,-49.85307786
SUP-8408-26,30/07/2026,PI,PENDENTE,,,,,17891-26,,-22.98821944,-49.8543579
SUP-8408-26,30/07/2026,PI,PENDENTE,,,,,17891-26,,-22.98845599,-49.85481068
SUP-8408-26,30/07/2026,PI,PENDENTE,,,,,17891-26,,-22.9818716,-49.85761417
SUP-8408-26,30/07/2026,PI,PENDENTE,,,,,17891-26,,-22.98181018,-49.85741122
SUP-8408-26,30/07/2026,PI,PENDENTE,,,,,17891-26,,-22.96843483,-49.86331519
SUP-8408-26,30/07/2026,PI,PENDENTE,,,,,17891-26,,-22.96786209,-49.86396608
SUP-8408-26,30/07/2026,PI,PENDENTE,,,,,17891-26,,-22.96690152,-49.86425806
SUP-8408-26,30/07/2026,PI,PENDENTE,,,,,17891-26,,-22.96616454,-49.86503529
SUP-8408-26,30/07/2026,PI,PENDENTE,,,,,17891-26,,-22.96500196,-49.86541919
SUP-8408-26,30/07/2026,PI,PENDENTE,,,,,17891-26,,-22.96525752,-49.86580757
SUP-8408-26,30/07/2026,PI,PENDENTE,,,,,17891-26,,-22.96543549,-49.8652399
SUP-8408-26,30/07/2026,PI,PENDENTE,,,,,17891-26,,-22.95691668,-49.87206562
SUP-8408-26,30/07/2026,PI,PENDENTE,,,,,17891-26,,-22.95701495,-49.87220499
SUP-8408-26,30/07/2026,PI,PENDENTE,,,,,17891-26,,-22.93921706,-49.88732618
SUP-8408-26,30/07/2026,PI,PENDENTE,,,,,17891-26,,-22.93878649,-49.88791224
SUP-8408-26,30/07/2026,PI,PENDENTE,,,,,17891-26,,-22.93796924,-49.88819796
SUP-8224-25 (AB),20/08/2026,PI.S,PENDENTE,,,,,17920-26,,-23.360421,-46.849194
SUP-8224-25 (AB),20/08/2026,PI.S,PENDENTE,,,,,17920-26,,-23.360439,-46.849204
SUP-8224-25 (AB),20/08/2026,PI.S,PENDENTE,,,,,17920-26,,-23.360457,-46.849204
SUP-8224-25 (AB),20/08/2026,PI.S,PENDENTE,,,,,17920-26,,-23.360421,-46.849233
SUP-8224-25 (AB),20/08/2026,PI.S,PENDENTE,,,,,17920-26,,-23.360439,-46.849233
SUP-8224-25 (AB),20/08/2026,PI.S,PENDENTE,,,,,17920-26,,-23.360466,-46.849244
SUP-6806-23,22/07/2026,PI,PENDENTE,,,,,17858-26,,-22.22204422,-54.72864237
SUP-6830-23,15/06/2026,PI,PENDENTE,,,,,17714-26,,-23.00962008,-44.48580639
SUP-6830-23,15/06/2026,PI,PENDENTE,,,,,17714-26,,-23.01374802,-44.48671498
SUP-6830-23,15/06/2026,PI,PENDENTE,,,,,17714-26,,-23.01917503,-44.49358512
SUP-6830-23,15/06/2026,PI,PENDENTE,,,,,17714-26,,-23.02105563,-44.49862973
SUP-6830-23,15/06/2026,PI,PENDENTE,,,,,17714-26,,-23.0236177,-44.50062662
SUP-6830-23,15/06/2026,PI,PENDENTE,,,,,17714-26,,-23.02581337,-44.50362338
SUP-6830-23,15/06/2026,PI,PENDENTE,,,,,17714-26,,-23.02405547,-44.51166246
SUP-6830-23,15/06/2026,PI,PENDENTE,,,,,17714-26,,-23.02175279,-44.51431004
SUP-6830-23,15/06/2026,PI,PENDENTE,,,,,17714-26,,-23.02365912,-44.51753156
SUP-6830-23,15/06/2026,PI,PENDENTE,,,,,17714-26,,-23.02444139,-44.52171905
SUP-6830-23,15/06/2026,PI,PENDENTE,,,,,17714-26,,-23.01728395,-44.5281196
SUP-6830-23,15/06/2026,PI,PENDENTE,,,,,17714-26,,-23.01843559,-44.5310972
SUP-6830-23,15/06/2026,PI,PENDENTE,,,,,17714-26,,-23.02042379,-44.53380188
SUP-6830-23,15/06/2026,PI,PENDENTE,,,,,17714-26,,-23.02052089,-44.53468393
SUP-6830-23,15/06/2026,PI,PENDENTE,,,,,17714-26,,-23.02254402,-44.53612143
SUP-6830-23,15/06/2026,PI,PENDENTE,,,,,17714-26,,-23.02835205,-44.54087362
SUP-6830-23,15/06/2026,PI,PENDENTE,,,,,17714-26,,-23.03004941,-44.54389821
SUP-6830-23,15/06/2026,PI,PENDENTE,,,,,17714-26,,-23.02966166,-44.54413375
SUP-6830-23,15/06/2026,PI,PENDENTE,,,,,17714-26,,-23.03106892,-44.54660802
SUP-6830-23,15/06/2026,PI,PENDENTE,,,,,17714-26,,-23.04167889,-44.56919656
SUP-6830-23,15/06/2026,PI,PENDENTE,,,,,17714-26,,-23.04300659,-44.57278473
SUP-6830-23,15/06/2026,PI,PENDENTE,,,,,17714-26,,-23.04414092,-44.57540666
SUP-6830-23,15/06/2026,PI,PENDENTE,,,,,17714-26,,-23.0473025,-44.57710293
SUP-6830-23,15/06/2026,PI,PENDENTE,,,,,17714-26,,-23.04981436,-44.58859781
SUP-6830-23,15/06/2026,PI,PENDENTE,,,,,17714-26,,-23.04805212,-44.59097246
SUP-6830-23,15/06/2026,PI,PENDENTE,,,,,17714-26,,-23.04354081,-44.59232588
SUP-6830-23,15/06/2026,PI,PENDENTE,,,,,17714-26,,-23.04130719,-44.59551199
SUP-6830-23,15/06/2026,PI,PENDENTE,,,,,17714-26,,-23.0435097,-44.59920002
SUP-6830-23,15/06/2026,PI,PENDENTE,,,,,17714-26,,-23.04398211,-44.61429302
SUP-6830-23,15/06/2026,PI,PENDENTE,,,,,17714-26,,-23.04375857,-44.62113756
SUP-6830-23,15/06/2026,PI,PENDENTE,,,,,17714-26,,-23.04659167,-44.62804006
SUP-6830-23,15/06/2026,PI,PENDENTE,,,,,17714-26,,-23.04794961,-44.63164929
SUP-6830-23,15/06/2026,PI,PENDENTE,,,,,17714-26,,-23.04789606,-44.63551069
SUP-6830-23,15/06/2026,PI,PENDENTE,,,,,17714-26,,-23.04747634,-44.63939305
SUP-6830-23,15/06/2026,PI,PENDENTE,,,,,17714-26,,-23.04646828,-44.64298544
SUP-6830-23,15/06/2026,PI,PENDENTE,,,,,17714-26,,-23.0450613,-44.64643216
SUP-6830-23,15/06/2026,PI,PENDENTE,,,,,17714-26,,-23.04519726,-44.65032927
SUP-6830-23,15/06/2026,PI,PENDENTE,,,,,17714-26,,-23.04552636,-44.65417391
SUP-6830-23,15/06/2026,PI,PENDENTE,,,,,17714-26,,-23.04745465,-44.66534189
SUP-6830-23,15/06/2026,PI,PENDENTE,,,,,17714-26,,-23.05319881,-44.67676859
SUP-6830-23,15/06/2026,PI,PENDENTE,,,,,17714-26,,-23.05784744,-44.67957397
SUP-6830-23,15/06/2026,PI,PENDENTE,,,,,17714-26,,-23.0618397,-44.68184966
SUP-6830-23,15/06/2026,PI,PENDENTE,,,,,17714-26,,-23.0653489,-44.68509813
SUP-6830-23,15/06/2026,PI,PENDENTE,,,,,17714-26,,-23.06667292,-44.68973563
SUP-6830-23,15/06/2026,PI,PENDENTE,,,,,17714-26,,-23.06820911,-44.69421797
SUP-6830-23,15/06/2026,PI,PENDENTE,,,,,17714-26,,-23.07272379,-44.69680558
SUP-6830-23,15/06/2026,PI,PENDENTE,,,,,17714-26,,-23.07638391,-44.6974299
SUP-6830-23,15/06/2026,PI,PENDENTE,,,,,17714-26,,-23.10353908,-44.70797962
SUP-6830-23,15/06/2026,PI,PENDENTE,,,,,17714-26,,-23.13372023,-44.7082123
SUP-6830-23,15/06/2026,PI,PENDENTE,,,,,17714-26,,-23.13614859,-44.70413051
SUP-7133-24,20/08/2026,SH,PENDENTE,,,,,17948-26,,-25.05691938,-50.33096709
SUP-7133-24,20/08/2026,SH,PENDENTE,,,,,17948-26,,-25.07376011,-50.39613935
SUP-7133-24,20/08/2026,SH,PENDENTE,,,,,17948-26,,-25.05674159,-50.33316078
SUP-6806-23,04/08/2026,SH,PENDENTE,,,,,17894-26,,-20.60593533,-54.57761117
SUP-8224-25 (PR),08/07/2026,SM,PENDENTE,,,,,17810-26,,-23.97964664,-51.08901267
SUP-8224-25 (PR),08/07/2026,SM,PENDENTE,,,,,17810-26,,-23.97953827,-51.08899293
SUP-8224-25 (PR),08/07/2026,SM,PENDENTE,,,,,17810-26,,-23.97961941,-51.08923875
SUP-8370-25,19/05/2026,SM,PENDENTE,,,,,17625-26,,-23.61323855,-47.46054802
SUP-8224-25 (PR),08/07/2026,SM,PENDENTE,,,,,17810-26,,-23.97949297,-51.089219
SUP-8370-25,19/05/2026,SM,PENDENTE,,,,,17625-26,,-23.66468471,-47.44508494
SUP-8224-25 (PR),08/07/2026,SM,PENDENTE,,,,,17810-26,,-23.97957414,-51.08942549
SUP-8370-25,19/05/2026,SM,PENDENTE,,,,,17625-26,,-23.67861446,-47.44159027
SUP-8224-25 (PR),08/07/2026,SM,PENDENTE,,,,,17810-26,,-23.97946577,-51.08939592
SUP-6830-23,19/05/2026,SM.A,PENDENTE,,,,,17585-26,,-23.370549,-44.818512
SUP-7133-24,14/07/2026,SM,PENDENTE,,,,,17725-26,,-25.55547633,-49.34211602
SUP-8370-25,14/08/2026,SM,PENDENTE,,,,,17925-26,,-23.69896947,-47.61774866
SUP-7133-24,14/07/2026,SM,PENDENTE,,,,,17725-26,,-25.5557594,-49.34213914
SUP-8370-25,14/08/2026,SM,PENDENTE,,,,,17925-26,,-23.69930439,-47.61822585
SUP-7133-24,14/07/2026,SM,PENDENTE,,,,,17725-26,,-25.55594036,-49.34262094
SUP-8370-25,14/08/2026,SM,PENDENTE,,,,,17925-26,,-23.69961994,-47.61878107
SUP-6830-23,25/11/2025,SM,PENDENTE,,,,,17034-25,,-23.38317919,-44.96718856
SUP-6830-23,25/11/2025,SM,PENDENTE,,,,,17034-25,,-23.38718297,-44.97996808
SUP-7128-24,21/08/2026,SM,PENDENTE,,,,,17950-26,,-23.179537,-49.940662
SUP-8370-25,14/08/2026,SM,PENDENTE,,,,,17925-26,,-23.69994434,-47.61934627
SUP-8370-25,14/08/2026,SM,PENDENTE,,,,,17925-26,,-23.70022412,-47.61988117
SUP-8370-25,14/08/2026,SM,PENDENTE,,,,,17925-26,,-23.70068038,-47.62065486
SUP-7285-24,01/12/2025,SM,PENDENTE,,,,,17051-25,,-22.79292292,-45.16380987
SUP-7285-24,14/05/2026,SM,PENDENTE,,,,,17616-26,,-22.82205649,-45.19575989
SUP-7285-24,14/05/2026,SM,PENDENTE,,,,,17616-26,,-22.82192055,-45.19612026
SUP-7285-24,14/05/2026,SM,PENDENTE,,,,,17616-26,,-22.82189335,-45.19619818
SUP-7285-24,14/11/2025,SM,PENDENTE,,,,,16925-25,,-22.8215038,-45.19689817
SUP-7285-24,14/11/2025,SM,PENDENTE,,,,,16925-25,,-22.82229427,-45.19831681
SUP-7285-24,14/11/2025,SM,PENDENTE,,,,,16925-25,,-22.83886223,-45.22258616
SUP-7285-24,14/11/2025,SM,PENDENTE,,,,,16925-25,,-22.84017882,-45.22328201
SUP-8370-25,14/08/2026,SM,PENDENTE,,,,,17925-26,,-23.7012877,-47.6215688
SUP-7285-24,14/11/2025,SM,PENDENTE,,,,,16925-25,,-22.85170258,-45.22707125
SUP-7285-24,14/11/2025,SM,PENDENTE,,,,,16925-25,,-22.85187573,-45.22756139
SUP-7285-24,14/11/2025,SM,PENDENTE,,,,,16925-25,,-22.85224672,-45.22763521
SUP-7285-24,11/11/2025,SM,PENDENTE,,,,,16926-25,,-22.86546423,-45.23977792
SUP-7285-24,11/11/2025,SM,PENDENTE,,,,,16926-25,,-22.8688005,-45.24412781
SUP-8370-25,14/08/2026,SM,PENDENTE,,,,,17925-26,,-23.70414811,-47.62640959
SUP-8370-25,14/08/2026,SM,PENDENTE,,,,,17925-26,,-23.7044556,-47.62690587
SUP-8370-25,14/08/2026,SM,PENDENTE,,,,,17925-26,,-23.70715391,-47.63171421
SUP-8370-25,30/07/2026,SM,PENDENTE,,,,,17881-26,,-23.65823927,-47.21079138
SUP-8370-25,30/07/2026,SM,PENDENTE,,,,,17881-26,,-23.65799396,-47.2102678
SUP-8370-25,30/07/2026,SM,PENDENTE,,,,,17881-26,,-23.65793273,-47.21012956
SUP-8370-25,14/08/2026,SM,PENDENTE,,,,,17925-26,,-23.70732202,-47.63191364
SUP-7285-24,22/07/2026,SM,PENDENTE,,,,,17110-25,,-22.71190691,-43.73551981
SUP-7285-24,22/07/2026,SM,PENDENTE,,,,,17110-25,,-22.70705719,-43.73720357
SUP-7285-24,22/01/2026,SM,PENDENTE,,,,,17197-26,,-22.71038104,-43.73640696
SUP-7285-24,22/01/2026,SM,PENDENTE,,,,,17197-26,,-22.71050597,-43.73691303
SUP-7285-24,22/01/2026,SM,PENDENTE,,,,,17197-26,,-22.70984704,-43.73658904
SUP-7285-24,22/01/2026,SM,PENDENTE,,,,,17197-26,,-22.70998599,-43.73718796
SUP-7285-24,22/01/2026,SM,PENDENTE,,,,,17197-26,,-22.70932201,-43.73686499
SUP-7285-24,22/01/2026,SM,PENDENTE,,,,,17197-26,,-22.70645896,-43.73851101
SUP-7285-24,22/01/2026,SM,PENDENTE,,,,,17197-26,,-22.70643604,-43.73969396
SUP-7285-24,22/01/2026,SM,PENDENTE,,,,,17197-26,,-22.70557296,-43.74013498
SUP-7285-24,22/01/2026,SM,PENDENTE,,,,,17197-26,,-22.70534202,-43.73983803
SUP-7285-24,22/01/2026,SM,PENDENTE,,,,,17197-26,,-22.70539503,-43.74093801
SUP-7285-24,22/07/2026,SM,PENDENTE,,,,,17110-25,,-22.70248933,-43.74857652
SUP-7285-24,22/07/2026,SM,PENDENTE,,,,,17110-25,,-22.70219979,-43.74896423
SUP-7285-24,15/12/2025,SM,PENDENTE,,,,,17111-25,,-22.69963496,-43.76053961
SUP-7285-24,15/12/2025,SM,PENDENTE,,,,,17111-25,,-22.70082245,-43.76176125
SUP-7285-24,15/12/2025,SM,PENDENTE,,,,,17111-25,,-22.69954449,-43.7615968
SUP-7285-24,22/01/2026,SM,PENDENTE,,,,,17198-26,,-22.69845869,-43.76558568
SUP-7285-24,15/12/2025,SM,PENDENTE,,,,,17111-25,,-22.69354839,-43.77438173
SUP-7285-24,15/12/2025,SM,PENDENTE,,,,,17111-25,,-22.69314979,-43.7760146
SUP-7285-24,15/12/2025,SM,PENDENTE,,,,,17111-25,,-22.69410874,-43.77558377
SUP-7285-24,22/01/2026,SM,PENDENTE,,,,,17198-26,,-22.69380295,-43.77020264
SUP-7285-24,15/12/2025,SM,PENDENTE,,,,,17111-25,,-22.69082442,-43.78799305
SUP-7285-24,15/12/2025,SM,PENDENTE,,,,,17111-25,,-22.68893249,-43.79112996
SUP-7285-24,15/12/2025,SM,PENDENTE,,,,,17111-25,,-22.68827822,-43.79295212
SUP-7285-24,15/12/2025,SM,PENDENTE,,,,,17111-25,,-22.68823364,-43.79360803
SUP-7285-24,15/12/2025,SM,PENDENTE,,,,,17111-25,,-22.68849042,-43.80061796
SUP-7285-24,15/12/2025,SM,PENDENTE,,,,,17111-25,,-22.68592972,-43.81036537
SUP-7285-24,15/12/2025,SM,PENDENTE,,,,,17111-25,,-22.68527918,-43.81169152
SUP-7285-24,22/01/2026,SM,PENDENTE,,,,,17198-26,,-22.68547505,-43.8128684
SUP-7285-24,22/01/2026,SM,PENDENTE,,,,,17198-26,,-22.6774278,-43.81552003
SUP-7285-24,22/01/2026,SM,PENDENTE,,,,,17198-26,,-22.67723409,-43.81532673
SUP-7285-24,18/12/2024,SM,PENDENTE,,,,,15817-24,,-22.6675692,-43.85949916
SUP-7285-24,18/12/2024,SM,PENDENTE,,,,,15817-24,,-22.66588403,-43.86641358
SUP-7285-24,18/12/2024,SM,PENDENTE,,,,,15817-24,,-22.66468887,-43.87884225
SUP-7285-24,17/08/2025,SM,PENDENTE,,,,,16623-25,,-22.62916793,-43.91055713
SUP-7285-24,17/08/2025,SM,PENDENTE,,,,,16623-25,,-22.61489265,-43.93169101
SUP-7285-24,13/12/2024,SM,PENDENTE,,,,,15798-24,,-22.60067616,-44.8901186
SUP-7285-24,17/08/2025,SM,PENDENTE,,,,,16623-25,,-22.60320981,-43.93530173
SUP-7285-24,17/08/2025,SM,PENDENTE,,,,,16623-25,,-22.60385781,-43.93577876
SUP-7285-24,17/08/2025,SM,PENDENTE,,,,,16623-25,,-22.60289917,-43.9361138
SUP-7285-24,17/08/2025,SM,PENDENTE,,,,,16623-25,,-22.60188164,-43.93732202
SUP-7285-24,22/01/2026,SM,PENDENTE,,,,,17199-26,,-22.62674246,-43.9145232
SUP-7285-24,22/01/2026,SM,PENDENTE,,,,,17199-26,,-22.62636444,-43.91493086
SUP-7285-24,18/12/2024,SM,PENDENTE,,,,,15819-24,,-22.62249105,-43.92003989
SUP-7285-24,18/12/2025,SM,PENDENTE,,,,,17112-25,,-22.62394407,-43.91835209
SUP-7285-24,18/12/2025,SM,PENDENTE,,,,,17112-25,,-22.62384247,-43.91957756
SUP-7285-24,22/01/2026,SM,PENDENTE,,,,,17199-26,,-22.62425359,-43.91835829
SUP-7285-24,22/01/2026,SM,PENDENTE,,,,,17199-26,,-22.62415668,-43.9192813
SUP-7285-24,22/01/2026,SM,PENDENTE,,,,,17199-26,,-22.62208774,-43.92260961
SUP-7285-24,22/01/2026,SM,PENDENTE,,,,,17199-26,,-22.62173892,-43.92550453
SUP-7285-24,18/12/2025,SM,PENDENTE,,,,,17112-25,,-22.61222266,-43.93213962
SUP-7285-24,18/12/2025,SM,PENDENTE,,,,,17112-25,,-22.61085796,-43.93234031
SUP-7285-24,18/12/2025,SM,PENDENTE,,,,,17112-25,,-22.60711216,-43.9351647
SUP-7285-24,22/01/2026,SM,PENDENTE,,,,,17199-26,,-22.61211493,-43.93171817
SUP-7285-24,22/01/2026,SM,PENDENTE,,,,,17199-26,,-22.61178182,-43.93203034
SUP-7285-24,18/12/2024,SM,PENDENTE,,,,,15819-24,,-22.60257255,-43.93744383
SUP-7285-24,18/12/2024,SM,PENDENTE,,,,,15819-24,,-22.60356754,-43.93628823
SUP-7285-24,18/12/2025,SM,PENDENTE,,,,,17112-25,,-22.6012626,-43.93849202
SUP-7285-24,22/01/2026,SM,PENDENTE,,,,,17199-26,,-22.60256477,-43.93580493
SUP-7285-24,22/01/2026,SM,PENDENTE,,,,,17199-26,,-22.5997786,-43.93972197
SUP-7285-24,18/12/2025,SM,PENDENTE,,,,,17112-25,,-22.59938546,-43.94023877
SUP-7285-24,18/12/2025,SM,PENDENTE,,,,,17112-25,,-22.59917232,-43.94107621
SUP-7285-24,17/08/2025,SM,PENDENTE,,,,,16623-25,,-22.58333191,-44.00185577
SUP-7285-24,18/12/2025,SM,PENDENTE,,,,,17112-25,,-22.59991479,-43.95030145
SUP-7285-24,18/12/2025,SM,PENDENTE,,,,,17112-25,,-22.58493671,-43.95828202
SUP-7285-24,18/12/2025,SM,PENDENTE,,,,,17112-25,,-22.58288389,-43.96315649
SUP-7285-24,18/12/2025,SM,PENDENTE,,,,,17112-25,,-22.58270821,-43.96333731
SUP-7285-24,22/01/2026,SM,PENDENTE,,,,,17199-26,,-22.58336084,-43.96465171
SUP-7285-24,22/01/2026,SM,PENDENTE,,,,,17199-26,,-22.58288148,-43.96532463
SUP-7285-24,22/01/2026,SM,PENDENTE,,,,,17199-26,,-22.5827036,-43.96723822
SUP-7285-24,22/01/2026,SM,PENDENTE,,,,,17199-26,,-22.58266896,-43.96823635
SUP-7285-24,18/12/2025,SM,PENDENTE,,,,,17112-25,,-22.58220698,-43.97276993
SUP-7285-24,18/12/2025,SM,PENDENTE,,,,,17112-25,,-22.5829271,-43.97402358
SUP-7285-24,18/12/2025,SM,PENDENTE,,,,,17112-25,,-22.57694969,-43.98508155
SUP-7285-24,22/01/2026,SM,PENDENTE,,,,,17199-26,,-22.58018438,-43.97990509
SUP-7285-24,22/01/2026,SM,PENDENTE,,,,,17199-26,,-22.57906633,-43.98131288
SUP-7285-24,22/01/2026,SM,PENDENTE,,,,,17199-26,,-22.57866601,-43.98771017
SUP-7285-24,22/01/2026,SM,PENDENTE,,,,,17199-26,,-22.57842452,-43.98899662
SUP-7285-24,22/01/2026,SM,PENDENTE,,,,,17199-26,,-22.58025613,-43.99270102
SUP-7285-24,17/08/2025,SM,PENDENTE,,,,,16623-25,,-22.58465969,-44.0545011
SUP-7285-24,18/12/2025,SM,PENDENTE,,,,,17112-25,,-22.58233665,-43.99913713
SUP-7285-24,18/12/2025,SM,PENDENTE,,,,,17112-25,,-22.58264092,-44.00051742
SUP-7285-24,18/12/2025,SM,PENDENTE,,,,,17112-25,,-22.58353172,-44.0031977
SUP-7285-24,18/12/2025,SM,PENDENTE,,,,,17112-25,,-22.58370374,-44.0045245
SUP-7285-24,22/01/2026,SM,PENDENTE,,,,,17199-26,,-22.58382464,-44.0029504
SUP-7285-24,22/01/2026,SM,PENDENTE,,,,,17199-26,,-22.58339322,-44.00288911
SUP-7285-24,18/12/2025,SM,PENDENTE,,,,,17112-25,,-22.58402848,-44.00484094
SUP-7285-24,18/12/2025,SM,PENDENTE,,,,,17112-25,,-22.5842094,-44.00541233
SUP-7285-24,18/12/2025,SM,PENDENTE,,,,,17112-25,,-22.58440486,-44.00634112
SUP-7285-24,18/12/2025,SM,PENDENTE,,,,,17112-25,,-22.58462236,-44.00743532
SUP-7285-24,18/12/2025,SM,PENDENTE,,,,,17112-25,,-22.58490266,-44.00857777
SUP-7285-24,18/12/2025,SM,PENDENTE,,,,,17112-25,,-22.58538345,-44.01020182
SUP-7285-24,22/01/2026,SM,PENDENTE,,,,,17199-26,,-22.58451989,-44.00543113
SUP-7285-24,22/01/2026,SM,PENDENTE,,,,,17199-26,,-22.58490079,-44.00688652
SUP-7285-24,22/01/2026,SM,PENDENTE,,,,,17199-26,,-22.58533095,-44.00859828
SUP-7285-24,18/12/2025,SM,PENDENTE,,,,,17112-25,,-22.58583309,-44.01419081
SUP-7285-24,18/12/2025,SM,PENDENTE,,,,,17112-25,,-22.58588605,-44.01515665
SUP-7285-24,18/12/2025,SM,PENDENTE,,,,,17112-25,,-22.58329222,-44.01882453
SUP-7285-24,18/12/2025,SM,PENDENTE,,,,,17112-25,,-22.58402661,-44.0198019
SUP-7285-24,22/01/2026,SM,PENDENTE,,,,,17199-26,,-22.58525909,-44.01786322
SUP-7285-24,22/01/2026,SM,PENDENTE,,,,,17199-26,,-22.58233078,-44.03604178
SUP-7285-24,22/01/2026,SM,PENDENTE,,,,,17199-26,,-22.58198581,-44.03903027
SUP-7285-24,22/01/2026,SM,PENDENTE,,,,,17199-26,,-22.58221514,-44.04033628
SUP-7285-24,18/12/2025,SM,PENDENTE,,,,,17112-25,,-22.58193086,-44.04131324
SUP-7285-24,22/01/2026,SM,PENDENTE,,,,,17199-26,,-22.58244573,-44.04134537
SUP-7285-24,18/12/2025,SM,PENDENTE,,,,,17112-25,,-22.58617194,-44.05696861
SUP-7285-24,22/01/2026,SM,PENDENTE,,,,,17199-26,,-22.58490407,-44.05181517
SUP-7285-24,22/01/2026,SM,PENDENTE,,,,,17199-26,,-22.58469466,-44.05191618
SUP-7285-24,22/01/2026,SM,PENDENTE,,,,,17199-26,,-22.58530691,-44.05458503
SUP-7285-24,22/01/2026,SM,PENDENTE,,,,,17199-26,,-22.59007866,-44.06386456
SUP-7285-24,22/01/2026,SM,PENDENTE,,,,,17199-26,,-22.59198593,-44.06712571
SUP-7285-24,02/07/2026,SM,PENDENTE,,,,,17716-26,,-22.58703079,-44.08953564
SUP-7285-24,02/07/2026,SM,PENDENTE,,,,,17716-26,,-22.58802377,-44.09219915
SUP-7285-24,02/07/2026,SM.A,PENDENTE,,,,,17716-26,,-22.58891962,-44.10524177
SUP-7285-24,02/07/2026,SM,PENDENTE,,,,,17716-26,,-22.58655875,-44.10719681
SUP-7285-24,02/07/2026,SM,PENDENTE,,,,,17716-26,,-22.5864455,-44.10726573
SUP-7285-24,02/07/2026,SM.A,PENDENTE,,,,,17716-26,,-22.58620871,-44.10803983
SUP-7285-24,02/07/2026,SM,PENDENTE,,,,,17716-26,,-22.58818213,-44.1064061
SUP-7285-24,02/07/2026,SM.A,PENDENTE,,,,,17716-26,,-22.5866169,-44.10807342
SUP-7285-24,02/07/2026,SM.A,PENDENTE,,,,,17716-26,,-22.58253285,-44.11040224
SUP-7285-24,02/07/2026,SM,PENDENTE,,,,,17716-26,,-22.58082207,-44.11035487
SUP-7285-24,02/07/2026,SM,PENDENTE,,,,,17716-26,,-22.57837396,-44.11271666
SUP-7285-24,02/07/2026,SM.A,PENDENTE,,,,,17716-26,,-22.57818496,-44.11431602
SUP-7285-24,02/07/2026,SM.A,PENDENTE,,,,,17716-26,,-22.57784672,-44.11401519
SUP-7285-24,02/07/2026,SM.A,PENDENTE,,,,,17716-26,,-22.5775913,-44.11426622
SUP-7285-24,02/07/2026,SM.A,PENDENTE,,,,,17716-26,,-22.58188441,-44.1108222
SUP-7285-24,02/07/2026,SM,PENDENTE,,,,,17716-26,,-22.57393975,-44.1148952
SUP-7285-24,02/07/2026,SM.A,PENDENTE,,,,,17716-26,,-22.56901438,-44.11963699
SUP-7285-24,25/02/2026,SM,PENDENTE,,,,,17270-26,,-22.5564545,-44.12878441
SUP-7285-24,25/02/2026,SM,PENDENTE,,,,,17270-26,,-22.55631565,-44.12939365
SUP-7285-24,25/02/2026,SM,PENDENTE,,,,,17270-26,,-22.55633867,-44.13014938
SUP-7285-24,25/02/2026,SM,PENDENTE,,,,,17270-26,,-22.55702353,-44.13160873
SUP-7285-24,02/07/2026,SM,PENDENTE,,,,,17717-26,,-22.5601089,-44.13616843
SUP-7285-24,25/02/2026,SM,PENDENTE,,,,,17270-26,,-22.56034724,-44.13818431
SUP-7285-24,25/02/2026,SM,PENDENTE,,,,,17270-26,,-22.56068465,-44.13862426
SUP-7285-24,25/02/2026,SM,PENDENTE,,,,,17270-26,,-22.56134785,-44.14077602
SUP-7285-24,25/02/2026,SM,PENDENTE,,,,,17270-26,,-22.56113939,-44.14078013
SUP-7285-24,25/02/2026,SM,PENDENTE,,,,,17270-26,,-22.56163346,-44.14696275
SUP-7285-24,02/07/2026,SM.A,PENDENTE,,,,,17717-26,,-22.56054406,-44.13863429
SUP-7285-24,03/08/2026,SM,PENDENTE,,,,,17860-26,,-22.56221284,-44.14543624
SUP-7285-24,03/08/2026,SM,PENDENTE,,,,,17860-26,,-22.5622331,-44.14562859
SUP-7285-24,03/08/2026,SM,PENDENTE,,,,,17860-26,,-22.56224359,-44.14581848
SUP-7285-24,03/08/2026,SM,PENDENTE,,,,,17860-26,,-22.56225193,-44.14600974
SUP-7285-24,03/08/2026,SM,PENDENTE,,,,,17860-26,,-22.56223649,-44.14619832
SUP-7285-24,03/08/2026,SM,PENDENTE,,,,,17860-26,,-22.56221862,-44.14638896
SUP-7285-24,03/08/2026,SM,PENDENTE,,,,,17860-26,,-22.56193638,-44.14553083
SUP-7285-24,03/08/2026,SM,PENDENTE,,,,,17860-26,,-22.56194735,-44.14562286
SUP-7285-24,03/08/2026,SM,PENDENTE,,,,,17860-26,,-22.5619567,-44.14573495
SUP-7285-24,03/08/2026,SM,PENDENTE,,,,,17860-26,,-22.56196108,-44.145828
SUP-7285-24,03/08/2026,SM,PENDENTE,,,,,17860-26,,-22.56196245,-44.14591455
SUP-7285-24,03/08/2026,SM,PENDENTE,,,,,17860-26,,-22.56196137,-44.1460018
SUP-7285-24,03/08/2026,SM,PENDENTE,,,,,17860-26,,-22.56195829,-44.14608478
SUP-7285-24,25/02/2026,SM,PENDENTE,,,,,17270-26,,-22.56170107,-44.14802687
SUP-7285-24,25/02/2026,SM,PENDENTE,,,,,17270-26,,-22.56122614,-44.14769293
SUP-7285-24,25/02/2026,SM,PENDENTE,,,,,17270-26,,-22.56139844,-44.14876356
SUP-7285-24,25/02/2026,SM,PENDENTE,,,,,17270-26,,-22.56057475,-44.14854894
SUP-7285-24,25/02/2026,SM,PENDENTE,,,,,17270-26,,-22.55996464,-44.15139027
SUP-7285-24,02/07/2026,SM.A,PENDENTE,,,,,17717-26,,-22.56181739,-44.14811287
SUP-7285-24,25/02/2026,SM,PENDENTE,,,,,17270-26,,-22.56341436,-44.15871464
SUP-7285-24,25/02/2026,SM,PENDENTE,,,,,17270-26,,-22.56346813,-44.15910255
SUP-7285-24,25/02/2026,SM,PENDENTE,,,,,17270-26,,-22.5608499,-44.16419225
SUP-7285-24,03/08/2026,SM,PENDENTE,,,,,17860-26,,-22.56236544,-44.16072131
SUP-7285-24,03/08/2026,SM,PENDENTE,,,,,17860-26,,-22.56234741,-44.16076236
SUP-7285-24,03/08/2026,SM,PENDENTE,,,,,17860-26,,-22.56229983,-44.16087071
SUP-7285-24,03/08/2026,SM,PENDENTE,,,,,17860-26,,-22.56223618,-44.16101572
SUP-7285-24,03/08/2026,SM,PENDENTE,,,,,17860-26,,-22.56217297,-44.16115946
SUP-7285-24,03/08/2026,SM,PENDENTE,,,,,17860-26,,-22.56210941,-44.16130418
SUP-7285-24,03/08/2026,SM,PENDENTE,,,,,17860-26,,-22.56204433,-44.16145251
SUP-7285-24,03/08/2026,SM,PENDENTE,,,,,17860-26,,-22.56199826,-44.16155724
SUP-7285-24,03/08/2026,SM,PENDENTE,,,,,17860-26,,-22.56198032,-44.16159801
SUP-7285-24,03/08/2026,SM,PENDENTE,,,,,17860-26,,-22.56212373,-44.1605512
SUP-7285-24,03/08/2026,SM,PENDENTE,,,,,17860-26,,-22.56208811,-44.16063205
SUP-7285-24,03/08/2026,SM,PENDENTE,,,,,17860-26,,-22.56204097,-44.16073922
SUP-7285-24,03/08/2026,SM,PENDENTE,,,,,17860-26,,-22.56197714,-44.16088433
SUP-7285-24,03/08/2026,SM,PENDENTE,,,,,17860-26,,-22.56191438,-44.1610271
SUP-7285-24,03/08/2026,SM,PENDENTE,,,,,17860-26,,-22.56185153,-44.16116997
SUP-7285-24,03/08/2026,SM,PENDENTE,,,,,17860-26,,-22.5617877,-44.16131498
SUP-7285-24,03/08/2026,SM,PENDENTE,,,,,17860-26,,-22.56174137,-44.16142049
SUP-7285-24,03/08/2026,SM,PENDENTE,,,,,17860-26,,-22.56170655,-44.16149958
SUP-7285-24,02/07/2026,SM.A,PENDENTE,,,,,17718-26,,-22.55372574,-44.17668957
SUP-7285-24,02/07/2026,SM.A,PENDENTE,,,,,17718-26,,-22.55124605,-44.18287984
SUP-7285-24,15/07/2026,SM,PENDENTE,,,,,17688-26,,-22.54826065,-44.18354977
SUP-7285-24,15/07/2026,SM,PENDENTE,,,,,17688-26,,-22.54793517,-44.18325401
SUP-7285-24,15/07/2026,SM,PENDENTE,,,,,17688-26,,-22.54795999,-44.18360232
SUP-7285-24,15/07/2026,SM,PENDENTE,,,,,17688-26,,-22.54769351,-44.18333907
SUP-7285-24,15/07/2026,SM,PENDENTE,,,,,17688-26,,-22.54767829,-44.18366832
SUP-7285-24,15/07/2026,SM,PENDENTE,,,,,17688-26,,-22.54738178,-44.18342422
SUP-7285-24,15/07/2026,SM,PENDENTE,,,,,17688-26,,-22.54728525,-44.18378577
SUP-7285-24,15/07/2026,SM,PENDENTE,,,,,17688-26,,-22.54707808,-44.18351016
SUP-7285-24,21/07/2026,SM,PENDENTE,,,,,17685-26,,-22.54283192,-44.19012235
SUP-7285-24,21/07/2026,SM.A,PENDENTE,,,,,17685-26,,-22.54291893,-44.19033911
SUP-7285-24,21/07/2026,SM.A,PENDENTE,,,,,17685-26,,-22.54180743,-44.1922913
SUP-7285-24,21/07/2026,SM.A,PENDENTE,,,,,17685-26,,-22.54067433,-44.19295954
SUP-7285-24,21/07/2026,SM.A,PENDENTE,,,,,17685-26,,-22.5398846,-44.19169527
SUP-7285-24,21/07/2026,SM.A,PENDENTE,,,,,17685-26,,-22.53997621,-44.19357858
SUP-7285-24,21/07/2026,SM.A,PENDENTE,,,,,17685-26,,-22.53902636,-44.19190854
SUP-7285-24,21/07/2026,SM.A,PENDENTE,,,,,17685-26,,-22.53930021,-44.19232239
SUP-7285-24,21/07/2026,SM.A,PENDENTE,,,,,17685-26,,-22.53947587,-44.19365041
SUP-7285-24,21/07/2026,SM.A,PENDENTE,,,,,17685-26,,-22.53848558,-44.19235934
SUP-7285-24,21/07/2026,SM.A,PENDENTE,,,,,17685-26,,-22.53922678,-44.19412133
SUP-7285-24,21/07/2026,SM.A,PENDENTE,,,,,17685-26,,-22.53866711,-44.1945773
SUP-7285-24,15/07/2026,SM,PENDENTE,,,,,17688-26,,-22.53726795,-44.19451613
SUP-7285-24,21/07/2026,SM,PENDENTE,,,,,17685-26,,-22.53652159,-44.19559946
SUP-7285-24,21/07/2026,SM,PENDENTE,,,,,17685-26,,-22.53625421,-44.19580004
SUP-7285-24,21/07/2026,SM.A,PENDENTE,,,,,17685-26,,-22.52814424,-44.196052
SUP-7285-24,21/07/2026,SM.A,PENDENTE,,,,,17685-26,,-22.52354299,-44.19972379
SUP-7285-24,21/07/2026,SM.A,PENDENTE,,,,,17685-26,,-22.5236245,-44.2005256
SUP-7285-24,21/07/2026,SM.A,PENDENTE,,,,,17685-26,,-22.52371543,-44.20066082
SUP-7285-24,21/07/2026,SM.A,PENDENTE,,,,,17685-26,,-22.52317743,-44.20274666
SUP-7285-24,21/07/2026,SM.A,PENDENTE,,,,,17685-26,,-22.52259892,-44.20331518
SUP-7285-24,21/07/2026,SM.A,PENDENTE,,,,,17685-26,,-22.52218182,-44.20359562
SUP-7285-24,21/07/2026,SM.A,PENDENTE,,,,,17685-26,,-22.51957429,-44.20439035
SUP-7285-24,21/07/2026,SM.A,PENDENTE,,,,,17685-26,,-22.52006733,-44.20534995
SUP-7285-24,21/07/2026,SM.A,PENDENTE,,,,,17685-26,,-22.52018483,-44.20562476
SUP-7285-24,21/07/2026,SM.A,PENDENTE,,,,,17685-26,,-22.51947982,-44.2047858
SUP-7285-24,21/07/2026,SM.A,PENDENTE,,,,,17685-26,,-22.51983791,-44.20585964
SUP-7285-24,21/07/2026,SM.A,PENDENTE,,,,,17685-26,,-22.51924138,-44.2046049
SUP-7285-24,21/07/2026,SM.A,PENDENTE,,,,,17685-26,,-22.51952343,-44.20599814
SUP-7285-24,21/07/2026,SM.A,PENDENTE,,,,,17685-26,,-22.51903594,-44.20491491
SUP-7285-24,21/07/2026,SM.A,PENDENTE,,,,,17685-26,,-22.5192172,-44.20590116
SUP-7285-24,21/07/2026,SM.A,PENDENTE,,,,,17685-26,,-22.51681305,-44.20715199
SUP-7285-24,21/07/2026,SM.A,PENDENTE,,,,,17685-26,,-22.51649133,-44.20719342
SUP-7285-24,21/07/2026,SM.A,PENDENTE,,,,,17685-26,,-22.51659313,-44.2075815
SUP-7285-24,21/07/2026,SM.A,PENDENTE,,,,,17685-26,,-22.51614063,-44.20711879
SUP-7285-24,21/07/2026,SM.A,PENDENTE,,,,,17685-26,,-22.51579089,-44.20744881
SUP-7285-24,21/07/2026,SM.A,PENDENTE,,,,,17685-26,,-22.51569404,-44.20789067
SUP-7285-24,21/07/2026,SM.A,PENDENTE,,,,,17685-26,,-22.51586448,-44.20824525
SUP-7285-24,21/07/2026,SM.A,PENDENTE,,,,,17685-26,,-22.51567228,-44.20956479
SUP-7285-24,21/07/2026,SM.A,PENDENTE,,,,,17685-26,,-22.51566388,-44.20990089
SUP-7285-24,21/07/2026,SM.A,PENDENTE,,,,,17685-26,,-22.51479044,-44.20978465
SUP-7285-24,21/07/2026,SM.A,PENDENTE,,,,,17685-26,,-22.51500775,-44.20997581
SUP-7285-24,21/07/2026,SM.A,PENDENTE,,,,,17685-26,,-22.5151172,-44.21023086
SUP-7285-24,21/07/2026,SM.A,PENDENTE,,,,,17685-26,,-22.51465314,-44.21056258
SUP-7285-24,21/07/2026,SM.A,PENDENTE,,,,,17685-26,,-22.51426938,-44.21115563
SUP-7285-24,15/07/2026,SM,PENDENTE,,,,,17688-26,,-22.51336828,-44.21141704
SUP-7285-24,15/07/2026,SM,PENDENTE,,,,,17688-26,,-22.51366001,-44.21154171
SUP-7285-24,15/07/2026,SM,PENDENTE,,,,,17688-26,,-22.51330298,-44.21173023
SUP-7285-24,15/07/2026,SM,PENDENTE,,,,,17688-26,,-22.51360079,-44.2118258
SUP-7285-24,21/07/2026,SM,PENDENTE,,,,,17685-26,,-22.5126806,-44.21225042
SUP-7285-24,21/07/2026,SM.A,PENDENTE,,,,,17685-26,,-22.51355522,-44.21258846
SUP-7285-24,21/07/2026,SM.A,PENDENTE,,,,,17685-26,,-22.51346771,-44.21316257
SUP-7285-24,21/07/2026,SM.A,PENDENTE,,,,,17685-26,,-22.51363021,-44.21320721
SUP-7285-24,21/07/2026,SM.A,PENDENTE,,,,,17685-26,,-22.51335042,-44.21393088
SUP-7285-24,21/07/2026,SM.A,PENDENTE,,,,,17685-26,,-22.51345872,-44.21395558
SUP-7285-24,21/07/2026,SM.A,PENDENTE,,,,,17685-26,,-22.51315682,-44.21468271
SUP-7285-24,21/07/2026,SM.A,PENDENTE,,,,,17685-26,,-22.51329572,-44.2147123
SUP-7285-24,21/07/2026,SM,PENDENTE,,,,,17685-26,,-22.51268821,-44.21520596
SUP-7285-24,21/07/2026,SM.A,PENDENTE,,,,,17685-26,,-22.51297161,-44.21544485
SUP-7285-24,21/07/2026,SM.A,PENDENTE,,,,,17685-26,,-22.51309408,-44.21548212
SUP-7285-24,21/07/2026,SM.A,PENDENTE,,,,,17685-26,,-22.51215954,-44.2171739
SUP-7285-24,21/07/2026,SM.A,PENDENTE,,,,,17685-26,,-22.51177715,-44.21785134
SUP-7285-24,21/07/2026,SM.A,PENDENTE,,,,,17685-26,,-22.51195737,-44.21809743
SUP-7285-24,21/07/2026,SM.A,PENDENTE,,,,,17685-26,,-22.5110282,-44.21830449
SUP-7285-24,21/07/2026,SM.A,PENDENTE,,,,,17685-26,,-22.51119422,-44.21861704
SUP-7285-24,21/07/2026,SM.A,PENDENTE,,,,,17685-26,,-22.51078911,-44.21898136
SUP-7285-24,21/07/2026,SM.A,PENDENTE,,,,,17685-26,,-22.51034235,-44.21855318
SUP-7285-24,25/07/2026,SM.A,PENDENTE,,,,,17686-26,,-22.51011548,-44.21940392
SUP-7285-24,25/07/2026,SM.A,PENDENTE,,,,,17686-26,,-22.51047559,-44.21962653
SUP-7285-24,25/07/2026,SM,PENDENTE,,,,,17686-26,,-22.50883735,-44.21955064
SUP-7285-24,25/07/2026,SM.A,PENDENTE,,,,,17686-26,,-22.50953324,-44.21997706
SUP-7285-24,25/07/2026,SM.A,PENDENTE,,,,,17686-26,,-22.50988001,-44.2201928
SUP-7285-24,25/07/2026,SM,PENDENTE,,,,,17686-26,,-22.50855788,-44.21992921
SUP-7285-24,25/07/2026,SM,PENDENTE,,,,,17686-26,,-22.50814354,-44.220332
SUP-7285-24,25/07/2026,SM,PENDENTE,,,,,17686-26,,-22.50741421,-44.22093297
SUP-7285-24,25/07/2026,SM,PENDENTE,,,,,17686-26,,-22.50755654,-44.22109255
SUP-7285-24,25/07/2026,SM.A,PENDENTE,,,,,17686-26,,-22.50796763,-44.22175417
SUP-7285-24,25/07/2026,SM,PENDENTE,,,,,17686-26,,-22.50679591,-44.22163571
SUP-7285-24,25/07/2026,SM,PENDENTE,,,,,17686-26,,-22.50695792,-44.22177537
SUP-7285-24,25/07/2026,SM.A,PENDENTE,,,,,17686-26,,-22.50736416,-44.22210661
SUP-7285-24,25/07/2026,SM.A,PENDENTE,,,,,17686-26,,-22.50687616,-44.22287558
SUP-7285-24,25/07/2026,SM.A,PENDENTE,,,,,17686-26,,-22.50709456,-44.2230232
SUP-7285-24,25/07/2026,SM,PENDENTE,,,,,17686-26,,-22.50623563,-44.22297544
SUP-7285-24,25/07/2026,SM.A,PENDENTE,,,,,17686-26,,-22.50718193,-44.22377499
SUP-7285-24,25/07/2026,SM.A,PENDENTE,,,,,17686-26,,-22.50637245,-44.22373265
SUP-7285-24,25/07/2026,SM.A,PENDENTE,,,,,17686-26,,-22.5067119,-44.22402292
SUP-7285-24,25/07/2026,SM,PENDENTE,,,,,17686-26,,-22.50564154,-44.22351899
SUP-7285-24,25/07/2026,SM,PENDENTE,,,,,17686-26,,-22.50581161,-44.22373578
SUP-7285-24,25/07/2026,SM,PENDENTE,,,,,17686-26,,-22.50519464,-44.2244529
SUP-7285-24,25/07/2026,SM.A,PENDENTE,,,,,17686-26,,-22.50541192,-44.22474897
SUP-7285-24,25/07/2026,SM.A,PENDENTE,,,,,17686-26,,-22.5047609,-44.22575131
SUP-7285-24,25/07/2026,SM.A,PENDENTE,,,,,17686-26,,-22.50421841,-44.22637724
SUP-7285-24,25/07/2026,SM.A,PENDENTE,,,,,17686-26,,-22.50012168,-44.23061779
SUP-7285-24,25/07/2026,SM.A,PENDENTE,,,,,17686-26,,-22.49982348,-44.23099224
SUP-7285-24,25/07/2026,SM.A,PENDENTE,,,,,17686-26,,-22.50015835,-44.23118023
SUP-7285-24,25/07/2026,SM.A,PENDENTE,,,,,17686-26,,-22.49936425,-44.23177964
SUP-7285-24,25/07/2026,SM.A,PENDENTE,,,,,17686-26,,-22.49916522,-44.23235998
SUP-7285-24,25/07/2026,SM.A,PENDENTE,,,,,17686-26,,-22.4988559,-44.23262775
SUP-7285-24,25/07/2026,SM.A,PENDENTE,,,,,17686-26,,-22.49898024,-44.23291262
SUP-7285-24,25/07/2026,SM.A,PENDENTE,,,,,17686-26,,-22.49919114,-44.23298179
SUP-7285-24,25/07/2026,SM.A,PENDENTE,,,,,17686-26,,-22.49875835,-44.23347803
SUP-7285-24,25/07/2026,SM.A,PENDENTE,,,,,17686-26,,-22.49850553,-44.23550109
SUP-7285-24,25/07/2026,SM.A,PENDENTE,,,,,17686-26,,-22.49828561,-44.23542779
SUP-7285-24,25/07/2026,SM,PENDENTE,,,,,17686-26,,-22.49594321,-44.2382523
SUP-7285-24,25/07/2026,SM,PENDENTE,,,,,17686-26,,-22.4954897,-44.23878979
SUP-7285-24,25/07/2026,SM,PENDENTE,,,,,17686-26,,-22.49520179,-44.23917152
SUP-7285-24,25/07/2026,SM,PENDENTE,,,,,17686-26,,-22.49210791,-44.24287402
SUP-7285-24,15/07/2026,SM,PENDENTE,,,,,17688-26,,-22.49042137,-44.24416621
SUP-7285-24,15/07/2026,SM,PENDENTE,,,,,17688-26,,-22.49048842,-44.24448724
SUP-7285-24,15/07/2026,SM,PENDENTE,,,,,17688-26,,-22.49031833,-44.24459467
SUP-7285-24,25/07/2026,SM,PENDENTE,,,,,17686-26,,-22.49017,-44.24469927
SUP-7285-24,15/07/2026,SM,PENDENTE,,,,,17688-26,,-22.4899258,-44.24449625
SUP-7285-24,15/07/2026,SM,PENDENTE,,,,,17688-26,,-22.49001842,-44.24480144
SUP-7285-24,15/07/2026,SM,PENDENTE,,,,,17688-26,,-22.48977458,-44.24460786
SUP-7285-24,15/07/2026,SM,PENDENTE,,,,,17688-26,,-22.48983412,-44.24494982
SUP-7285-24,15/07/2026,SM,PENDENTE,,,,,17688-26,,-22.48961766,-44.24470767
SUP-7285-24,15/07/2026,SM,PENDENTE,,,,,17688-26,,-22.48942473,-44.24482534
SUP-7285-24,15/07/2026,SM,PENDENTE,,,,,17688-26,,-22.48840002,-44.24593383
SUP-7285-24,25/07/2026,SM.A,PENDENTE,,,,,17686-26,,-22.48790831,-44.24482446
SUP-7285-24,25/07/2026,SM.A,PENDENTE,,,,,17686-26,,-22.48789175,-44.24514535
SUP-7285-24,25/07/2026,SM.A,PENDENTE,,,,,17686-26,,-22.48746006,-44.24555597
SUP-7285-24,25/07/2026,SM.A,PENDENTE,,,,,17686-26,,-22.48684921,-44.24628834
SUP-7285-24,25/07/2026,SM,PENDENTE,,,,,17686-26,,-22.48762272,-44.24749928
SUP-7285-24,25/07/2026,SM,PENDENTE,,,,,17686-26,,-22.48640531,-44.24851352
SUP-7285-24,25/07/2026,SM,PENDENTE,,,,,17686-26,,-22.48620724,-44.24889895
SUP-7285-24,25/07/2026,SM,PENDENTE,,,,,17686-26,,-22.48661301,-44.24971596
SUP-7285-24,25/07/2026,SM,PENDENTE,,,,,17686-26,,-22.48643568,-44.24964531
SUP-7285-24,25/07/2026,SM,PENDENTE,,,,,17686-26,,-22.48647605,-44.25007875
SUP-7285-24,25/07/2026,SM,PENDENTE,,,,,17686-26,,-22.48649658,-44.25059094
SUP-7285-24,25/07/2026,SM,PENDENTE,,,,,17686-26,,-22.48679266,-44.25149307
SUP-7285-24,25/07/2026,SM,PENDENTE,,,,,17686-26,,-22.48659183,-44.25243098
SUP-7285-24,25/07/2026,SM,PENDENTE,,,,,17686-26,,-22.48669024,-44.25311244
SUP-7285-24,25/07/2026,SM,PENDENTE,,,,,17686-26,,-22.48662881,-44.25380436
SUP-7285-24,25/07/2026,SM,PENDENTE,,,,,17686-26,,-22.4867882,-44.25387177
SUP-7285-24,25/07/2026,SM.A,PENDENTE,,,,,17686-26,,-22.48544409,-44.25648287
SUP-7285-24,25/07/2026,SM.A,PENDENTE,,,,,17686-26,,-22.48503108,-44.25714172
SUP-7285-24,25/07/2026,SM.A,PENDENTE,,,,,17687-26,,-22.48449998,-44.25737567
SUP-7285-24,25/07/2026,SM.A,PENDENTE,,,,,17687-26,,-22.48470257,-44.25757375
SUP-7285-24,25/07/2026,SM.A,PENDENTE,,,,,17687-26,,-22.48420675,-44.25785085
SUP-7285-24,25/07/2026,SM.A,PENDENTE,,,,,17687-26,,-22.48459398,-44.25816066
SUP-7285-24,25/07/2026,SM.A,PENDENTE,,,,,17687-26,,-22.48367035,-44.25954559
SUP-7285-24,25/07/2026,SM.A,PENDENTE,,,,,17687-26,,-22.48273623,-44.26004829
SUP-7285-24,25/07/2026,SM.A,PENDENTE,,,,,17687-26,,-22.4830124,-44.26026668
SUP-7285-24,25/07/2026,SM,PENDENTE,,,,,17687-26,,-22.48113447,-44.26101879
SUP-7285-24,25/07/2026,SM,PENDENTE,,,,,17687-26,,-22.48066387,-44.2614472
SUP-7285-24,25/07/2026,SM.A,PENDENTE,,,,,17687-26,,-22.47890384,-44.26181626
SUP-7285-24,25/07/2026,SM.A,PENDENTE,,,,,17687-26,,-22.47867559,-44.26188563
SUP-7285-24,25/07/2026,SM.A,PENDENTE,,,,,17687-26,,-22.47838696,-44.26201569
SUP-7285-24,25/07/2026,SM.A,PENDENTE,,,,,17687-26,,-22.47645699,-44.26423097
SUP-7285-24,25/07/2026,SM,PENDENTE,,,,,17687-26,,-22.47527185,-44.26589299
SUP-7285-24,25/07/2026,SM,PENDENTE,,,,,17687-26,,-22.4751785,-44.26637971
SUP-7285-24,25/07/2026,SM,PENDENTE,,,,,17687-26,,-22.47359384,-44.2730998
SUP-7285-24,25/07/2026,SM,PENDENTE,,,,,17687-26,,-22.47339359,-44.2739322
SUP-7285-24,25/07/2026,SM.A,PENDENTE,,,,,17687-26,,-22.47308956,-44.27512914
SUP-7285-24,25/07/2026,SM.A,PENDENTE,,,,,17687-26,,-22.47293014,-44.27559594
SUP-7285-24,25/07/2026,SM.A,PENDENTE,,,,,17687-26,,-22.47277391,-44.27597029
SUP-7285-24,25/07/2026,SM.A,PENDENTE,,,,,17687-26,,-22.47157798,-44.27862896
SUP-7285-24,25/07/2026,SM.A,PENDENTE,,,,,17687-26,,-22.47120486,-44.27856348
SUP-7285-24,25/07/2026,SM.A,PENDENTE,,,,,17687-26,,-22.47062827,-44.27915095
SUP-7285-24,15/07/2026,SM,PENDENTE,,,,,17688-26,,-22.46851474,-44.28139827
SUP-7285-24,15/07/2026,SM,PENDENTE,,,,,17688-26,,-22.46824001,-44.28151682
SUP-7285-24,15/07/2026,SM,PENDENTE,,,,,17688-26,,-22.46787469,-44.28138474
SUP-7285-24,25/07/2026,SM.A,PENDENTE,,,,,17687-26,,-22.45843567,-44.29200531
SUP-7285-24,25/07/2026,SM.A,PENDENTE,,,,,17687-26,,-22.45774248,-44.29249457
SUP-7285-24,25/07/2026,SM.A,PENDENTE,,,,,17687-26,,-22.4573441,-44.29215253
SUP-7285-24,25/07/2026,SM.A,PENDENTE,,,,,17687-26,,-22.45697537,-44.29236301
SUP-7285-24,25/07/2026,SM.A,PENDENTE,,,,,17687-26,,-22.45710857,-44.2929505
SUP-7285-24,25/07/2026,SM.A,PENDENTE,,,,,17687-26,,-22.45644172,-44.29295137
SUP-7285-24,25/07/2026,SM.A,PENDENTE,,,,,17687-26,,-22.45494092,-44.29425587
SUP-7285-24,25/07/2026,SM.A,PENDENTE,,,,,17687-26,,-22.45499862,-44.294961
SUP-7285-24,25/07/2026,SM.A,PENDENTE,,,,,17687-26,,-22.45454111,-44.2949025
SUP-7285-24,25/07/2026,SM.A,PENDENTE,,,,,17687-26,,-22.45406318,-44.29649549
SUP-7285-24,25/07/2026,SM.A,PENDENTE,,,,,17687-26,,-22.45370518,-44.29696533
SUP-7285-24,25/07/2026,SM,PENDENTE,,,,,17687-26,,-22.45392216,-44.29998614
SUP-7285-24,25/07/2026,SM,PENDENTE,,,,,17687-26,,-22.45355471,-44.30307261
SUP-7285-24,15/07/2026,SM,PENDENTE,,,,,17688-26,,-22.45222945,-44.30594329
SUP-7285-24,15/07/2026,SM,PENDENTE,,,,,17688-26,,-22.4521383,-44.30628711
SUP-7285-24,15/07/2026,SM,PENDENTE,,,,,17688-26,,-22.452018,-44.30624772
SUP-7285-24,15/07/2026,SM,PENDENTE,,,,,17688-26,,-22.45232283,-44.30665228
SUP-7285-24,15/07/2026,SM,PENDENTE,,,,,17688-26,,-22.45208091,-44.30711016
SUP-7285-24,15/07/2026,SM,PENDENTE,,,,,17688-26,,-22.45165638,-44.30716068
SUP-7285-24,15/07/2026,SM,PENDENTE,,,,,17688-26,,-22.45160073,-44.30711884
SUP-7285-24,25/07/2026,SM.A,PENDENTE,,,,,17687-26,,-22.45197712,-44.3076255
SUP-7285-24,15/07/2026,SM,PENDENTE,,,,,17688-26,,-22.45180269,-44.30753925
SUP-7285-24,03/08/2026,SM,PENDENTE,,,,,17861-26,,-22.46083634,-44.45054692
SUP-7285-24,03/08/2026,SM,PENDENTE,,,,,17861-26,,-22.46707796,-44.49960666
SUP-7285-24,03/08/2026,SM,PENDENTE,,,,,17861-26,,-22.46710063,-44.49983869
SUP-7285-24,03/08/2026,SM,PENDENTE,,,,,17861-26,,-22.46677857,-44.49969162
SUP-7285-24,03/08/2026,SM,PENDENTE,,,,,17861-26,,-22.46680025,-44.49992355
SUP-7285-24,15/07/2026,SM,PENDENTE,,,,,17690-26,,-22.48147247,-44.53672112
SUP-7285-24,15/07/2026,SM,PENDENTE,,,,,17690-26,,-22.48193819,-44.53787157
SUP-7285-24,11/12/2025,SM,PENDENTE,,,,,17098-25,,-22.48606967,-44.54773567
SUP-7285-24,15/07/2026,SM,PENDENTE,,,,,17690-26,,-22.48756059,-44.55071225
SUP-7285-24,15/07/2026,SM,PENDENTE,,,,,17690-26,,-22.48753441,-44.55104286
SUP-7285-24,15/07/2026,SM,PENDENTE,,,,,17690-26,,-22.48800519,-44.55141071
SUP-7285-24,15/07/2026,SM,PENDENTE,,,,,17690-26,,-22.48796097,-44.55175113
SUP-7285-24,11/12/2025,SM,PENDENTE,,,,,17098-25,,-22.49364102,-44.56541992
SUP-8224-25 (RA),17/08/2026,SM,PENDENTE,,,,,17929-26,,-23.43905215,-46.76985533
SUP-6830-23,10/07/2026,SM,PENDENTE,,,,,17818-26,,-23.04532723,-44.65148077
SUP-7285-24,22/01/2026,SM,PENDENTE,,,,,17165-26,,-22.80662198,-45.17262291
SUP-7285-24,22/01/2026,SM,PENDENTE,,,,,17165-26,,-22.80724791,-45.17306411
SUP-7285-24,22/01/2026,SM,PENDENTE,,,,,17165-26,,-22.80746373,-45.1726269
SUP-7285-24,22/01/2026,SM,PENDENTE,,,,,17165-26,,-22.80801485,-45.17330907
SUP-7285-24,22/01/2026,SM,PENDENTE,,,,,17165-26,,-22.80777781,-45.17367679
SUP-7285-24,22/01/2026,SM,PENDENTE,,,,,17165-26,,-22.80850739,-45.17418777
SUP-7285-24,22/01/2026,SM,PENDENTE,,,,,17165-26,,-22.82039487,-45.18767299
SUP-6498-23,03/04/2026,SM.A,PENDENTE,,,,,17486-26,,-23.03329393,-44.17937765
SUP-6498-23,03/04/2026,SM.A,PENDENTE,,,,,17486-26,,-23.03471245,-44.18119411
SUP-6498-23,03/04/2026,SM.A,PENDENTE,,,,,17486-26,,-23.04163815,-44.18773061
SUP-6498-23,03/04/2026,SM.A,PENDENTE,,,,,17487-26,,-23.03149417,-44.2054853
SUP-6498-23,03/04/2026,SM.A,PENDENTE,,,,,17487-26,,-23.03051141,-44.20764789
SUP-6498-23,03/04/2026,SM.A,PENDENTE,,,,,17487-26,,-23.01778916,-44.21408477
SUP-6498-23,03/04/2026,SM.A,PENDENTE,,,,,17488-26,,-23.01033909,-44.22734022
SUP-6498-23,03/04/2026,SM.A,PENDENTE,,,,,17488-26,,-23.01031912,-44.23252182
SUP-6498-23,03/04/2026,SM.A,PENDENTE,,,,,17488-26,,-23.01024644,-44.23243441
SUP-6498-23,03/04/2026,SM.A,PENDENTE,,,,,17489-26,,-23.00385977,-44.25889396
SUP-6498-23,03/04/2026,SM.A,PENDENTE,,,,,17489-26,,-22.99196411,-44.23247925
SUP-6498-23,03/04/2026,SM.A,PENDENTE,,,,,17489-26,,-22.9920367,-44.23254713
SUP-6498-23,03/04/2026,SM.A,PENDENTE,,,,,17489-26,,-22.99107115,-44.23274772
SUP-6498-23,03/04/2026,SM.A,PENDENTE,,,,,17489-26,,-22.99048431,-44.23280958
SUP-6498-23,03/04/2026,SM.A,PENDENTE,,,,,17489-26,,-22.9979692,-44.25480861
SUP-6498-23,03/04/2026,SM.A,PENDENTE,,,,,17489-26,,-22.99824216,-44.25522667
SUP-6498-23,03/04/2026,SM.A,PENDENTE,,,,,17489-26,,-22.99864143,-44.25561477
SUP-6498-23,03/04/2026,SM.A,PENDENTE,,,,,17489-26,,-22.99950912,-44.2557271
SUP-6498-23,03/04/2026,SM.A,PENDENTE,,,,,17489-26,,-22.999832,-44.25715964
SUP-6498-23,03/04/2026,SM.A,PENDENTE,,,,,17489-26,,-23.00045786,-44.25771239
SUP-6498-23,03/04/2026,SM.A,PENDENTE,,,,,17489-26,,-23.00094713,-44.2580317
SUP-6498-23,03/04/2026,SM.A,PENDENTE,,,,,17489-26,,-23.00136346,-44.25820506
SUP-6498-23,03/04/2026,SM.A,PENDENTE,,,,,17489-26,,-23.00556111,-44.25956771
SUP-6498-23,03/04/2026,SM.A,PENDENTE,,,,,17489-26,,-23.00577861,-44.26165467
SUP-6498-23,03/04/2026,SM.A,PENDENTE,,,,,17490-26,,-22.99869015,-44.26800614
SUP-6498-23,03/04/2026,SM.A,PENDENTE,,,,,17490-26,,-23.00191808,-44.27065251
SUP-6498-23,03/04/2026,SM.A,PENDENTE,,,,,17490-26,,-23.01170016,-44.28838906
SUP-6498-23,03/04/2026,SM.A,PENDENTE,,,,,17490-26,,-23.01092643,-44.29109611
SUP-6498-23,03/04/2026,SM.A,PENDENTE,,,,,17490-26,,-23.01074656,-44.2912727
SUP-6498-23,05/12/2025,SM,PENDENTE,,,,,17068-25,,-22.99771966,-44.30112717
SUP-8370-25,17/08/2026,SM,PENDENTE,,,,,17930-26,,-23.67745275,-47.29704434
SUP-8370-25,17/08/2026,SM,PENDENTE,,,,,17930-26,,-23.6773461,-47.2971747
SUP-8370-25,17/08/2026,SM,PENDENTE,,,,,17930-26,,-23.6775806,-47.29722566
SUP-8370-25,17/08/2026,SM,PENDENTE,,,,,17930-26,,-23.67746773,-47.29740355
SUP-8370-25,17/08/2026,SM,PENDENTE,,,,,17930-26,,-23.69881065,-47.34966101
SUP-8370-25,17/08/2026,SM,PENDENTE,,,,,17930-26,,-23.69898453,-47.34981471
SUP-8370-25,17/08/2026,SM,PENDENTE,,,,,17930-26,,-23.71377357,-47.39988663
SUP-8370-25,17/08/2026,SM,PENDENTE,,,,,17930-26,,-23.71402725,-47.40021129
SUP-7285-24,03/10/2025,SM,PENDENTE,,,,,16798-25,,-22.51969661,-44.20552517
SUP-8370-25,17/08/2026,SM,PENDENTE,,,,,17930-26,,-23.71389013,-47.40034506
SUP-8370-25,17/08/2026,SM,PENDENTE,,,,,17930-26,,-23.71425713,-47.40041188
SUP-8370-25,17/08/2026,SM,PENDENTE,,,,,17930-26,,-23.71411903,-47.40056191
SUP-8370-25,17/08/2026,SM,PENDENTE,,,,,17930-26,,-23.71426794,-47.40084935
SUP-8370-25,17/08/2026,SM,PENDENTE,,,,,17930-26,,-23.7144354,-47.4007735
SUP-7285-24,03/10/2025,SM,PENDENTE,,,,,16798-25,,-22.50564293,-44.2243955
SUP-7285-24,03/10/2025,SM,PENDENTE,,,,,16798-25,,-22.49931785,-44.23272322
SUP-7285-24,03/10/2025,SM,PENDENTE,,,,,16798-25,,-22.49148074,-44.2442571
SUP-7285-24,03/10/2025,SM,PENDENTE,,,,,16798-25,,-22.48487938,-44.25697154
SUP-7285-24,03/10/2025,SM,PENDENTE,,,,,16798-25,,-22.48485609,-44.25795628
SUP-7285-24,03/10/2025,SM,PENDENTE,,,,,16798-25,,-22.50584676,-44.22343714
SUP-7285-24,22/05/2026,SM,PENDENTE,,,,,17640-26,,-22.55781601,-44.82200896
SUP-7285-24,22/05/2026,SM,PENDENTE,,,,,17640-26,,-22.55761542,-44.82218514
SUP-8370-25,16/07/2026,SM,PENDENTE,,,,,17814-26,,-23.50724386,-47.14227799
SUP-8370-25,16/07/2026,SM,PENDENTE,,,,,17814-26,,-23.50679138,-47.14225425
SUP-8370-25,16/07/2026,SM,PENDENTE,,,,,17814-26,,-23.50633735,-47.14221631
SUP-6806-23,24/08/2026,SM,PENDENTE,,,,,17965-26,,-24.0372866,-54.28132929
SUP-6806-23,24/08/2026,SM,PENDENTE,,,,,17965-26,,-24.03713258,-54.28112352
SUP-6806-23,24/08/2026,SM,PENDENTE,,,,,17965-26,,-24.03669814,-54.28193404
SUP-6806-23,24/08/2026,SM,PENDENTE,,,,,17965-26,,-24.03652645,-54.28173845
SUP-6806-23,24/08/2026,SM,PENDENTE,,,,,17965-26,,-24.03571787,-54.28294907
SUP-6806-23,24/08/2026,SM,PENDENTE,,,,,17965-26,,-24.03555348,-54.28276231
SUP-7285-24,26/11/2025,SM,PENDENTE,,,,,17031-25,,-22.62243306,-43.9234337
SUP-7285-24,26/11/2025,SM,PENDENTE,,,,,17031-25,,-22.62235005,-43.92352468
SUP-7285-24,26/11/2025,SM,PENDENTE,,,,,17031-25,,-22.62217846,-43.92335308
SUP-7285-24,26/11/2025,SM,PENDENTE,,,,,17031-25,,-22.62225532,-43.92364734
SUP-7285-24,26/11/2025,SM,PENDENTE,,,,,17031-25,,-22.62209783,-43.92346081
SUP-7285-24,26/11/2025,SM,PENDENTE,,,,,17031-25,,-22.62206113,-43.92350653
SUP-7285-24,26/11/2025,SM,PENDENTE,,,,,17031-25,,-22.6220267,-43.92355139
SUP-7285-24,26/11/2025,SM,PENDENTE,,,,,17031-25,,-22.62199177,-43.92359716
SUP-7285-24,26/11/2025,SM,PENDENTE,,,,,17031-25,,-22.62195544,-43.92363566
SUP-7285-24,26/11/2025,SM,PENDENTE,,,,,17031-25,,-22.62213719,-43.92380245
SUP-7285-24,26/11/2025,SM,PENDENTE,,,,,17031-25,,-22.58192949,-44.0208477
SUP-7285-24,26/11/2025,SM,PENDENTE,,,,,17031-25,,-22.58190653,-44.02087741
SUP-7285-24,26/11/2025,SM,PENDENTE,,,,,17031-25,,-22.5817438,-44.02065956
SUP-7285-24,26/11/2025,SM,PENDENTE,,,,,17031-25,,-22.58172413,-44.02069909
SUP-7285-24,26/11/2025,SM,PENDENTE,,,,,17031-25,,-22.58159763,-44.02086337
SUP-7285-24,26/11/2025,SM,PENDENTE,,,,,17031-25,,-22.58183666,-44.02097697
SUP-7285-24,26/11/2025,SM,PENDENTE,,,,,17031-25,,-22.58218916,-44.03453368
SUP-7285-24,26/11/2025,SM,PENDENTE,,,,,17031-25,,-22.58196407,-44.03454967
SUP-7285-24,26/11/2025,SM,PENDENTE,,,,,17031-25,,-22.58197147,-44.03470674
SUP-7285-24,26/11/2025,SM,PENDENTE,,,,,17031-25,,-22.58219528,-44.03470223
SUP-7285-24,26/11/2025,SM,PENDENTE,,,,,17031-25,,-22.58196946,-44.03486139
SUP-6806-23,04/08/2026,SM,PENDENTE,,,,,17895-26,,-20.40072471,-54.55490068
SUP-7769-24,17/08/2026,SM,PENDENTE,,,,,17694-26,,-18.87635893,-48.06859725
SUP-8370-25,14/08/2026,SM,PENDENTE,,,,,17926-26,,-23.6494075,-47.22294236
SUP-8551-26,20/08/2026,SM,PENDENTE,,,,,17940-26,,-23.48761887,-46.46396279
SUP-8551-26,20/08/2026,SM,PENDENTE,,,,,17940-26,,-23.4874766,-46.46372623
SUP-8551-26,20/08/2026,SM,PENDENTE,,,,,17942-26,,-23.48788991,-46.34155383
SUP-8551-26,20/08/2026,SM,PENDENTE,,,,,17943-26,,-23.48840195,-46.34396774
SUP-7285-24,19/06/2026,SM,PENDENTE,,,,,17745-26,,-22.82861119,-45.20826979
SUP-7285-24,19/08/2026,SM,PENDENTE,,,,,17945-26,,-22.82861119,-45.20826979
SUP-7285-24,19/08/2026,SM,PENDENTE,,,,,17945-26,,-22.88136826,-45.27666478
SUP-7285-24,06/08/2026,SM,PENDENTE,,,,,17905-26,,-22.58953268,-44.09956619
SUP-7285-24,30/07/2026,SM,PENDENTE,,,,,17890-26,,-22.58989192,-44.10141978
SUP-7285-24,06/08/2026,SM,PENDENTE,,,,,17905-26,,-22.58534126,-44.10852246
SUP-7285-24,06/08/2026,SM,PENDENTE,,,,,17905-26,,-22.575571,-44.11544169
SUP-7285-24,06/08/2026,SM,PENDENTE,,,,,17905-26,,-22.56995694,-44.11837796
SUP-7285-24,06/08/2026,SM,PENDENTE,,,,,17905-26,,-22.56977306,-44.11953843
SUP-8370-25,15/07/2026,SM,PENDENTE,,,,,17804-26,,-23.68520788,-47.27214135
SUP-8408-26,08/07/2026,SM,PENDENTE,,,,,17746-26,,-23.06411839,-49.63074297
SUP-8408-26,08/07/2026,SM,PENDENTE,,,,,17746-26,,-23.06382328,-49.63079664
SUP-8408-26,08/07/2026,SM,PENDENTE,,,,,17746-26,,-23.06406159,-49.63100182
SUP-8408-26,08/07/2026,SM,PENDENTE,,,,,17746-26,,-23.06377126,-49.63101723
SUP-8408-26,30/07/2026,SM,PENDENTE,,,,,17891-26,,-23.06225063,-49.63970731
SUP-8408-26,10/08/2026,SM,PENDENTE,,,,,17913-26,,-23.0479531,-49.70280485
SUP-8408-26,08/07/2026,SM,PENDENTE,,,,,17746-26,,-22.99372745,-49.84562454
SUP-8408-26,30/07/2026,SM,PENDENTE,,,,,17891-26,,-22.93538622,-49.88859388
SUP-8408-26,10/08/2026,SM,PENDENTE,,,,,17913-26,,-22.93500664,-49.88862056
SUP-8408-26,10/08/2026,SM,PENDENTE,,,,,17913-26,,-22.93462661,-49.88865237
SUP-6806-23,07/08/2026,SM,PENDENTE,,,,,17908-26,,-19.091023,-54.7747
SUP-6806-23,07/08/2026,SM,PENDENTE,,,,,17908-26,,-19.093077,-54.773728
SUP-8370-25,05/12/2025,SP,PENDENTE,,,,,17070-25,,-23.53568109,-47.49603274
SUP-8370-25,05/12/2025,SP,PENDENTE,,,,,17070-25,,-23.53611008,-47.50135713
SUP-8370-25,05/12/2025,SP,PENDENTE,,,,,17070-25,,-23.53400275,-47.50609497
SUP-8370-25,05/12/2025,SP,PENDENTE,,,,,17070-25,,-23.53029874,-47.50907929
SUP-8370-25,05/12/2025,SP,PENDENTE,,,,,17070-25,,-23.52631699,-47.5119309
SUP-8370-25,14/08/2026,SP,PENDENTE,,,,,17927-26,,-23.45234126,-47.38427765
SUP-8370-25,14/08/2026,SP,PENDENTE,,,,,17927-26,,-23.45268012,-47.38396083
SUP-8370-25,14/08/2026,SP,PENDENTE,,,,,17927-26,,-23.45301928,-47.38362444
SUP-8370-25,14/08/2026,SP,PENDENTE,,,,,17927-26,,-23.45337619,-47.38330795
SUP-8370-25,14/08/2026,SP,PENDENTE,,,,,17927-26,,-23.4537513,-47.38298199
SUP-8370-25,14/08/2026,SP,PENDENTE,,,,,17927-26,,-23.45409949,-47.38264576
SUP-8370-25,14/08/2026,SP,PENDENTE,,,,,17927-26,,-23.45477571,-47.38210993
SUP-6830-23,19/05/2026,SP,PENDENTE,,,,,17585-26,,-23.369973,-44.821116
SUP-6830-23,19/05/2026,SP,PENDENTE,,,,,17585-26,,-23.369559,-44.821625
SUP-6830-23,19/05/2026,SP,PENDENTE,,,,,17585-26,,-23.369550,-44.821899
SUP-8370-25,14/08/2026,SP,PENDENTE,,,,,17927-26,,-23.45506855,-47.38185099
SUP-8370-25,14/08/2026,SP,PENDENTE,,,,,17927-26,,-23.45543434,-47.38154443
SUP-8587-26,08/07/2026,SP,PENDENTE,,,,,17747-26,,-25.4306442,-49.35546787
SUP-8224-25 (AB),15/08/2026,SP,PENDENTE,,,,,17919-26,,-22.740214,-47.272103
SUP-7133-24,05/06/2026,SP,PENDENTE,,,,,17684-26,,-25.04571946,-50.28649155
SUP-7133-24,05/06/2026,SP,PENDENTE,,,,,17684-26,,-25.04978629,-50.29399391
SUP-7133-24,05/06/2026,SP,PENDENTE,,,,,17684-26,,-25.0526916,-50.30170269
SUP-7133-24,05/06/2026,SP,PENDENTE,,,,,17684-26,,-25.05374767,-50.31007769
SUP-7133-24,05/06/2026,SP,PENDENTE,,,,,17684-26,,-25.05344878,-50.3245307
SUP-7133-24,05/06/2026,SP,PENDENTE,,,,,17684-26,,-25.05696222,-50.33085244
SUP-7133-24,05/06/2026,SP,PENDENTE,,,,,17684-26,,-25.05565094,-50.33694422
SUP-7133-24,05/06/2026,SP,PENDENTE,,,,,17684-26,,-25.0591901,-50.34749524
SUP-7133-24,05/06/2026,SP,PENDENTE,,,,,17684-26,,-25.07048392,-50.35976321
SUP-7133-24,05/06/2026,SP,PENDENTE,,,,,17684-26,,-25.07867031,-50.36924113
SUP-7133-24,05/06/2026,SP,PENDENTE,,,,,17684-26,,-25.07921763,-50.37646849
SUP-7133-24,05/06/2026,SP,PENDENTE,,,,,17684-26,,-25.07963465,-50.3847592
SUP-7133-24,05/06/2026,SP,PENDENTE,,,,,17684-26,,-25.07371891,-50.39572704
SUP-7133-24,05/06/2026,SP,PENDENTE,,,,,17684-26,,-25.07808104,-50.40143085
SUP-7133-24,05/06/2026,SP,PENDENTE,,,,,17684-26,,-25.08392086,-50.40857513
SUP-7133-24,11/06/2026,SP,PENDENTE,,,,,17656-26,,-25.18053127,-50.72448927
SUP-7133-24,11/06/2026,SP,PENDENTE,,,,,17656-26,,-25.18931795,-50.73630126
SUP-7133-24,11/06/2026,SP,PENDENTE,,,,,17656-26,,-25.19032801,-50.74209184
SUP-7133-24,11/06/2026,SP,PENDENTE,,,,,17656-26,,-25.19245831,-50.7512398
SUP-7133-24,11/06/2026,SP,PENDENTE,,,,,17656-26,,-25.19754435,-50.76375733
SUP-7133-24,11/06/2026,SP,PENDENTE,,,,,17656-26,,-25.19734684,-50.76743024
SUP-7133-24,11/06/2026,SP,PENDENTE,,,,,17656-26,,-25.19590421,-50.78036009
SUP-7133-24,11/06/2026,SP,PENDENTE,,,,,17656-26,,-25.18969549,-50.79747043
SUP-8370-25,14/08/2026,SP,PENDENTE,,,,,17925-26,,-23.69344813,-47.60850329
SUP-8370-25,14/08/2026,SP,PENDENTE,,,,,17924-26,,-23.6141275,-47.46482614
SUP-8370-25,05/08/2026,SP,PENDENTE,,,,,17896-26,,-23.60395052,-47.46618349
SUP-8370-25,14/08/2026,SP,PENDENTE,,,,,17927-26,,-23.45579982,-47.38125743
SUP-8370-25,14/08/2026,SP,PENDENTE,,,,,17927-26,,-23.45606498,-47.38103713
SUP-7133-24,19/06/2026,SP,PENDENTE,,,,,17748-26,,-25.4303211,-50.0625776
SUP-8370-25,14/08/2026,SP,PENDENTE,,,,,17927-26,,-23.45628383,-47.38089427
SUP-8370-25,14/08/2026,SP,PENDENTE,,,,,17927-26,,-23.45274559,-47.38440233
SUP-7133-24,19/06/2026,SP,PENDENTE,,,,,17748-26,,-25.42965384,-50.06404313
SUP-8370-25,14/08/2026,SP,PENDENTE,,,,,17927-26,,-23.45310221,-47.3841054
SUP-7133-24,19/06/2026,SP,PENDENTE,,,,,17748-26,,-25.42927482,-50.063944
SUP-8370-25,11/10/2025,SP,PENDENTE,,,,,16829-25,,-23.40059282,-47.33543111
SUP-8370-25,14/08/2026,SP,PENDENTE,,,,,17927-26,,-23.45344935,-47.38383765
SUP-7133-24,19/06/2026,SP,PENDENTE,,,,,17748-26,,-25.42927328,-50.06419042
SUP-8370-25,14/08/2026,SP,PENDENTE,,,,,17927-26,,-23.45383303,-47.38354121
SUP-7133-24,19/06/2026,SP,PENDENTE,,,,,17748-26,,-25.42859741,-50.0655867
SUP-8370-25,14/08/2026,SP,PENDENTE,,,,,17927-26,,-23.45423567,-47.38318639
SUP-8370-25,14/08/2026,SP,PENDENTE,,,,,17927-26,,-23.45461003,-47.38290934
SUP-8370-25,14/08/2026,SP,PENDENTE,,,,,17927-26,,-23.45495881,-47.38253398
SUP-8587-26,08/07/2026,SP,PENDENTE,,,,,17747-26,,-25.43050786,-49.35443841
SUP-8224-25 (AB),15/08/2026,SP,PENDENTE,,,,,17919-26,,-22.740434,-47.271979
SUP-7133-24,05/06/2026,SP,PENDENTE,,,,,17684-26,,-25.04633517,-50.2883021
SUP-7133-24,05/06/2026,SP,PENDENTE,,,,,17684-26,,-25.04989991,-50.29391268
SUP-7133-24,05/06/2026,SP,PENDENTE,,,,,17684-26,,-25.05482043,-50.30648901
SUP-7133-24,05/06/2026,SP,PENDENTE,,,,,17684-26,,-25.05384823,-50.31013396
SUP-7133-24,05/06/2026,SP,PENDENTE,,,,,17684-26,,-25.05686468,-50.33320886
SUP-7133-24,05/06/2026,SP,PENDENTE,,,,,17684-26,,-25.05492581,-50.3416604
SUP-7133-24,05/06/2026,SP,PENDENTE,,,,,17684-26,,-25.06248909,-50.34910962
SUP-7133-24,05/06/2026,SP,PENDENTE,,,,,17684-26,,-25.07269474,-50.36148332
SUP-7133-24,05/06/2026,SP,PENDENTE,,,,,17684-26,,-25.07921142,-50.3781452
SUP-7133-24,05/06/2026,SP,PENDENTE,,,,,17684-26,,-25.07988564,-50.38500187
SUP-7133-24,05/06/2026,SP,PENDENTE,,,,,17684-26,,-25.07375849,-50.39614282
SUP-7133-24,05/06/2026,SP,PENDENTE,,,,,17684-26,,-25.07953773,-50.40317117
SUP-7133-24,05/06/2026,SP,PENDENTE,,,,,17684-26,,-25.08410062,-50.4083874
SUP-7133-24,14/07/2026,SP,PENDENTE,,,,,17710-26,,-25.1749533,-50.62289874
SUP-7133-24,11/06/2026,SP,PENDENTE,,,,,17656-26,,-25.18065537,-50.72452397
SUP-7133-24,11/06/2026,SP,PENDENTE,,,,,17656-26,,-25.18982349,-50.73866148
SUP-7133-24,11/06/2026,SP,PENDENTE,,,,,17656-26,,-25.19049763,-50.74205687
SUP-7133-24,11/06/2026,SP,PENDENTE,,,,,17656-26,,-25.19258228,-50.75118384
SUP-7133-24,11/06/2026,SP,PENDENTE,,,,,17656-26,,-25.1976281,-50.7637472
SUP-7133-24,11/06/2026,SP,PENDENTE,,,,,17656-26,,-25.19744841,-50.76743875
SUP-7133-24,11/06/2026,SP,PENDENTE,,,,,17656-26,,-25.19606212,-50.7804247
SUP-7133-24,11/06/2026,SP,PENDENTE,,,,,17656-26,,-25.18982812,-50.79749291
SUP-8370-25,14/08/2026,SP,PENDENTE,,,,,17925-26,,-23.69402829,-47.60942639
SUP-8370-25,14/08/2026,SP,PENDENTE,,,,,17924-26,,-23.61740748,-47.47878915
SUP-8370-25,05/08/2026,SP,PENDENTE,,,,,17896-26,,-23.60413381,-47.46601059
SUP-8370-25,14/08/2026,SP,PENDENTE,,,,,17927-26,,-23.45518743,-47.38234238
SUP-8370-25,14/08/2026,SP,PENDENTE,,,,,17927-26,,-23.45552599,-47.38204512
SUP-8370-25,14/08/2026,SP,PENDENTE,,,,,17927-26,,-23.45589178,-47.38173856
SUP-8370-25,14/08/2026,SP,PENDENTE,,,,,17927-26,,-23.45626554,-47.38150063
SUP-8370-25,14/08/2026,SP,PENDENTE,,,,,17927-26,,-23.45659507,-47.3812032
SUP-6830-23,19/05/2026,SP,PENDENTE,,,,,17585-26,,-23.361827,-44.950165
SUP-6830-23,19/05/2026,SP,PENDENTE,,,,,17585-26,,-23.361684,-44.951938
SUP-6830-23,19/05/2026,SP,PENDENTE,,,,,17584-26,,-23.373214,-44.960968
SUP-6830-23,19/05/2026,SP,PENDENTE,,,,,17584-26,,-23.376704,-44.966230
SUP-8587-26,08/07/2026,SP,PENDENTE,,,,,17747-26,,-25.43042479,-49.35371983
SUP-7133-24,05/06/2026,SP,PENDENTE,,,,,17684-26,,-25.04654112,-50.28822275
SUP-7133-24,05/06/2026,SP,PENDENTE,,,,,17684-26,,-25.05041355,-50.2962702
SUP-7133-24,05/06/2026,SP,PENDENTE,,,,,17684-26,,-25.05495021,-50.30647603
SUP-7133-24,05/06/2026,SP,PENDENTE,,,,,17684-26,,-25.05669498,-50.33314246
SUP-7133-24,05/06/2026,SP,PENDENTE,,,,,17684-26,,-25.05514488,-50.34164314
SUP-7133-24,05/06/2026,SP,PENDENTE,,,,,17684-26,,-25.07277023,-50.36137047
SUP-7133-24,05/06/2026,SP,PENDENTE,,,,,17684-26,,-25.0793813,-50.38061721
SUP-7133-24,05/06/2026,SP,PENDENTE,,,,,17684-26,,-25.07893213,-50.38656585
SUP-7133-24,05/06/2026,SP,PENDENTE,,,,,17684-26,,-25.07675092,-50.39992303
SUP-7133-24,05/06/2026,SP,PENDENTE,,,,,17684-26,,-25.08072676,-50.40466417
SUP-7133-24,11/06/2026,SP,PENDENTE,,,,,17656-26,,-25.18227558,-50.6741647
SUP-7133-24,11/06/2026,SP,PENDENTE,,,,,17656-26,,-25.18598364,-50.70089557
SUP-7133-24,11/06/2026,SP,PENDENTE,,,,,17656-26,,-25.18402269,-50.70758037
SUP-7133-24,11/06/2026,SP,PENDENTE,,,,,17656-26,,-25.18995681,-50.738634
SUP-7133-24,11/06/2026,SP,PENDENTE,,,,,17656-26,,-25.19063888,-50.74329003
SUP-7133-24,11/06/2026,SP,PENDENTE,,,,,17656-26,,-25.1931021,-50.75309516
SUP-7133-24,11/06/2026,SP,PENDENTE,,,,,17656-26,,-25.19773232,-50.7637346
SUP-7133-24,11/06/2026,SP,PENDENTE,,,,,17656-26,,-25.19756844,-50.76744882
SUP-7133-24,11/06/2026,SP,PENDENTE,,,,,17656-26,,-25.19627584,-50.78051214
SUP-7133-24,11/06/2026,SP,PENDENTE,,,,,17656-26,,-25.18990747,-50.79750636
SUP-7133-24,11/06/2026,SP,PENDENTE,,,,,17656-26,,-25.18760678,-50.80414634
SUP-8370-25,14/08/2026,SP,PENDENTE,,,,,17925-26,,-23.6943606,-47.61006031
SUP-8370-25,14/08/2026,SP,PENDENTE,,,,,17924-26,,-23.62092926,-47.48660485
SUP-8370-25,05/08/2026,SP,PENDENTE,,,,,17896-26,,-23.60352996,-47.46595031
SUP-6830-23,19/05/2026,SP,PENDENTE,,,,,17584-26,,-23.379429,-44.968061
SUP-8370-25,11/10/2025,SP,PENDENTE,,,,,16829-25,,-23.43723763,-47.37661966
SUP-6830-23,19/05/2026,SP,PENDENTE,,,,,17584-26,,-23.392832,-45.008181
SUP-6830-23,19/05/2026,SP,PENDENTE,,,,,17584-26,,-23.393185,-45.008745
SUP-6830-23,19/05/2026,SP,PENDENTE,,,,,17584-26,,-23.402940,-45.017635
SUP-6830-23,19/05/2026,SP,PENDENTE,,,,,17585-26,,-23.408700,-45.018842
SUP-8587-26,08/07/2026,SP,PENDENTE,,,,,17747-26,,-25.4303413,-49.35300998
SUP-8224-25 (AB),15/08/2026,SP,PENDENTE,,,,,17919-26,,-22.74090522,-47.27232059
SUP-7133-24,05/06/2026,SP,PENDENTE,,,,,17684-26,,-25.04717239,-50.29060712
SUP-7133-24,05/06/2026,SP,PENDENTE,,,,,17684-26,,-25.05056828,-50.29623109
SUP-7133-24,05/06/2026,SP,PENDENTE,,,,,17684-26,,-25.05531681,-50.34411733
SUP-7133-24,05/06/2026,SP,PENDENTE,,,,,17684-26,,-25.07453406,-50.36292092
SUP-7133-24,05/06/2026,SP,PENDENTE,,,,,17684-26,,-25.07917117,-50.38669752
SUP-7133-24,05/06/2026,SP,PENDENTE,,,,,17684-26,,-25.08084973,-50.4045406
SUP-7133-24,11/06/2026,SP,PENDENTE,,,,,17656-26,,-25.18606407,-50.70091883
SUP-7133-24,11/06/2026,SP,PENDENTE,,,,,17656-26,,-25.18416253,-50.7076468
SUP-7133-24,11/06/2026,SP,PENDENTE,,,,,17656-26,,-25.19078679,-50.74452182
SUP-7133-24,11/06/2026,SP,PENDENTE,,,,,17656-26,,-25.19380492,-50.75481701
SUP-7133-24,11/06/2026,SP,PENDENTE,,,,,17656-26,,-25.19759209,-50.76545989
SUP-7133-24,11/06/2026,SP,PENDENTE,,,,,17656-26,,-25.19707743,-50.77168809
SUP-7133-24,11/06/2026,SP,PENDENTE,,,,,17656-26,,-25.19558016,-50.78181616
SUP-8370-25,14/08/2026,SP,PENDENTE,,,,,17925-26,,-23.69470374,-47.61058663
SUP-8370-25,14/08/2026,SP,PENDENTE,,,,,17924-26,,-23.62307027,-47.49493363
SUP-8370-25,05/08/2026,SP,PENDENTE,,,,,17896-26,,-23.60375977,-47.46569013
SUP-6830-23,19/05/2026,SP,PENDENTE,,,,,17584-26,,-23.413489,-45.053323
SUP-6830-23,19/05/2026,SP,PENDENTE,,,,,17584-26,,-23.413939,-45.054225
SUP-6830-23,19/05/2026,SP,PENDENTE,,,,,17584-26,,-23.408337,-45.060360
SUP-8587-26,08/07/2026,SP,PENDENTE,,,,,17747-26,,-25.43024698,-49.35220809
SUP-8224-25 (AB),15/08/2026,SP,PENDENTE,,,,,17919-26,,-22.74113048,-47.272478
SUP-7133-24,05/06/2026,SP,PENDENTE,,,,,17684-26,,-25.04729201,-50.29056041
SUP-7133-24,05/06/2026,SP,PENDENTE,,,,,17684-26,,-25.05642006,-50.34634195
SUP-7133-24,05/06/2026,SP,PENDENTE,,,,,17684-26,,-25.07930334,-50.38680006
SUP-7133-24,05/06/2026,SP,PENDENTE,,,,,17684-26,,-25.08198204,-50.40609149
SUP-7133-24,11/06/2026,SP,PENDENTE,,,,,17656-26,,-25.1861349,-50.70093932
SUP-7133-24,11/06/2026,SP,PENDENTE,,,,,17656-26,,-25.18277887,-50.709945
SUP-7133-24,11/06/2026,SP,PENDENTE,,,,,17656-26,,-25.18071365,-50.72940427
SUP-7133-24,11/06/2026,SP,PENDENTE,,,,,17656-26,,-25.19138628,-50.74815268
SUP-7133-24,11/06/2026,SP,PENDENTE,,,,,17656-26,,-25.19391566,-50.75476704
SUP-7133-24,11/06/2026,SP,PENDENTE,,,,,17656-26,,-25.19770861,-50.76546966
SUP-7133-24,11/06/2026,SP,PENDENTE,,,,,17656-26,,-25.19724509,-50.77170216
SUP-7133-24,11/06/2026,SP,PENDENTE,,,,,17656-26,,-25.19500339,-50.78306104
SUP-7133-24,11/06/2026,SP,PENDENTE,,,,,17656-26,,-25.19258546,-50.79166307
SUP-8370-25,14/08/2026,SP,PENDENTE,,,,,17925-26,,-23.69621356,-47.61311617
SUP-8370-25,14/08/2026,SP,PENDENTE,,,,,17924-26,,-23.62771493,-47.49911698
SUP-8370-25,05/08/2026,SP,PENDENTE,,,,,17896-26,,-23.60306598,-47.46560858
SUP-8587-26,08/07/2026,SP,PENDENTE,,,,,17747-26,,-25.43015289,-49.35124304
SUP-8224-25 (AB),15/08/2026,SP,PENDENTE,,,,,17919-26,,-22.74130381,-47.27267888
SUP-7133-24,05/06/2026,SP,PENDENTE,,,,,17684-26,,-25.05652284,-50.34615073
SUP-7133-24,05/06/2026,SP,PENDENTE,,,,,17684-26,,-25.07730463,-50.38909412
SUP-7133-24,11/06/2026,SP,PENDENTE,,,,,17656-26,,-25.18289784,-50.71002668
SUP-7133-24,11/06/2026,SP,PENDENTE,,,,,17656-26,,-25.18077593,-50.72931859
SUP-7133-24,11/06/2026,SP,PENDENTE,,,,,17656-26,,-25.19152686,-50.74812257
SUP-7133-24,11/06/2026,SP,PENDENTE,,,,,17656-26,,-25.19528007,-50.7832614
SUP-8370-25,14/08/2026,SP,PENDENTE,,,,,17925-26,,-23.69664311,-47.61386968
SUP-8370-25,14/08/2026,SP,PENDENTE,,,,,17924-26,,-23.63148794,-47.5063997
SUP-8370-25,05/08/2026,SP,PENDENTE,,,,,17896-26,,-23.60328568,-47.46541677
SUP-7285-24,14/11/2025,SP,PENDENTE,,,,,16925-25,,-22.82219058,-45.19721078
SUP-7285-24,14/11/2025,SP,PENDENTE,,,,,16925-25,,-22.82192468,-45.19870068
SUP-7285-24,14/11/2025,SP,PENDENTE,,,,,16925-25,,-22.8235486,-45.20209839
SUP-7285-24,14/11/2025,SP,PENDENTE,,,,,16925-25,,-22.82329134,-45.20304319
SUP-7285-24,14/11/2025,SP,PENDENTE,,,,,16925-25,,-22.82705339,-45.20448664
SUP-7285-24,14/11/2025,SP,PENDENTE,,,,,16925-25,,-22.84039563,-45.22344963
SUP-8587-26,08/07/2026,SP,PENDENTE,,,,,17747-26,,-25.43086057,-49.35348601
SUP-8224-25 (AB),15/08/2026,SP,PENDENTE,,,,,17919-26,,-22.7413467,-47.27297058
SUP-7133-24,05/06/2026,SP,PENDENTE,,,,,17684-26,,-25.07720847,-50.38899784
SUP-7133-24,11/06/2026,SP,PENDENTE,,,,,17656-26,,-25.18086621,-50.72828768
SUP-8370-25,14/08/2026,SP,PENDENTE,,,,,17925-26,,-23.69710288,-47.61443755
SUP-8370-25,14/08/2026,SP,PENDENTE,,,,,17924-26,,-23.63761012,-47.51852876
SUP-8370-25,05/08/2026,SP,PENDENTE,,,,,17896-26,,-23.60170579,-47.46429011
SUP-7285-24,14/11/2025,SP,PENDENTE,,,,,16925-25,,-22.85186403,-45.22733423
SUP-7285-24,14/11/2025,SP,PENDENTE,,,,,16925-25,,-22.85370939,-45.22849609
SUP-7285-24,11/11/2025,SP,PENDENTE,,,,,16926-25,,-22.86892127,-45.24340533
SUP-7285-24,21/08/2026,SP,PENDENTE,,,,,17956-26,,-22.87532859,-45.26323506
SUP-7285-24,21/08/2026,SP,PENDENTE,,,,,17956-26,,-22.87732445,-45.2717474
SUP-7285-24,11/11/2025,SP,PENDENTE,,,,,16927-25,,-22.89467803,-45.29589943
SUP-8587-26,08/07/2026,SP,PENDENTE,,,,,17747-26,,-25.43095827,-49.35435916
SUP-8224-25 (AB),15/08/2026,SP,PENDENTE,,,,,17919-26,,-22.74127472,-47.27325268
SUP-7133-24,05/06/2026,SP,PENDENTE,,,,,17684-26,,-25.07575839,-50.39070253
SUP-7133-24,11/06/2026,SP,PENDENTE,,,,,17656-26,,-25.17978333,-50.66380069
SUP-7133-24,11/06/2026,SP,PENDENTE,,,,,17656-26,,-25.18192518,-50.73013865
SUP-7133-24,11/06/2026,SP,PENDENTE,,,,,17656-26,,-25.19336643,-50.78590174
SUP-8370-25,14/08/2026,SP,PENDENTE,,,,,17925-26,,-23.69788764,-47.61607053
SUP-8370-25,14/08/2026,SP,PENDENTE,,,,,17924-26,,-23.64069687,-47.52243857
SUP-8370-25,05/08/2026,SP,PENDENTE,,,,,17896-26,,-23.60133641,-47.46367587
SUP-7285-24,21/08/2026,SP,PENDENTE,,,,,17957-26,,-22.90936692,-45.3198941
SUP-7285-24,21/08/2026,SP,PENDENTE,,,,,17957-26,,-22.91016341,-45.32062944
SUP-7285-24,21/08/2026,SP,PENDENTE,,,,,17957-26,,-22.91602937,-45.33231801
SUP-7285-24,21/08/2026,SP,PENDENTE,,,,,17957-26,,-22.91670003,-45.33364174
SUP-7285-24,21/08/2026,SP,PENDENTE,,,,,17957-26,,-22.92064995,-45.34120191
SUP-8587-26,08/07/2026,SP,PENDENTE,,,,,17747-26,,-25.43111667,-49.35540816
SUP-8224-25 (AB),15/08/2026,SP,PENDENTE,,,,,17919-26,,-22.74119913,-47.27353215
SUP-7133-24,05/06/2026,SP,PENDENTE,,,,,17684-26,,-25.07589844,-50.39080155
SUP-7133-24,11/06/2026,SP,PENDENTE,,,,,17656-26,,-25.17994143,-50.66375792
SUP-7133-24,11/06/2026,SP,PENDENTE,,,,,17656-26,,-25.19370762,-50.78593505
SUP-8370-25,14/08/2026,SP,PENDENTE,,,,,17925-26,,-23.70181364,-47.62249093
SUP-8370-25,14/08/2026,SP,PENDENTE,,,,,17924-26,,-23.64267666,-47.53001149
SUP-8370-25,05/08/2026,SP,PENDENTE,,,,,17896-26,,-23.60035536,-47.46178658
SUP-7285-24,21/08/2026,SP,PENDENTE,,,,,17958-26,,-22.95407826,-45.40868424
SUP-7285-24,21/08/2026,SP,PENDENTE,,,,,17958-26,,-22.96390618,-45.42847545
SUP-7285-24,11/11/2025,SP,PENDENTE,,,,,16929-25,,-22.96747603,-45.43554011
SUP-7285-24,21/08/2026,SP,PENDENTE,,,,,17958-26,,-22.96842098,-45.43622765
SUP-7285-24,11/11/2025,SP,PENDENTE,,,,,16929-25,,-22.9718137,-45.44420054
SUP-7285-24,21/08/2026,SP,PENDENTE,,,,,17958-26,,-22.97442108,-45.44799028
SUP-7285-24,21/08/2026,SP,PENDENTE,,,,,17958-26,,-22.97920656,-45.45924973
SUP-7285-24,21/08/2026,SP,PENDENTE,,,,,17958-26,,-22.97932444,-45.45945275
SUP-7285-24,21/08/2026,SP,PENDENTE,,,,,17958-26,,-22.98021318,-45.45959038
SUP-7285-24,21/08/2026,SP,PENDENTE,,,,,17958-26,,-22.98038228,-45.45969873
SUP-7285-24,21/08/2026,SP,PENDENTE,,,,,17958-26,,-22.98045149,-45.45990297
SUP-7285-24,21/08/2026,SP,PENDENTE,,,,,17958-26,,-22.979118,-45.4574313
SUP-7285-24,21/08/2026,SP,PENDENTE,,,,,17958-26,,-22.97999363,-45.4589871
SUP-7285-24,21/08/2026,SP,PENDENTE,,,,,17958-26,,-22.97976981,-45.46003875
SUP-7285-24,21/08/2026,SP,PENDENTE,,,,,17958-26,,-22.97899235,-45.45872198
SUP-8587-26,08/07/2026,SP,PENDENTE,,,,,17747-26,,-25.43116152,-49.35477342
SUP-8224-25 (AB),15/08/2026,SP,PENDENTE,,,,,17919-26,,-22.74106034,-47.27378306
SUP-7133-24,05/06/2026,SP,PENDENTE,,,,,17684-26,,-25.07604576,-50.39096293
SUP-7133-24,11/06/2026,SP,PENDENTE,,,,,17656-26,,-25.19126039,-50.793639
SUP-8370-25,14/08/2026,SP,PENDENTE,,,,,17925-26,,-23.70235696,-47.62345262
SUP-8370-25,14/08/2026,SP,PENDENTE,,,,,17924-26,,-23.64495152,-47.53883471
SUP-8370-25,05/08/2026,SP,PENDENTE,,,,,17896-26,,-23.60056773,-47.46148689
SUP-8370-25,04/05/2026,SP,PENDENTE,,,,,17554-26,,-23.66115712,-47.5931474
SUP-8370-25,04/05/2026,SP,PENDENTE,,,,,17554-26,,-23.6591047,-47.5906378
SUP-8587-26,08/07/2026,SP,PENDENTE,,,,,17747-26,,-25.43135202,-49.35507327
SUP-8224-25 (AB),15/08/2026,SP,PENDENTE,,,,,17919-26,,-22.74099993,-47.27395234
SUP-7133-24,11/06/2026,SP,PENDENTE,,,,,17656-26,,-25.19133648,-50.79368881
SUP-8370-25,14/08/2026,SP,PENDENTE,,,,,17925-26,,-23.70304596,-47.62433882
SUP-8370-25,14/08/2026,SP,PENDENTE,,,,,17924-26,,-23.6458673,-47.54848435
SUP-8370-25,05/08/2026,SP,PENDENTE,,,,,17896-26,,-23.60020598,-47.46152911
SUP-8370-25,04/05/2026,SP,PENDENTE,,,,,17554-26,,-23.65885197,-47.59029213
SUP-8370-25,04/05/2026,SP,PENDENTE,,,,,17554-26,,-23.65857049,-47.58992331
SUP-8370-25,15/07/2026,SP,PENDENTE,,,,,17805-26,,-23.65532224,-47.58690375
SUP-8587-26,08/07/2026,SP,PENDENTE,,,,,17747-26,,-25.43126604,-49.35576269
SUP-8224-25 (AB),15/08/2026,SP,PENDENTE,,,,,17919-26,,-22.74084513,-47.27403364
SUP-8370-25,14/08/2026,SP,PENDENTE,,,,,17925-26,,-23.70512105,-47.6281151
SUP-8370-25,14/08/2026,SP,PENDENTE,,,,,17924-26,,-23.64669782,-47.55888689
SUP-8370-25,05/08/2026,SP,PENDENTE,,,,,17896-26,,-23.60048977,-47.46127972
SUP-8224-25 (AB),15/08/2026,SP,PENDENTE,,,,,17919-26,,-22.7409233,-47.27416176
SUP-8370-25,14/08/2026,SP,PENDENTE,,,,,17925-26,,-23.70572749,-47.62907811
SUP-8370-25,14/08/2026,SP,PENDENTE,,,,,17924-26,,-23.64746795,-47.5641735
SUP-8370-25,05/08/2026,SP,PENDENTE,,,,,17896-26,,-23.60003902,-47.46124192
SUP-8370-25,04/05/2026,SP,PENDENTE,,,,,17554-26,,-23.6552743,-47.58689988
SUP-8370-25,04/05/2026,SP,PENDENTE,,,,,17554-26,,-23.6542507,-47.58616279
SUP-8224-25 (AB),15/08/2026,SP,PENDENTE,,,,,17919-26,,-22.74088367,-47.27430034
SUP-8370-25,14/08/2026,SP,PENDENTE,,,,,17925-26,,-23.70636534,-47.63031622
SUP-8370-25,14/08/2026,SP,PENDENTE,,,,,17924-26,,-23.64636656,-47.56745411
SUP-8370-25,05/08/2026,SP,PENDENTE,,,,,17896-26,,-23.6002125,-47.46111782
SUP-8370-25,22/07/2026,SP,PENDENTE,,,,,17835-26,,-23.57040413,-47.49126999
SUP-8370-25,22/07/2026,SP,PENDENTE,,,,,17835-26,,-23.57045301,-47.49134122
SUP-8370-25,22/07/2026,SP,PENDENTE,,,,,17835-26,,-23.57082025,-47.49051791
SUP-8370-25,22/07/2026,SP,PENDENTE,,,,,17835-26,,-23.57103386,-47.4904144
SUP-8370-25,22/07/2026,SP,PENDENTE,,,,,17835-26,,-23.57110403,-47.49013724
SUP-8370-25,04/05/2026,SP,PENDENTE,,,,,17554-26,,-23.64881318,-47.58426955
SUP-8370-25,22/07/2026,SP,PENDENTE,,,,,17835-26,,-23.57151681,-47.49048242
SUP-8224-25 (AB),15/08/2026,SP,PENDENTE,,,,,17919-26,,-22.74098397,-47.27430954
SUP-8370-25,14/08/2026,SP,PENDENTE,,,,,17925-26,,-23.70693467,-47.63133731
SUP-8370-25,05/08/2026,SP,PENDENTE,,,,,17896-26,,-23.59916067,-47.46027536
SUP-8370-25,22/07/2026,SP,PENDENTE,,,,,17835-26,,-23.57147622,-47.48984298
SUP-8370-25,04/05/2026,SP,PENDENTE,,,,,17554-26,,-23.64735449,-47.58362913
SUP-8370-25,04/05/2026,SP,PENDENTE,,,,,17554-26,,-23.64753847,-47.58383295
SUP-8370-25,22/07/2026,SP,PENDENTE,,,,,17835-26,,-23.57204643,-47.49001458
SUP-8370-25,22/07/2026,SP,PENDENTE,,,,,17835-26,,-23.57193685,-47.48969683
SUP-8370-25,22/07/2026,SP,PENDENTE,,,,,17835-26,,-23.57237101,-47.49003058
SUP-8370-25,22/07/2026,SP,PENDENTE,,,,,17835-26,,-23.57239979,-47.48963357
SUP-8370-25,22/07/2026,SP,PENDENTE,,,,,17835-26,,-23.57229492,-47.48942727
SUP-8370-25,22/07/2026,SP,PENDENTE,,,,,17835-26,,-23.57330061,-47.48991393
SUP-8224-25 (AB),15/08/2026,SP,PENDENTE,,,,,17919-26,,-22.74100916,-47.27404887
SUP-8370-25,14/08/2026,SP,PENDENTE,,,,,17925-26,,-23.7075852,-47.63236005
SUP-8370-25,05/08/2026,SP,PENDENTE,,,,,17896-26,,-23.59914492,-47.45955999
SUP-8370-25,22/07/2026,SP,PENDENTE,,,,,17835-26,,-23.57331607,-47.48967201
SUP-8370-25,22/07/2026,SP,PENDENTE,,,,,17835-26,,-23.57312697,-47.4890441
SUP-8370-25,22/07/2026,SP,PENDENTE,,,,,17835-26,,-23.57346286,-47.48969064
SUP-8370-25,22/07/2026,SP,PENDENTE,,,,,17835-26,,-23.57372304,-47.48942032
SUP-8370-25,22/07/2026,SP,PENDENTE,,,,,17835-26,,-23.57388869,-47.48952856
SUP-8370-25,22/07/2026,SP,PENDENTE,,,,,17835-26,,-23.57413682,-47.48922491
SUP-8370-25,22/07/2026,SP,PENDENTE,,,,,17835-26,,-23.57393165,-47.48859726
SUP-8370-25,22/07/2026,SP,PENDENTE,,,,,17835-26,,-23.57433748,-47.48947719
SUP-8224-25 (AB),15/08/2026,SP,PENDENTE,,,,,17919-26,,-22.74113827,-47.27404877
SUP-8370-25,14/08/2026,SP,PENDENTE,,,,,17925-26,,-23.70810974,-47.63336065
SUP-8370-25,05/08/2026,SP,PENDENTE,,,,,17896-26,,-23.59885257,-47.45977984
SUP-8370-25,22/07/2026,SP,PENDENTE,,,,,17835-26,,-23.57477191,-47.48934467
SUP-8370-25,22/07/2026,SP,PENDENTE,,,,,17835-26,,-23.57488097,-47.48861363
SUP-8370-25,22/07/2026,SP,PENDENTE,,,,,17835-26,,-23.57503859,-47.48892028
SUP-8370-25,22/07/2026,SP,PENDENTE,,,,,17835-26,,-23.57483178,-47.48848222
SUP-8370-25,22/07/2026,SP,PENDENTE,,,,,17835-26,,-23.5751485,-47.48907489
SUP-8370-25,22/07/2026,SP,PENDENTE,,,,,17835-26,,-23.57539053,-47.48867064
SUP-8370-25,22/07/2026,SP,PENDENTE,,,,,17835-26,,-23.5754636,-47.48875095
SUP-8370-25,22/07/2026,SP,PENDENTE,,,,,17835-26,,-23.59107888,-47.48193309
SUP-8224-25 (AB),15/08/2026,SP,PENDENTE,,,,,17919-26,,-22.74111819,-47.27390038
SUP-8370-25,14/08/2026,SP,PENDENTE,,,,,17925-26,,-23.70884748,-47.6345616
SUP-8370-25,05/08/2026,SP,PENDENTE,,,,,17896-26,,-23.59840273,-47.45911515
SUP-8370-25,22/07/2026,SP,PENDENTE,,,,,17835-26,,-23.59100827,-47.4817685
SUP-8370-25,22/07/2026,SP,PENDENTE,,,,,17835-26,,-23.59938829,-47.47732298
SUP-8370-25,22/07/2026,SP,PENDENTE,,,,,17835-26,,-23.59935016,-47.47728459
SUP-8370-25,22/07/2026,SP,PENDENTE,,,,,17835-26,,-23.5993127,-47.4772462
SUP-8370-25,22/07/2026,SP,PENDENTE,,,,,17835-26,,-23.60114034,-47.47424118
SUP-8370-25,22/07/2026,SP,PENDENTE,,,,,17835-26,,-23.60106565,-47.4741989
SUP-8224-25 (AB),15/08/2026,SP,PENDENTE,,,,,17919-26,,-22.74126213,-47.27384621
SUP-8370-25,05/08/2026,SP,PENDENTE,,,,,17896-26,,-23.59788921,-47.45791053
SUP-8224-25 (AB),15/08/2026,SP,PENDENTE,,,,,17919-26,,-22.74120826,-47.27372958
SUP-8370-25,05/08/2026,SP,PENDENTE,,,,,17896-26,,-23.59741197,-47.45726493
SUP-8224-25 (AB),15/08/2026,SP,PENDENTE,,,,,17919-26,,-22.74133279,-47.27357052
SUP-8370-25,05/08/2026,SP,PENDENTE,,,,,17896-26,,-23.59678445,-47.45698876
SUP-7285-24,22/01/2026,SP,PENDENTE,,,,,17197-26,,-22.70560497,-43.73921101
SUP-7285-24,22/01/2026,SP,PENDENTE,,,,,17197-26,,-22.70504299,-43.74056399
SUP-7285-24,22/01/2026,SP,PENDENTE,,,,,17197-26,,-22.70482601,-43.74053803
SUP-7285-24,22/01/2026,SP,PENDENTE,,,,,17197-26,,-22.70350597,-43.74391902
SUP-7285-24,22/01/2026,SP,PENDENTE,,,,,17197-26,,-22.70337698,-43.74478097
SUP-7285-24,22/01/2026,SP,PENDENTE,,,,,17197-26,,-22.70309803,-43.74558198
SUP-7285-24,22/01/2026,SP,PENDENTE,,,,,17197-26,,-22.70314504,-43.74567998
SUP-7285-24,22/01/2026,SP,PENDENTE,,,,,17197-26,,-22.70271396,-43.74684704
SUP-7285-24,22/01/2026,SP,PENDENTE,,,,,17197-26,,-22.702615,-43.74678301
SUP-7285-24,22/01/2026,SP,PENDENTE,,,,,17197-26,,-22.70242698,-43.74760499
SUP-7285-24,22/01/2026,SP,PENDENTE,,,,,17197-26,,-22.70235,-43.747499
SUP-7285-24,22/01/2026,SP,PENDENTE,,,,,17197-26,,-22.70227998,-43.74863804
SUP-7285-24,22/01/2026,SP,PENDENTE,,,,,17197-26,,-22.70172696,-43.74873399
SUP-7285-24,22/01/2026,SP,PENDENTE,,,,,17198-26,,-22.69893397,-43.76538753
SUP-7285-24,22/01/2026,SP,PENDENTE,,,,,17198-26,,-22.69825884,-43.76614518
SUP-7285-24,22/01/2026,SP,PENDENTE,,,,,17198-26,,-22.69783711,-43.76557469
SUP-8224-25 (AB),15/08/2026,SP,PENDENTE,,,,,17919-26,,-22.74144342,-47.27333873
SUP-8370-25,05/08/2026,SP,PENDENTE,,,,,17896-26,,-23.59660923,-47.45665246
SUP-7285-24,22/01/2026,SP,PENDENTE,,,,,17198-26,,-22.68862496,-43.79546857
SUP-7285-24,22/01/2026,SP,PENDENTE,,,,,17198-26,,-22.68866061,-43.79603976
SUP-7285-24,22/01/2026,SP,PENDENTE,,,,,17198-26,,-22.68916023,-43.79648316
SUP-7285-24,22/01/2026,SP,PENDENTE,,,,,17198-26,,-22.68877552,-43.79671879
SUP-7285-24,22/01/2026,SP,PENDENTE,,,,,17198-26,,-22.68890035,-43.79754118
SUP-7769-24,06/08/2026,SP,PENDENTE,,,,,17907-26,,-19.3194081,-47.55137562
SUP-7769-24,06/08/2026,SP,PENDENTE,,,,,17907-26,,-19.31893896,-47.55012905
SUP-7285-24,22/01/2026,SP,PENDENTE,,,,,17198-26,,-22.67824028,-43.81472168
SUP-7285-24,22/01/2026,SP,PENDENTE,,,,,17198-26,,-22.67778296,-43.81513783
SUP-7285-24,22/01/2026,SP,PENDENTE,,,,,17198-26,,-22.67852811,-43.81419494
SUP-7285-24,22/01/2026,SP,PENDENTE,,,,,17198-26,,-22.67551127,-43.81713662
SUP-7769-24,06/08/2026,SP,PENDENTE,,,,,17907-26,,-19.31806141,-47.54781485
SUP-7769-24,06/08/2026,SP,PENDENTE,,,,,17907-26,,-19.3176403,-47.54709334
SUP-7769-24,06/08/2026,SP,PENDENTE,,,,,17907-26,,-19.31767817,-47.5467212
SUP-7769-24,06/08/2026,SP,PENDENTE,,,,,17907-26,,-19.3172218,-47.54632893
SUP-7769-24,06/08/2026,SP,PENDENTE,,,,,17907-26,,-19.3170883,-47.54576753
SUP-7769-24,06/08/2026,SP,PENDENTE,,,,,17907-26,,-19.31712246,-47.54558885
SUP-7769-24,06/08/2026,SP,PENDENTE,,,,,17907-26,,-19.31669796,-47.54516983
SUP-7769-24,06/08/2026,SP,PENDENTE,,,,,17907-26,,-19.31673355,-47.54487709
SUP-7769-24,06/08/2026,SP,PENDENTE,,,,,17907-26,,-19.31146334,-47.53926601
SUP-7769-24,06/08/2026,SP,PENDENTE,,,,,17907-26,,-19.31126276,-47.53927803
SUP-7769-24,06/08/2026,SP,PENDENTE,,,,,17907-26,,-19.31091006,-47.53879139
SUP-7769-24,06/08/2026,SP,PENDENTE,,,,,17907-26,,-19.30943079,-47.53808912
SUP-7769-24,06/08/2026,SP,PENDENTE,,,,,17907-26,,-19.30973375,-47.53766377
SUP-7769-24,06/08/2026,SP,PENDENTE,,,,,17907-26,,-19.30969546,-47.53794933
SUP-7769-24,06/08/2026,SP,PENDENTE,,,,,17907-26,,-19.30920303,-47.53791448
SUP-7769-24,06/08/2026,SP,PENDENTE,,,,,17907-26,,-19.309074,-47.53804649
SUP-7769-24,06/08/2026,SP,PENDENTE,,,,,17907-26,,-19.30932295,-47.5376814
SUP-7769-24,06/08/2026,SP,PENDENTE,,,,,17907-26,,-19.30936347,-47.53735013
SUP-7769-24,06/08/2026,SP,PENDENTE,,,,,17907-26,,-19.30885948,-47.53805991
SUP-7769-24,06/08/2026,SP,PENDENTE,,,,,17907-26,,-19.30877472,-47.53789712
SUP-7769-24,06/08/2026,SP,PENDENTE,,,,,17907-26,,-19.30864767,-47.53762799
SUP-7769-24,06/08/2026,SP,PENDENTE,,,,,17907-26,,-19.31052275,-47.53808365
SUP-8224-25 (AB),15/08/2026,SP,PENDENTE,,,,,17919-26,,-22.7414657,-47.27307709
SUP-8370-25,05/08/2026,SP,PENDENTE,,,,,17896-26,,-23.59600785,-47.45643555
SUP-8224-25 (AB),15/08/2026,SP,PENDENTE,,,,,17919-26,,-22.74158327,-47.2728918
SUP-8370-25,05/08/2026,SP,PENDENTE,,,,,17896-26,,-23.59616622,-47.45612505
SUP-7285-24,22/01/2026,SP,PENDENTE,,,,,17199-26,,-22.62764849,-43.91333209
SUP-7285-24,22/01/2026,SP,PENDENTE,,,,,17199-26,,-22.62747669,-43.91352406
SUP-7285-24,22/01/2026,SP,PENDENTE,,,,,17199-26,,-22.6266358,-43.91453361
SUP-7285-24,22/01/2026,SP,PENDENTE,,,,,17199-26,,-22.62649986,-43.91467636
SUP-7285-24,22/01/2026,SP,PENDENTE,,,,,17199-26,,-22.62468365,-43.91733524
SUP-7285-24,22/01/2026,SP,PENDENTE,,,,,17199-26,,-22.62433165,-43.91715951
SUP-7285-24,18/12/2025,SP,PENDENTE,,,,,17112-25,,-22.62093036,-43.92453912
SUP-7285-24,18/12/2025,SP,PENDENTE,,,,,17112-25,,-22.62093915,-43.92442207
SUP-7285-24,22/01/2026,SP,PENDENTE,,,,,17199-26,,-22.61996032,-43.92547496
SUP-7285-24,22/01/2026,SP,PENDENTE,,,,,17199-26,,-22.61988689,-43.92585145
SUP-7285-24,22/01/2026,SP,PENDENTE,,,,,17199-26,,-22.61532869,-43.93167454
SUP-7285-24,22/01/2026,SP,PENDENTE,,,,,17199-26,,-22.61534376,-43.93143835
SUP-7285-24,22/01/2026,SP,PENDENTE,,,,,17199-26,,-22.60496567,-43.93496139
SUP-7285-24,22/01/2026,SP,PENDENTE,,,,,17199-26,,-22.602328,-43.93589413
SUP-7285-24,22/01/2026,SP,PENDENTE,,,,,17199-26,,-22.60201633,-43.93636649
SUP-7285-24,22/01/2026,SP,PENDENTE,,,,,17199-26,,-22.60125106,-43.9374361
SUP-7285-24,22/01/2026,SP,PENDENTE,,,,,17199-26,,-22.60128082,-43.93817981
SUP-7285-24,22/01/2026,SP,PENDENTE,,,,,17199-26,,-22.60006778,-43.93913132
SUP-7285-24,18/12/2025,SP,PENDENTE,,,,,17112-25,,-22.60013192,-43.94785475
SUP-7285-24,18/12/2025,SP,PENDENTE,,,,,17112-25,,-22.59911683,-43.95070792
SUP-8224-25 (AB),15/08/2026,SP,PENDENTE,,,,,17919-26,,-22.74158072,-47.27263978
SUP-8370-25,05/08/2026,SP,PENDENTE,,,,,17896-26,,-23.59353581,-47.45463617
SUP-7285-24,22/01/2026,SP,PENDENTE,,,,,17199-26,,-22.59097497,-43.95626718
SUP-7285-24,22/01/2026,SP,PENDENTE,,,,,17199-26,,-22.58640498,-43.95785024
SUP-7285-24,22/01/2026,SP,PENDENTE,,,,,17199-26,,-22.58639893,-43.95844965
SUP-8370-25,14/08/2026,SP,PENDENTE,,,,,17897-26,,-23.66831796,-47.44103159
SUP-8370-25,14/08/2026,SP,PENDENTE,,,,,17897-26,,-23.66017051,-47.44978968
SUP-7285-24,22/01/2026,SP,PENDENTE,,,,,17199-26,,-22.58635223,-44.01209723
SUP-8370-25,14/08/2026,SP,PENDENTE,,,,,17897-26,,-23.6594912,-47.45044743
SUP-8370-25,14/08/2026,SP,PENDENTE,,,,,17897-26,,-23.60031487,-47.47609543
SUP-8370-25,14/08/2026,SP,PENDENTE,,,,,17897-26,,-23.65170572,-47.45671356
SUP-7285-24,22/01/2026,SP,PENDENTE,,,,,17199-26,,-22.58239528,-44.0369047
SUP-8370-25,14/08/2026,SP,PENDENTE,,,,,17897-26,,-23.61476628,-47.45788009
SUP-8224-25 (AB),15/08/2026,SP,PENDENTE,,,,,17919-26,,-22.74166323,-47.27238931
SUP-8370-25,05/08/2026,SP,PENDENTE,,,,,17896-26,,-23.59316081,-47.45437452
SUP-7285-24,22/01/2026,SP,PENDENTE,,,,,17199-26,,-22.58315453,-44.04410036
SUP-8370-25,14/08/2026,SP,PENDENTE,,,,,17897-26,,-23.61636103,-47.45727415
SUP-7285-24,22/01/2026,SP,PENDENTE,,,,,17199-26,,-22.58603671,-44.05644893
SUP-7285-24,22/01/2026,SP,PENDENTE,,,,,17199-26,,-22.58767997,-44.05878863
SUP-8370-25,14/08/2026,SP,PENDENTE,,,,,17897-26,,-23.61635787,-47.45719085
SUP-7285-24,22/01/2026,SP,PENDENTE,,,,,17199-26,,-22.59151039,-44.06727061
SUP-8370-25,14/08/2026,SP,PENDENTE,,,,,17897-26,,-23.63838212,-47.46586621
SUP-8370-25,14/08/2026,SP,PENDENTE,,,,,17897-26,,-23.63830155,-47.4655305
SUP-8370-25,14/08/2026,SP,PENDENTE,,,,,17897-26,,-23.63898104,-47.46584517
SUP-7285-24,02/07/2026,SP,PENDENTE,,,,,17716-26,,-22.58777385,-44.09014498
SUP-8370-25,14/08/2026,SP,PENDENTE,,,,,17897-26,,-23.6389381,-47.46562853
SUP-7285-24,02/07/2026,SP,PENDENTE,,,,,17716-26,,-22.58866184,-44.0956041
SUP-8370-25,14/08/2026,SP,PENDENTE,,,,,17897-26,,-23.64192506,-47.4636602
SUP-7285-24,02/07/2026,SP,PENDENTE,,,,,17716-26,,-22.58577004,-44.10666265
SUP-8370-25,14/08/2026,SP,PENDENTE,,,,,17897-26,,-23.64194395,-47.46369595
SUP-7285-24,02/07/2026,SP,PENDENTE,,,,,17716-26,,-22.57963588,-44.11217514
SUP-7285-24,02/07/2026,SP,PENDENTE,,,,,17716-26,,-22.57768748,-44.11341364
SUP-8370-25,14/08/2026,SP,PENDENTE,,,,,17897-26,,-23.64196192,-47.46372708
SUP-8370-25,14/08/2026,SP,PENDENTE,,,,,17897-26,,-23.64526493,-47.46156328
SUP-8224-25 (AB),15/08/2026,SP,PENDENTE,,,,,17919-26,,-22.74150514,-47.27223835
SUP-8370-25,05/08/2026,SP,PENDENTE,,,,,17896-26,,-23.59328993,-47.45420061
SUP-8370-25,14/08/2026,SP,PENDENTE,,,,,17897-26,,-23.64529838,-47.46161983
SUP-8370-25,14/08/2026,SP,PENDENTE,,,,,17897-26,,-23.64616735,-47.46091344
SUP-8370-25,14/08/2026,SP,PENDENTE,,,,,17897-26,,-23.6461113,-47.46086475
SUP-7285-24,25/02/2026,SP,PENDENTE,,,,,17270-26,,-22.56244491,-44.14423855
SUP-7285-24,25/02/2026,SP,PENDENTE,,,,,17270-26,,-22.5624876,-44.14475464
SUP-7285-24,21/08/2026,SP,PENDENTE,,,,,17955-26,,-22.56221595,-44.14644534
SUP-7285-24,21/08/2026,SP,PENDENTE,,,,,17955-26,,-22.5622756,-44.14645215
SUP-7285-24,21/08/2026,SP,PENDENTE,,,,,17955-26,,-22.56229046,-44.14654338
SUP-7285-24,21/08/2026,SP,PENDENTE,,,,,17955-26,,-22.56224834,-44.14660119
SUP-7285-24,21/08/2026,SP,PENDENTE,,,,,17955-26,,-22.56214662,-44.146728
SUP-7285-24,21/08/2026,SP,PENDENTE,,,,,17955-26,,-22.56220401,-44.14677185
SUP-8370-25,14/08/2026,SP,PENDENTE,,,,,17897-26,,-23.64606224,-47.46081365
SUP-8370-25,14/08/2026,SP,PENDENTE,,,,,17897-26,,-23.65442756,-47.45551267
SUP-7285-24,25/02/2026,SP,PENDENTE,,,,,17270-26,,-22.56180618,-44.16411472
SUP-7285-24,25/02/2026,SP,PENDENTE,,,,,17270-26,,-22.56190579,-44.16450316
SUP-7285-24,25/02/2026,SP,PENDENTE,,,,,17270-26,,-22.56191374,-44.16567901
SUP-7285-24,25/02/2026,SP,PENDENTE,,,,,17270-26,,-22.56223615,-44.16555652
SUP-8370-25,14/08/2026,SP,PENDENTE,,,,,17897-26,,-23.65446065,-47.45555006
SUP-8370-25,14/08/2026,SP,PENDENTE,,,,,17897-26,,-23.65449084,-47.45558505
SUP-7133-24,10/08/2026,SP,PENDENTE,,,,,17918-26,,-25.499896,-49.342435
SUP-7133-24,10/08/2026,SP,PENDENTE,,,,,17918-26,,-25.500089,-49.342751
SUP-8370-25,14/08/2026,SP,PENDENTE,,,,,17897-26,,-23.65435788,-47.45523678
SUP-8370-25,14/08/2026,SP,PENDENTE,,,,,17897-26,,-23.65431978,-47.45519841
SUP-8370-25,14/08/2026,SP,PENDENTE,,,,,17897-26,,-23.6542867,-47.45516102
SUP-8224-25 (AB),15/08/2026,SP,PENDENTE,,,,,17919-26,,-22.73352351,-47.28802107
SUP-8370-25,05/08/2026,SP,PENDENTE,,,,,17896-26,,-23.59280277,-47.45418175
SUP-8370-25,14/08/2026,SP,PENDENTE,,,,,17897-26,,-23.65529756,-47.45433545
SUP-8370-25,14/08/2026,SP,PENDENTE,,,,,17897-26,,-23.65617814,-47.4533134
SUP-8370-25,14/08/2026,SP,PENDENTE,,,,,17897-26,,-23.65625459,-47.4534034
SUP-8370-25,14/08/2026,SP,PENDENTE,,,,,17897-26,,-23.65812085,-47.45160706
SUP-7285-24,21/07/2026,SP,PENDENTE,,,,,17685-26,,-22.51309491,-44.21004398
SUP-8370-25,14/08/2026,SP,PENDENTE,,,,,17897-26,,-23.65807368,-47.4515562
SUP-8370-25,14/08/2026,SP,PENDENTE,,,,,17897-26,,-23.65803075,-47.45149889
SUP-8370-25,14/08/2026,SP,PENDENTE,,,,,17897-26,,-23.66571188,-47.44340707
SUP-8370-25,14/08/2026,SP,PENDENTE,,,,,17897-26,,-23.66564989,-47.44335562
SUP-8370-25,14/08/2026,SP,PENDENTE,,,,,17897-26,,-23.66558348,-47.4433009
SUP-8370-25,14/08/2026,SP,PENDENTE,,,,,17897-26,,-23.66868545,-47.44059832
SUP-8224-25 (AB),15/08/2026,SP,PENDENTE,,,,,17919-26,,-22.73342449,-47.28833622
SUP-8370-25,05/08/2026,SP,PENDENTE,,,,,17896-26,,-23.59289596,-47.45399738
SUP-8370-25,14/08/2026,SP,PENDENTE,,,,,17897-26,,-23.66864771,-47.44053526
SUP-8370-25,14/08/2026,SP,PENDENTE,,,,,17897-26,,-23.66859972,-47.44046712
SUP-8370-25,14/08/2026,SP,PENDENTE,,,,,17897-26,,-23.67747447,-47.43875904
SUP-8370-25,14/08/2026,SP,PENDENTE,,,,,17897-26,,-23.67771862,-47.4386812
SUP-8370-25,14/08/2026,SP,PENDENTE,,,,,17897-26,,-23.67799585,-47.43859941
SUP-7285-24,21/07/2026,SP,PENDENTE,,,,,17685-26,,-22.45386416,-44.2960872
SUP-8370-25,14/08/2026,SP,PENDENTE,,,,,17897-26,,-23.67761455,-47.43931829
SUP-8370-25,14/08/2026,SP,PENDENTE,,,,,17897-26,,-23.67799623,-47.43922044
SUP-8370-25,14/08/2026,SP,PENDENTE,,,,,17897-26,,-23.67833961,-47.43912006
SUP-8370-25,14/08/2026,SP,PENDENTE,,,,,17897-26,,-23.67781889,-47.44018669
SUP-8370-25,14/08/2026,SP,PENDENTE,,,,,17897-26,,-23.67817931,-47.4399907
SUP-8224-25 (AB),15/08/2026,SP,PENDENTE,,,,,17919-26,,-22.7332961,-47.28850353
SUP-8370-25,05/08/2026,SP,PENDENTE,,,,,17896-26,,-23.59300673,-47.45384272
SUP-8370-25,14/08/2026,SP,PENDENTE,,,,,17897-26,,-23.67836446,-47.43975033
SUP-8370-25,15/07/2026,SP,PENDENTE,,,,,17833-26,,-23.449527,-47.114943
SUP-8370-25,14/08/2026,SP,PENDENTE,,,,,17897-26,,-23.67792905,-47.44071558
SUP-8370-25,15/07/2026,SP,PENDENTE,,,,,17833-26,,-23.449344,-47.115136
SUP-8370-25,14/08/2026,SP,PENDENTE,,,,,17897-26,,-23.67818414,-47.44063421
SUP-8370-25,15/07/2026,SP,PENDENTE,,,,,17833-26,,-23.449379,-47.115186
SUP-8370-25,14/08/2026,SP,PENDENTE,,,,,17897-26,,-23.67841408,-47.44055551
SUP-8370-25,14/08/2026,SP,PENDENTE,,,,,17897-26,,-23.67833568,-47.44135421
SUP-8370-25,14/08/2026,SP,PENDENTE,,,,,17897-26,,-23.67863214,-47.4411695
SUP-8370-25,14/08/2026,SP,PENDENTE,,,,,17897-26,,-23.6788024,-47.44262177
SUP-8370-25,14/08/2026,SP,PENDENTE,,,,,17897-26,,-23.67888043,-47.44252196
SUP-8370-25,14/08/2026,SP,PENDENTE,,,,,17897-26,,-23.67937424,-47.44271626
SUP-8370-25,14/08/2026,SP,PENDENTE,,,,,17897-26,,-23.67924012,-47.44299454
SUP-8224-25 (AB),15/08/2026,SP,PENDENTE,,,,,17919-26,,-22.73319486,-47.28874904
SUP-8370-25,05/08/2026,SP,PENDENTE,,,,,17896-26,,-23.59227373,-47.45395641
SUP-8370-25,14/08/2026,SP,PENDENTE,,,,,17897-26,,-23.67961628,-47.44304161
SUP-8370-25,14/08/2026,SP,PENDENTE,,,,,17897-26,,-23.68006509,-47.44335853
SUP-8370-25,14/08/2026,SP,PENDENTE,,,,,17897-26,,-23.68182695,-47.44453595
SUP-8370-25,14/08/2026,SP,PENDENTE,,,,,17897-26,,-23.68185858,-47.44450833
SUP-8370-25,14/08/2026,SP,PENDENTE,,,,,17897-26,,-23.68187836,-47.44449159
SUP-8370-25,14/08/2026,SP,PENDENTE,,,,,17897-26,,-23.68312037,-47.44619968
SUP-8370-25,14/08/2026,SP,PENDENTE,,,,,17897-26,,-23.68309249,-47.44622542
SUP-8370-25,14/08/2026,SP,PENDENTE,,,,,17897-26,,-23.68305056,-47.4462631
SUP-8370-25,14/08/2026,SP,PENDENTE,,,,,17897-26,,-23.68419139,-47.44786577
SUP-8370-25,14/08/2026,SP,PENDENTE,,,,,17897-26,,-23.68458436,-47.44813628
SUP-8224-25 (AB),15/08/2026,SP,PENDENTE,,,,,17919-26,,-22.73313494,-47.28888842
SUP-8370-25,05/08/2026,SP,PENDENTE,,,,,17896-26,,-23.5923582,-47.45375229
SUP-7285-24,11/12/2025,SP,PENDENTE,,,,,17098-25,,-22.48034039,-44.53403518
SUP-8370-25,14/08/2026,SP,PENDENTE,,,,,17897-26,,-23.68453819,-47.44819207
SUP-8370-25,14/08/2026,SP,PENDENTE,,,,,17897-26,,-23.68448551,-47.44825471
SUP-8370-25,14/08/2026,SP,PENDENTE,,,,,17897-26,,-23.68482696,-47.44857422
SUP-8370-25,14/08/2026,SP,PENDENTE,,,,,17897-26,,-23.68617903,-47.44901328
SUP-8370-25,14/08/2026,SP,PENDENTE,,,,,17897-26,,-23.68617853,-47.44909405
SUP-8370-25,14/08/2026,SP,PENDENTE,,,,,17897-26,,-23.68714933,-47.44895933
SUP-8370-25,14/08/2026,SP,PENDENTE,,,,,17897-26,,-23.68759918,-47.44889257
SUP-8370-25,14/08/2026,SP,PENDENTE,,,,,17897-26,,-23.68999378,-47.44837302
SUP-8370-25,14/08/2026,SP,PENDENTE,,,,,17897-26,,-23.68998279,-47.44829408
SUP-8370-25,14/08/2026,SP,PENDENTE,,,,,17897-26,,-23.69092181,-47.44791118
SUP-8224-25 (AB),15/08/2026,SP,PENDENTE,,,,,17919-26,,-22.73307907,-47.28902565
SUP-8370-25,05/08/2026,SP,PENDENTE,,,,,17896-26,,-23.59034622,-47.45368546
SUP-8370-25,14/08/2026,SP,PENDENTE,,,,,17897-26,,-23.69095076,-47.44805518
SUP-8370-25,14/08/2026,SP,PENDENTE,,,,,17897-26,,-23.69097172,-47.44815912
SUP-8370-25,14/08/2026,SP,PENDENTE,,,,,17897-26,,-23.69258645,-47.44778601
SUP-8224-25 (AB),15/08/2026,SP,PENDENTE,,,,,17919-26,,-22.73299873,-47.28920215
SUP-7285-24,13/12/2024,SP,PENDENTE,,,,,15792-24,,-22.65036324,-44.95714438
SUP-7285-24,13/12/2024,SP,PENDENTE,,,,,15792-24,,-22.65824936,-44.96385086
SUP-8224-25 (AB),15/08/2026,SP,PENDENTE,,,,,17919-26,,-22.73292652,-47.2893683
SUP-8224-25 (PR),16/07/2026,SP,PENDENTE,,,,,17843-26,,-24.27404555,-50.88744812
SUP-8224-25 (PR),16/07/2026,SP,PENDENTE,,,,,17843-26,,-24.30558206,-50.86965111
SUP-8224-25 (PR),16/07/2026,SP,PENDENTE,,,,,17843-26,,-24.3144356,-50.8623274
SUP-8224-25 (AB),15/08/2026,SP,PENDENTE,,,,,17919-26,,-22.73282162,-47.28951254
SUP-8224-25 (PR),16/07/2026,SP,PENDENTE,,,,,17843-26,,-24.36437636,-50.80640382
SUP-8224-25 (AB),15/08/2026,SP,PENDENTE,,,,,17919-26,,-22.73270665,-47.28959215
SUP-8224-25 (PR),16/07/2026,SP,PENDENTE,,,,,17843-26,,-24.38021414,-50.79152
SUP-8224-25 (PR),16/07/2026,SP,PENDENTE,,,,,17843-26,,-24.39212288,-50.78537005
SUP-8224-25 (AB),15/08/2026,SP,PENDENTE,,,,,17919-26,,-22.73256669,-47.28962921
SUP-7285-24,13/12/2024,SP,PENDENTE,,,,,15793-24,,-22.67426742,-44.99826723
SUP-8224-25 (AB),15/08/2026,SP,PENDENTE,,,,,17919-26,,-22.73247031,-47.28962458
SUP-8224-25 (AB),15/08/2026,SP,PENDENTE,,,,,17919-26,,-22.73233528,-47.28956819
SUP-8224-25 (RA),17/08/2026,SP,PENDENTE,,,,,17929-26,,-23.44007962,-46.77205981
SUP-8224-25 (RA),17/08/2026,SP,PENDENTE,,,,,17929-26,,-23.45068649,-46.78820037
SUP-8224-25 (RA),17/08/2026,SP,PENDENTE,,,,,17929-26,,-23.49319321,-46.81245214
SUP-8224-25 (RA),17/08/2026,SP,PENDENTE,,,,,17929-26,,-23.49878221,-46.81810787
SUP-8224-25 (RA),17/08/2026,SP,PENDENTE,,,,,17929-26,,-23.51101535,-46.80961156
SUP-8224-25 (RA),17/08/2026,SP,PENDENTE,,,,,17929-26,,-23.51136614,-46.80917069
SUP-8224-25 (RA),17/08/2026,SP,PENDENTE,,,,,17929-26,,-23.51185507,-46.80907709
SUP-8224-25 (RA),17/08/2026,SP,PENDENTE,,,,,17929-26,,-23.52934241,-46.81720663
SUP-8224-25 (RA),17/08/2026,SP,PENDENTE,,,,,17929-26,,-23.52839445,-46.81677886
SUP-8224-25 (AB),15/08/2026,SP,PENDENTE,,,,,17919-26,,-22.73219626,-47.28947069
SUP-8224-25 (RA),17/08/2026,SP,PENDENTE,,,,,17929-26,,-23.55193897,-46.81924504
SUP-8224-25 (RA),17/08/2026,SP,PENDENTE,,,,,17929-26,,-23.55164598,-46.81964013
SUP-8224-25 (RA),17/08/2026,SP,PENDENTE,,,,,17929-26,,-23.55410969,-46.81780719
SUP-8224-25 (RA),17/08/2026,SP,PENDENTE,,,,,17929-26,,-23.55494624,-46.81713183
SUP-8224-25 (RA),17/08/2026,SP,PENDENTE,,,,,17929-26,,-23.43588684,-46.76244725
SUP-8224-25 (RA),17/08/2026,SP,PENDENTE,,,,,17929-26,,-23.56264199,-46.81885999
SUP-8224-25 (RA),17/08/2026,SP,PENDENTE,,,,,17929-26,,-23.59166738,-46.80953337
SUP-8370-25,15/01/2026,SP,PENDENTE,,,,,17163-26,,-23.4505269,-47.39422281
SUP-7133-24,01/06/2026,SP,PENDENTE,,,,,17665-26,,-25.7592796,-49.74240916
SUP-7133-24,01/06/2026,SP,PENDENTE,,,,,17665-26,,-25.7552374,-49.74893291
SUP-7133-24,01/06/2026,SP,PENDENTE,,,,,17665-26,,-25.74782468,-49.76389904
SUP-7133-24,01/06/2026,SP,PENDENTE,,,,,17665-26,,-25.74118262,-49.76553033
SUP-7133-24,01/06/2026,SP,PENDENTE,,,,,17665-26,,-25.7420044,-49.76575151
SUP-7133-24,01/06/2026,SP,PENDENTE,,,,,17665-26,,-25.74462833,-49.76586838
SUP-7133-24,01/06/2026,SP,PENDENTE,,,,,17665-26,,-25.74544271,-49.76545985
SUP-7133-24,01/06/2026,SP,PENDENTE,,,,,17665-26,,-25.74677469,-49.76463424
SUP-7133-24,01/06/2026,SP,PENDENTE,,,,,17665-26,,-25.7473886,-49.76417615
SUP-7133-24,01/06/2026,SP,PENDENTE,,,,,17665-26,,-25.74757758,-49.76437192
SUP-7133-24,01/06/2026,SP,PENDENTE,,,,,17665-26,,-25.73536518,-49.76563412
SUP-7133-24,01/06/2026,SP,PENDENTE,,,,,17665-26,,-25.73640564,-49.76551756
SUP-7133-24,01/06/2026,SP,PENDENTE,,,,,17665-26,,-25.72400752,-49.77071171
SUP-7133-24,01/06/2026,SP,PENDENTE,,,,,17665-26,,-25.72421357,-49.77088421
SUP-7133-24,01/06/2026,SP,PENDENTE,,,,,17665-26,,-25.71538503,-49.77651362
SUP-7133-24,01/06/2026,SP,PENDENTE,,,,,17665-26,,-25.70380896,-49.78614802
SUP-7133-24,01/06/2026,SP,PENDENTE,,,,,17665-26,,-25.70555705,-49.78270382
SUP-7133-24,01/06/2026,SP,PENDENTE,,,,,17665-26,,-25.70741818,-49.78141572
SUP-7133-24,01/06/2026,SP,PENDENTE,,,,,17665-26,,-25.69762101,-49.79669921
SUP-7133-24,01/06/2026,SP,PENDENTE,,,,,17665-26,,-25.69955506,-49.79322882
SUP-7133-24,01/06/2026,SP,PENDENTE,,,,,17665-26,,-25.69948563,-49.79238722
SUP-7133-24,01/06/2026,SP,PENDENTE,,,,,17665-26,,-25.69989593,-49.79145438
SUP-7133-24,01/06/2026,SP,PENDENTE,,,,,17665-26,,-25.69372778,-49.80317845
SUP-7133-24,01/06/2026,SP,PENDENTE,,,,,17665-26,,-25.69377913,-49.80321335
SUP-7133-24,01/06/2026,SP,PENDENTE,,,,,17665-26,,-25.69385156,-49.80344569
SUP-7133-24,01/06/2026,SP,PENDENTE,,,,,17665-26,,-25.69407057,-49.80312096
SUP-7133-24,01/06/2026,SP,PENDENTE,,,,,17665-26,,-25.69431678,-49.80225035
SUP-7133-24,01/06/2026,SP,PENDENTE,,,,,17665-26,,-25.69454317,-49.80227414
SUP-7133-24,01/06/2026,SP,PENDENTE,,,,,17665-26,,-25.69736802,-49.79711614
SUP-7133-24,01/06/2026,SP,PENDENTE,,,,,17664-26,,-25.67494094,-49.82339239
SUP-7133-24,01/06/2026,SP,PENDENTE,,,,,17664-26,,-25.66591998,-49.83199847
SUP-7133-24,01/06/2026,SP,PENDENTE,,,,,17664-26,,-25.66377033,-49.83357881
SUP-7133-24,01/06/2026,SP,PENDENTE,,,,,17664-26,,-25.66359474,-49.83369776
SUP-7133-24,01/06/2026,SP,PENDENTE,,,,,17664-26,,-25.66372071,-49.83388875
SUP-7133-24,01/06/2026,SP,PENDENTE,,,,,17664-26,,-25.65007355,-49.83448882
SUP-7133-24,01/06/2026,SP,PENDENTE,,,,,17664-26,,-25.64901476,-49.83428993
SUP-7133-24,01/06/2026,SP,PENDENTE,,,,,17664-26,,-25.64327066,-49.83276561
SUP-7133-24,01/06/2026,SP,PENDENTE,,,,,17664-26,,-25.63827717,-49.83095329
SUP-7133-24,01/06/2026,SP,PENDENTE,,,,,17664-26,,-25.63421714,-49.83120854
SUP-7133-24,01/06/2026,SP,PENDENTE,,,,,17664-26,,-25.63426359,-49.83142668
SUP-7133-24,01/06/2026,SP,PENDENTE,,,,,17664-26,,-25.6283099,-49.83273313
SUP-7133-24,01/06/2026,SP,PENDENTE,,,,,17664-26,,-25.62570915,-49.83185978
SUP-7133-24,01/06/2026,SP,PENDENTE,,,,,17664-26,,-25.62567989,-49.8316159
SUP-7133-24,01/06/2026,SP,PENDENTE,,,,,17664-26,,-25.62114239,-49.82867233
SUP-7133-24,01/06/2026,SP,PENDENTE,,,,,17664-26,,-25.60551391,-49.82591742
SUP-7133-24,01/06/2026,SP,PENDENTE,,,,,17664-26,,-25.60242393,-49.82534749
SUP-7133-24,01/06/2026,SP,PENDENTE,,,,,17664-26,,-25.59635225,-49.82763331
SUP-7133-24,01/06/2026,SP,PENDENTE,,,,,17664-26,,-25.59180609,-49.83023499
SUP-7133-24,01/06/2026,SP,PENDENTE,,,,,17664-26,,-25.59074665,-49.8309415
SUP-7133-24,01/06/2026,SP,PENDENTE,,,,,17664-26,,-25.58331058,-49.83706407
SUP-7133-24,01/06/2026,SP,PENDENTE,,,,,17664-26,,-25.57846618,-49.8567328
SUP-7133-24,01/06/2026,SP,PENDENTE,,,,,17664-26,,-25.57378069,-49.86170958
SUP-7133-24,01/06/2026,SP,PENDENTE,,,,,17664-26,,-25.57120752,-49.86297225
SUP-7133-24,01/06/2026,SP,PENDENTE,,,,,17664-26,,-25.57128262,-49.86319729
SUP-7133-24,01/06/2026,SP,PENDENTE,,,,,17664-26,,-25.56956331,-49.86378945
SUP-7133-24,01/06/2026,SP,PENDENTE,,,,,17664-26,,-25.56592581,-49.86517389
SUP-7133-24,01/06/2026,SP,PENDENTE,,,,,17664-26,,-25.5644958,-49.86695135
SUP-7133-24,01/06/2026,SP,PENDENTE,,,,,17664-26,,-25.5642596,-49.86790198
SUP-7133-24,01/06/2026,SP,PENDENTE,,,,,17664-26,,-25.56378367,-49.87025675
SUP-7133-24,01/06/2026,SP,PENDENTE,,,,,17664-26,,-25.56335189,-49.87080266
SUP-7133-24,01/06/2026,SP,PENDENTE,,,,,17664-26,,-25.56337662,-49.87136767
SUP-7133-24,01/06/2026,SP,PENDENTE,,,,,17664-26,,-25.562389,-49.87312916
SUP-7133-24,01/06/2026,SP,PENDENTE,,,,,17664-26,,-25.56099513,-49.87397243
SUP-7133-24,01/06/2026,SP,PENDENTE,,,,,17664-26,,-25.56092201,-49.87432329
SUP-7133-24,01/06/2026,SP,PENDENTE,,,,,17664-26,,-25.55999664,-49.87503195
SUP-7133-24,01/06/2026,SP,PENDENTE,,,,,17664-26,,-25.55980047,-49.87522249
SUP-7133-24,01/06/2026,SP,PENDENTE,,,,,17664-26,,-25.55832541,-49.87639543
SUP-7133-24,01/06/2026,SP,PENDENTE,,,,,17664-26,,-25.55660364,-49.87794848
SUP-7133-24,01/06/2026,SP,PENDENTE,,,,,17664-26,,-25.55483936,-49.87995899
SUP-7133-24,01/06/2026,SP,PENDENTE,,,,,17664-26,,-25.55282983,-49.88226054
SUP-7133-24,01/06/2026,SP,PENDENTE,,,,,17664-26,,-25.55280174,-49.88269055
SUP-7133-24,01/06/2026,SP,PENDENTE,,,,,17664-26,,-25.55139623,-49.88505696
SUP-7133-24,01/06/2026,SP,PENDENTE,,,,,17664-26,,-25.5513427,-49.88499516
SUP-7133-24,01/06/2026,SP,PENDENTE,,,,,17664-26,,-25.55121882,-49.88508826
SUP-7133-24,01/06/2026,SP,PENDENTE,,,,,17664-26,,-25.55087627,-49.88547839
SUP-7133-24,01/06/2026,SP,PENDENTE,,,,,17664-26,,-25.5501801,-49.88597372
SUP-7133-24,01/06/2026,SP,PENDENTE,,,,,17664-26,,-25.54942713,-49.88595628
SUP-7133-24,01/06/2026,SP,PENDENTE,,,,,17664-26,,-25.54901082,-49.88621964
SUP-8224-25 (AB),15/08/2026,SP,PENDENTE,,,,,17919-26,,-22.73192867,-47.28921342
SUP-8224-25 (AB),15/08/2026,SP,PENDENTE,,,,,17919-26,,-22.7318403,-47.28908666
SUP-8224-25 (AB),15/08/2026,SP,PENDENTE,,,,,17919-26,,-22.73178835,-47.2889522
SUP-7133-24,10/02/2026,SP,PENDENTE,,,,,17234-26,,-25.44883481,-50.19257972
SUP-8224-25 (AB),15/08/2026,SP,PENDENTE,,,,,17919-26,,-22.73179236,-47.28877129
SUP-8224-25 (AB),15/08/2026,SP,PENDENTE,,,,,17919-26,,-22.73184207,-47.28862317
SUP-8224-25 (AB),15/08/2026,SP,PENDENTE,,,,,17919-26,,-22.73195203,-47.28848166
SUP-8224-25 (AB),15/08/2026,SP,PENDENTE,,,,,17919-26,,-22.73205345,-47.28839974
SUP-8224-25 (AB),15/08/2026,SP,PENDENTE,,,,,17919-26,,-22.73217657,-47.2883183
SUP-8224-25 (AB),15/08/2026,SP,PENDENTE,,,,,17919-26,,-22.7322885,-47.28823223
SUP-7285-24,22/01/2026,SP,PENDENTE,,,,,17165-26,,-22.74282521,-45.09417452
SUP-7285-24,22/01/2026,SP,PENDENTE,,,,,17165-26,,-22.74413992,-45.09554299
SUP-7285-24,22/01/2026,SP,PENDENTE,,,,,17165-26,,-22.74476458,-45.09716262
SUP-8224-25 (AB),15/08/2026,SP,PENDENTE,,,,,17919-26,,-22.73243578,-47.28815529
SUP-7285-24,22/01/2026,SP,PENDENTE,,,,,17165-26,,-22.7469205,-45.09934635
SUP-7285-24,22/01/2026,SP,PENDENTE,,,,,17165-26,,-22.74792671,-45.10141193
SUP-7285-24,22/01/2026,SP,PENDENTE,,,,,17165-26,,-22.74940996,-45.10281529
SUP-7285-24,22/01/2026,SP,PENDENTE,,,,,17165-26,,-22.75017472,-45.10449638
SUP-7285-24,22/01/2026,SP,PENDENTE,,,,,17165-26,,-22.7522392,-45.10676563
SUP-7285-24,22/01/2026,SP,PENDENTE,,,,,17165-26,,-22.75067642,-45.1054361
SUP-8224-25 (AB),15/08/2026,SP,PENDENTE,,,,,17919-26,,-22.73253054,-47.28802371
SUP-7285-24,22/01/2026,SP,PENDENTE,,,,,17165-26,,-22.75333724,-45.1082772
SUP-7285-24,22/01/2026,SP,PENDENTE,,,,,17165-26,,-22.75424419,-45.11011143
SUP-7285-24,22/01/2026,SP,PENDENTE,,,,,17165-26,,-22.75524262,-45.11104396
SUP-7285-24,22/01/2026,SP,PENDENTE,,,,,17165-26,,-22.75580013,-45.11234283
SUP-7285-24,22/01/2026,SP,PENDENTE,,,,,17165-26,,-22.75624411,-45.11237436
SUP-7285-24,22/01/2026,SP,PENDENTE,,,,,17165-26,,-22.75611908,-45.11282805
SUP-7285-24,22/01/2026,SP,PENDENTE,,,,,17165-26,,-22.75730017,-45.11385619
SUP-7285-24,22/01/2026,SP,PENDENTE,,,,,17165-26,,-22.75526134,-45.11173178
SUP-7285-24,22/01/2026,SP,PENDENTE,,,,,17165-26,,-22.75560464,-45.11159581
SUP-7285-24,22/01/2026,SP,PENDENTE,,,,,17165-26,,-22.74476458,-45.09716262
SUP-8224-25 (AB),15/08/2026,SP,PENDENTE,,,,,17919-26,,-22.73268688,-47.2878273
SUP-7285-24,22/01/2026,SP,PENDENTE,,,,,17165-26,,-22.7589162,-45.11617721
SUP-7285-24,22/01/2026,SP,PENDENTE,,,,,17165-26,,-22.76136844,-45.12013043
SUP-7285-24,22/01/2026,SP,PENDENTE,,,,,17165-26,,-22.7626555,-45.12138579
SUP-6830-23,19/05/2026,SP,PENDENTE,,,,,17580-26,,-23.04399267,-44.59909758
SUP-8224-25 (AB),15/08/2026,SP,PENDENTE,,,,,17919-26,,-22.73279551,-47.28766542
SUP-7285-24,22/01/2026,SP,PENDENTE,,,,,17165-26,,-22.76406826,-45.12386856
SUP-7285-24,22/01/2026,SP,PENDENTE,,,,,17165-26,,-22.76474957,-45.12408991
SUP-7285-24,22/01/2026,SP,PENDENTE,,,,,17165-26,,-22.76483924,-45.12500495
SUP-7285-24,22/01/2026,SP,PENDENTE,,,,,17165-26,,-22.7642647,-45.12446862
SUP-7285-24,22/01/2026,SP,PENDENTE,,,,,17165-26,,-22.76615925,-45.12617393
SUP-7285-24,22/01/2026,SP,PENDENTE,,,,,17165-26,,-22.76752259,-45.12860858
SUP-7285-24,22/01/2026,SP,PENDENTE,,,,,17165-26,,-22.76425164,-45.12416821
SUP-7285-24,22/01/2026,SP,PENDENTE,,,,,17165-26,,-22.76458048,-45.12463779
SUP-8224-25 (AB),15/08/2026,SP,PENDENTE,,,,,17919-26,,-22.73288615,-47.28742081
SUP-7285-24,22/01/2026,SP,PENDENTE,,,,,17165-26,,-22.76978828,-45.13114015
SUP-7285-24,22/01/2026,SP,PENDENTE,,,,,17165-26,,-22.76960994,-45.13151904
SUP-7285-24,22/01/2026,SP,PENDENTE,,,,,17165-26,,-22.77026688,-45.13179951
SUP-7285-24,22/01/2026,SP,PENDENTE,,,,,17165-26,,-22.77049469,-45.13284866
SUP-7285-24,22/01/2026,SP,PENDENTE,,,,,17165-26,,-22.77122849,-45.13334274
SUP-7285-24,22/01/2026,SP,PENDENTE,,,,,17165-26,,-22.77147605,-45.1342436
SUP-7285-24,22/01/2026,SP,PENDENTE,,,,,17165-26,,-22.77198415,-45.13427695
SUP-7285-24,22/01/2026,SP,PENDENTE,,,,,17165-26,,-22.772222,-45.13539169
SUP-7285-24,22/01/2026,SP,PENDENTE,,,,,17165-26,,-22.77405826,-45.13803377
SUP-7285-24,22/01/2026,SP,PENDENTE,,,,,17165-26,,-22.77168357,-45.13517726
SUP-7285-24,22/01/2026,SP,PENDENTE,,,,,17165-26,,-22.77420888,-45.13870615
SUP-7285-24,22/01/2026,SP,PENDENTE,,,,,17165-26,,-22.77440966,-45.13866387
SUP-7285-24,22/01/2026,SP,PENDENTE,,,,,17165-26,,-22.77502395,-45.13866449
SUP-7285-24,22/01/2026,SP,PENDENTE,,,,,17165-26,,-22.76971586,-45.13177761
SUP-7285-24,22/01/2026,SP,PENDENTE,,,,,17165-26,,-22.76971586,-45.13177761
SUP-7285-24,22/01/2026,SP,PENDENTE,,,,,17165-26,,-22.77005531,-45.13224009
SUP-7285-24,22/01/2026,SP,PENDENTE,,,,,17165-26,,-22.77023817,-45.13242547
SUP-7285-24,22/01/2026,SP,PENDENTE,,,,,17165-26,,-22.76997149,-45.13146195
SUP-7285-24,22/01/2026,SP,PENDENTE,,,,,17165-26,,-22.76997149,-45.13146195
SUP-6830-23,20/04/2026,SP,PENDENTE,,,,,17538-26,,-23.15044725,-44.69923099
SUP-8224-25 (AB),15/08/2026,SP,PENDENTE,,,,,17919-26,,-22.73069041,-47.29027125
SUP-7285-24,22/01/2026,SP,PENDENTE,,,,,17165-26,,-22.77491641,-45.13827525
SUP-7285-24,22/01/2026,SP,PENDENTE,,,,,17165-26,,-22.77514853,-45.13953228
SUP-8224-25 (AB),15/08/2026,SP,PENDENTE,,,,,17919-26,,-22.73058442,-47.2903621
SUP-7285-24,22/01/2026,SP,PENDENTE,,,,,17165-26,,-22.78466601,-45.1528464
SUP-8224-25 (AB),15/08/2026,SP,PENDENTE,,,,,17919-26,,-22.73048471,-47.29044756
SUP-7285-24,22/01/2026,SP,PENDENTE,,,,,17165-26,,-22.78819466,-45.15668296
SUP-7285-24,22/01/2026,SP,PENDENTE,,,,,17165-26,,-22.78871671,-45.15727351
SUP-7285-24,22/01/2026,SP,PENDENTE,,,,,17165-26,,-22.78971868,-45.15977002
SUP-7285-24,22/01/2026,SP,PENDENTE,,,,,17165-26,,-22.79075007,-45.16034636
SUP-8224-25 (AB),15/08/2026,SP,PENDENTE,,,,,17919-26,,-22.73037968,-47.29053654
SUP-7285-24,22/01/2026,SP,PENDENTE,,,,,17165-26,,-22.79268271,-45.16208953
SUP-7285-24,22/01/2026,SP,PENDENTE,,,,,17165-26,,-22.79239207,-45.16256687
SUP-7285-24,22/01/2026,SP,PENDENTE,,,,,17165-26,,-22.7937251,-45.16465139
SUP-7285-24,22/01/2026,SP,PENDENTE,,,,,17165-26,,-22.79511707,-45.16630102
SUP-7285-24,22/01/2026,SP,PENDENTE,,,,,17165-26,,-22.79555524,-45.16606207
SUP-7285-24,22/01/2026,SP,PENDENTE,,,,,17165-26,,-22.796376,-45.16656132
SUP-7285-24,22/01/2026,SP,PENDENTE,,,,,17165-26,,-22.79653339,-45.16711765
SUP-7285-24,22/01/2026,SP,PENDENTE,,,,,17165-26,,-22.79597323,-45.16676572
SUP-8224-25 (AB),15/08/2026,SP,PENDENTE,,,,,17919-26,,-22.73026959,-47.29062493
SUP-7285-24,22/01/2026,SP,PENDENTE,,,,,17165-26,,-22.79762256,-45.16786617
SUP-7285-24,22/01/2026,SP,PENDENTE,,,,,17165-26,,-22.7996433,-45.16909946
SUP-7285-24,22/01/2026,SP,PENDENTE,,,,,17165-26,,-22.80123413,-45.16946645
SUP-7285-24,22/01/2026,SP,PENDENTE,,,,,17165-26,,-22.8020074,-45.17065887
SUP-7285-24,22/01/2026,SP,PENDENTE,,,,,17165-26,,-22.80123413,-45.16946645
SUP-7285-24,22/01/2026,SP,PENDENTE,,,,,17165-26,,-22.80272559,-45.17038877
SUP-7285-24,22/01/2026,SP,PENDENTE,,,,,17165-26,,-22.80208766,-45.17048236
SUP-7285-24,22/01/2026,SP,PENDENTE,,,,,17165-26,,-22.80305087,-45.17114226
SUP-8224-25 (AB),15/08/2026,SP,PENDENTE,,,,,17919-26,,-22.7301546,-47.29070628
SUP-7285-24,22/01/2026,SP,PENDENTE,,,,,17165-26,,-22.80743879,-45.17421671
SUP-7285-24,22/01/2026,SP,PENDENTE,,,,,17165-26,,-22.80818661,-45.1747703
SUP-7285-24,22/01/2026,SP,PENDENTE,,,,,17165-26,,-22.81094029,-45.17628443
SUP-8224-25 (AB),15/08/2026,SP,PENDENTE,,,,,17919-26,,-22.73004329,-47.29078529
SUP-7285-24,22/01/2026,SP,PENDENTE,,,,,17165-26,,-22.81388534,-45.17879084
SUP-7285-24,22/01/2026,SP,PENDENTE,,,,,17165-26,,-22.81466727,-45.17926337
SUP-7285-24,22/01/2026,SP,PENDENTE,,,,,17165-26,,-22.81509176,-45.17959143
SUP-7285-24,22/01/2026,SP,PENDENTE,,,,,17165-26,,-22.81610582,-45.18086477
SUP-7285-24,22/01/2026,SP,PENDENTE,,,,,17165-26,,-22.8193495,-45.18281422
SUP-7285-24,22/01/2026,SP,PENDENTE,,,,,17165-26,,-22.81915388,-45.18295355
SUP-7285-24,22/01/2026,SP,PENDENTE,,,,,17165-26,,-22.81873384,-45.18327783
SUP-7285-24,22/01/2026,SP,PENDENTE,,,,,17165-26,,-22.81961566,-45.18399376
SUP-8224-25 (AB),15/08/2026,SP,PENDENTE,,,,,17919-26,,-22.72992005,-47.29086836
SUP-7285-24,22/01/2026,SP,PENDENTE,,,,,17165-26,,-22.81993087,-45.18523461
SUP-7285-24,22/01/2026,SP,PENDENTE,,,,,17165-26,,-22.82030554,-45.18616237
SUP-7285-24,22/01/2026,SP,PENDENTE,,,,,17165-26,,-22.82053287,-45.18667824
SUP-7285-24,22/01/2026,SP,PENDENTE,,,,,17165-26,,-22.8201893,-45.18675163
SUP-7285-24,22/01/2026,SP,PENDENTE,,,,,17165-26,,-22.82253679,-45.1902364
SUP-7285-24,22/01/2026,SP,PENDENTE,,,,,17165-26,,-22.81996014,-45.1868374
SUP-7285-24,22/01/2026,SP,PENDENTE,,,,,17165-26,,-22.82071852,-45.18776251
SUP-8224-25 (AB),15/08/2026,SP,PENDENTE,,,,,17919-26,,-22.72980854,-47.29094045
SUP-7285-24,22/01/2026,SP,PENDENTE,,,,,17165-26,,-22.8230395,-45.19449759
SUP-7285-24,22/01/2026,SP,PENDENTE,,,,,17165-26,,-22.82288619,-45.19428789
SUP-7285-24,22/01/2026,SP,PENDENTE,,,,,17165-26,,-22.82222674,-45.19676479
SUP-7285-24,22/01/2026,SP,PENDENTE,,,,,17165-26,,-22.82201848,-45.19662744
SUP-7285-24,22/01/2026,SP,PENDENTE,,,,,17165-26,,-22.82173078,-45.19650602
SUP-8224-25 (AB),15/08/2026,SP,PENDENTE,,,,,17919-26,,-22.73362522,-47.28626018
SUP-8224-25 (AB),15/08/2026,SP,PENDENTE,,,,,17919-26,,-22.73398076,-47.28521465
SUP-8224-25 (AB),15/08/2026,SP,PENDENTE,,,,,17919-26,,-22.73402797,-47.28511524
SUP-8224-25 (AB),15/08/2026,SP,PENDENTE,,,,,17919-26,,-22.73407279,-47.28502161
SUP-8224-25 (AB),15/08/2026,SP,PENDENTE,,,,,17919-26,,-22.73411907,-47.28492746
SUP-8224-25 (AB),15/08/2026,SP,PENDENTE,,,,,17919-26,,-22.73415985,-47.28483733
SUP-8224-25 (AB),15/08/2026,SP,PENDENTE,,,,,17919-26,,-22.73419625,-47.28478705
SUP-8224-25 (AB),15/08/2026,SP,PENDENTE,,,,,17919-26,,-22.73421354,-47.28468814
SUP-8224-25 (AB),15/08/2026,SP,PENDENTE,,,,,17919-26,,-22.7342583,-47.28502705
SUP-8224-25 (AB),15/08/2026,SP,PENDENTE,,,,,17919-26,,-22.73429072,-47.284955
SUP-8224-25 (AB),15/08/2026,SP,PENDENTE,,,,,17919-26,,-22.734995,-47.283483
SUP-8224-25 (AB),15/08/2026,SP,PENDENTE,,,,,17919-26,,-22.73527137,-47.28279546
SUP-8224-25 (AB),15/08/2026,SP,PENDENTE,,,,,17919-26,,-22.73568935,-47.28191562
SUP-8224-25 (AB),15/08/2026,SP,PENDENTE,,,,,17919-26,,-22.73608399,-47.28108573
SUP-8224-25 (AB),15/08/2026,SP,PENDENTE,,,,,17919-26,,-22.73650507,-47.28019547
SUP-8224-25 (AB),15/08/2026,SP,PENDENTE,,,,,17919-26,,-22.73689213,-47.27938237
SUP-8224-25 (AB),15/08/2026,SP,PENDENTE,,,,,17919-26,,-22.73732567,-47.27851186
SUP-8224-25 (AB),15/08/2026,SP,PENDENTE,,,,,17919-26,,-22.73764047,-47.2770095
SUP-8224-25 (AB),15/08/2026,SP,PENDENTE,,,,,17919-26,,-22.73804881,-47.27679723
SUP-8224-25 (AB),15/08/2026,SP,PENDENTE,,,,,17919-26,,-22.73810333,-47.27662758
SUP-8224-25 (AB),15/08/2026,SP,PENDENTE,,,,,17919-26,,-22.74113813,-47.27419878
SUP-8224-25 (AB),15/08/2026,SP,PENDENTE,,,,,17919-26,,-22.74071851,-47.27397437
SUP-8224-25 (AB),15/08/2026,SP,PENDENTE,,,,,17919-26,,-22.74047197,-47.27383875
SUP-8224-25 (AB),15/08/2026,SP,PENDENTE,,,,,17919-26,,-22.7403157,-47.27375089
SUP-8224-25 (AB),15/08/2026,SP,PENDENTE,,,,,17919-26,,-22.74010956,-47.27359671
SUP-8224-25 (AB),15/08/2026,SP,PENDENTE,,,,,17919-26,,-22.73955525,-47.27333448
SUP-6498-23,03/04/2026,SP,PENDENTE,,,,,17486-26,,-23.02747482,-44.19658898
SUP-6498-23,03/04/2026,SP,PENDENTE,,,,,17487-26,,-23.02690263,-44.21032347
SUP-6498-23,03/04/2026,SP,PENDENTE,,,,,17487-26,,-23.02671043,-44.21163231
SUP-6498-23,03/04/2026,SP,PENDENTE,,,,,17487-26,,-23.01010939,-44.21370967
SUP-6498-23,03/04/2026,SP,PENDENTE,,,,,17488-26,,-23.00706969,-44.23301833
SUP-6498-23,03/04/2026,SP,PENDENTE,,,,,17488-26,,-23.00373909,-44.22981718
SUP-6498-23,03/04/2026,SP,PENDENTE,,,,,17488-26,,-23.0028955,-44.22909015
SUP-6498-23,03/04/2026,SP,PENDENTE,,,,,17488-26,,-22.99417691,-44.23056416
SUP-8276-25,25/05/2026,SP,PENDENTE,,,,,17643-26,,-23.43610664,-47.07446763
SUP-8370-25,15/07/2026,SP,PENDENTE,,,,,17804-26,,-23.6762223,-47.29218777
SUP-8370-25,17/08/2026,SP,PENDENTE,,,,,17930-26,,-23.66530528,-47.22691315
SUP-8370-25,17/08/2026,SP,PENDENTE,,,,,17930-26,,-23.66556035,-47.22696187
SUP-8370-25,17/08/2026,SP,PENDENTE,,,,,17930-26,,-23.66705904,-47.22751166
SUP-8370-25,17/08/2026,SP,PENDENTE,,,,,17930-26,,-23.6671498,-47.22742184
SUP-8370-25,17/08/2026,SP,PENDENTE,,,,,17930-26,,-23.66743275,-47.22805483
SUP-8370-25,17/08/2026,SP,PENDENTE,,,,,17930-26,,-23.66759957,-47.22811853
SUP-8370-25,17/08/2026,SP,PENDENTE,,,,,17930-26,,-23.67684628,-47.24252396
SUP-8370-25,17/08/2026,SP,PENDENTE,,,,,17930-26,,-23.67696683,-47.24278441
SUP-8370-25,17/08/2026,SP,PENDENTE,,,,,17930-26,,-23.67703793,-47.24274318
SUP-8370-25,17/08/2026,SP,PENDENTE,,,,,17930-26,,-23.67762192,-47.29760455
SUP-8370-25,17/08/2026,SP,PENDENTE,,,,,17930-26,,-23.67675126,-47.32321515
SUP-8370-25,17/08/2026,SP,PENDENTE,,,,,17930-26,,-23.67679995,-47.32327934
SUP-8370-25,17/08/2026,SP,PENDENTE,,,,,17930-26,,-23.69054743,-47.3412511
SUP-8370-25,17/08/2026,SP,PENDENTE,,,,,17930-26,,-23.69198917,-47.34328202
SUP-8370-25,17/08/2026,SP,PENDENTE,,,,,17930-26,,-23.69827348,-47.34933062
SUP-8370-25,17/08/2026,SP,PENDENTE,,,,,17930-26,,-23.69867196,-47.3497993
SUP-8370-25,17/08/2026,SP,PENDENTE,,,,,17930-26,,-23.69892997,-47.35000715
SUP-8370-25,17/08/2026,SP,PENDENTE,,,,,17930-26,,-23.71315169,-47.35801658
SUP-8370-25,17/08/2026,SP,PENDENTE,,,,,17930-26,,-23.71334161,-47.35830747
SUP-8370-25,17/08/2026,SP,PENDENTE,,,,,17930-26,,-23.7143813,-47.36336317
SUP-8370-25,17/08/2026,SP,PENDENTE,,,,,17930-26,,-23.71443434,-47.36327167
SUP-8370-25,17/08/2026,SP,PENDENTE,,,,,17930-26,,-23.71478017,-47.36366155
SUP-8370-25,17/08/2026,SP,PENDENTE,,,,,17930-26,,-23.7152465,-47.37740766
SUP-8370-25,17/08/2026,SP,PENDENTE,,,,,17930-26,,-23.71551093,-47.37814025
SUP-8370-25,17/08/2026,SP,PENDENTE,,,,,17930-26,,-23.71556784,-47.37811452
SUP-8370-25,17/08/2026,SP,PENDENTE,,,,,17930-26,,-23.71566318,-47.37851833
SUP-8370-25,17/08/2026,SP,PENDENTE,,,,,17930-26,,-23.715725,-47.37849033
SUP-8370-25,17/08/2026,SP,PENDENTE,,,,,17930-26,,-23.6655396,-47.2271552
SUP-8370-25,17/08/2026,SP,PENDENTE,,,,,17930-26,,-23.66556219,-47.2272485
SUP-8370-25,17/08/2026,SP,PENDENTE,,,,,17930-26,,-23.66567384,-47.22718746
SUP-8370-25,20/07/2026,SP,PENDENTE,,,,,17806-26,,-23.67534274,-47.29183916
SUP-8370-25,20/07/2026,SP,PENDENTE,,,,,17806-26,,-23.67551538,-47.29176375
SUP-8370-25,20/07/2026,SP,PENDENTE,,,,,17806-26,,-23.67550491,-47.29186159
SUP-8370-25,20/07/2026,SP,PENDENTE,,,,,17806-26,,-23.67485308,-47.29015448
SUP-8370-25,20/07/2026,SP,PENDENTE,,,,,17806-26,,-23.67478059,-47.29017282
SUP-8370-25,20/07/2026,SP,PENDENTE,,,,,17806-26,,-23.67501003,-47.29052969
SUP-8370-25,20/07/2026,SP,PENDENTE,,,,,17806-26,,-23.67494627,-47.29056779
SUP-8370-25,20/07/2026,SP,PENDENTE,,,,,17806-26,,-23.67528417,-47.29091675
SUP-8370-25,20/07/2026,SP,PENDENTE,,,,,17806-26,,-23.6751929,-47.29098377
SUP-8370-25,20/07/2026,SP,PENDENTE,,,,,17806-26,,-23.67545391,-47.29103733
SUP-8370-25,20/07/2026,SP,PENDENTE,,,,,17806-26,,-23.68409025,-47.26919079
SUP-8370-25,20/07/2026,SP,PENDENTE,,,,,17806-26,,-23.68377304,-47.26989111
SUP-8370-25,20/07/2026,SP,PENDENTE,,,,,17806-26,,-23.6839377,-47.26851177
SUP-8370-25,20/07/2026,SP,PENDENTE,,,,,17806-26,,-23.68440724,-47.270353
SUP-8370-25,20/07/2026,SP,PENDENTE,,,,,17806-26,,-23.71851558,-47.38831937
SUP-8370-25,20/07/2026,SP,PENDENTE,,,,,17806-26,,-23.68342113,-47.27848196
SUP-8370-25,20/07/2026,SP,PENDENTE,,,,,17806-26,,-23.68344573,-47.2774237
SUP-8370-25,20/07/2026,SP,PENDENTE,,,,,17806-26,,-23.68399876,-47.27542374
SUP-8370-25,20/07/2026,SP,PENDENTE,,,,,17806-26,,-23.70980474,-47.35710107
SUP-8370-25,20/07/2026,SP,PENDENTE,,,,,17806-26,,-23.71065093,-47.35666528
SUP-8370-25,20/07/2026,SP,PENDENTE,,,,,17806-26,,-23.71078406,-47.35681474
SUP-8370-25,20/07/2026,SP,PENDENTE,,,,,17806-26,,-23.71080785,-47.35703086
SUP-8370-25,20/07/2026,SP,PENDENTE,,,,,17806-26,,-23.71092054,-47.35733682
SUP-8370-25,20/07/2026,SP,PENDENTE,,,,,17806-26,,-23.6700727,-47.23110397
SUP-8370-25,20/07/2026,SP,PENDENTE,,,,,17806-26,,-23.67125278,-47.23316281
SUP-8370-25,20/07/2026,SP,PENDENTE,,,,,17806-26,,-23.67087217,-47.23200952
SUP-8370-25,20/07/2026,SP,PENDENTE,,,,,17806-26,,-23.67015336,-47.23177186
SUP-8370-25,20/07/2026,SP,PENDENTE,,,,,17806-26,,-23.7168993,-47.38425041
SUP-8370-25,20/07/2026,SP,PENDENTE,,,,,17806-26,,-23.67064835,-47.23250561
SUP-8370-25,20/07/2026,SP,PENDENTE,,,,,17806-26,,-23.67126366,-47.23240825
SUP-8370-25,20/07/2026,SP,PENDENTE,,,,,17806-26,,-23.67009186,-47.23228052
SUP-8370-25,20/07/2026,SP,PENDENTE,,,,,17806-26,,-23.66936714,-47.23119981
SUP-8370-25,20/07/2026,SP,PENDENTE,,,,,17806-26,,-23.6842415,-47.2557538
SUP-8370-25,20/07/2026,SP,PENDENTE,,,,,17806-26,,-23.68341274,-47.25624931
SUP-8370-25,20/07/2026,SP,PENDENTE,,,,,17806-26,,-23.68398396,-47.25670025
SUP-8370-25,20/07/2026,SP,PENDENTE,,,,,17806-26,,-23.68429891,-47.25491175
SUP-8370-25,20/07/2026,SP,PENDENTE,,,,,17806-26,,-23.68367326,-47.27545731
SUP-8370-25,20/07/2026,SP,PENDENTE,,,,,17806-26,,-23.71124977,-47.35705841
SUP-8370-25,20/07/2026,SP,PENDENTE,,,,,17806-26,,-23.71201167,-47.35741526
SUP-8276-25,25/05/2026,SP,PENDENTE,,,,,17643-26,,-23.5123174,-46.91612667
SUP-8276-25,25/05/2026,SP,PENDENTE,,,,,17643-26,,-23.51306768,-46.91804502
SUP-8276-25,25/05/2026,SP,PENDENTE,,,,,17643-26,,-23.51949485,-46.94970269
SUP-8276-25,25/05/2026,SP,PENDENTE,,,,,17643-26,,-23.51572287,-46.96229917
SUP-8276-25,25/05/2026,SP,PENDENTE,,,,,17643-26,,-23.51584492,-46.96358328
SUP-8276-25,25/05/2026,SP,PENDENTE,,,,,17643-26,,-23.51591259,-46.96419557
SUP-8276-25,25/05/2026,SP,PENDENTE,,,,,17643-26,,-23.51597529,-46.96477939
SUP-8276-25,25/05/2026,SP,PENDENTE,,,,,17643-26,,-23.4585668,-47.04480115
SUP-8276-25,25/05/2026,SP,PENDENTE,,,,,17643-26,,-23.45897985,-47.04500286
SUP-8276-25,25/05/2026,SP,PENDENTE,,,,,17643-26,,-23.45797143,-47.04549654
SUP-8276-25,25/05/2026,SP,PENDENTE,,,,,17643-26,,-23.43631747,-47.0736248
SUP-8276-25,25/05/2026,SP,PENDENTE,,,,,17643-26,,-23.43836211,-47.10119944
SUP-6806-23,05/12/2025,SP,PENDENTE,,,,,17078-25,,-21.78545555,-54.52626066
SUP-6806-23,05/12/2025,SP,PENDENTE,,,,,17078-25,,-21.78407091,-54.52623634
SUP-6806-23,05/12/2025,SP,PENDENTE,,,,,17078-25,,-21.78366943,-54.52632729
SUP-6806-23,05/12/2025,SP,PENDENTE,,,,,17078-25,,-21.78432497,-54.52587653
SUP-6806-23,05/12/2025,SP,PENDENTE,,,,,17078-25,,-21.78339314,-54.52636074
SUP-6806-23,05/12/2025,SP,PENDENTE,,,,,17078-25,,-21.78302767,-54.52629875
SUP-6806-23,23/04/2026,SP.F,PENDENTE,,,,,17550-26,,-21.0527856,-54.49847214
SUP-6806-23,04/08/2026,SP,PENDENTE,,,,,17894-26,,-20.62518567,-54.57292139
SUP-6806-23,27/09/2025,SP,PENDENTE,,,,,16788-25,,-20.604659,-54.577735
SUP-6806-23,27/09/2025,SP,PENDENTE,,,,,16788-25,,-20.60588561,-54.57749906
SUP-6806-23,04/08/2026,SP,PENDENTE,,,,,17894-26,,-20.60661127,-54.57736398
SUP-6806-23,04/08/2026,SP.F,PENDENTE,,,,,17894-26,,-20.60613998,-54.5774028
SUP-6806-23,04/08/2026,SP.F,PENDENTE,,,,,17894-26,,-20.60533542,-54.57761015
SUP-6806-23,04/08/2026,SP,PENDENTE,,,,,17894-26,,-20.59473092,-54.58019917
SUP-6806-23,04/08/2026,SP,PENDENTE,,,,,17894-26,,-20.59296826,-54.58064614
SUP-6806-23,04/08/2026,SP,PENDENTE,,,,,17895-26,,-20.5841775,-54.58256679
SUP-6806-23,04/08/2026,SP.F,PENDENTE,,,,,17895-26,,-20.57134322,-54.56465975
SUP-6806-23,04/08/2026,SP.F,PENDENTE,,,,,17895-26,,-20.57113252,-54.56445612
SUP-6806-23,04/08/2026,SP.F,PENDENTE,,,,,17895-26,,-20.51313081,-54.56118265
SUP-6806-23,04/08/2026,SP,PENDENTE,,,,,17895-26,,-20.51275335,-54.56079199
SUP-6806-23,04/08/2026,SP,PENDENTE,,,,,17895-26,,-20.48304761,-54.55902993
SUP-6806-23,04/08/2026,SP,PENDENTE,,,,,17895-26,,-20.48030313,-54.55913634
SUP-6806-23,04/08/2026,SP,PENDENTE,,,,,17895-26,,-20.48016276,-54.55945885
SUP-6806-23,04/08/2026,SP,PENDENTE,,,,,17895-26,,-20.46274576,-54.55382488
SUP-6806-23,04/08/2026,SP,PENDENTE,,,,,17895-26,,-20.42631103,-54.54449354
SUP-6806-23,18/02/2026,SP,PENDENTE,,,,,17274-26,,-20.42610797,-54.54482219
SUP-6806-23,04/08/2026,SP,PENDENTE,,,,,17895-26,,-20.4068275,-54.55202792
SUP-6806-23,04/08/2026,SP,PENDENTE,,,,,17895-26,,-20.4047849,-54.55300656
SUP-6806-23,04/08/2026,SP,PENDENTE,,,,,17895-26,,-20.40279559,-54.55380189
SUP-6806-23,04/08/2026,SP,PENDENTE,,,,,17895-26,,-20.40134594,-54.55459124
SUP-6806-23,04/08/2026,SP,PENDENTE,,,,,17895-26,,-20.40107742,-54.55471833
SUP-6806-23,04/08/2026,SP,PENDENTE,,,,,17895-26,,-20.40104346,-54.5544416
SUP-6806-23,04/08/2026,SP,PENDENTE,,,,,17895-26,,-20.4008499,-54.5548666
SUP-6806-23,04/08/2026,SP,PENDENTE,,,,,17895-26,,-20.40067806,-54.55462958
SUP-6806-23,04/08/2026,SP,PENDENTE,,,,,17895-26,,-20.40054028,-54.55495344
SUP-6806-23,26/06/2026,SP,PENDENTE,,,,,17788-26,,-20.13468209,-54.44149432
SUP-6806-23,12/03/2026,SP,PENDENTE,,,,,17356-26,,-20.04951487,-54.41670573
SUP-6806-23,17/06/2026,SP,PENDENTE,,,,,17729-26,,-20.04949828,-54.41681054
SUP-6806-23,12/03/2026,SP,PENDENTE,,,,,17356-26,,-20.04917862,-54.41655835
SUP-6806-23,17/06/2026,SP,PENDENTE,,,,,17729-26,,-20.0491621,-54.41669921
SUP-6806-23,12/03/2026,SP,PENDENTE,,,,,17356-26,,-20.05023281,-54.41713162
SUP-6806-23,12/03/2026,SP,PENDENTE,,,,,17356-26,,-20.04995632,-54.41697452
SUP-6806-23,12/03/2026,SP,PENDENTE,,,,,17356-26,,-20.04693572,-54.41569688
SUP-6806-23,12/03/2026,SP,PENDENTE,,,,,17357-26,,-20.0382431,-54.41182217
SUP-6806-23,12/03/2026,SP,PENDENTE,,,,,17357-26,,-20.03587657,-54.41090004
SUP-6806-23,12/03/2026,SP,PENDENTE,,,,,17357-26,,-20.03613137,-54.41041814
SUP-6806-23,12/03/2026,SP,PENDENTE,,,,,17357-26,,-20.03776573,-54.41165254
SUP-6806-23,24/08/2026,SP,PENDENTE,,,,,17872-26,,-19.11564948,-54.7558638
SUP-6806-23,24/08/2026,SP,PENDENTE,,,,,17872-26,,-19.11561307,-54.75571071
SUP-6806-23,24/08/2026,SP,PENDENTE,,,,,17872-26,,-19.11521935,-54.75624533
SUP-6806-23,24/08/2026,SP,PENDENTE,,,,,17872-26,,-19.1140458,-54.75659729
SUP-6806-23,24/08/2026,SP,PENDENTE,,,,,17872-26,,-19.11401707,-54.75652734
SUP-6806-23,24/08/2026,SP,PENDENTE,,,,,17872-26,,-19.11401707,-54.75652734
SUP-6806-23,24/08/2026,SP,PENDENTE,,,,,17872-26,,-19.11397133,-54.75638995
SUP-6806-23,24/08/2026,SP,PENDENTE,,,,,17872-26,,-19.11391866,-54.75626102
SUP-6806-23,24/08/2026,SP,PENDENTE,,,,,17872-26,,-19.11160156,-54.7587805
SUP-6806-23,24/08/2026,SP,PENDENTE,,,,,17872-26,,-19.11152277,-54.75872581
SUP-6806-23,24/08/2026,SP,PENDENTE,,,,,17872-26,,-19.11135988,-54.7587217
SUP-6806-23,24/08/2026,SP,PENDENTE,,,,,17872-26,,-19.111251,-54.75864782
SUP-6806-23,24/08/2026,SP,PENDENTE,,,,,17872-26,,-19.10840789,-54.76492046
SUP-6806-23,24/08/2026,SP,PENDENTE,,,,,17872-26,,-19.1082005,-54.76478737
SUP-6806-23,24/08/2026,SP,PENDENTE,,,,,17872-26,,-19.10786934,-54.76511577
SUP-6806-23,24/08/2026,SP,PENDENTE,,,,,17872-26,,-19.10762492,-54.7649616
SUP-6806-23,24/08/2026,SP,PENDENTE,,,,,17872-26,,-19.10800789,-54.76559806
SUP-6806-23,24/08/2026,SP,PENDENTE,,,,,17872-26,,-19.10783703,-54.76546244
SUP-6806-23,24/08/2026,SP,PENDENTE,,,,,17872-26,,-19.10737253,-54.76602055
SUP-6806-23,24/08/2026,SP,PENDENTE,,,,,17872-26,,-19.10717268,-54.76588166
SUP-6806-23,24/08/2026,SP,PENDENTE,,,,,17872-26,,-19.10513807,-54.77062761
SUP-6806-23,24/08/2026,SP,PENDENTE,,,,,17872-26,,-19.10501076,-54.77049112
SUP-6806-23,24/08/2026,SP,PENDENTE,,,,,17872-26,,-19.10303024,-54.77184945
SUP-6806-23,24/08/2026,SP,PENDENTE,,,,,17872-26,,-19.10296358,-54.77170559
SUP-6806-23,24/08/2026,SP,PENDENTE,,,,,17872-26,,-19.10267129,-54.77243123
SUP-6806-23,24/08/2026,SP,PENDENTE,,,,,17872-26,,-19.10256885,-54.77220774
SUP-6806-23,24/08/2026,SP,PENDENTE,,,,,17872-26,,-19.09113276,-54.77467611
SUP-6806-23,24/08/2026,SP,PENDENTE,,,,,17872-26,,-19.09104338,-54.77454118
SUP-6806-23,24/08/2026,SP,PENDENTE,,,,,17872-26,,-19.07747692,-54.79001177
SUP-6806-23,24/08/2026,SP,PENDENTE,,,,,17872-26,,-19.07737251,-54.78990578
SUP-6806-23,24/08/2026,SP,PENDENTE,,,,,17872-26,,-19.07581968,-54.79145058
SUP-6806-23,24/08/2026,SP,PENDENTE,,,,,17872-26,,-19.07578351,-54.79136008
SUP-6806-23,24/08/2026,SP,PENDENTE,,,,,17872-26,,-19.07234286,-54.79183331
SUP-6806-23,24/08/2026,SP,PENDENTE,,,,,17872-26,,-19.07232567,-54.79165075
SUP-6806-23,24/08/2026,SP,PENDENTE,,,,,17872-26,,-19.0667183,-54.79244528
SUP-6806-23,24/08/2026,SP,PENDENTE,,,,,17872-26,,-19.06667398,-54.7923214
SUP-6806-23,24/08/2026,SP,PENDENTE,,,,,17872-26,,-19.06652112,-54.79282191
SUP-6806-23,24/08/2026,SP,PENDENTE,,,,,17872-26,,-19.06647795,-54.79265989
SUP-6806-23,24/08/2026,SP,PENDENTE,,,,,17872-26,,-19.06479018,-54.79331808
SUP-6806-23,24/08/2026,SP,PENDENTE,,,,,17872-26,,-19.06469695,-54.79315097
SUP-6806-23,24/08/2026,SP,PENDENTE,,,,,17872-26,,-19.06473716,-54.79368993
SUP-6806-23,24/08/2026,SP,PENDENTE,,,,,17872-26,,-19.06465734,-54.79358342
SUP-6806-23,24/08/2026,SP,PENDENTE,,,,,17872-26,,-19.05026299,-54.80624155
SUP-6806-23,24/08/2026,SP,PENDENTE,,,,,17872-26,,-19.05019572,-54.80614393
SUP-6806-23,24/08/2026,SP,PENDENTE,,,,,17872-26,,-19.05040387,-54.80650405
SUP-6806-23,24/08/2026,SP,PENDENTE,,,,,17872-26,,-19.05028788,-54.80640546
SUP-6806-23,24/08/2026,SP,PENDENTE,,,,,17872-26,,-19.02979869,-54.82388098
SUP-6806-23,24/08/2026,SP,PENDENTE,,,,,17872-26,,-19.02970464,-54.82380083
SUP-6806-23,27/07/2026,SP,PENDENTE,,,,,17871-26,,-19.01537918,-54.82773482
SUP-6806-23,27/07/2026,SP,PENDENTE,,,,,17871-26,,-19.01536595,-54.82758779
SUP-6806-23,27/07/2026,SP,PENDENTE,,,,,17871-26,,-19.01006773,-54.82815206
SUP-6806-23,27/07/2026,SP,PENDENTE,,,,,17871-26,,-19.0099693,-54.82809991
SUP-6806-23,26/06/2026,SP,PENDENTE,,,,,17791-26,,-18.68219733,-54.81336768
SUP-6806-23,12/03/2026,SP,PENDENTE,,,,,17359-26,,-17.83358305,-54.7177167
SUP-6806-23,12/03/2026,SP,PENDENTE,,,,,17359-26,,-17.83032122,-54.72051808
SUP-6806-23,12/03/2026,SP,PENDENTE,,,,,17359-26,,-17.82848454,-54.72210399
SUP-6806-23,12/03/2026,SP,PENDENTE,,,,,17359-26,,-17.82168194,-54.72794476
SUP-8224-25 (RA),17/08/2026,SP,PENDENTE,,,,,17929-26,,-23.49912815,-46.81840398
SUP-8224-25 (RA),17/08/2026,SP,PENDENTE,,,,,17929-26,,-23.57821808,-46.81000871
SUP-8224-25 (RA),17/08/2026,SP,PENDENTE,,,,,17929-26,,-23.449685,-46.787955
SUP-8224-25 (RA),17/08/2026,SP,PENDENTE,,,,,17929-26,,-23.450035,-46.788034
SUP-8224-25 (RA),17/08/2026,SP,PENDENTE,,,,,17929-26,,-23.48385299,-46.80414611
SUP-8224-25 (RA),17/08/2026,SP,PENDENTE,,,,,17929-26,,-23.51128,-46.807853
SUP-8224-25 (RA),17/08/2026,SP,PENDENTE,,,,,17929-26,,-23.526644,-46.816812
SUP-8224-25 (RA),17/08/2026,SP,PENDENTE,,,,,17929-26,,-23.528414,-46.817681
SUP-8224-25 (RA),17/08/2026,SP,PENDENTE,,,,,17929-26,,-23.529803,-46.817398
SUP-8224-25 (RA),17/08/2026,SP,PENDENTE,,,,,17929-26,,-23.530424,-46.818054
SUP-8224-25 (RA),17/08/2026,SP,PENDENTE,,,,,17929-26,,-23.55079411,-46.82082105
SUP-8224-25 (RA),17/08/2026,SP,PENDENTE,,,,,17929-26,,-23.55121784,-46.82075507
SUP-8224-25 (RA),17/08/2026,SP,PENDENTE,,,,,17929-26,,-23.55254862,-46.82055516
SUP-8224-25 (RA),17/08/2026,SP,PENDENTE,,,,,17929-26,,-23.5529462,-46.820647
SUP-8370-25,14/08/2026,SP,PENDENTE,,,,,17926-26,,-23.64860114,-47.22377156
SUP-8370-25,14/08/2026,SP,PENDENTE,,,,,17926-26,,-23.64887121,-47.22382513
SUP-8370-25,14/08/2026,SP,PENDENTE,,,,,17926-26,,-23.6489496,-47.22339524
SUP-8370-25,14/08/2026,SP,PENDENTE,,,,,17926-26,,-23.64916454,-47.22351648
SUP-8370-25,14/08/2026,SP,PENDENTE,,,,,17926-26,,-23.64935039,-47.22314721
SUP-8276-25,25/05/2026,SP,PENDENTE,,,,,17643-26,,-23.50697797,-46.83148762
SUP-8276-25,25/05/2026,SP,PENDENTE,,,,,17643-26,,-23.50814038,-46.83160141
SUP-8276-25,25/05/2026,SP,PENDENTE,,,,,17643-26,,-23.5089672,-46.83266994
SUP-8276-25,25/05/2026,SP,PENDENTE,,,,,17643-26,,-23.5062605,-46.83885545
SUP-8276-25,25/05/2026,SP,PENDENTE,,,,,17643-26,,-23.45930757,-47.04452316
SUP-8370-25,21/05/2026,SP,PENDENTE,,,,,17631-26,,-23.643577,-47.058719
SUP-8370-25,21/05/2026,SP,PENDENTE,,,,,17631-26,,-23.643685,-47.058779
SUP-8370-25,21/05/2026,SP,PENDENTE,,,,,17631-26,,-23.643605,-47.05865
SUP-8370-25,21/05/2026,SP,PENDENTE,,,,,17631-26,,-23.643722,-47.058701
SUP-8370-25,17/08/2026,SP,PENDENTE,,,,,17930-26,,-23.66611008,-47.2271875
SUP-8370-25,17/08/2026,SP,PENDENTE,,,,,17930-26,,-23.66625841,-47.22720827
SUP-8370-25,17/08/2026,SP,PENDENTE,,,,,17930-26,,-23.6747899,-47.23695194
SUP-8370-25,17/08/2026,SP,PENDENTE,,,,,17930-26,,-23.67492264,-47.23706758
SUP-8370-25,17/08/2026,SP,PENDENTE,,,,,17930-26,,-23.67504613,-47.2371661
SUP-8370-25,17/08/2026,SP,PENDENTE,,,,,17930-26,,-23.67455547,-47.23727693
SUP-8370-25,17/08/2026,SP,PENDENTE,,,,,17930-26,,-23.67467572,-47.23737983
SUP-8370-25,17/08/2026,SP,PENDENTE,,,,,17930-26,,-23.67479961,-47.23748816
SUP-8370-25,17/08/2026,SP,PENDENTE,,,,,17930-26,,-23.67679661,-47.30215123
SUP-8370-25,17/08/2026,SP,PENDENTE,,,,,17930-26,,-23.67682139,-47.30232191
SUP-8370-25,17/08/2026,SP,PENDENTE,,,,,17930-26,,-23.67684766,-47.30247484
SUP-8370-25,17/08/2026,SP,PENDENTE,,,,,17930-26,,-23.67644409,-47.3022089
SUP-8370-25,17/08/2026,SP,PENDENTE,,,,,17930-26,,-23.67646888,-47.30237959
SUP-8370-25,17/08/2026,SP,PENDENTE,,,,,17930-26,,-23.67649515,-47.30253252
SUP-8370-25,17/08/2026,SP,PENDENTE,,,,,17930-26,,-23.69168283,-47.34330073
SUP-8370-25,17/08/2026,SP,PENDENTE,,,,,17930-26,,-23.69172827,-47.34338379
SUP-8370-25,17/08/2026,SP,PENDENTE,,,,,17930-26,,-23.69177432,-47.34346721
SUP-8370-25,17/08/2026,SP,PENDENTE,,,,,17930-26,,-23.6976068,-47.34938532
SUP-8370-25,17/08/2026,SP,PENDENTE,,,,,17930-26,,-23.69771109,-47.34947311
SUP-8370-25,17/08/2026,SP,PENDENTE,,,,,17930-26,,-23.71525218,-47.36365591
SUP-8370-25,17/08/2026,SP,PENDENTE,,,,,17930-26,,-23.71534949,-47.36378751
SUP-8370-25,17/08/2026,SP,PENDENTE,,,,,17930-26,,-23.71544155,-47.36390838
SUP-8370-25,17/08/2026,SP,PENDENTE,,,,,17930-26,,-23.71495499,-47.36391817
SUP-8370-25,17/08/2026,SP,PENDENTE,,,,,17930-26,,-23.7150523,-47.36404977
SUP-8370-25,17/08/2026,SP,PENDENTE,,,,,17930-26,,-23.71514436,-47.36417064
SUP-8370-25,17/08/2026,SP,PENDENTE,,,,,17930-26,,-23.71512655,-47.37609384
SUP-8370-25,17/08/2026,SP,PENDENTE,,,,,17930-26,,-23.7151808,-47.37624514
SUP-8370-25,17/08/2026,SP,PENDENTE,,,,,17930-26,,-23.71523635,-47.37639733
SUP-8370-25,17/08/2026,SP,PENDENTE,,,,,17930-26,,-23.71475225,-47.37625662
SUP-8370-25,17/08/2026,SP,PENDENTE,,,,,17930-26,,-23.7148065,-47.37640792
SUP-8370-25,17/08/2026,SP,PENDENTE,,,,,17930-26,,-23.71486628,-47.3765605
SUP-8551-26,20/08/2026,SP,PENDENTE,,,,,17938-26,,-23.52604955,-46.34434981
SUP-8551-26,20/08/2026,SP,PENDENTE,,,,,17938-26,,-23.52559095,-46.34411988
SUP-8551-26,20/08/2026,SP,PENDENTE,,,,,17938-26,,-23.52581645,-46.34415156
SUP-8551-26,20/08/2026,SP,PENDENTE,,,,,17938-26,,-23.5257691,-46.34440573
SUP-8551-26,20/08/2026,SP,PENDENTE,,,,,17939-26,,-23.51359638,-46.55204392
SUP-8551-26,20/08/2026,SP,PENDENTE,,,,,17939-26,,-23.51389377,-46.55210616
SUP-8551-26,20/08/2026,SP,PENDENTE,,,,,17941-26,,-23.49169094,-46.45344273
SUP-8551-26,20/08/2026,SP,PENDENTE,,,,,17941-26,,-23.49208624,-46.45366247
SUP-8370-25,20/07/2026,SP,PENDENTE,,,,,17806-26,,-23.68533971,-47.34108548
SUP-8370-25,20/07/2026,SP,PENDENTE,,,,,17806-26,,-23.68516275,-47.34144502
SUP-8370-25,20/07/2026,SP,PENDENTE,,,,,17806-26,,-23.68395752,-47.341747
SUP-8370-25,20/07/2026,SP,PENDENTE,,,,,17806-26,,-23.6792497,-47.34084947
SUP-8370-25,20/07/2026,SP,PENDENTE,,,,,17806-26,,-23.6795261,-47.339884
SUP-8408-26,30/07/2026,SP,PENDENTE,,,,,17891-26,,-23.06292381,-49.63682237
SUP-8408-26,10/08/2026,SP,PENDENTE,,,,,17913-26,,-23.06276316,-49.63657328
SUP-8408-26,30/07/2026,SP,PENDENTE,,,,,17891-26,,-23.06230937,-49.63716871
SUP-8408-26,30/07/2026,SP,PENDENTE,,,,,17891-26,,-23.06198344,-49.63822263
SUP-8408-26,10/08/2026,SP,PENDENTE,,,,,17913-26,,-23.06239147,-49.63774412
SUP-8408-26,10/08/2026,SP,PENDENTE,,,,,17913-26,,-23.06222767,-49.63883997
SUP-8408-26,10/08/2026,SP,PENDENTE,,,,,17913-26,,-23.06178291,-49.64047514
SUP-8408-26,10/08/2026,SP,PENDENTE,,,,,17913-26,,-23.06165434,-49.64139671
SUP-8408-26,10/08/2026,SP,PENDENTE,,,,,17913-26,,-23.06132362,-49.64259631
SUP-8408-26,30/07/2026,SP,PENDENTE,,,,,17891-26,,-23.06138118,-49.64335808
SUP-8408-26,30/07/2026,SP,PENDENTE,,,,,17891-26,,-23.06079215,-49.64395774
SUP-8408-26,30/07/2026,SP,PENDENTE,,,,,17891-26,,-23.05574416,-49.66787117
SUP-8408-26,30/07/2026,SP,PENDENTE,,,,,17891-26,,-23.055549,-49.66867231
SUP-8408-26,30/07/2026,SP,PENDENTE,,,,,17891-26,,-23.04874081,-49.69970344
SUP-8408-26,30/07/2026,SP,PENDENTE,,,,,17891-26,,-23.04831385,-49.70071082
SUP-8408-26,10/08/2026,SP,PENDENTE,,,,,17913-26,,-23.04822343,-49.70204398
SUP-8408-26,30/07/2026,SP,PENDENTE,,,,,17891-26,,-23.04771977,-49.70339827
SUP-8408-26,10/08/2026,SP,PENDENTE,,,,,17913-26,,-23.04775457,-49.70414014
SUP-8408-26,30/07/2026,SP,PENDENTE,,,,,17891-26,,-23.04742338,-49.70473896
SUP-8408-26,30/07/2026,SP,PENDENTE,,,,,17891-26,,-23.04757888,-49.70564223
SUP-8408-26,30/07/2026,SP,PENDENTE,,,,,17891-26,,-23.04681932,-49.70710975
SUP-8408-26,30/07/2026,SP,PENDENTE,,,,,17891-26,,-23.04709314,-49.71410967
SUP-8408-26,30/07/2026,SP,PENDENTE,,,,,17891-26,,-23.04644396,-49.71390493
SUP-8408-26,30/07/2026,SP,PENDENTE,,,,,17891-26,,-23.04344808,-49.71512836
SUP-8408-26,30/07/2026,SP,PENDENTE,,,,,17891-26,,-23.0435177,-49.71580627
SUP-8408-26,30/07/2026,SP,PENDENTE,,,,,17891-26,,-23.04509,-49.71705108
SUP-8408-26,30/07/2026,SP,PENDENTE,,,,,17891-26,,-23.04571262,-49.7171387
SUP-8408-26,10/08/2026,SP,PENDENTE,,,,,17913-26,,-23.01583848,-49.77222738
SUP-8408-26,10/08/2026,SP,PENDENTE,,,,,17913-26,,-23.01539743,-49.77328876
SUP-8408-26,10/08/2026,SP,PENDENTE,,,,,17913-26,,-23.01494413,-49.77391176
SUP-8408-26,10/08/2026,SP,PENDENTE,,,,,17913-26,,-23.01410793,-49.77580186
SUP-8408-26,10/08/2026,SP,PENDENTE,,,,,17913-26,,-23.01345074,-49.77677801
SUP-8408-26,10/08/2026,SP,PENDENTE,,,,,17913-26,,-23.01322566,-49.77753138
SUP-8408-26,30/07/2026,SP,PENDENTE,,,,,17891-26,,-23.01108314,-49.7870694
SUP-8408-26,30/07/2026,SP,PENDENTE,,,,,17891-26,,-23.01145975,-49.79028902
SUP-8408-26,30/07/2026,SP,PENDENTE,,,,,17891-26,,-23.01107356,-49.79103632
SUP-8408-26,30/07/2026,SP,PENDENTE,,,,,17891-26,,-23.01145975,-49.79028902
SUP-8408-26,30/07/2026,SP,PENDENTE,,,,,17891-26,,-23.01138216,-49.79265573
SUP-8408-26,30/07/2026,SP,PENDENTE,,,,,17891-26,,-23.0109989,-49.79296213
SUP-8408-26,10/08/2026,SP,PENDENTE,,,,,17913-26,,-23.01121342,-49.79421566
SUP-8408-26,30/07/2026,SP,PENDENTE,,,,,17891-26,,-22.99356468,-49.84433033
SUP-8408-26,30/07/2026,SP,PENDENTE,,,,,17891-26,,-22.99324826,-49.84443014
SUP-8408-26,30/07/2026,SP,PENDENTE,,,,,17891-26,,-22.99388347,-49.84499146
SUP-8408-26,30/07/2026,SP,PENDENTE,,,,,17891-26,,-22.98907799,-49.85346269
SUP-8408-26,30/07/2026,SP,PENDENTE,,,,,17891-26,,-22.98738972,-49.85534365
SUP-8408-26,30/07/2026,SP,PENDENTE,,,,,17891-26,,-22.98310223,-49.8568074
SUP-8408-26,30/07/2026,SP,PENDENTE,,,,,17891-26,,-22.98288514,-49.85719592
SUP-8408-26,30/07/2026,SP,PENDENTE,,,,,17891-26,,-22.9825407,-49.85700805
SUP-8408-26,30/07/2026,SP,PENDENTE,,,,,17891-26,,-22.96407892,-49.86617093
SUP-8408-26,30/07/2026,SP,PENDENTE,,,,,17891-26,,-22.96342726,-49.86663727
SUP-8408-26,30/07/2026,SP,PENDENTE,,,,,17891-26,,-22.96291693,-49.86702791
SUP-8408-26,30/07/2026,SP,PENDENTE,,,,,17891-26,,-22.96203444,-49.86769371
SUP-8408-26,30/07/2026,SP,PENDENTE,,,,,17891-26,,-22.96113686,-49.8683163
SUP-8408-26,30/07/2026,SP,PENDENTE,,,,,17891-26,,-22.96025529,-49.86972261
SUP-8408-26,30/07/2026,SP,PENDENTE,,,,,17891-26,,-22.95979935,-49.869622
SUP-8370-25,20/07/2026,SP,PENDENTE,,,,,17806-26,,-23.68490768,-47.34159731
SUP-8370-25,20/07/2026,SP,PENDENTE,,,,,17806-26,,-23.67890279,-47.33811833
SUP-8370-25,20/07/2026,SP,PENDENTE,,,,,17806-26,,-23.67810842,-47.33512439
SUP-8370-25,20/07/2026,SP,PENDENTE,,,,,17806-26,,-23.67814954,-47.33479185
SUP-8370-25,20/07/2026,SP,PENDENTE,,,,,17806-26,,-23.67654033,-47.30542606
SUP-8370-25,20/07/2026,SP,PENDENTE,,,,,17806-26,,-23.6767563,-47.30061706
SUP-8370-25,20/07/2026,SP,PENDENTE,,,,,17806-26,,-23.67716157,-47.30007524
SUP-8370-25,20/07/2026,SP,PENDENTE,,,,,17806-26,,-23.67737032,-47.30000048
SUP-8370-25,20/07/2026,SP,PENDENTE,,,,,17806-26,,-23.67708569,-47.29667259
SUP-8370-25,20/07/2026,SP,PENDENTE,,,,,17806-26,,-23.67715163,-47.29648751
SUP-8370-25,20/07/2026,SP,PENDENTE,,,,,17806-26,,-23.67581119,-47.29190614
SUP-8370-25,20/07/2026,SP,PENDENTE,,,,,17806-26,,-23.71410122,-47.36246296
SUP-8370-25,20/07/2026,SP,PENDENTE,,,,,17806-26,,-23.71585962,-47.36613218
SUP-8370-25,20/07/2026,SP,PENDENTE,,,,,17806-26,,-23.6844233,-47.26555972
SUP-8370-25,20/07/2026,SP,PENDENTE,,,,,17806-26,,-23.68485108,-47.26593961
SUP-8370-25,20/07/2026,SP,PENDENTE,,,,,17806-26,,-23.68486305,-47.27128234
SUP-8370-25,20/07/2026,SP,PENDENTE,,,,,17806-26,,-23.68455699,-47.27429629
SUP-8370-25,20/07/2026,SP,PENDENTE,,,,,17806-26,,-23.68292633,-47.27959087
SUP-8370-25,20/07/2026,SP,PENDENTE,,,,,17806-26,,-23.68023206,-47.28170062
SUP-8370-25,20/07/2026,SP,PENDENTE,,,,,17806-26,,-23.67678032,-47.28497337
SUP-8370-25,20/07/2026,SP,PENDENTE,,,,,17806-26,,-23.67521252,-47.2884356
SUP-8370-25,20/07/2026,SP,PENDENTE,,,,,17806-26,,-23.6746812,-47.29078861
SUP-8370-25,20/07/2026,SP,PENDENTE,,,,,17806-26,,-23.67631835,-47.29179737
SUP-8370-25,20/07/2026,SP,PENDENTE,,,,,17806-26,,-23.67702315,-47.29358384
SUP-8370-25,20/07/2026,SP,PENDENTE,,,,,17806-26,,-23.67702612,-47.29521104
SUP-8370-25,20/07/2026,SP,PENDENTE,,,,,17806-26,,-23.67664559,-47.30502603
SUP-8370-25,20/07/2026,SP,PENDENTE,,,,,17806-26,,-23.67666388,-47.3062222
SUP-8370-25,20/07/2026,SP,PENDENTE,,,,,17806-26,,-23.67481767,-47.31439392
SUP-8370-25,20/07/2026,SP,PENDENTE,,,,,17806-26,,-23.68176578,-47.34102176
SUP-8370-25,20/07/2026,SP,PENDENTE,,,,,17806-26,,-23.69221625,-47.34422746
SUP-8370-25,20/07/2026,SP,PENDENTE,,,,,17806-26,,-23.69670657,-47.34874858
SUP-8370-25,20/07/2026,SP,PENDENTE,,,,,17806-26,,-23.71539675,-47.36511395
SUP-8370-25,20/07/2026,SP,PENDENTE,,,,,17806-26,,-23.71578732,-47.36731724
SUP-8370-25,20/07/2026,SP,PENDENTE,,,,,17806-26,,-23.67503296,-47.23771649
SUP-8370-25,20/07/2026,SP,PENDENTE,,,,,17806-26,,-23.67829209,-47.2445749
SUP-8370-25,20/07/2026,SP,PENDENTE,,,,,17806-26,,-23.68338362,-47.25948371
SUP-8370-25,20/07/2026,SP,PENDENTE,,,,,17806-26,,-23.68376427,-47.25938243
SUP-8370-25,20/07/2026,SP,PENDENTE,,,,,17806-26,,-23.68357635,-47.2629768
SUP-8370-25,06/07/2026,SP,PENDENTE,,,,,17783-26,,-23.57045942,-47.49129768
SUP-8370-25,06/07/2026,SP,PENDENTE,,,,,17783-26,,-23.57029525,-47.49104652
SUP-8370-25,06/07/2026,SP,PENDENTE,,,,,17783-26,,-23.57316102,-47.48971051
SUP-8370-25,06/07/2026,SP,PENDENTE,,,,,17783-26,,-23.65042783,-47.45790937
SUP-8370-25,06/07/2026,SP,PENDENTE,,,,,17783-26,,-23.65453358,-47.45555169
SUP-8370-25,20/07/2026,SP,PENDENTE,,,,,17806-26,,-23.68140388,-47.24788257
SUP-8370-25,06/07/2026,SP,PENDENTE,,,,,17783-26,,-23.66420414,-47.44611737
SUP-8370-25,06/07/2026,SP,PENDENTE,,,,,17783-26,,-23.68259964,-47.44635039
SUP-8370-25,06/07/2026,SP,PENDENTE,,,,,17783-26,,-23.69860097,-47.44518148
SUP-8370-25,06/07/2026,SP,PENDENTE,,,,,17783-26,,-23.69880976,-47.44560562
SUP-8370-25,06/07/2026,SP,PENDENTE,,,,,17783-26,,-23.69910663,-47.44572749
SUP-8370-25,06/07/2026,SP,PENDENTE,,,,,17783-26,,-23.69923427,-47.44548462
SUP-8370-25,20/07/2026,SP,PENDENTE,,,,,17806-26,,-23.6847363,-47.26699633
SUP-8370-25,20/07/2026,SP,PENDENTE,,,,,17806-26,,-23.6837998,-47.27667503
SUP-8370-25,20/07/2026,SP,PENDENTE,,,,,17806-26,,-23.68240048,-47.28035614
SUP-8370-25,20/07/2026,SP,PENDENTE,,,,,17806-26,,-23.68266951,-47.28047844
SUP-8370-25,20/07/2026,SP,PENDENTE,,,,,17806-26,,-23.68106153,-47.28177384
SUP-8370-25,20/07/2026,SP,PENDENTE,,,,,17806-26,,-23.67473952,-47.28989765
SUP-8370-25,20/07/2026,SP,PENDENTE,,,,,17806-26,,-23.67425972,-47.2899873
SUP-8370-25,20/07/2026,SP,PENDENTE,,,,,17806-26,,-23.67667708,-47.29256819
SUP-8370-25,20/07/2026,SP,PENDENTE,,,,,17806-26,,-23.67644082,-47.29267189
SUP-8370-25,20/07/2026,SP,PENDENTE,,,,,17806-26,,-23.67601227,-47.3099649
SUP-8370-25,20/07/2026,SP,PENDENTE,,,,,17806-26,,-23.67576785,-47.31000961
SUP-8370-25,20/07/2026,SP,PENDENTE,,,,,17806-26,,-23.67583734,-47.31321606
SUP-8370-25,20/07/2026,SP,PENDENTE,,,,,17806-26,,-23.68472512,-47.34113334
SUP-8370-25,20/07/2026,SP,PENDENTE,,,,,17806-26,,-23.68472984,-47.34141769
SUP-8370-25,20/07/2026,SP,PENDENTE,,,,,17806-26,,-23.68755677,-47.34133088
SUP-8370-25,20/07/2026,SP,PENDENTE,,,,,17806-26,,-23.69492759,-47.34700118
SUP-8370-25,20/07/2026,SP,PENDENTE,,,,,17806-26,,-23.69476291,-47.34714528
SUP-8370-25,20/07/2026,SP,PENDENTE,,,,,17806-26,,-23.69609559,-47.34796319
SUP-8370-25,20/07/2026,SP,PENDENTE,,,,,17806-26,,-23.69603743,-47.34822683
SUP-8370-25,20/07/2026,SP,PENDENTE,,,,,17806-26,,-23.70354015,-47.35173364
SUP-8370-25,20/07/2026,SP,PENDENTE,,,,,17806-26,,-23.70749206,-47.35305943
SUP-8370-25,20/07/2026,SP,PENDENTE,,,,,17806-26,,-23.70712376,-47.35353322
SUP-8370-25,20/07/2026,SP,PENDENTE,,,,,17806-26,,-23.71374063,-47.35828954
SUP-8370-25,20/07/2026,SP,PENDENTE,,,,,17806-26,,-23.713331,-47.39958813
SUP-8370-25,20/07/2026,SP,PENDENTE,,,,,17806-26,,-23.71322777,-47.39984115
SUP-8370-25,20/07/2026,SP,PENDENTE,,,,,17806-26,,-23.71454514,-47.40278697
SUP-8370-25,20/07/2026,SP,PENDENTE,,,,,17806-26,,-23.71425037,-47.40258548
SUP-6806-23,23/06/2026,SP,PENDENTE,,,,,17765-26,,-22.2213611,-54.72723376
SUP-6806-23,23/06/2026,SP,PENDENTE,,,,,17765-26,,-22.22167725,-54.72713962
SUP-8591-26,06/07/2026,SP,PENDENTE,,,,,17803-26,,-19.92815936,-51.94133546
SUP-8224-25 (PR),08/07/2026,SP,PENDENTE,,,,,17811-26,,-25.18903752,-50.08383021
SUP-8591-26,06/07/2026,SP,PENDENTE,,,,,17803-26,,-19.92493286,-51.93842925
SUP-8224-25 (PR),08/07/2026,SP,PENDENTE,,,,,17811-26,,-25.18883215,-50.08359017
SUP-8591-26,06/07/2026,SP,PENDENTE,,,,,17803-26,,-19.9204681,-51.93808141
SUP-8591-26,06/07/2026,SP,PENDENTE,,,,,17803-26,,-19.91621618,-51.94005249
SUP-8591-26,06/07/2026,SP,PENDENTE,,,,,17803-26,,-19.91707878,-51.94156574
SUP-8591-26,06/07/2026,SP,PENDENTE,,,,,17803-26,,-19.91505018,-51.94396211
SUP-8370-25,04/12/2025,SP,PENDENTE,,,,,17058-25,,-23.51446469,-47.42618616
SUP-8370-25,04/12/2025,SP,PENDENTE,,,,,17058-25,,-23.52868634,-47.46091586
SUP-8370-25,30/07/2026,SP,PENDENTE,,,,,17875-26,,-23.433383,-47.369722
SUP-8370-25,30/07/2026,SP,PENDENTE,,,,,17875-26,,-23.431356,-47.366808
SUP-7285-24,03/10/2025,SR,PENDENTE,,,,,16798-25,,-22.46167697,-44.28979576
SUP-7285-24,03/08/2026,BQ,PENDENTE,,,,,17860-26,,-22.56214219,-44.14642075
SUP-7285-24,03/08/2026,BQ,PENDENTE,,,,,17860-26,,-22.56200316,-44.14618137
SUP-7285-24,03/08/2026,BQ,PENDENTE,,,,,17860-26,,-22.56192941,-44.16157069
SUP-7285-24,03/08/2026,BQ,PENDENTE,,,,,17861-26,,-22.46702915,-44.49956854
SUP-7285-24,03/08/2026,BQ,PENDENTE,,,,,17861-26,,-22.46684689,-44.4999611
SUP-7285-24,03/08/2026,BQ,PENDENTE,,,,,17860-26,,-22.56175371,-44.16151826
SUP-8370-25,14/08/2026,ST,PENDENTE,,,,,17927-26,,-23.45231358,-47.38431629
SUP-8370-25,14/08/2026,ST,PENDENTE,,,,,17927-26,,-23.45298288,-47.38364336
SUP-8370-25,14/08/2026,ST,PENDENTE,,,,,17927-26,,-23.4536791,-47.38298069
SUP-8370-25,14/08/2026,ST,PENDENTE,,,,,17927-26,,-23.45441098,-47.38234802
SUP-8370-25,14/08/2026,ST,PENDENTE,,,,,17927-26,,-23.45512435,-47.38174435
SUP-8370-25,14/08/2026,ST,PENDENTE,,,,,17927-26,,-23.45589142,-47.38117101
SUP-8370-25,14/08/2026,ST,PENDENTE,,,,,17927-26,,-23.45291029,-47.38425851
SUP-8370-25,14/08/2026,ST,PENDENTE,,,,,17927-26,,-23.45365902,-47.38370443
SUP-8370-25,14/08/2026,ST,PENDENTE,,,,,17927-26,,-23.45438171,-47.38308137
SUP-7133-24,05/06/2026,ST,PENDENTE,,,,,17684-26,,-25.04049073,-50.28063398
SUP-7133-24,05/06/2026,ST,PENDENTE,,,,,17684-26,,-25.07718069,-50.38921009
SUP-8370-25,14/08/2026,ST,PENDENTE,,,,,17924-26,,-23.6230527,-47.49490391
SUP-8370-25,05/08/2026,ST,PENDENTE,,,,,17896-26,,-23.60220011,-47.46499484
SUP-8370-25,14/08/2026,ST,PENDENTE,,,,,17927-26,,-23.45511329,-47.38246826
SUP-8370-25,14/08/2026,ST,PENDENTE,,,,,17927-26,,-23.45583568,-47.38186476
SUP-8370-25,14/08/2026,ST,PENDENTE,,,,,17927-26,,-23.45651385,-47.38120174
SUP-8370-25,14/08/2026,ST,PENDENTE,,,,,17924-26,,-23.64084677,-47.52265701
SUP-8370-25,05/08/2026,ST,PENDENTE,,,,,17896-26,,-23.60207252,-47.46450267
SUP-8224-25 (AB),15/08/2026,ST,PENDENTE,,,,,17919-26,,-22.7424673,-47.27039599
SUP-7133-24,14/07/2026,ST,PENDENTE,,,,,17710-26,,-25.17356942,-50.62602915
SUP-8370-25,05/08/2026,ST,PENDENTE,,,,,17896-26,,-23.60164417,-47.464191
SUP-8224-25 (AB),15/08/2026,ST,PENDENTE,,,,,17919-26,,-22.74179875,-47.27132005
SUP-7133-24,14/07/2026,ST,PENDENTE,,,,,17710-26,,-25.17566408,-50.6174346
SUP-7133-24,14/07/2026,ST,PENDENTE,,,,,17710-26,,-25.17297733,-50.62737662
SUP-8370-25,05/08/2026,ST,PENDENTE,,,,,17896-26,,-23.60157104,-47.46368026
SUP-8224-25 (AB),15/08/2026,ST,PENDENTE,,,,,17919-26,,-22.74169811,-47.27223568
SUP-8370-25,05/08/2026,ST,PENDENTE,,,,,17896-26,,-23.6010599,-47.46289685
SUP-7285-24,14/11/2025,ST,PENDENTE,,,,,17006-25,,-22.74263024,-45.09340694
SUP-7285-24,04/06/2026,ST,PENDENTE,,,,,17677-26,,-22.7431811,-45.09417413
SUP-7285-24,04/06/2026,ST,PENDENTE,,,,,17677-26,,-22.74439208,-45.09587847
SUP-7285-24,04/06/2026,ST,PENDENTE,,,,,17677-26,,-22.74451696,-45.09651667
SUP-7285-24,04/06/2026,ST,PENDENTE,,,,,17677-26,,-22.74617501,-45.09834254
SUP-7285-24,04/06/2026,ST,PENDENTE,,,,,17677-26,,-22.74725852,-45.09989331
SUP-7285-24,04/06/2026,ST,PENDENTE,,,,,17677-26,,-22.74891153,-45.10220829
SUP-7285-24,04/06/2026,ST,PENDENTE,,,,,17677-26,,-22.74947952,-45.10296079
SUP-7285-24,04/06/2026,ST,PENDENTE,,,,,17677-26,,-22.75232225,-45.10699317
SUP-7285-24,04/06/2026,ST,PENDENTE,,,,,17677-26,,-22.75293317,-45.10772518
SUP-7285-24,04/06/2026,ST,PENDENTE,,,,,17677-26,,-22.75399574,-45.10932488
SUP-7285-24,04/06/2026,ST,PENDENTE,,,,,17677-26,,-22.75453434,-45.11007083
SUP-7285-24,04/06/2026,ST,PENDENTE,,,,,17677-26,,-22.75507326,-45.1108296
SUP-7285-24,04/06/2026,ST,PENDENTE,,,,,17677-26,,-22.75619509,-45.11287708
SUP-7285-24,04/06/2026,ST,PENDENTE,,,,,17677-26,,-22.75663243,-45.11300625
SUP-7285-24,04/06/2026,ST,PENDENTE,,,,,17677-26,,-22.75775411,-45.11459818
SUP-7285-24,04/06/2026,ST,PENDENTE,,,,,17677-26,,-22.75894038,-45.1162295
SUP-7285-24,04/06/2026,ST,PENDENTE,,,,,17677-26,,-22.76007902,-45.11777041
SUP-7285-24,04/06/2026,ST,PENDENTE,,,,,17677-26,,-22.76224475,-45.12083472
SUP-7285-24,04/06/2026,ST,PENDENTE,,,,,17677-26,,-22.76284165,-45.12165346
SUP-7285-24,04/06/2026,ST,PENDENTE,,,,,17677-26,,-22.7644878,-45.12394299
SUP-7285-24,04/06/2026,ST,PENDENTE,,,,,17677-26,,-22.76723037,-45.12778679
SUP-7285-24,04/06/2026,ST,PENDENTE,,,,,17677-26,,-22.76735827,-45.12844051
SUP-7285-24,04/06/2026,ST,PENDENTE,,,,,17677-26,,-22.7689266,-45.13012475
SUP-7285-24,04/06/2026,ST,PENDENTE,,,,,17677-26,,-22.7691254,-45.13090968
SUP-7285-24,04/06/2026,ST,PENDENTE,,,,,17677-26,,-22.76969322,-45.13162744
SUP-7285-24,04/06/2026,ST,PENDENTE,,,,,17677-26,,-22.77001196,-45.13171947
SUP-7285-24,04/06/2026,ST,PENDENTE,,,,,17677-26,,-22.77035222,-45.13258347
SUP-7285-24,04/06/2026,ST,PENDENTE,,,,,17677-26,,-22.77061918,-45.13250418
SUP-7285-24,04/06/2026,ST,PENDENTE,,,,,17677-26,,-22.77251476,-45.13555862
SUP-7285-24,04/06/2026,ST,PENDENTE,,,,,17677-26,,-22.77366188,-45.13722697
SUP-7285-24,14/11/2025,ST,PENDENTE,,,,,17006-25,,-22.77230875,-45.13564131
SUP-7285-24,04/06/2026,ST,PENDENTE,,,,,17677-26,,-22.77286378,-45.13641399
SUP-7285-24,04/06/2026,ST,PENDENTE,,,,,17677-26,,-22.77532828,-45.13952698
SUP-7285-24,04/06/2026,ST,PENDENTE,,,,,17677-26,,-22.77821146,-45.14353029
SUP-7285-24,14/11/2025,ST,PENDENTE,,,,,17006-25,,-22.77844485,-45.14333796
SUP-7285-24,04/06/2026,ST,PENDENTE,,,,,17677-26,,-22.77441408,-45.13856854
SUP-7285-24,04/06/2026,ST,PENDENTE,,,,,17677-26,,-22.77609057,-45.1408653
SUP-7285-24,04/06/2026,ST,PENDENTE,,,,,17677-26,,-22.77672697,-45.14175081
SUP-7285-24,04/06/2026,ST,PENDENTE,,,,,17677-26,,-22.77850798,-45.14426347
SUP-7285-24,04/06/2026,ST,PENDENTE,,,,,17677-26,,-22.78341563,-45.15080415
SUP-7285-24,04/06/2026,ST,PENDENTE,,,,,17677-26,,-22.78049452,-45.14579124
SUP-7285-24,04/06/2026,ST,PENDENTE,,,,,17677-26,,-22.78561782,-45.1538579
SUP-7285-24,04/06/2026,ST,PENDENTE,,,,,17677-26,,-22.78914003,-45.1590528
SUP-7285-24,04/06/2026,ST,PENDENTE,,,,,17677-26,,-22.78603299,-45.1534924
SUP-7285-24,14/11/2025,ST,PENDENTE,,,,,17006-25,,-22.78657432,-45.15425926
SUP-7285-24,14/11/2025,ST,PENDENTE,,,,,17006-25,,-22.78813272,-45.15643659
SUP-7285-24,04/06/2026,ST,PENDENTE,,,,,17677-26,,-22.78867153,-45.15720924
SUP-7285-24,14/11/2025,ST,PENDENTE,,,,,17006-25,,-22.78923738,-45.15800685
SUP-8224-25 (AB),15/08/2026,ST,PENDENTE,,,,,17919-26,,-22.74143177,-47.27318447
SUP-8370-25,05/08/2026,ST,PENDENTE,,,,,17896-26,,-23.60068539,-47.46260578
SUP-7285-24,04/06/2026,ST,PENDENTE,,,,,17677-26,,-22.79134434,-45.16213738
SUP-7285-24,04/06/2026,ST,PENDENTE,,,,,17677-26,,-22.79223337,-45.16336528
SUP-7285-24,04/06/2026,ST,PENDENTE,,,,,17677-26,,-22.81006128,-45.1762516
SUP-7285-24,14/11/2025,ST,PENDENTE,,,,,17006-25,,-22.81077925,-45.17680337
SUP-7285-24,14/11/2025,ST,PENDENTE,,,,,17006-25,,-22.81435717,-45.17920414
SUP-7285-24,04/06/2026,ST,PENDENTE,,,,,17677-26,,-22.81740932,-45.18190252
SUP-7285-24,04/06/2026,ST,PENDENTE,,,,,17677-26,,-22.81871729,-45.18316799
SUP-7285-24,04/06/2026,ST,PENDENTE,,,,,17677-26,,-22.81963958,-45.18457063
SUP-7285-24,04/06/2026,ST,PENDENTE,,,,,17677-26,,-22.8194248,-45.18489427
SUP-7285-24,14/11/2025,ST,PENDENTE,,,,,17006-25,,-22.81990149,-45.18550014
SUP-7285-24,14/11/2025,ST,PENDENTE,,,,,17006-25,,-22.82141367,-45.18927418
SUP-7285-24,04/06/2026,ST,PENDENTE,,,,,17677-26,,-22.82194112,-45.19005633
SUP-7285-24,14/11/2025,ST,PENDENTE,,,,,17006-25,,-22.82246896,-45.19085365
SUP-7285-24,14/11/2025,ST,PENDENTE,,,,,17006-25,,-22.82292454,-45.19165544
SUP-7285-24,14/11/2025,ST,PENDENTE,,,,,16948-25,,-22.82169103,-45.19670745
SUP-7285-24,14/11/2025,ST,PENDENTE,,,,,16948-25,,-22.82735428,-45.20670312
SUP-7285-24,14/11/2025,ST,PENDENTE,,,,,16948-25,,-22.82816294,-45.20852517
SUP-7285-24,14/11/2025,ST,PENDENTE,,,,,16948-25,,-22.82686508,-45.2050757
SUP-7285-24,14/11/2025,ST,PENDENTE,,,,,16948-25,,-22.82939626,-45.2112967
SUP-8224-25 (AB),15/08/2026,ST,PENDENTE,,,,,17919-26,,-22.74102269,-47.27411972
SUP-8370-25,05/08/2026,ST,PENDENTE,,,,,17896-26,,-23.60054036,-47.46207411
SUP-7285-24,14/11/2025,ST,PENDENTE,,,,,16948-25,,-22.85450103,-45.22979458
SUP-7285-24,26/06/2026,ST,PENDENTE,,,,,17782-26,,-22.85934075,-45.23376237
SUP-7285-24,26/06/2026,ST,PENDENTE,,,,,17782-26,,-22.86483421,-45.23884469
SUP-7285-24,26/06/2026,ST,PENDENTE,,,,,17782-26,,-22.86571699,-45.24022874
SUP-7285-24,26/06/2026,ST,PENDENTE,,,,,17782-26,,-22.86993736,-45.2447023
SUP-7285-24,14/11/2025,ST,PENDENTE,,,,,16952-25,,-22.87722621,-45.27218434
SUP-7285-24,14/07/2026,ST,PENDENTE,,,,,17825-26,,-22.87777067,-45.2730223
SUP-8370-25,05/08/2026,ST,PENDENTE,,,,,17896-26,,-23.60017456,-47.4618028
SUP-7285-24,14/11/2025,ST,PENDENTE,,,,,16954-25,,-22.90982496,-45.32059158
SUP-7285-24,14/11/2025,ST,PENDENTE,,,,,16954-25,,-22.91074803,-45.32247219
SUP-7285-24,04/06/2026,ST,PENDENTE,,,,,17679-26,,-22.94141424,-45.38341382
SUP-7285-24,04/06/2026,ST,PENDENTE,,,,,17679-26,,-22.94232095,-45.38517983
SUP-7285-24,04/06/2026,ST,PENDENTE,,,,,17679-26,,-22.93929689,-45.37858504
SUP-8370-25,05/08/2026,ST,PENDENTE,,,,,17896-26,,-23.59989354,-47.46130777
SUP-7285-24,04/06/2026,ST,PENDENTE,,,,,17679-26,,-22.94489181,-45.39031742
SUP-7285-24,04/06/2026,ST,PENDENTE,,,,,17679-26,,-22.94576118,-45.39202974
SUP-7285-24,30/07/2026,ST,PENDENTE,,,,,17889-26,,-22.95981828,-45.42001546
SUP-7285-24,30/07/2026,ST,PENDENTE,,,,,17889-26,,-22.96364622,-45.42759377
SUP-7285-24,30/07/2026,ST,PENDENTE,,,,,17889-26,,-22.96496238,-45.43027351
SUP-7285-24,30/07/2026,ST,PENDENTE,,,,,17889-26,,-22.96717677,-45.43466743
SUP-7285-24,04/06/2026,ST,PENDENTE,,,,,17679-26,,-22.96804514,-45.43638019
SUP-7285-24,04/06/2026,ST,PENDENTE,,,,,17679-26,,-22.96841993,-45.43658838
SUP-7285-24,30/07/2026,ST,PENDENTE,,,,,17889-26,,-22.97222302,-45.44473563
SUP-7285-24,30/07/2026,ST,PENDENTE,,,,,17889-26,,-22.97060878,-45.44091816
SUP-7285-24,30/07/2026,ST,PENDENTE,,,,,17889-26,,-22.97145883,-45.4426037
SUP-7285-24,30/07/2026,ST,PENDENTE,,,,,17889-26,,-22.97277303,-45.44523699
SUP-7285-24,30/07/2026,ST,PENDENTE,,,,,17889-26,,-22.97369259,-45.44703748
SUP-7285-24,18/11/2025,ST,PENDENTE,,,,,16956-25,,-22.97821113,-45.45662118
SUP-8370-25,05/08/2026,ST,PENDENTE,,,,,17896-26,,-23.59969998,-47.4609907
SUP-7128-24,19/06/2026,ST,PENDENTE,,,,,17737-26,,-24.42663493,-49.846598
SUP-8370-25,05/08/2026,ST,PENDENTE,,,,,17896-26,,-23.59954592,-47.46045887
SUP-8370-25,05/08/2026,ST,PENDENTE,,,,,17896-26,,-23.59929073,-47.46004269
SUP-8370-25,05/08/2026,ST,PENDENTE,,,,,17896-26,,-23.59903539,-47.45963631
SUP-8370-25,05/08/2026,ST,PENDENTE,,,,,17896-26,,-23.59853357,-47.45883352
SUP-8370-25,05/08/2026,ST,PENDENTE,,,,,17896-26,,-23.59829627,-47.45842748
SUP-8370-25,05/08/2026,ST,PENDENTE,,,,,17896-26,,-23.59783618,-47.45840911
SUP-8370-25,05/08/2026,ST,PENDENTE,,,,,17896-26,,-23.59768444,-47.4577304
SUP-8370-25,05/08/2026,ST,PENDENTE,,,,,17896-26,,-23.597091,-47.4575822
SUP-8370-25,05/08/2026,ST,PENDENTE,,,,,17896-26,,-23.59705958,-47.45785588
SUP-8370-25,05/08/2026,ST,PENDENTE,,,,,17896-26,,-23.59641696,-47.45739332
SUP-8370-25,08/08/2026,ST,PENDENTE,,,,,17911-26,,-23.56992083,-47.49166536
SUP-8370-25,08/08/2026,ST,PENDENTE,,,,,17911-26,,-23.57021352,-47.49120517
SUP-8370-25,08/08/2026,ST,PENDENTE,,,,,17911-26,,-23.57065923,-47.49106121
SUP-8370-25,08/08/2026,ST,PENDENTE,,,,,17911-26,,-23.57122871,-47.49029501
SUP-8370-25,08/08/2026,ST,PENDENTE,,,,,17911-26,,-23.57140338,-47.49050712
SUP-8370-25,08/08/2026,ST,PENDENTE,,,,,17911-26,,-23.57157899,-47.48990605
SUP-8370-25,05/08/2026,ST,PENDENTE,,,,,17896-26,,-23.59600959,-47.45689596
SUP-7128-24,19/06/2026,ST,PENDENTE,,,,,17737-26,,-24.43188893,-49.846402
SUP-8370-25,08/08/2026,ST,PENDENTE,,,,,17911-26,,-23.5719582,-47.48957859
SUP-8370-25,08/08/2026,ST,PENDENTE,,,,,17911-26,,-23.57218387,-47.49007159
SUP-8370-25,08/08/2026,ST,PENDENTE,,,,,17911-26,,-23.57208046,-47.48983295
SUP-7128-24,19/06/2026,ST,PENDENTE,,,,,17737-26,,-24.43277593,-49.84666
SUP-8370-25,08/08/2026,ST,PENDENTE,,,,,17911-26,,-23.57259404,-47.48986721
SUP-8370-25,08/08/2026,ST,PENDENTE,,,,,17911-26,,-23.57299038,-47.48969715
SUP-8370-25,08/08/2026,ST,PENDENTE,,,,,17911-26,,-23.57280794,-47.48917378
SUP-8370-25,08/08/2026,ST,PENDENTE,,,,,17911-26,,-23.57326154,-47.48897623
SUP-8370-25,08/08/2026,ST,PENDENTE,,,,,17911-26,,-23.57385158,-47.48927227
SUP-8370-25,08/08/2026,ST,PENDENTE,,,,,17911-26,,-23.57428628,-47.48907243
SUP-8370-25,08/08/2026,ST,PENDENTE,,,,,17911-26,,-23.5741287,-47.48885576
SUP-8224-25 (AB),15/08/2026,ST,PENDENTE,,,,,17919-26,,-22.73392837,-47.28734315
SUP-8370-25,05/08/2026,ST,PENDENTE,,,,,17896-26,,-23.59550046,-47.45655343
SUP-8370-25,08/08/2026,ST,PENDENTE,,,,,17911-26,,-23.57470917,-47.48890204
SUP-8370-25,08/08/2026,ST,PENDENTE,,,,,17911-26,,-23.57456396,-47.48852973
SUP-8370-25,08/08/2026,ST,PENDENTE,,,,,17911-26,,-23.5750115,-47.4884669
SUP-8370-25,08/08/2026,ST,PENDENTE,,,,,17911-26,,-23.57544967,-47.48834755
SUP-8370-25,08/08/2026,ST,PENDENTE,,,,,17911-26,,-23.57555619,-47.48855853
SUP-8370-25,08/08/2026,ST,PENDENTE,,,,,17911-26,,-23.57638374,-47.48816846
SUP-8370-25,08/08/2026,ST,PENDENTE,,,,,17911-26,,-23.57724176,-47.48783365
SUP-8370-25,08/08/2026,ST,PENDENTE,,,,,17911-26,,-23.57806572,-47.48743268
SUP-8370-25,08/08/2026,ST,PENDENTE,,,,,17911-26,,-23.57889407,-47.48706624
SUP-8370-25,08/08/2026,ST,PENDENTE,,,,,17911-26,,-23.57963378,-47.48678331
SUP-8224-25 (AB),15/08/2026,ST,PENDENTE,,,,,17919-26,,-22.73365183,-47.2876261
SUP-8370-25,05/08/2026,ST,PENDENTE,,,,,17896-26,,-23.59514867,-47.45653708
SUP-8370-25,08/08/2026,ST,PENDENTE,,,,,17911-26,,-23.5805779,-47.4862883
SUP-8370-25,08/08/2026,ST,PENDENTE,,,,,17911-26,,-23.58141444,-47.48592065
SUP-8370-25,08/08/2026,ST,PENDENTE,,,,,17911-26,,-23.58222755,-47.48560028
SUP-8370-25,08/08/2026,ST,PENDENTE,,,,,17911-26,,-23.58306409,-47.48523263
SUP-8370-25,08/08/2026,ST,PENDENTE,,,,,17911-26,,-23.58392008,-47.48485624
SUP-8370-25,08/08/2026,ST,PENDENTE,,,,,17911-26,,-23.58474966,-47.48447317
SUP-8370-25,08/08/2026,ST,PENDENTE,,,,,17911-26,,-23.58561012,-47.48411104
SUP-8370-25,08/08/2026,ST,PENDENTE,,,,,17911-26,,-23.5864462,-47.48374217
SUP-8370-25,08/08/2026,ST,PENDENTE,,,,,17911-26,,-23.58725247,-47.48338646
SUP-8370-25,08/08/2026,ST,PENDENTE,,,,,17911-26,,-23.58808856,-47.48301759
SUP-8370-25,05/08/2026,ST,PENDENTE,,,,,17896-26,,-23.59502632,-47.45571201
SUP-8370-25,08/08/2026,ST,PENDENTE,,,,,17911-26,,-23.58893044,-47.48264615
SUP-8370-25,08/08/2026,ST,PENDENTE,,,,,17911-26,,-23.5897536,-47.48224597
SUP-8370-25,08/08/2026,ST,PENDENTE,,,,,17911-26,,-23.59052032,-47.4817509
SUP-8370-25,08/08/2026,ST,PENDENTE,,,,,17911-26,,-23.59100814,-47.48171716
SUP-8370-25,08/08/2026,ST,PENDENTE,,,,,17911-26,,-23.59137383,-47.48137767
SUP-8370-25,08/08/2026,ST,PENDENTE,,,,,17911-26,,-23.59227547,-47.48117398
SUP-8370-25,08/08/2026,ST,PENDENTE,,,,,17911-26,,-23.59310172,-47.48081306
SUP-6806-23,08/08/2026,ST,PENDENTE,,,,,17910-26,,-22.33869703,-54.81275386
SUP-6806-23,08/08/2026,ST,PENDENTE,,,,,17910-26,,-22.339375,-54.8127417
SUP-6806-23,26/06/2026,ST,PENDENTE,,,,,17785-26,,-22.33863484,-54.81321024
SUP-6806-23,08/08/2026,ST,PENDENTE,,,,,17910-26,,-22.33926962,-54.81319678
SUP-8370-25,08/08/2026,ST,PENDENTE,,,,,17911-26,,-23.5939657,-47.48043286
SUP-8370-25,05/08/2026,ST,PENDENTE,,,,,17896-26,,-23.5943434,-47.45551318
SUP-8370-25,05/08/2026,ST,PENDENTE,,,,,17896-26,,-23.59441688,-47.45600431
SUP-8370-25,05/08/2026,ST,PENDENTE,,,,,17896-26,,-23.59378327,-47.45554193
SUP-8370-25,05/08/2026,ST,PENDENTE,,,,,17896-26,,-23.59373264,-47.45474758
SUP-8370-25,05/08/2026,ST,PENDENTE,,,,,17896-26,,-23.59305163,-47.45499937
SUP-8370-25,05/08/2026,ST,PENDENTE,,,,,17896-26,,-23.59265873,-47.45472759
SUP-8370-25,05/08/2026,ST,PENDENTE,,,,,17896-26,,-23.59190481,-47.45388098
SUP-8370-25,05/08/2026,ST,PENDENTE,,,,,17896-26,,-23.5914144,-47.45406775
SUP-8370-25,05/08/2026,ST,PENDENTE,,,,,17896-26,,-23.59101248,-47.45379581
SUP-8370-25,05/08/2026,ST,PENDENTE,,,,,17896-26,,-23.59051273,-47.454002
SUP-8370-25,05/08/2026,ST,PENDENTE,,,,,17896-26,,-23.59012855,-47.45374998
SUP-8370-25,05/08/2026,ST,PENDENTE,,,,,17896-26,,-23.58964654,-47.45397608
SUP-8370-25,14/08/2026,ST,PENDENTE,,,,,17902-26,,-23.61374764,-47.46032837
SUP-8370-25,14/08/2026,ST,PENDENTE,,,,,17902-26,,-23.61390988,-47.45982856
SUP-8224-25 (AB),15/08/2026,ST,PENDENTE,,,,,17919-26,,-22.73425305,-47.28494212
SUP-8370-25,14/08/2026,ST,PENDENTE,,,,,17902-26,,-23.61383135,-47.45930141
SUP-8370-25,14/08/2026,ST,PENDENTE,,,,,17902-26,,-23.61401226,-47.45885226
SUP-8370-25,14/08/2026,ST,PENDENTE,,,,,17902-26,,-23.61429935,-47.45842551
SUP-8370-25,14/08/2026,ST,PENDENTE,,,,,17902-26,,-23.61481435,-47.45823905
SUP-8370-25,14/08/2026,ST,PENDENTE,,,,,17902-26,,-23.61508421,-47.45779389
SUP-8370-25,14/08/2026,ST,PENDENTE,,,,,17902-26,,-23.6154612,-47.45752445
SUP-8370-25,14/08/2026,ST,PENDENTE,,,,,17902-26,,-23.61583419,-47.45724874
SUP-8370-25,14/08/2026,ST,PENDENTE,,,,,17902-26,,-23.61593382,-47.45738473
SUP-8370-25,14/08/2026,ST,PENDENTE,,,,,17902-26,,-23.61633644,-47.45716497
SUP-8370-25,14/08/2026,ST,PENDENTE,,,,,17902-26,,-23.61677956,-47.45705954
SUP-8224-25 (AB),15/08/2026,ST,PENDENTE,,,,,17919-26,,-22.73466145,-47.28405424
SUP-8370-25,14/08/2026,ST,PENDENTE,,,,,17902-26,,-23.61686935,-47.4569122
SUP-8370-25,14/08/2026,ST,PENDENTE,,,,,17902-26,,-23.61731412,-47.45691871
SUP-8370-25,14/08/2026,ST,PENDENTE,,,,,17902-26,,-23.61754612,-47.45707247
SUP-8370-25,14/08/2026,ST,PENDENTE,,,,,17902-26,,-23.61769114,-47.45690456
SUP-8370-25,14/08/2026,ST,PENDENTE,,,,,17902-26,,-23.61796072,-47.45727829
SUP-8370-25,14/08/2026,ST,PENDENTE,,,,,17902-26,,-23.61895661,-47.45808449
SUP-8370-25,14/08/2026,ST,PENDENTE,,,,,17902-26,,-23.61880429,-47.45818389
SUP-8370-25,14/08/2026,ST,PENDENTE,,,,,17902-26,,-23.61923825,-47.4584692
SUP-8370-25,14/08/2026,ST,PENDENTE,,,,,17902-26,,-23.61952365,-47.45884659
SUP-8370-25,14/08/2026,ST,PENDENTE,,,,,17902-26,,-23.6201466,-47.45955759
SUP-8370-25,14/08/2026,ST,PENDENTE,,,,,17902-26,,-23.62094122,-47.46001497
SUP-8370-25,14/08/2026,ST,PENDENTE,,,,,17902-26,,-23.62154621,-47.46032723
SUP-8370-25,14/08/2026,ST,PENDENTE,,,,,17902-26,,-23.62176471,-47.46047631
SUP-8370-25,14/08/2026,ST,PENDENTE,,,,,17902-26,,-23.6219967,-47.4603536
SUP-8370-25,14/08/2026,ST,PENDENTE,,,,,17902-26,,-23.62221508,-47.46044756
SUP-8370-25,14/08/2026,ST,PENDENTE,,,,,17902-26,,-23.6224093,-47.46034432
SUP-8370-25,14/08/2026,ST,PENDENTE,,,,,17902-26,,-23.62266332,-47.4604083
SUP-8370-25,14/08/2026,ST,PENDENTE,,,,,17902-26,,-23.62281857,-47.46011274
SUP-8370-25,14/08/2026,ST,PENDENTE,,,,,17902-26,,-23.62326981,-47.46010166
SUP-8370-25,14/08/2026,ST,PENDENTE,,,,,17902-26,,-23.6236098,-47.4600612
SUP-8370-25,14/08/2026,ST,PENDENTE,,,,,17902-26,,-23.62450724,-47.45990394
SUP-8370-25,14/08/2026,ST,PENDENTE,,,,,17902-26,,-23.62503648,-47.46001603
SUP-8370-25,14/08/2026,ST,PENDENTE,,,,,17902-26,,-23.62540682,-47.45981255
SUP-8370-25,14/08/2026,ST,PENDENTE,,,,,17902-26,,-23.62628714,-47.46003694
SUP-8370-25,14/08/2026,ST,PENDENTE,,,,,17902-26,,-23.62704658,-47.46056482
SUP-8370-25,14/08/2026,ST,PENDENTE,,,,,17902-26,,-23.62761633,-47.46134481
SUP-8370-25,14/08/2026,ST,PENDENTE,,,,,17902-26,,-23.62811458,-47.46216457
SUP-8370-25,14/08/2026,ST,PENDENTE,,,,,17902-26,,-23.6281313,-47.46250924
SUP-8370-25,14/08/2026,ST,PENDENTE,,,,,17902-26,,-23.62844898,-47.46285708
SUP-8370-25,14/08/2026,ST,PENDENTE,,,,,17902-26,,-23.62872843,-47.46289416
SUP-8370-25,14/08/2026,ST,PENDENTE,,,,,17902-26,,-23.6287953,-47.46317113
SUP-8370-25,14/08/2026,ST,PENDENTE,,,,,17902-26,,-23.62919464,-47.46340663
SUP-8370-25,14/08/2026,ST,PENDENTE,,,,,17902-26,,-23.62952732,-47.46334173
SUP-8370-25,14/08/2026,ST,PENDENTE,,,,,17902-26,,-23.62962312,-47.46356035
SUP-8370-25,14/08/2026,ST,PENDENTE,,,,,17902-26,,-23.63006656,-47.46365132
SUP-8370-25,14/08/2026,ST,PENDENTE,,,,,17902-26,,-23.63041618,-47.46352029
SUP-8370-25,14/08/2026,ST,PENDENTE,,,,,17902-26,,-23.63051467,-47.46370929
SUP-8370-25,14/08/2026,ST,PENDENTE,,,,,17902-26,,-23.63086666,-47.46357001
SUP-8370-25,14/08/2026,ST,PENDENTE,,,,,17902-26,,-23.63107734,-47.46377615
SUP-8370-25,14/08/2026,ST,PENDENTE,,,,,17902-26,,-23.63131612,-47.46361393
SUP-8370-25,14/08/2026,ST,PENDENTE,,,,,17902-26,,-23.63152812,-47.46379487
SUP-8370-25,14/08/2026,ST,PENDENTE,,,,,17902-26,,-23.63197441,-47.46373253
SUP-8370-25,14/08/2026,ST,PENDENTE,,,,,17902-26,,-23.63219933,-47.46347126
SUP-8370-25,14/08/2026,ST,PENDENTE,,,,,17902-26,,-23.63231825,-47.46365329
SUP-8370-25,14/08/2026,ST,PENDENTE,,,,,17902-26,,-23.63262149,-47.46329912
SUP-8370-25,14/08/2026,ST,PENDENTE,,,,,17902-26,,-23.63306526,-47.46329734
SUP-8370-25,14/08/2026,ST,PENDENTE,,,,,17902-26,,-23.63320493,-47.46337963
SUP-8370-25,14/08/2026,ST,PENDENTE,,,,,17902-26,,-23.63351781,-47.46323922
SUP-8370-25,14/08/2026,ST,PENDENTE,,,,,17902-26,,-23.6337377,-47.4633685
SUP-8370-25,14/08/2026,ST,PENDENTE,,,,,17902-26,,-23.63396732,-47.46328269
SUP-8370-25,14/08/2026,ST,PENDENTE,,,,,17902-26,,-23.63623855,-47.46461763
SUP-8370-25,14/08/2026,ST,PENDENTE,,,,,17902-26,,-23.63663411,-47.46485342
SUP-8370-25,14/08/2026,ST,PENDENTE,,,,,17902-26,,-23.63702785,-47.46508658
SUP-8370-25,14/08/2026,ST,PENDENTE,,,,,17902-26,,-23.63720358,-47.46500237
SUP-8370-25,14/08/2026,ST,PENDENTE,,,,,17902-26,,-23.63762851,-47.46516728
SUP-8370-25,14/08/2026,ST,PENDENTE,,,,,17902-26,,-23.63785134,-47.46545807
SUP-8370-25,14/08/2026,ST,PENDENTE,,,,,17902-26,,-23.6379683,-47.46529402
SUP-8370-25,14/08/2026,ST,PENDENTE,,,,,17902-26,,-23.63871176,-47.46547822
SUP-8370-25,14/08/2026,ST,PENDENTE,,,,,17902-26,,-23.63919133,-47.46508363
SUP-8370-25,14/08/2026,ST,PENDENTE,,,,,17902-26,,-23.63957825,-47.46483858
SUP-8370-25,14/08/2026,ST,PENDENTE,,,,,17902-26,,-23.63963992,-47.46501875
SUP-8370-25,14/08/2026,ST,PENDENTE,,,,,17902-26,,-23.64042325,-47.46452303
SUP-8370-25,14/08/2026,ST,PENDENTE,,,,,17902-26,,-23.64119627,-47.46403333
SUP-8370-25,14/08/2026,ST,PENDENTE,,,,,17902-26,,-23.64198829,-47.46356616
SUP-8370-25,14/08/2026,ST,PENDENTE,,,,,17902-26,,-23.64275153,-47.46304805
SUP-8370-25,14/08/2026,ST,PENDENTE,,,,,17902-26,,-23.64314132,-47.46280119
SUP-8370-25,14/08/2026,ST,PENDENTE,,,,,17902-26,,-23.64352932,-47.46255491
SUP-8370-25,14/08/2026,ST,PENDENTE,,,,,17902-26,,-23.64428329,-47.46207672
SUP-8370-25,14/08/2026,ST,PENDENTE,,,,,17902-26,,-23.64506349,-47.46158136
SUP-8370-25,14/08/2026,ST,PENDENTE,,,,,17902-26,,-23.64578302,-47.46100503
SUP-8370-25,14/08/2026,ST,PENDENTE,,,,,17902-26,,-23.64638802,-47.4602812
SUP-8370-25,14/08/2026,ST,PENDENTE,,,,,17902-26,,-23.64697694,-47.45953847
SUP-8370-25,14/08/2026,ST,PENDENTE,,,,,17902-26,,-23.64730678,-47.45888433
SUP-8370-25,14/08/2026,ST,PENDENTE,,,,,17902-26,,-23.64755899,-47.45879034
SUP-8370-25,14/08/2026,ST,PENDENTE,,,,,17902-26,,-23.64759253,-47.45850517
SUP-8370-25,14/08/2026,ST,PENDENTE,,,,,17902-26,,-23.64792508,-47.45817426
SUP-8370-25,14/08/2026,ST,PENDENTE,,,,,17902-26,,-23.64824239,-47.45815496
SUP-8370-25,14/08/2026,ST,PENDENTE,,,,,17902-26,,-23.64833244,-47.45793112
SUP-8370-25,14/08/2026,ST,PENDENTE,,,,,17902-26,,-23.64867815,-47.45802111
SUP-8370-25,14/08/2026,ST,PENDENTE,,,,,17902-26,,-23.64877391,-47.45782957
SUP-8370-25,14/08/2026,ST,PENDENTE,,,,,17902-26,,-23.64922463,-47.45780495
SUP-8370-25,14/08/2026,ST,PENDENTE,,,,,17902-26,,-23.64967587,-47.45781163
SUP-8370-25,14/08/2026,ST,PENDENTE,,,,,17902-26,,-23.64984258,-47.45797466
SUP-8370-25,14/08/2026,ST,PENDENTE,,,,,17902-26,,-23.65026588,-47.45786526
SUP-8370-25,14/08/2026,ST,PENDENTE,,,,,17902-26,,-23.65058041,-47.45749019
SUP-8370-25,14/08/2026,ST,PENDENTE,,,,,17902-26,,-23.65067728,-47.45765966
SUP-8224-25 (AB),15/08/2026,ST,PENDENTE,,,,,17919-26,,-22.73751559,-47.27675967
SUP-8370-25,14/08/2026,ST,PENDENTE,,,,,17902-26,,-23.65095485,-47.45720889
SUP-8370-25,14/08/2026,ST,PENDENTE,,,,,17902-26,,-23.65139603,-47.45707671
SUP-8370-25,14/08/2026,ST,PENDENTE,,,,,17902-26,,-23.65176263,-47.45679102
SUP-8370-25,14/08/2026,ST,PENDENTE,,,,,17902-26,,-23.65189875,-47.45658472
SUP-8370-25,14/08/2026,ST,PENDENTE,,,,,17902-26,,-23.65213205,-47.45650963
SUP-8370-25,14/08/2026,ST,PENDENTE,,,,,17902-26,,-23.65226436,-47.45629429
SUP-8370-25,14/08/2026,ST,PENDENTE,,,,,17902-26,,-23.65267529,-47.4560962
SUP-8370-25,14/08/2026,ST,PENDENTE,,,,,17902-26,,-23.65293833,-47.45611596
SUP-8370-25,14/08/2026,ST,PENDENTE,,,,,17902-26,,-23.65310945,-47.45596252
SUP-8370-25,14/08/2026,ST,PENDENTE,,,,,17902-26,,-23.65337044,-47.4559868
SUP-8370-25,14/08/2026,ST,PENDENTE,,,,,17902-26,,-23.65380077,-47.45583924
SUP-8370-25,14/08/2026,ST,PENDENTE,,,,,17902-26,,-23.65389799,-47.45553767
SUP-8370-25,14/08/2026,ST,PENDENTE,,,,,17902-26,,-23.65449955,-47.45520866
SUP-8370-25,14/08/2026,ST,PENDENTE,,,,,17902-26,,-23.6551735,-47.45455694
SUP-8370-25,14/08/2026,ST,PENDENTE,,,,,17902-26,,-23.65551032,-47.45423113
SUP-8370-25,14/08/2026,ST,PENDENTE,,,,,17902-26,,-23.65584724,-47.45390521
SUP-8370-25,14/08/2026,ST,PENDENTE,,,,,17902-26,,-23.65648449,-47.45328876
SUP-8370-25,14/08/2026,ST,PENDENTE,,,,,17902-26,,-23.65682141,-47.45296284
SUP-8370-25,14/08/2026,ST,PENDENTE,,,,,17902-26,,-23.65715891,-47.4526376
SUP-8370-25,14/08/2026,ST,PENDENTE,,,,,17902-26,,-23.65780349,-47.45201668
SUP-8370-25,14/08/2026,ST,PENDENTE,,,,,17902-26,,-23.65814054,-47.45169089
SUP-8370-25,14/08/2026,ST,PENDENTE,,,,,17902-26,,-23.65855824,-47.45128803
SUP-8370-25,14/08/2026,ST,PENDENTE,,,,,17902-26,,-23.65912695,-47.45073815
SUP-8370-25,14/08/2026,ST,PENDENTE,,,,,17902-26,,-23.6598153,-47.45010642
SUP-8370-25,14/08/2026,ST,PENDENTE,,,,,17902-26,,-23.66054432,-47.4495152
SUP-8370-25,14/08/2026,ST,PENDENTE,,,,,17902-26,,-23.66090595,-47.44922213
SUP-8370-25,14/08/2026,ST,PENDENTE,,,,,17902-26,,-23.66126759,-47.44892904
SUP-8370-25,14/08/2026,ST,PENDENTE,,,,,17902-26,,-23.6619544,-47.44837241
SUP-8370-25,14/08/2026,ST,PENDENTE,,,,,17902-26,,-23.66267816,-47.44778443
SUP-8370-25,14/08/2026,ST,PENDENTE,,,,,17902-26,,-23.66339544,-47.44720153
SUP-8370-25,14/08/2026,ST,PENDENTE,,,,,17902-26,,-23.66406649,-47.4465517
SUP-8370-25,14/08/2026,ST,PENDENTE,,,,,17902-26,,-23.66432279,-47.44614844
SUP-8370-25,14/08/2026,ST,PENDENTE,,,,,17902-26,,-23.66454488,-47.44572109
SUP-8370-25,14/08/2026,ST,PENDENTE,,,,,17902-26,,-23.66497465,-47.44487457
SUP-8370-25,14/08/2026,ST,PENDENTE,,,,,17902-26,,-23.66520869,-47.44474926
SUP-8370-25,14/08/2026,ST,PENDENTE,,,,,17902-26,,-23.66543003,-47.44432332
SUP-8370-25,14/08/2026,ST,PENDENTE,,,,,17902-26,,-23.66541106,-47.4440236
SUP-8370-25,14/08/2026,ST,PENDENTE,,,,,17902-26,,-23.66566206,-47.44390309
SUP-8370-25,14/08/2026,ST,PENDENTE,,,,,17902-26,,-23.66594987,-47.44323754
SUP-8370-25,14/08/2026,ST,PENDENTE,,,,,17902-26,,-23.66624758,-47.44316053
SUP-8370-25,14/08/2026,ST,PENDENTE,,,,,17902-26,,-23.66661149,-47.44258072
SUP-8370-25,14/08/2026,ST,PENDENTE,,,,,17902-26,,-23.66695378,-47.44226142
SUP-8370-25,14/08/2026,ST,PENDENTE,,,,,17902-26,,-23.66729583,-47.44194181
SUP-8370-25,14/08/2026,ST,PENDENTE,,,,,17902-26,,-23.66797382,-47.44130695
SUP-8370-25,14/08/2026,ST,PENDENTE,,,,,17902-26,,-23.66866421,-47.44071735
SUP-8370-25,14/08/2026,ST,PENDENTE,,,,,17902-26,,-23.66926602,-47.44050647
SUP-8370-25,14/08/2026,ST,PENDENTE,,,,,17902-26,,-23.66942186,-47.44019828
SUP-8370-25,14/08/2026,ST,PENDENTE,,,,,17902-26,,-23.66965936,-47.44026456
SUP-8370-25,14/08/2026,ST,PENDENTE,,,,,17902-26,,-23.67005532,-47.44002833
SUP-8370-25,14/08/2026,ST,PENDENTE,,,,,17902-26,,-23.67021943,-47.43974358
SUP-8370-25,14/08/2026,ST,PENDENTE,,,,,17902-26,,-23.67045695,-47.43980304
SUP-8370-25,14/08/2026,ST,PENDENTE,,,,,17902-26,,-23.6706194,-47.43951667
SUP-8370-25,14/08/2026,ST,PENDENTE,,,,,17902-26,,-23.67085762,-47.43957265
SUP-8370-25,14/08/2026,ST,PENDENTE,,,,,17902-26,,-23.67101938,-47.43928976
SUP-8370-25,14/08/2026,ST,PENDENTE,,,,,17902-26,,-23.6712546,-47.43934367
SUP-8370-25,14/08/2026,ST,PENDENTE,,,,,17902-26,,-23.67165024,-47.43911023
SUP-8370-25,14/08/2026,ST,PENDENTE,,,,,17902-26,,-23.67180057,-47.43880461
SUP-8370-25,14/08/2026,ST,PENDENTE,,,,,17902-26,,-23.67257284,-47.43830731
SUP-8370-25,14/08/2026,ST,PENDENTE,,,,,17902-26,,-23.67338821,-47.4378871
SUP-8370-25,14/08/2026,ST,PENDENTE,,,,,17902-26,,-23.67361851,-47.43797312
SUP-8370-25,14/08/2026,ST,PENDENTE,,,,,17902-26,,-23.67404915,-47.43782515
SUP-8370-25,14/08/2026,ST,PENDENTE,,,,,17902-26,,-23.6742234,-47.43752212
SUP-8370-25,14/08/2026,ST,PENDENTE,,,,,17902-26,,-23.67448028,-47.43768215
SUP-8370-25,14/08/2026,ST,PENDENTE,,,,,17902-26,,-23.67464257,-47.43734498
SUP-8370-25,14/08/2026,ST,PENDENTE,,,,,17902-26,,-23.67490999,-47.43753163
SUP-8370-25,14/08/2026,ST,PENDENTE,,,,,17902-26,,-23.67508372,-47.43723429
SUP-8370-25,14/08/2026,ST,PENDENTE,,,,,17902-26,,-23.67536377,-47.43740611
SUP-8370-25,14/08/2026,ST,PENDENTE,,,,,17902-26,,-23.67581355,-47.43745631
SUP-8370-25,14/08/2026,ST,PENDENTE,,,,,17902-26,,-23.67594867,-47.43721147
SUP-8370-25,14/08/2026,ST,PENDENTE,,,,,17902-26,,-23.6763767,-47.43737026
SUP-8370-25,14/08/2026,ST,PENDENTE,,,,,17902-26,,-23.67675279,-47.4376411
SUP-8370-25,14/08/2026,ST,PENDENTE,,,,,17902-26,,-23.6766679,-47.43788326
SUP-8370-25,14/08/2026,ST,PENDENTE,,,,,17902-26,,-23.67729823,-47.43856131
SUP-8370-25,14/08/2026,ST,PENDENTE,,,,,17902-26,,-23.67780215,-47.44118644
SUP-8370-25,14/08/2026,ST,PENDENTE,,,,,17902-26,,-23.67797854,-47.44163741
SUP-8370-25,14/08/2026,ST,PENDENTE,,,,,17902-26,,-23.67841048,-47.44221408
SUP-8370-25,14/08/2026,ST,PENDENTE,,,,,17902-26,,-23.6789832,-47.44292841
SUP-8370-25,14/08/2026,ST,PENDENTE,,,,,17902-26,,-23.67969688,-47.44329795
SUP-8370-25,14/08/2026,ST,PENDENTE,,,,,17902-26,,-23.68012132,-47.44346443
SUP-8370-25,14/08/2026,ST,PENDENTE,,,,,17902-26,,-23.68030442,-47.44372653
SUP-8370-25,14/08/2026,ST,PENDENTE,,,,,17902-26,,-23.6805393,-47.44362877
SUP-8370-25,14/08/2026,ST,PENDENTE,,,,,17902-26,,-23.68072809,-47.44390748
SUP-8370-25,14/08/2026,ST,PENDENTE,,,,,17902-26,,-23.68111477,-47.44416285
SUP-8370-25,14/08/2026,ST,PENDENTE,,,,,17902-26,,-23.68132591,-47.44408512
SUP-8370-25,14/08/2026,ST,PENDENTE,,,,,17902-26,,-23.68165069,-47.44442535
SUP-8370-25,14/08/2026,ST,PENDENTE,,,,,17902-26,,-23.68193537,-47.44482298
SUP-8370-25,14/08/2026,ST,PENDENTE,,,,,17902-26,,-23.68248024,-47.44558679
SUP-8370-25,14/08/2026,ST,PENDENTE,,,,,17902-26,,-23.68275469,-47.44597577
SUP-8370-25,14/08/2026,ST,PENDENTE,,,,,17902-26,,-23.68302939,-47.44636455
SUP-8370-25,14/08/2026,ST,PENDENTE,,,,,17902-26,,-23.6833119,-47.44676281
SUP-8370-25,14/08/2026,ST,PENDENTE,,,,,17902-26,,-23.68358729,-47.44715101
SUP-8370-25,14/08/2026,ST,PENDENTE,,,,,17902-26,,-23.68385196,-47.44754819
SUP-8370-25,14/08/2026,ST,PENDENTE,,,,,17902-26,,-23.68413823,-47.44792729
SUP-8370-25,14/08/2026,ST,PENDENTE,,,,,17902-26,,-23.68407992,-47.44820424
SUP-8370-25,14/08/2026,ST,PENDENTE,,,,,17902-26,,-23.68437118,-47.4485733
SUP-8370-25,14/08/2026,ST,PENDENTE,,,,,17902-26,,-23.68469487,-47.44857567
SUP-8370-25,14/08/2026,ST,PENDENTE,,,,,17902-26,,-23.68471851,-47.44889099
SUP-8370-25,14/08/2026,ST,PENDENTE,,,,,17902-26,,-23.68506931,-47.44884918
SUP-8370-25,14/08/2026,ST,PENDENTE,,,,,17902-26,,-23.68523405,-47.44917538
SUP-8370-25,14/08/2026,ST,PENDENTE,,,,,17902-26,,-23.68548259,-47.44904601
SUP-8370-25,14/08/2026,ST,PENDENTE,,,,,17902-26,,-23.68554977,-47.44927844
SUP-8370-25,14/08/2026,ST,PENDENTE,,,,,17902-26,,-23.68599486,-47.44937329
SUP-8370-25,14/08/2026,ST,PENDENTE,,,,,17902-26,,-23.68626027,-47.4491886
SUP-8370-25,14/08/2026,ST,PENDENTE,,,,,17902-26,,-23.68636344,-47.44938954
SUP-8370-25,14/08/2026,ST,PENDENTE,,,,,17902-26,,-23.68671033,-47.4491525
SUP-8370-25,14/08/2026,ST,PENDENTE,,,,,17902-26,,-23.68715438,-47.44906513
SUP-8370-25,14/08/2026,ST,PENDENTE,,,,,17902-26,,-23.687995,-47.44888458
SUP-8370-25,14/08/2026,ST,PENDENTE,,,,,17902-26,,-23.68843321,-47.44880125
SUP-8370-25,14/08/2026,ST,PENDENTE,,,,,17902-26,,-23.68887501,-47.44869554
SUP-8370-25,14/08/2026,ST,PENDENTE,,,,,17902-26,,-23.68970946,-47.4485163
SUP-8370-25,14/08/2026,ST,PENDENTE,,,,,17902-26,,-23.69015215,-47.4484211
SUP-8370-25,14/08/2026,ST,PENDENTE,,,,,17902-26,,-23.69059475,-47.44832543
SUP-8370-25,14/08/2026,ST,PENDENTE,,,,,17902-26,,-23.69143544,-47.4481437
SUP-8370-25,14/08/2026,ST,PENDENTE,,,,,17902-26,,-23.69187804,-47.44804803
SUP-8370-25,14/08/2026,ST,PENDENTE,,,,,17902-26,,-23.69232063,-47.44795235
SUP-8370-25,14/08/2026,ST,PENDENTE,,,,,17902-26,,-23.6924677,-47.44810799
SUP-8370-25,14/08/2026,ST,PENDENTE,,,,,17902-26,,-23.69315509,-47.44773829
SUP-8370-25,14/08/2026,ST,PENDENTE,,,,,17902-26,,-23.69357791,-47.44756702
SUP-8370-25,14/08/2026,ST,PENDENTE,,,,,17902-26,,-23.69398358,-47.44735375
SUP-8370-25,14/08/2026,ST,PENDENTE,,,,,17902-26,,-23.69440077,-47.44728357
SUP-8370-25,14/08/2026,ST,PENDENTE,,,,,17902-26,,-23.69466846,-47.44686983
SUP-8370-25,14/08/2026,ST,PENDENTE,,,,,17902-26,,-23.69477003,-47.44700484
SUP-8370-25,14/08/2026,ST,PENDENTE,,,,,17902-26,,-23.69503606,-47.44658556
SUP-8370-25,14/08/2026,ST,PENDENTE,,,,,17902-26,,-23.69540362,-47.44630121
SUP-8370-25,14/08/2026,ST,PENDENTE,,,,,17902-26,,-23.69613393,-47.44573622
SUP-8370-25,14/08/2026,ST,PENDENTE,,,,,17902-26,,-23.69650488,-47.44545016
SUP-8370-25,14/08/2026,ST,PENDENTE,,,,,17902-26,,-23.6968817,-47.44540748
SUP-8370-25,14/08/2026,ST,PENDENTE,,,,,17902-26,,-23.69732815,-47.44522214
SUP-8370-25,14/08/2026,ST,PENDENTE,,,,,17902-26,,-23.69954777,-47.44550656
SUP-8370-25,14/08/2026,ST,PENDENTE,,,,,17902-26,,-23.70041989,-47.44530053
SUP-7285-24,14/11/2025,ST,PENDENTE,,,,,17006-25,,-22.80535101,-45.17194989
SUP-7285-24,14/11/2025,ST,PENDENTE,,,,,17006-25,,-22.80578061,-45.17227184
SUP-7285-24,14/11/2025,ST,PENDENTE,,,,,17006-25,,-22.80679682,-45.17303596
SUP-7285-24,14/11/2025,ST,PENDENTE,,,,,17006-25,,-22.80753643,-45.17361043
SUP-7285-24,14/11/2025,ST,PENDENTE,,,,,17006-25,,-22.80827943,-45.1741761
SUP-7285-24,14/11/2025,ST,PENDENTE,,,,,17006-25,,-22.805863,-45.17209941
SUP-7285-24,14/11/2025,ST,PENDENTE,,,,,17006-25,,-22.80724921,-45.1731546
SUP-7285-24,14/11/2025,ST,PENDENTE,,,,,17006-25,,-22.80800424,-45.17370235
SUP-7285-24,14/11/2025,ST,PENDENTE,,,,,17006-25,,-22.80845553,-45.17384531
SUP-7285-24,14/11/2025,ST,PENDENTE,,,,,17006-25,,-22.80770967,-45.17327634
SUP-7285-24,14/11/2025,ST,PENDENTE,,,,,17006-25,,-22.80802603,-45.17330525
SUP-7285-24,14/11/2025,ST,PENDENTE,,,,,17006-25,,-22.80810778,-45.17315927
SUP-7285-24,14/11/2025,ST,PENDENTE,,,,,17006-25,,-22.80803749,-45.17286344
SUP-7285-24,14/11/2025,ST,PENDENTE,,,,,17006-25,,-22.80814538,-45.17272223
SUP-8370-25,21/08/2026,ST,PENDENTE,,,,,17946-26,,-23.51134393,-47.14285344
SUP-8370-25,21/08/2026,ST,PENDENTE,,,,,17946-26,,-23.50979033,-47.14221127
SUP-8370-25,21/08/2026,ST,PENDENTE,,,,,17946-26,,-23.50904756,-47.14242466
SUP-8370-25,21/08/2026,ST,PENDENTE,,,,,17946-26,,-23.50923664,-47.14099047
SUP-8370-25,21/08/2026,ST,PENDENTE,,,,,17946-26,,-23.51034084,-47.14239273
SUP-8370-25,21/08/2026,ST,PENDENTE,,,,,17946-26,,-23.50928208,-47.14264544
SUP-7770-24,19/08/2026,ST,PENDENTE,,,,,17935-26,,-21.59712364,-45.43902216
SUP-7770-24,19/08/2026,ST,PENDENTE,,,,,17935-26,,-21.59796473,-45.43866956
SUP-7770-24,19/08/2026,ST,PENDENTE,,,,,17935-26,,-21.59944731,-45.43795333
SUP-7770-24,19/08/2026,ST,PENDENTE,,,,,17935-26,,-21.60103347,-45.43702755
SUP-7285-24,14/08/2026,ST,PENDENTE,,,,,17917-26,,-22.96299178,-45.42456613
SUP-7285-24,14/08/2026,ST,PENDENTE,,,,,17917-26,,-22.9637987,-45.42514892
SUP-7285-24,14/08/2026,ST,PENDENTE,,,,,17917-26,,-22.96407043,-45.42584624
SUP-7285-24,14/08/2026,ST,PENDENTE,,,,,17917-26,,-22.96716279,-45.43353505
SUP-7285-24,14/08/2026,ST,PENDENTE,,,,,17917-26,,-22.97184067,-45.44291009
SUP-7285-24,14/08/2026,ST,PENDENTE,,,,,17917-26,,-22.97263042,-45.44432584
SUP-6806-23,12/03/2026,ST,PENDENTE,,,,,17352-26,,-23.31262486,-54.22105017
SUP-6806-23,12/03/2026,ST,PENDENTE,,,,,17352-26,,-23.30636461,-54.22208699
SUP-6806-23,12/03/2026,ST,PENDENTE,,,,,17352-26,,-23.30460004,-54.22234607
SUP-6806-23,12/03/2026,ST,PENDENTE,,,,,17352-26,,-23.30280842,-54.22261726
SUP-6806-23,12/03/2026,ST,PENDENTE,,,,,17352-26,,-23.30095898,-54.22278244
SUP-6806-23,12/03/2026,ST,PENDENTE,,,,,17353-26,,-23.14381162,-54.19681175
SUP-6806-23,12/03/2026,ST,PENDENTE,,,,,17353-26,,-23.14296081,-54.19650211
SUP-6806-23,12/03/2026,ST,PENDENTE,,,,,17353-26,,-23.14206289,-54.19639954
SUP-6806-23,12/03/2026,ST,PENDENTE,,,,,17353-26,,-23.14120635,-54.1960933
SUP-6806-23,12/03/2026,ST,PENDENTE,,,,,17353-26,,-23.13936366,-54.19565035
SUP-6806-23,12/03/2026,ST,PENDENTE,,,,,17353-26,,-23.13845049,-54.19557819
SUP-6806-23,12/03/2026,ST,PENDENTE,,,,,17353-26,,-23.13768644,-54.19542432
SUP-6806-23,12/03/2026,ST,PENDENTE,,,,,17353-26,,-23.13679161,-54.19568319
SUP-6806-23,12/03/2026,ST,PENDENTE,,,,,17353-26,,-23.13518203,-54.19652482
SUP-6806-23,12/03/2026,ST,PENDENTE,,,,,17353-26,,-23.14031542,-54.19596466
SUP-6806-23,12/03/2026,ST,PENDENTE,,,,,17353-26,,-23.13591835,-54.19602358
SUP-6806-23,12/03/2026,ST,PENDENTE,,,,,17353-26,,-23.13295646,-54.19812256
SUP-6806-23,12/03/2026,ST,PENDENTE,,,,,17353-26,,-23.13211074,-54.19845482
SUP-6806-23,12/03/2026,ST,PENDENTE,,,,,17353-26,,-23.13100365,-54.19959697
SUP-6806-23,12/03/2026,ST,PENDENTE,,,,,17353-26,,-23.13027839,-54.20018624
SUP-6806-23,12/03/2026,ST,PENDENTE,,,,,17353-26,,-23.12958613,-54.20080664
SUP-6806-23,12/03/2026,ST,PENDENTE,,,,,17353-26,,-23.12843578,-54.20198287
SUP-6806-23,12/03/2026,ST,PENDENTE,,,,,17353-26,,-23.12771532,-54.20240106
SUP-6806-23,12/03/2026,ST,PENDENTE,,,,,17353-26,,-23.13365308,-54.1974937
SUP-6806-23,08/04/2026,ST,PENDENTE,,,,,17499-26,,-23.13254141,-54.19812846
SUP-6806-23,12/03/2026,ST,PENDENTE,,,,,17353-26,,-23.13248731,-54.19817504
SUP-6806-23,08/04/2026,ST,PENDENTE,,,,,17499-26,,-23.13167511,-54.19862043
SUP-6806-23,12/03/2026,ST,PENDENTE,,,,,17353-26,,-23.13161434,-54.1990607
SUP-6806-23,08/04/2026,ST,PENDENTE,,,,,17499-26,,-23.13332865,-54.19770772
SUP-6806-23,12/03/2026,ST,PENDENTE,,,,,17353-26,,-23.1286845,-54.20107367
SUP-6806-23,12/03/2026,ST,PENDENTE,,,,,17353-26,,-23.12736397,-54.20333075
SUP-6806-23,12/03/2026,ST,PENDENTE,,,,,17353-26,,-23.12669059,-54.20400721
SUP-6806-23,12/03/2026,ST,PENDENTE,,,,,17353-26,,-23.12619004,-54.20480748
SUP-6806-23,12/03/2026,ST,PENDENTE,,,,,17353-26,,-23.12552362,-54.20548785
SUP-6806-23,12/03/2026,ST,PENDENTE,,,,,17353-26,,-23.12437137,-54.20695944
SUP-6806-23,12/03/2026,ST,PENDENTE,,,,,17353-26,,-23.12388089,-54.20777922
SUP-6806-23,12/03/2026,ST,PENDENTE,,,,,17353-26,,-23.12319164,-54.20844802
SUP-6806-23,12/03/2026,ST,PENDENTE,,,,,17353-26,,-23.12272098,-54.20925472
SUP-6806-23,12/03/2026,ST,PENDENTE,,,,,17353-26,,-23.12499747,-54.20628936
SUP-6806-23,12/03/2026,ST,PENDENTE,,,,,17353-26,,-23.12206155,-54.20987556
SUP-6806-23,12/03/2026,ST,PENDENTE,,,,,17353-26,,-23.12157063,-54.21066478
SUP-6806-23,12/03/2026,ST,PENDENTE,,,,,17353-26,,-23.12091237,-54.21133924
SUP-6806-23,12/03/2026,ST,PENDENTE,,,,,17353-26,,-23.12040522,-54.21214599
SUP-6806-23,12/03/2026,ST,PENDENTE,,,,,17353-26,,-23.11981129,-54.21286546
SUP-6806-23,12/03/2026,ST,PENDENTE,,,,,17353-26,,-23.1185735,-54.21428281
SUP-6806-23,12/03/2026,ST,PENDENTE,,,,,17353-26,,-23.1180643,-54.21511251
SUP-6806-23,12/03/2026,ST,PENDENTE,,,,,17353-26,,-23.11741179,-54.21577
SUP-6806-23,12/03/2026,ST,PENDENTE,,,,,17353-26,,-23.11689972,-54.21654597
SUP-6806-23,12/03/2026,ST,PENDENTE,,,,,17353-26,,-23.11921335,-54.21362052
SUP-6806-23,12/03/2026,ST,PENDENTE,,,,,17353-26,,-23.11617489,-54.21713572
SUP-6806-23,12/03/2026,ST,PENDENTE,,,,,17353-26,,-23.11557478,-54.21790881
SUP-6806-23,12/03/2026,ST,PENDENTE,,,,,17353-26,,-23.11479429,-54.21843316
SUP-6806-23,12/03/2026,ST,PENDENTE,,,,,17353-26,,-23.11415011,-54.21909898
SUP-6806-23,12/03/2026,ST,PENDENTE,,,,,17353-26,,-23.11334715,-54.21952737
SUP-6806-23,12/03/2026,ST,PENDENTE,,,,,17353-26,,-23.11180997,-54.22046657
SUP-6806-23,12/03/2026,ST,PENDENTE,,,,,17353-26,,-23.11104236,-54.22097435
SUP-6806-23,12/03/2026,ST,PENDENTE,,,,,17353-26,,-23.11015372,-54.22125376
SUP-6806-23,12/03/2026,ST,PENDENTE,,,,,17353-26,,-23.10935279,-54.22166415
SUP-6806-23,12/03/2026,ST,PENDENTE,,,,,17353-26,,-23.11261697,-54.22010699
SUP-6806-23,12/03/2026,ST,PENDENTE,,,,,17353-26,,-23.10840022,-54.22185295
SUP-6806-23,12/03/2026,ST,PENDENTE,,,,,17353-26,,-23.10751805,-54.22218345
SUP-6806-23,12/03/2026,ST,PENDENTE,,,,,17353-26,,-23.10660425,-54.22228643
SUP-6806-23,12/03/2026,ST,PENDENTE,,,,,17353-26,,-23.10574319,-54.22257461
SUP-6806-23,12/03/2026,ST,PENDENTE,,,,,17353-26,,-23.1048396,-54.22263157
SUP-6806-23,12/03/2026,ST,PENDENTE,,,,,17353-26,,-23.10307197,-54.22304782
SUP-6806-23,12/03/2026,ST,PENDENTE,,,,,17353-26,,-23.10221455,-54.22334108
SUP-6806-23,12/03/2026,ST,PENDENTE,,,,,17353-26,,-23.1012702,-54.22343051
SUP-6806-23,12/03/2026,ST,PENDENTE,,,,,17353-26,,-23.10039407,-54.22372575
SUP-6806-23,12/03/2026,ST,PENDENTE,,,,,17353-26,,-23.10396643,-54.2229402
SUP-6806-23,12/03/2026,ST,PENDENTE,,,,,17353-26,,-23.09947345,-54.22381042
SUP-6806-23,12/03/2026,ST,PENDENTE,,,,,17353-26,,-23.09861447,-54.22410931
SUP-6806-23,12/03/2026,ST,PENDENTE,,,,,17353-26,,-23.09772165,-54.22419009
SUP-6806-23,12/03/2026,ST,PENDENTE,,,,,17353-26,,-23.09686592,-54.22448985
SUP-6806-23,12/03/2026,ST,PENDENTE,,,,,17353-26,,-23.09596366,-54.22457658
SUP-6806-23,12/03/2026,ST,PENDENTE,,,,,17353-26,,-23.09420917,-54.22494736
SUP-6806-23,12/03/2026,ST,PENDENTE,,,,,17353-26,,-23.09334207,-54.2252575
SUP-6806-23,12/03/2026,ST,PENDENTE,,,,,17353-26,,-23.09243022,-54.22532816
SUP-6806-23,12/03/2026,ST,PENDENTE,,,,,17353-26,,-23.09082128,-54.22553917
SUP-6806-23,12/03/2026,ST,PENDENTE,,,,,17353-26,,-23.08997796,-54.22596362
SUP-6806-23,12/03/2026,ST,PENDENTE,,,,,17353-26,,-23.09508866,-54.2248432
SUP-6806-23,12/03/2026,ST,PENDENTE,,,,,17353-26,,-23.09166067,-54.22555299
SUP-6806-23,12/03/2026,ST,PENDENTE,,,,,17353-26,,-23.08906821,-54.22582426
SUP-6806-23,12/03/2026,ST,PENDENTE,,,,,17353-26,,-23.08828551,-54.22635651
SUP-6806-23,12/03/2026,ST,PENDENTE,,,,,17353-26,,-23.08740539,-54.22637422
SUP-6806-23,12/03/2026,ST,PENDENTE,,,,,17353-26,,-23.08563351,-54.22679491
SUP-6806-23,12/03/2026,ST,PENDENTE,,,,,17353-26,,-23.0847402,-54.22697919
SUP-6806-23,12/03/2026,ST,PENDENTE,,,,,17353-26,,-23.08298735,-54.22736063
SUP-6806-23,12/03/2026,ST,PENDENTE,,,,,17353-26,,-23.08223416,-54.22751241
SUP-6806-23,12/03/2026,ST,PENDENTE,,,,,17353-26,,-23.0813332,-54.22785672
SUP-6806-23,12/03/2026,ST,PENDENTE,,,,,17353-26,,-23.08654019,-54.22667859
SUP-6806-23,12/03/2026,ST,PENDENTE,,,,,17353-26,,-23.08386293,-54.22726258
SUP-6806-23,12/03/2026,ST,PENDENTE,,,,,17353-26,,-23.08045993,-54.22785484
SUP-6806-23,12/03/2026,ST,PENDENTE,,,,,17353-26,,-23.07960921,-54.22796544
SUP-6806-23,12/03/2026,ST,PENDENTE,,,,,17353-26,,-23.07801119,-54.22826
SUP-6806-23,12/03/2026,ST,PENDENTE,,,,,17353-26,,-23.07709761,-54.22832387
SUP-6806-23,12/03/2026,ST,PENDENTE,,,,,17353-26,,-23.07628423,-54.22874571
SUP-6806-23,12/03/2026,ST,PENDENTE,,,,,17353-26,,-23.07536914,-54.22875799
SUP-6806-23,12/03/2026,ST,PENDENTE,,,,,17353-26,,-23.07391274,-54.22936243
SUP-6806-23,12/03/2026,ST,PENDENTE,,,,,17353-26,,-23.07300937,-54.22937153
SUP-6806-23,12/03/2026,ST,PENDENTE,,,,,17353-26,,-23.07221673,-54.22989962
SUP-6806-23,08/04/2026,ST,PENDENTE,,,,,17499-26,,-23.07819534,-54.22868451
SUP-6806-23,12/03/2026,ST,PENDENTE,,,,,17353-26,,-23.07878268,-54.22807851
SUP-6806-23,08/04/2026,ST,PENDENTE,,,,,17499-26,,-23.07704688,-54.22856173
SUP-6806-23,12/03/2026,ST,PENDENTE,,,,,17353-26,,-23.07459292,-54.22888897
SUP-6806-23,08/04/2026,ST,PENDENTE,,,,,17499-26,,-23.07884715,-54.22828092
SUP-6806-23,12/03/2026,ST,PENDENTE,,,,,17353-26,,-23.07127411,-54.23004177
SUP-6806-23,12/03/2026,ST,PENDENTE,,,,,17353-26,,-23.07043777,-54.23035375
SUP-6806-23,22/03/2026,ST,PENDENTE,,,,,17399-26,,-23.0703667,-54.23029727
SUP-6806-23,22/03/2026,ST,PENDENTE,,,,,17399-26,,-23.0695322,-54.23064837
SUP-6806-23,22/03/2026,ST,PENDENTE,,,,,17399-26,,-23.06860956,-54.23086544
SUP-6806-23,22/03/2026,ST,PENDENTE,,,,,17399-26,,-23.06771478,-54.23088877
SUP-6806-23,22/03/2026,ST,PENDENTE,,,,,17399-26,,-23.06673528,-54.23115766
SUP-6806-23,22/03/2026,ST,PENDENTE,,,,,17399-26,,-23.06593622,-54.23115159
SUP-6806-23,22/03/2026,ST,PENDENTE,,,,,17399-26,,-23.06506105,-54.23139718
SUP-6806-23,22/03/2026,ST,PENDENTE,,,,,17399-26,,-23.06414861,-54.23143422
SUP-6806-23,22/03/2026,ST,PENDENTE,,,,,17399-26,,-23.06328027,-54.23168565
SUP-6806-23,22/03/2026,ST,PENDENTE,,,,,17399-26,,-23.06237677,-54.23176417
SUP-6806-23,22/03/2026,ST,PENDENTE,,,,,17399-26,,-23.06151033,-54.23207211
SUP-6806-23,22/03/2026,ST,PENDENTE,,,,,17399-26,,-23.06060688,-54.23216404
SUP-6806-23,22/03/2026,ST,PENDENTE,,,,,17399-26,,-23.05976915,-54.23251609
SUP-6806-23,22/03/2026,ST,PENDENTE,,,,,17399-26,,-23.05889414,-54.23278322
SUP-6806-23,22/03/2026,ST,PENDENTE,,,,,17399-26,,-23.05818703,-54.23341281
SUP-6806-23,22/03/2026,ST,PENDENTE,,,,,17399-26,,-23.05727144,-54.23343893
SUP-6806-23,22/03/2026,ST,PENDENTE,,,,,17399-26,,-23.0569378,-54.23438218
SUP-6806-23,22/03/2026,ST,PENDENTE,,,,,17399-26,,-23.05602658,-54.23459219
SUP-6806-23,22/03/2026,ST,PENDENTE,,,,,17399-26,,-23.05585392,-54.23556445
SUP-6806-23,22/03/2026,ST,PENDENTE,,,,,17399-26,,-23.05512739,-54.23618246
SUP-6806-23,22/03/2026,ST,PENDENTE,,,,,17399-26,,-23.05472608,-54.23704838
SUP-6806-23,22/03/2026,ST,PENDENTE,,,,,17399-26,,-23.05412126,-54.23780426
SUP-6806-23,22/03/2026,ST,PENDENTE,,,,,17399-26,,-23.05379823,-54.23874222
SUP-6806-23,22/03/2026,ST,PENDENTE,,,,,17399-26,,-23.05311855,-54.23941597
SUP-6806-23,22/03/2026,ST,PENDENTE,,,,,17399-26,,-23.0527058,-54.24029894
SUP-6806-23,22/03/2026,ST,PENDENTE,,,,,17399-26,,-23.05212899,-54.24102621
SUP-6806-23,22/03/2026,ST,PENDENTE,,,,,17399-26,,-23.05171824,-54.24191714
SUP-6806-23,22/03/2026,ST,PENDENTE,,,,,17399-26,,-23.051138,-54.24267699
SUP-6806-23,22/03/2026,ST,PENDENTE,,,,,17399-26,,-23.05064389,-54.24349889
SUP-6806-23,22/03/2026,ST,PENDENTE,,,,,17399-26,,-23.05021444,-54.24435612
SUP-6806-23,22/03/2026,ST,PENDENTE,,,,,17399-26,,-23.0496184,-54.24509822
SUP-6806-23,22/03/2026,ST,PENDENTE,,,,,17399-26,,-23.04921415,-54.2459864
SUP-6806-23,22/03/2026,ST,PENDENTE,,,,,17399-26,,-23.04864048,-54.24674317
SUP-6806-23,22/03/2026,ST,PENDENTE,,,,,17399-26,,-23.04823597,-54.24761482
SUP-6806-23,22/03/2026,ST,PENDENTE,,,,,17399-26,,-23.04764295,-54.24835815
SUP-6806-23,22/03/2026,ST,PENDENTE,,,,,17399-26,,-23.04722914,-54.2492144
SUP-6806-23,22/03/2026,ST,PENDENTE,,,,,17399-26,,-23.04662931,-54.24995807
SUP-6806-23,22/03/2026,ST,PENDENTE,,,,,17399-26,,-23.04624231,-54.25086092
SUP-6806-23,22/03/2026,ST,PENDENTE,,,,,17399-26,,-23.04564564,-54.25159602
SUP-6806-23,22/03/2026,ST,PENDENTE,,,,,17399-26,,-23.04522341,-54.25246211
SUP-6806-23,22/03/2026,ST,PENDENTE,,,,,17399-26,,-23.04464832,-54.25320393
SUP-6806-23,22/03/2026,ST,PENDENTE,,,,,17399-26,,-23.04422935,-54.25407561
SUP-6806-23,22/03/2026,ST,PENDENTE,,,,,17399-26,,-23.04366483,-54.25482304
SUP-6806-23,22/03/2026,ST,PENDENTE,,,,,17399-26,,-23.04325033,-54.25568956
SUP-6806-23,22/03/2026,ST,PENDENTE,,,,,17399-26,,-23.04286645,-54.25650245
SUP-6806-23,22/03/2026,ST,PENDENTE,,,,,17399-26,,-23.04264816,-54.25645117
SUP-6806-23,22/03/2026,ST,PENDENTE,,,,,17399-26,,-23.04223083,-54.25733721
SUP-6806-23,22/03/2026,ST,PENDENTE,,,,,17399-26,,-23.04164872,-54.25808132
SUP-6806-23,22/03/2026,ST,PENDENTE,,,,,17399-26,,-23.04123155,-54.25896283
SUP-6806-23,22/03/2026,ST,PENDENTE,,,,,17399-26,,-23.0406517,-54.25971225
SUP-6806-23,22/03/2026,ST,PENDENTE,,,,,17399-26,,-23.0403018,-54.26045526
SUP-6806-23,22/03/2026,ST,PENDENTE,,,,,17399-26,,-23.03964172,-54.26130739
SUP-6806-23,22/03/2026,ST,PENDENTE,,,,,17399-26,,-23.03923265,-54.26220464
SUP-6806-23,22/03/2026,ST,PENDENTE,,,,,17399-26,,-23.03861706,-54.26294375
SUP-6806-23,22/03/2026,ST,PENDENTE,,,,,17399-26,,-23.03744933,-54.26530927
SUP-6806-23,22/03/2026,ST,PENDENTE,,,,,17399-26,,-23.03674419,-54.26595324
SUP-6806-23,22/03/2026,ST,PENDENTE,,,,,17399-26,,-23.03665907,-54.26647494
SUP-6806-23,22/03/2026,ST,PENDENTE,,,,,17399-26,,-23.03598864,-54.26725808
SUP-6806-23,22/03/2026,ST,PENDENTE,,,,,17399-26,,-23.03569417,-54.26816894
SUP-6806-23,22/03/2026,ST,PENDENTE,,,,,17399-26,,-23.03521408,-54.26829629
SUP-6806-23,22/03/2026,ST,PENDENTE,,,,,17399-26,,-23.03503075,-54.26881674
SUP-6806-23,22/03/2026,ST,PENDENTE,,,,,17399-26,,-23.03477272,-54.26975827
SUP-6806-23,22/03/2026,ST,PENDENTE,,,,,17399-26,,-23.03403395,-54.270846
SUP-6806-23,22/03/2026,ST,PENDENTE,,,,,17399-26,,-23.03359914,-54.27168494
SUP-6806-23,22/03/2026,ST,PENDENTE,,,,,17399-26,,-23.03289169,-54.27229443
SUP-6806-23,22/03/2026,ST,PENDENTE,,,,,17399-26,,-23.03249384,-54.27317702
SUP-6806-23,22/03/2026,ST,PENDENTE,,,,,17399-26,,-23.03189422,-54.27390846
SUP-6806-23,22/03/2026,ST,PENDENTE,,,,,17399-26,,-23.03187506,-54.27438367
SUP-6806-23,22/03/2026,ST,PENDENTE,,,,,17399-26,,-23.03148824,-54.27477512
SUP-6806-23,22/03/2026,ST,PENDENTE,,,,,17399-26,,-23.03090179,-54.27552487
SUP-6806-23,22/03/2026,ST,PENDENTE,,,,,17399-26,,-23.03048977,-54.2763899
SUP-6806-23,22/03/2026,ST,PENDENTE,,,,,17399-26,,-23.03409151,-54.27041853
SUP-6806-23,22/03/2026,ST,PENDENTE,,,,,17399-26,,-23.02988869,-54.27714655
SUP-6806-23,22/03/2026,ST,PENDENTE,,,,,17399-26,,-23.02949667,-54.27801645
SUP-6806-23,22/03/2026,ST,PENDENTE,,,,,17399-26,,-23.02889794,-54.2787693
SUP-6806-23,22/03/2026,ST,PENDENTE,,,,,17399-26,,-23.02859087,-54.27913407
SUP-6806-23,22/03/2026,ST,PENDENTE,,,,,17399-26,,-23.02849192,-54.27964641
SUP-6806-23,22/03/2026,ST,PENDENTE,,,,,17399-26,,-23.02791147,-54.28040168
SUP-6806-23,22/03/2026,ST,PENDENTE,,,,,17399-26,,-23.02756694,-54.28131235
SUP-6806-23,22/03/2026,ST,PENDENTE,,,,,17399-26,,-23.02704643,-54.28211252
SUP-6806-23,22/03/2026,ST,PENDENTE,,,,,17399-26,,-23.02681141,-54.28306764
SUP-6806-23,22/03/2026,ST,PENDENTE,,,,,17399-26,,-23.02634902,-54.28393117
SUP-6806-23,22/03/2026,ST,PENDENTE,,,,,17399-26,,-23.02619908,-54.28488701
SUP-6806-23,22/03/2026,ST,PENDENTE,,,,,17399-26,,-23.02583742,-54.28583128
SUP-6806-23,22/03/2026,ST,PENDENTE,,,,,17399-26,,-23.02575833,-54.28679682
SUP-6806-23,22/03/2026,ST,PENDENTE,,,,,17399-26,,-23.02548995,-54.28775291
SUP-6806-23,22/03/2026,ST,PENDENTE,,,,,17399-26,,-23.02551027,-54.28873191
SUP-6806-23,22/03/2026,ST,PENDENTE,,,,,17399-26,,-23.0252895,-54.28970173
SUP-6806-23,22/03/2026,ST,PENDENTE,,,,,17399-26,,-23.02530163,-54.29067409
SUP-6806-23,22/03/2026,ST,PENDENTE,,,,,17399-26,,-23.02510166,-54.29160534
SUP-6806-23,22/03/2026,ST,PENDENTE,,,,,17399-26,,-23.02512792,-54.29259002
SUP-6806-23,22/03/2026,ST,PENDENTE,,,,,17399-26,,-23.02484504,-54.29353299
SUP-6806-23,22/03/2026,ST,PENDENTE,,,,,17399-26,,-23.02472647,-54.29452196
SUP-6806-23,22/03/2026,ST,PENDENTE,,,,,17399-26,,-23.02424439,-54.29533569
SUP-6806-23,22/03/2026,ST,PENDENTE,,,,,17399-26,,-23.02391879,-54.2962649
SUP-6806-23,22/03/2026,ST,PENDENTE,,,,,17399-26,,-23.02333271,-54.29699747
SUP-6806-23,22/03/2026,ST,PENDENTE,,,,,17399-26,,-23.02285317,-54.29780298
SUP-6806-23,22/03/2026,ST,PENDENTE,,,,,17399-26,,-23.02214969,-54.29840331
SUP-6806-23,22/03/2026,ST,PENDENTE,,,,,17399-26,,-23.02155741,-54.29911793
SUP-6806-23,22/03/2026,ST,PENDENTE,,,,,17399-26,,-23.02081614,-54.29964648
SUP-6806-23,22/03/2026,ST,PENDENTE,,,,,17399-26,,-23.02018501,-54.30035238
SUP-6806-23,22/03/2026,ST,PENDENTE,,,,,17399-26,,-23.0194314,-54.30089812
SUP-6806-23,22/03/2026,ST,PENDENTE,,,,,17399-26,,-23.01879509,-54.30161617
SUP-6806-23,22/03/2026,ST,PENDENTE,,,,,17399-26,,-23.01807356,-54.30216697
SUP-6806-23,22/03/2026,ST,PENDENTE,,,,,17399-26,,-23.01755396,-54.30297168
SUP-6806-23,22/03/2026,ST,PENDENTE,,,,,17399-26,,-23.01693615,-54.30368292
SUP-6806-23,22/03/2026,ST,PENDENTE,,,,,17399-26,,-23.01657485,-54.30457721
SUP-6806-23,22/03/2026,ST,PENDENTE,,,,,17399-26,,-23.0162055,-54.30513545
SUP-6806-23,22/03/2026,ST,PENDENTE,,,,,17399-26,,-23.01598652,-54.3060963
SUP-6806-23,22/03/2026,ST,PENDENTE,,,,,17399-26,,-23.01575657,-54.30702109
SUP-6806-23,22/03/2026,ST,PENDENTE,,,,,17399-26,,-23.01525425,-54.30873735
SUP-6806-23,22/03/2026,ST,PENDENTE,,,,,17399-26,,-23.01514975,-54.3096972
SUP-6806-23,22/03/2026,ST,PENDENTE,,,,,17399-26,,-23.01552312,-54.30798527
SUP-6806-23,22/03/2026,ST,PENDENTE,,,,,17399-26,,-23.01482737,-54.31060922
SUP-6806-23,22/03/2026,ST,PENDENTE,,,,,17399-26,,-23.01472424,-54.31157601
SUP-6806-23,22/03/2026,ST,PENDENTE,,,,,17399-26,,-23.01440401,-54.31247923
SUP-6806-23,22/03/2026,ST,PENDENTE,,,,,17399-26,,-23.01430079,-54.31344705
SUP-6806-23,22/03/2026,ST,PENDENTE,,,,,17399-26,,-23.01397305,-54.31437599
SUP-6806-23,22/03/2026,ST,PENDENTE,,,,,17399-26,,-23.01387363,-54.31533777
SUP-6806-23,22/03/2026,ST,PENDENTE,,,,,17399-26,,-23.01343224,-54.31720387
SUP-6806-23,22/03/2026,ST,PENDENTE,,,,,17399-26,,-23.01354375,-54.31623239
SUP-6806-23,22/03/2026,ST,PENDENTE,,,,,17399-26,,-23.01311399,-54.3181217
SUP-6806-23,22/03/2026,ST,PENDENTE,,,,,17399-26,,-23.01300986,-54.31908511
SUP-6806-23,22/03/2026,ST,PENDENTE,,,,,17399-26,,-23.01269048,-54.31999737
SUP-6806-23,22/03/2026,ST,PENDENTE,,,,,17399-26,,-23.01259271,-54.32096205
SUP-6806-23,22/03/2026,ST,PENDENTE,,,,,17399-26,,-23.01227821,-54.32186996
SUP-6806-23,22/03/2026,ST,PENDENTE,,,,,17399-26,,-23.0121574,-54.32284563
SUP-6806-23,22/03/2026,ST,PENDENTE,,,,,17399-26,,-23.01185147,-54.32376745
SUP-6806-23,22/03/2026,ST,PENDENTE,,,,,17399-26,,-23.01172576,-54.32473791
SUP-6806-23,22/03/2026,ST,PENDENTE,,,,,17399-26,,-23.01140541,-54.3256586
SUP-6806-23,22/03/2026,ST,PENDENTE,,,,,17399-26,,-23.01129367,-54.32662645
SUP-6806-23,22/03/2026,ST,PENDENTE,,,,,17399-26,,-23.0109841,-54.32755338
SUP-6806-23,22/03/2026,ST,PENDENTE,,,,,17399-26,,-23.01087591,-54.32851087
SUP-6806-23,22/03/2026,ST,PENDENTE,,,,,17399-26,,-23.01056309,-54.32943007
SUP-6806-23,22/03/2026,ST,PENDENTE,,,,,17399-26,,-23.01057875,-54.330334
SUP-6806-23,22/03/2026,ST,PENDENTE,,,,,17399-26,,-23.01019004,-54.33052783
SUP-6806-23,22/03/2026,ST,PENDENTE,,,,,17399-26,,-23.0101321,-54.33131534
SUP-6806-23,22/03/2026,ST,PENDENTE,,,,,17399-26,,-23.01003065,-54.33227415
SUP-6806-23,22/03/2026,ST,PENDENTE,,,,,17399-26,,-23.00970756,-54.33319909
SUP-6806-23,22/03/2026,ST,PENDENTE,,,,,17399-26,,-23.00959268,-54.33419054
SUP-6806-23,22/03/2026,ST,PENDENTE,,,,,17399-26,,-23.00925593,-54.33507423
SUP-6806-23,22/03/2026,ST,PENDENTE,,,,,17399-26,,-23.00916449,-54.33606372
SUP-6806-23,22/03/2026,ST,PENDENTE,,,,,17399-26,,-23.00885289,-54.33699162
SUP-6806-23,22/03/2026,ST,PENDENTE,,,,,17399-26,,-23.00872615,-54.33795433
SUP-6806-23,22/03/2026,ST,PENDENTE,,,,,17399-26,,-23.00841584,-54.33888491
SUP-6806-23,22/03/2026,ST,PENDENTE,,,,,17399-26,,-23.00829475,-54.3398605
SUP-6806-23,22/03/2026,ST,PENDENTE,,,,,17399-26,,-23.00797448,-54.34079693
SUP-6806-23,22/03/2026,ST,PENDENTE,,,,,17399-26,,-23.00786654,-54.34175502
SUP-6806-23,22/03/2026,ST,PENDENTE,,,,,17399-26,,-23.00786391,-54.34216253
SUP-6806-23,22/03/2026,ST,PENDENTE,,,,,17399-26,,-23.00755797,-54.34267656
SUP-6806-23,22/03/2026,ST,PENDENTE,,,,,17399-26,,-23.00744364,-54.34366809
SUP-6806-23,22/03/2026,ST,PENDENTE,,,,,17399-26,,-23.00711489,-54.3445921
SUP-6806-23,22/03/2026,ST,PENDENTE,,,,,17399-26,,-23.00700578,-54.3455722
SUP-6806-23,22/03/2026,ST,PENDENTE,,,,,17399-26,,-23.00669914,-54.34648595
SUP-6806-23,22/03/2026,ST,PENDENTE,,,,,17399-26,,-23.00657135,-54.34745545
SUP-6806-23,22/03/2026,ST,PENDENTE,,,,,17399-26,,-23.00622184,-54.34854473
SUP-6806-23,22/03/2026,ST,PENDENTE,,,,,17399-26,,-23.00610957,-54.34951394
SUP-6806-23,22/03/2026,ST,PENDENTE,,,,,17399-26,,-23.00582694,-54.35025634
SUP-6806-23,22/03/2026,ST,PENDENTE,,,,,17399-26,,-23.00571353,-54.35123833
SUP-6806-23,22/03/2026,ST,PENDENTE,,,,,17399-26,,-23.00539556,-54.35216383
SUP-6806-23,22/03/2026,ST,PENDENTE,,,,,17399-26,,-23.00528831,-54.35314168
SUP-6806-23,22/03/2026,ST,PENDENTE,,,,,17399-26,,-23.00496807,-54.35405109
SUP-6806-23,22/03/2026,ST,PENDENTE,,,,,17399-26,,-23.00485323,-54.35503655
SUP-6806-23,22/03/2026,ST,PENDENTE,,,,,17399-26,,-23.00454808,-54.3559494
SUP-6806-23,22/03/2026,ST,PENDENTE,,,,,17399-26,,-23.00441956,-54.35690753
SUP-6806-23,22/03/2026,ST,PENDENTE,,,,,17399-26,,-23.00411535,-54.35782822
SUP-6806-23,22/03/2026,ST,PENDENTE,,,,,17399-26,,-23.00399617,-54.35879892
SUP-6806-23,22/03/2026,ST,PENDENTE,,,,,17399-26,,-23.00368087,-54.35974056
SUP-6806-23,22/03/2026,ST,PENDENTE,,,,,17399-26,,-23.00356637,-54.36071649
SUP-6806-23,22/03/2026,ST,PENDENTE,,,,,17399-26,,-23.00325258,-54.3616257
SUP-6806-23,22/03/2026,ST,PENDENTE,,,,,17399-26,,-23.00314301,-54.36261451
SUP-6806-23,22/03/2026,ST,PENDENTE,,,,,17399-26,,-23.00282351,-54.36352571
SUP-6806-23,22/03/2026,ST,PENDENTE,,,,,17399-26,,-23.00270089,-54.36453267
SUP-6806-23,22/03/2026,ST,PENDENTE,,,,,17399-26,,-23.00238195,-54.36545669
SUP-6806-23,22/03/2026,ST,PENDENTE,,,,,17399-26,,-23.00246258,-54.36642458
SUP-6806-23,22/03/2026,ST,PENDENTE,,,,,17399-26,,-23.00221756,-54.36710434
SUP-6806-23,22/03/2026,ST,PENDENTE,,,,,17399-26,,-23.00178159,-54.3679699
SUP-6806-23,22/03/2026,ST,PENDENTE,,,,,17399-26,,-23.00185803,-54.36889232
SUP-6806-23,22/03/2026,ST,PENDENTE,,,,,17399-26,,-23.00141266,-54.36977156
SUP-6806-23,22/03/2026,ST,PENDENTE,,,,,17399-26,,-23.00144312,-54.37074304
SUP-6806-23,22/03/2026,ST,PENDENTE,,,,,17399-26,,-23.00093628,-54.37159404
SUP-6806-23,22/03/2026,ST,PENDENTE,,,,,17399-26,,-23.00102743,-54.37218203
SUP-6806-23,22/03/2026,ST,PENDENTE,,,,,17399-26,,-23.00087467,-54.37316343
SUP-6806-23,22/03/2026,ST,PENDENTE,,,,,17399-26,,-23.00038081,-54.37402703
SUP-6806-23,22/03/2026,ST,PENDENTE,,,,,17399-26,,-23.00029926,-54.37501656
SUP-6806-23,22/03/2026,ST,PENDENTE,,,,,17399-26,,-22.99997287,-54.37590522
SUP-6806-23,22/03/2026,ST,PENDENTE,,,,,17399-26,,-22.99987364,-54.37687754
SUP-6806-23,22/03/2026,ST,PENDENTE,,,,,17399-26,,-22.99954233,-54.37779435
SUP-6806-23,22/03/2026,ST,PENDENTE,,,,,17399-26,,-22.99943743,-54.37877189
SUP-6806-23,22/03/2026,ST,PENDENTE,,,,,17399-26,,-22.99910316,-54.37968008
SUP-6806-23,22/03/2026,ST,PENDENTE,,,,,17399-26,,-22.99897886,-54.38064281
SUP-6806-23,22/03/2026,ST,PENDENTE,,,,,17399-26,,-22.99864976,-54.38155129
SUP-6806-23,22/03/2026,ST,PENDENTE,,,,,17399-26,,-22.99856384,-54.38249958
SUP-6806-23,22/03/2026,ST,PENDENTE,,,,,17399-26,,-22.99823675,-54.38340623
SUP-6806-23,22/03/2026,ST,PENDENTE,,,,,17399-26,,-22.99811244,-54.38438291
SUP-6806-23,22/03/2026,ST,PENDENTE,,,,,17399-26,,-22.99780025,-54.3852972
SUP-6806-23,22/03/2026,ST,PENDENTE,,,,,17399-26,,-22.99768306,-54.38627071
SUP-6806-23,22/03/2026,ST,PENDENTE,,,,,17399-26,,-22.99733727,-54.38722531
SUP-6806-23,22/03/2026,ST,PENDENTE,,,,,17399-26,,-22.99723673,-54.38821189
SUP-6806-23,22/03/2026,ST,PENDENTE,,,,,17399-26,,-22.9969056,-54.3891087
SUP-6806-23,22/03/2026,ST,PENDENTE,,,,,17399-26,,-22.99679891,-54.390078
SUP-6806-23,22/03/2026,ST,PENDENTE,,,,,17399-26,,-22.99645993,-54.39098372
SUP-6806-23,22/03/2026,ST,PENDENTE,,,,,17399-26,,-22.99632866,-54.39195466
SUP-6806-23,22/03/2026,ST,PENDENTE,,,,,17399-26,,-22.9959213,-54.39282708
SUP-6806-23,22/03/2026,ST,PENDENTE,,,,,17399-26,,-22.99558108,-54.39386291
SUP-6806-23,22/03/2026,ST,PENDENTE,,,,,17399-26,,-22.99500719,-54.39461531
SUP-6806-23,22/03/2026,ST,PENDENTE,,,,,17399-26,,-22.99453397,-54.39546257
SUP-6806-23,22/03/2026,ST,PENDENTE,,,,,17399-26,,-22.99382588,-54.39609662
SUP-6806-23,22/03/2026,ST,PENDENTE,,,,,17399-26,,-22.99323349,-54.39684857
SUP-6806-23,22/03/2026,ST,PENDENTE,,,,,17399-26,,-22.99251355,-54.39744684
SUP-6806-23,22/03/2026,ST,PENDENTE,,,,,17399-26,,-22.99193599,-54.3981992
SUP-6806-23,22/03/2026,ST,PENDENTE,,,,,17399-26,,-22.99121579,-54.39879624
SUP-6806-23,22/03/2026,ST,PENDENTE,,,,,17399-26,,-22.99063707,-54.39955441
SUP-6806-23,22/03/2026,ST,PENDENTE,,,,,17399-26,,-22.98992492,-54.40015837
SUP-6806-23,22/03/2026,ST,PENDENTE,,,,,17399-26,,-22.9893479,-54.40089909
SUP-6806-23,22/03/2026,ST,PENDENTE,,,,,17399-26,,-22.98863059,-54.40150321
SUP-6806-23,22/03/2026,ST,PENDENTE,,,,,17399-26,,-22.98806588,-54.40227527
SUP-6806-23,22/03/2026,ST,PENDENTE,,,,,17399-26,,-22.98733581,-54.40286481
SUP-6806-23,22/03/2026,ST,PENDENTE,,,,,17399-26,,-22.98674963,-54.40362327
SUP-6806-23,22/03/2026,ST,PENDENTE,,,,,17399-26,,-22.98602344,-54.40422887
SUP-6806-23,22/03/2026,ST,PENDENTE,,,,,17399-26,,-22.98544118,-54.40497944
SUP-6806-23,22/03/2026,ST,PENDENTE,,,,,17399-26,,-22.98471226,-54.4055699
SUP-6806-23,22/03/2026,ST,PENDENTE,,,,,17399-26,,-22.98414815,-54.40632923
SUP-6806-23,22/03/2026,ST,PENDENTE,,,,,17399-26,,-22.98342023,-54.4069412
SUP-6806-23,22/03/2026,ST,PENDENTE,,,,,17399-26,,-22.98284063,-54.40768711
SUP-6806-23,22/03/2026,ST,PENDENTE,,,,,17399-26,,-22.98212166,-54.40829372
SUP-6806-23,22/03/2026,ST,PENDENTE,,,,,17399-26,,-22.98155191,-54.40906199
SUP-6806-23,22/03/2026,ST,PENDENTE,,,,,17399-26,,-22.9808233,-54.40966258
SUP-6806-23,22/03/2026,ST,PENDENTE,,,,,17399-26,,-22.98024765,-54.41041538
SUP-6806-23,22/03/2026,ST,PENDENTE,,,,,17399-26,,-22.97952959,-54.41100222
SUP-6806-23,22/03/2026,ST,PENDENTE,,,,,17399-26,,-22.97894478,-54.41175753
SUP-6806-23,22/03/2026,ST,PENDENTE,,,,,17399-26,,-22.97821473,-54.41234261
SUP-6806-23,22/03/2026,ST,PENDENTE,,,,,17399-26,,-22.97765155,-54.41310938
SUP-6806-23,22/03/2026,ST,PENDENTE,,,,,17399-26,,-22.97693568,-54.41371733
SUP-6806-23,22/03/2026,ST,PENDENTE,,,,,17399-26,,-22.97634961,-54.41446517
SUP-6806-23,22/03/2026,ST,PENDENTE,,,,,17399-26,,-22.975638,-54.41506834
SUP-6806-23,22/03/2026,ST,PENDENTE,,,,,17399-26,,-22.97507088,-54.41581755
SUP-6806-23,22/03/2026,ST,PENDENTE,,,,,17399-26,,-22.97433308,-54.41642399
SUP-6806-23,22/03/2026,ST,PENDENTE,,,,,17399-26,,-22.97375037,-54.41716619
SUP-6806-23,22/03/2026,ST,PENDENTE,,,,,17399-26,,-22.97303928,-54.41777017
SUP-6806-23,22/03/2026,ST,PENDENTE,,,,,17399-26,,-22.97245975,-54.41852565
SUP-6806-23,22/03/2026,ST,PENDENTE,,,,,17399-26,,-22.97173503,-54.41910459
SUP-6806-23,22/03/2026,ST,PENDENTE,,,,,17399-26,,-22.97115887,-54.41987766
SUP-6806-23,22/03/2026,ST,PENDENTE,,,,,17399-26,,-22.97036914,-54.42049265
SUP-6806-23,22/03/2026,ST,PENDENTE,,,,,17399-26,,-22.96986436,-54.42122717
SUP-6806-23,22/03/2026,ST,PENDENTE,,,,,17399-26,,-22.96914538,-54.42183369
SUP-6806-23,22/03/2026,ST,PENDENTE,,,,,17399-26,,-22.96858191,-54.42258534
SUP-6806-23,22/03/2026,ST,PENDENTE,,,,,17399-26,,-22.96784171,-54.42318854
SUP-6806-23,22/03/2026,ST,PENDENTE,,,,,17399-26,,-22.96726076,-54.42394637
SUP-6806-23,22/03/2026,ST,PENDENTE,,,,,17399-26,,-22.96653491,-54.42454039
SUP-6806-23,22/03/2026,ST,PENDENTE,,,,,17399-26,,-22.96596213,-54.42530077
SUP-6806-23,22/03/2026,ST,PENDENTE,,,,,17399-26,,-22.9652358,-54.4258887
SUP-6806-23,22/03/2026,ST,PENDENTE,,,,,17399-26,,-22.96466847,-54.42665104
SUP-6806-23,22/03/2026,ST,PENDENTE,,,,,17399-26,,-22.96394871,-54.42726243
SUP-6806-23,22/03/2026,ST,PENDENTE,,,,,17399-26,,-22.96343465,-54.4280582
SUP-6806-23,22/03/2026,ST,PENDENTE,,,,,17399-26,,-22.96276372,-54.42872832
SUP-6806-23,22/03/2026,ST,PENDENTE,,,,,17399-26,,-22.96232071,-54.42959734
SUP-6806-23,22/03/2026,ST,PENDENTE,,,,,17399-26,,-22.96171602,-54.4303363
SUP-6806-23,22/03/2026,ST,PENDENTE,,,,,17399-26,,-22.96142835,-54.4311004
SUP-6806-23,22/03/2026,ST,PENDENTE,,,,,17399-26,,-22.960886,-54.43190229
SUP-6806-23,22/03/2026,ST,PENDENTE,,,,,17399-26,,-22.96057204,-54.43282113
SUP-6806-23,22/03/2026,ST,PENDENTE,,,,,17399-26,,-22.96004819,-54.4335966
SUP-6806-23,22/03/2026,ST,PENDENTE,,,,,17399-26,,-22.95965307,-54.43472414
SUP-6806-23,22/03/2026,ST,PENDENTE,,,,,17399-26,,-22.95909608,-54.43547788
SUP-6806-23,22/03/2026,ST,PENDENTE,,,,,17399-26,,-22.95877799,-54.43639586
SUP-6806-23,22/03/2026,ST,PENDENTE,,,,,17399-26,,-22.95827133,-54.43719839
SUP-6806-23,22/03/2026,ST,PENDENTE,,,,,17399-26,,-22.95792375,-54.43811972
SUP-6806-23,22/03/2026,ST,PENDENTE,,,,,17399-26,,-22.95743803,-54.43883023
SUP-6806-23,22/03/2026,ST,PENDENTE,,,,,17399-26,,-22.95705919,-54.43983229
SUP-6806-23,22/03/2026,ST,PENDENTE,,,,,17399-26,,-22.9565442,-54.44064686
SUP-6806-23,22/03/2026,ST,PENDENTE,,,,,17399-26,,-22.95620373,-54.44155348
SUP-6806-23,22/03/2026,ST,PENDENTE,,,,,17399-26,,-22.95568579,-54.44234897
SUP-6806-23,22/03/2026,ST,PENDENTE,,,,,17399-26,,-22.95534433,-54.44327327
SUP-6806-23,22/03/2026,ST,PENDENTE,,,,,17399-26,,-22.95483371,-54.44407632
SUP-6806-23,22/03/2026,ST,PENDENTE,,,,,17399-26,,-22.95448329,-54.44499072
SUP-6806-23,22/03/2026,ST,PENDENTE,,,,,17399-26,,-22.95395041,-54.44584546
SUP-6806-23,22/03/2026,ST,PENDENTE,,,,,17399-26,,-22.95363305,-54.44671596
SUP-6806-23,22/03/2026,ST,PENDENTE,,,,,17399-26,,-22.95310359,-54.44753758
SUP-6806-23,22/03/2026,ST,PENDENTE,,,,,17399-26,,-22.95276781,-54.44843703
SUP-6806-23,22/03/2026,ST,PENDENTE,,,,,17399-26,,-22.95224758,-54.44924503
SUP-6806-23,22/03/2026,ST,PENDENTE,,,,,17399-26,,-22.95197118,-54.45024336
SUP-6806-23,22/03/2026,ST,PENDENTE,,,,,17399-26,,-22.95137142,-54.45090426
SUP-6806-23,22/03/2026,ST,PENDENTE,,,,,17399-26,,-22.9509493,-54.45177996
SUP-6806-23,22/03/2026,ST,PENDENTE,,,,,17399-26,,-22.95032868,-54.45249255
SUP-6806-23,22/03/2026,ST,PENDENTE,,,,,17399-26,,-22.94982544,-54.45332155
SUP-6806-23,22/03/2026,ST,PENDENTE,,,,,17399-26,,-22.93771095,-54.46855012
SUP-6806-23,22/03/2026,ST,PENDENTE,,,,,17399-26,,-22.93704151,-54.46921962
SUP-6806-23,22/03/2026,ST,PENDENTE,,,,,17399-26,,-22.93652619,-54.4700416
SUP-6806-23,22/03/2026,ST,PENDENTE,,,,,17399-26,,-22.93586483,-54.47070506
SUP-6806-23,22/03/2026,ST,PENDENTE,,,,,17399-26,,-22.93526462,-54.47145765
SUP-6806-23,22/03/2026,ST,PENDENTE,,,,,17399-26,,-22.93473871,-54.47227511
SUP-6806-23,22/03/2026,ST,PENDENTE,,,,,17399-26,,-22.93421127,-54.47312974
SUP-6806-23,22/03/2026,ST,PENDENTE,,,,,17399-26,,-22.93370313,-54.47391331
SUP-6806-23,22/03/2026,ST,PENDENTE,,,,,17399-26,,-22.932974,-54.47448862
SUP-6806-23,22/03/2026,ST,PENDENTE,,,,,17399-26,,-22.93239651,-54.47524992
SUP-6806-23,22/03/2026,ST,PENDENTE,,,,,17399-26,,-22.9272956,-54.493672
SUP-6806-23,22/03/2026,ST,PENDENTE,,,,,17399-26,,-22.92719265,-54.49466041
SUP-6806-23,22/03/2026,ST,PENDENTE,,,,,17399-26,,-22.92733188,-54.49562607
SUP-6806-23,22/03/2026,ST,PENDENTE,,,,,17399-26,,-22.9272346,-54.49662089
SUP-6806-23,22/03/2026,ST,PENDENTE,,,,,17399-26,,-22.92732317,-54.49758257
SUP-6806-23,22/03/2026,ST,PENDENTE,,,,,17399-26,,-22.9271365,-54.49852515
SUP-6806-23,22/03/2026,ST,PENDENTE,,,,,17399-26,,-22.92711406,-54.49952508
SUP-6806-23,22/03/2026,ST,PENDENTE,,,,,17399-26,,-22.92679492,-54.50043206
SUP-6806-23,22/03/2026,ST,PENDENTE,,,,,17399-26,,-22.92664704,-54.50141995
SUP-6806-23,22/03/2026,ST,PENDENTE,,,,,17399-26,,-22.92599554,-54.50281996
SUP-6806-23,22/03/2026,ST,PENDENTE,,,,,17399-26,,-22.91518415,-54.51863371
SUP-6806-23,22/03/2026,ST,PENDENTE,,,,,17399-26,,-22.91471598,-54.51946193
SUP-6806-23,22/03/2026,ST,PENDENTE,,,,,17399-26,,-22.9140902,-54.52016534
SUP-6806-23,22/03/2026,ST,PENDENTE,,,,,17399-26,,-22.9136117,-54.52100304
SUP-6806-23,22/03/2026,ST,PENDENTE,,,,,17399-26,,-22.91298904,-54.52171439
SUP-6806-23,22/03/2026,ST,PENDENTE,,,,,17399-26,,-22.91254618,-54.52256924
SUP-6806-23,22/03/2026,ST,PENDENTE,,,,,17399-26,,-22.91193614,-54.52329026
SUP-6806-23,22/03/2026,ST,PENDENTE,,,,,17399-26,,-22.91152987,-54.5241674
SUP-6806-23,22/03/2026,ST,PENDENTE,,,,,17399-26,,-22.91096889,-54.52494295
SUP-6806-23,22/03/2026,ST,PENDENTE,,,,,17399-26,,-22.9105982,-54.52583724
SUP-6806-23,22/03/2026,ST,PENDENTE,,,,,17399-26,,-22.90641331,-54.53659108
SUP-6806-23,22/03/2026,ST,PENDENTE,,,,,17399-26,,-22.90621925,-54.53754734
SUP-6806-23,22/03/2026,ST,PENDENTE,,,,,17399-26,,-22.90410105,-54.54395142
SUP-6806-23,22/03/2026,ST,PENDENTE,,,,,17399-26,,-22.90390144,-54.54490759
SUP-6806-23,22/03/2026,ST,PENDENTE,,,,,17399-26,,-22.90351076,-54.54579712
SUP-6806-23,22/03/2026,ST,PENDENTE,,,,,17399-26,,-22.90333037,-54.54676376
SUP-6806-23,22/03/2026,ST,PENDENTE,,,,,17399-26,,-22.902944,-54.54764419
SUP-6806-23,22/03/2026,ST,PENDENTE,,,,,17399-26,,-22.90274788,-54.54861139
SUP-6806-23,22/03/2026,ST,PENDENTE,,,,,17399-26,,-22.90236331,-54.54947763
SUP-6806-23,22/03/2026,ST,PENDENTE,,,,,17399-26,,-22.90217251,-54.55043631
SUP-6806-23,22/03/2026,ST,PENDENTE,,,,,17399-26,,-22.9017834,-54.55131978
SUP-6806-23,22/03/2026,ST,PENDENTE,,,,,17399-26,,-22.90158724,-54.55228828
SUP-6806-23,22/03/2026,ST,PENDENTE,,,,,17399-26,,-22.90119467,-54.55315299
SUP-6806-23,22/03/2026,ST,PENDENTE,,,,,17399-26,,-22.89858662,-54.56153019
SUP-6806-23,22/03/2026,ST,PENDENTE,,,,,17399-26,,-22.89822257,-54.56207284
SUP-6806-23,30/06/2026,ST,PENDENTE,,,,,17776-26,,-22.89523829,-54.56829812
SUP-6806-23,30/06/2026,ST,PENDENTE,,,,,17776-26,,-22.88183833,-54.59482439
SUP-6806-23,27/03/2026,ST,PENDENTE,,,,,17452-26,,-22.86451992,-54.61455426
SUP-6806-23,27/03/2026,ST,PENDENTE,,,,,17452-26,,-22.86433948,-54.61553188
SUP-6806-23,27/03/2026,ST,PENDENTE,,,,,17452-26,,-22.86390029,-54.61637007
SUP-6806-23,27/03/2026,ST,PENDENTE,,,,,17452-26,,-22.86370338,-54.61732344
SUP-6806-23,27/03/2026,ST,PENDENTE,,,,,17452-26,,-22.86325245,-54.6181673
SUP-6806-23,27/03/2026,ST,PENDENTE,,,,,17452-26,,-22.86305189,-54.61912557
SUP-6806-23,27/03/2026,ST,PENDENTE,,,,,17452-26,,-22.86274073,-54.62003162
SUP-6806-23,27/03/2026,ST,PENDENTE,,,,,17452-26,,-22.86219979,-54.62097458
SUP-6806-23,27/03/2026,ST,PENDENTE,,,,,17452-26,,-22.86170489,-54.62285787
SUP-6806-23,27/03/2026,ST,PENDENTE,,,,,17452-26,,-22.86125842,-54.62369921
SUP-6806-23,27/03/2026,ST,PENDENTE,,,,,17461-26,,-22.86210817,-54.62197859
SUP-6806-23,27/03/2026,ST,PENDENTE,,,,,17452-26,,-22.85500984,-54.6407756
SUP-6806-23,27/03/2026,ST,PENDENTE,,,,,17452-26,,-22.85426,-54.64254172
SUP-6806-23,27/03/2026,ST,PENDENTE,,,,,17452-26,,-22.85352329,-54.64430513
SUP-6806-23,27/03/2026,ST,PENDENTE,,,,,17452-26,,-22.85314905,-54.64518657
SUP-6806-23,27/03/2026,ST,PENDENTE,,,,,17449-26,,-22.44644831,-54.83078141
SUP-6806-23,23/06/2026,ST,PENDENTE,,,,,17763-26,,-22.28175048,-54.82206763
SUP-6806-23,30/06/2026,ST,PENDENTE,,,,,17777-26,,-22.25933207,-54.8040903
SUP-6806-23,26/06/2026,ST,PENDENTE,,,,,17787-26,,-22.15392071,-54.6399518
SUP-6806-23,30/06/2026,ST,PENDENTE,,,,,17778-26,,-20.80954582,-54.51840566
SUP-6806-23,30/06/2026,ST,PENDENTE,,,,,17778-26,,-20.79441754,-54.52117562
SUP-6806-23,30/06/2026,ST,PENDENTE,,,,,17778-26,,-20.77687426,-54.52562903
SUP-6806-23,30/06/2026,ST,PENDENTE,,,,,17780-26,,-20.7265378,-54.54096983
SUP-6806-23,30/06/2026,ST,PENDENTE,,,,,17780-26,,-20.71706413,-54.54402123
SUP-6806-23,30/06/2026,ST,PENDENTE,,,,,17780-26,,-20.70272416,-54.54839805
SUP-6806-23,26/06/2026,ST,PENDENTE,,,,,17788-26,,-20.13377114,-54.44156652
SUP-6806-23,26/06/2026,ST,PENDENTE,,,,,17788-26,,-20.13554595,-54.44128904
SUP-6806-23,26/06/2026,ST,PENDENTE,,,,,17788-26,,-20.13631162,-54.44116184
SUP-6806-23,08/04/2026,ST,PENDENTE,,,,,17500-26,,-20.11195903,-54.44450646
SUP-6806-23,08/04/2026,ST,PENDENTE,,,,,17500-26,,-20.1129285,-54.44452497
SUP-6806-23,08/04/2026,ST,PENDENTE,,,,,17500-26,,-20.11385833,-54.44450986
SUP-6806-23,17/03/2026,ST,PENDENTE,,,,,17379-26,,-20.09143657,-54.43478554
SUP-6806-23,17/03/2026,ST,PENDENTE,,,,,17379-26,,-20.08892074,-54.4336977
SUP-6806-23,17/03/2026,ST,PENDENTE,,,,,17379-26,,-20.08807899,-54.43334404
SUP-6806-23,17/03/2026,ST,PENDENTE,,,,,17379-26,,-20.08724659,-54.43298349
SUP-6806-23,17/03/2026,ST,PENDENTE,,,,,17379-26,,-20.08640337,-54.43263171
SUP-6806-23,17/03/2026,ST,PENDENTE,,,,,17379-26,,-20.08473734,-54.4318318
SUP-6806-23,17/03/2026,ST,PENDENTE,,,,,17379-26,,-20.08393551,-54.43137656
SUP-6806-23,17/03/2026,ST,PENDENTE,,,,,17379-26,,-20.08346663,-54.43136791
SUP-6806-23,17/03/2026,ST,PENDENTE,,,,,17379-26,,-20.08309153,-54.43099014
SUP-6806-23,17/03/2026,ST,PENDENTE,,,,,17379-26,,-20.08219374,-54.43090341
SUP-6806-23,17/03/2026,ST,PENDENTE,,,,,17379-26,,-20.08136947,-54.43053764
SUP-6806-23,17/03/2026,ST,PENDENTE,,,,,17379-26,,-20.08556814,-54.43225113
SUP-6806-23,08/04/2026,ST,PENDENTE,,,,,17500-26,,-20.08885601,-54.43393085
SUP-6806-23,08/04/2026,ST,PENDENTE,,,,,17500-26,,-20.0880871,-54.43368668
SUP-6806-23,08/04/2026,ST,PENDENTE,,,,,17500-26,,-20.08727241,-54.43324836
SUP-6806-23,08/04/2026,ST,PENDENTE,,,,,17500-26,,-20.08106811,-54.43054929
SUP-6806-23,08/04/2026,ST,PENDENTE,,,,,17500-26,,-20.08884376,-54.43354632
SUP-6806-23,17/03/2026,ST,PENDENTE,,,,,17379-26,,-20.07969436,-54.42980483
SUP-6806-23,17/03/2026,ST,PENDENTE,,,,,17379-26,,-20.07885515,-54.42944647
SUP-6806-23,17/03/2026,ST,PENDENTE,,,,,17379-26,,-20.0779833,-54.42898507
SUP-6806-23,08/04/2026,ST,PENDENTE,,,,,17500-26,,-20.07974023,-54.42998373
SUP-6806-23,08/04/2026,ST,PENDENTE,,,,,17500-26,,-20.08089308,-54.43008851
SUP-6806-23,08/04/2026,ST,PENDENTE,,,,,17500-26,,-20.07504896,-54.42758848
SUP-6806-23,17/03/2026,ST,PENDENTE,,,,,17379-26,,-20.06790661,-54.42461368
SUP-6806-23,17/03/2026,ST,PENDENTE,,,,,17379-26,,-20.06707208,-54.42425017
SUP-6806-23,17/03/2026,ST,PENDENTE,,,,,17379-26,,-20.06537558,-54.42347449
SUP-6806-23,17/03/2026,ST,PENDENTE,,,,,17379-26,,-20.06452367,-54.42309348
SUP-6806-23,17/03/2026,ST,PENDENTE,,,,,17379-26,,-20.06622268,-54.42386631
SUP-6806-23,08/04/2026,ST,PENDENTE,,,,,17500-26,,-20.06895047,-54.42493266
SUP-6806-23,17/03/2026,ST,PENDENTE,,,,,17379-26,,-20.0636813,-54.42272856
SUP-6806-23,08/04/2026,ST,PENDENTE,,,,,17500-26,,-20.03586574,-54.41034526
SUP-6806-23,08/04/2026,ST,PENDENTE,,,,,17500-26,,-20.035298,-54.41003945
SUP-6806-23,08/04/2026,ST,PENDENTE,,,,,17500-26,,-20.03443613,-54.40972218
SUP-6806-23,22/03/2026,ST,PENDENTE,,,,,17400-26,,-19.93777218,-54.36747484
SUP-6806-23,22/03/2026,ST,PENDENTE,,,,,17400-26,,-19.93677122,-54.36711335
SUP-6806-23,22/03/2026,ST,PENDENTE,,,,,17400-26,,-19.93613148,-54.36668588
SUP-6806-23,22/03/2026,ST,PENDENTE,,,,,17400-26,,-19.9333625,-54.36567638
SUP-6806-23,22/03/2026,ST,PENDENTE,,,,,17418-26,,-19.93789888,-54.36740621
SUP-6806-23,22/03/2026,ST,PENDENTE,,,,,17400-26,,-19.93697881,-54.36698593
SUP-6806-23,22/03/2026,ST,PENDENTE,,,,,17418-26,,-19.93249844,-54.3653328
SUP-6806-23,22/03/2026,ST,PENDENTE,,,,,17400-26,,-19.93158786,-54.36504636
SUP-6806-23,22/03/2026,ST,PENDENTE,,,,,17418-26,,-19.93190951,-54.36502897
SUP-6806-23,22/03/2026,ST,PENDENTE,,,,,17400-26,,-19.93066659,-54.36497609
SUP-6806-23,22/03/2026,ST,PENDENTE,,,,,17400-26,,-19.92976843,-54.36515124
SUP-6806-23,22/03/2026,ST,PENDENTE,,,,,17400-26,,-19.92889785,-54.36540912
SUP-6806-23,22/03/2026,ST,PENDENTE,,,,,17400-26,,-19.9280197,-54.36567176
SUP-6806-23,22/03/2026,ST,PENDENTE,,,,,17400-26,,-19.927176,-54.36596367
SUP-6806-23,22/03/2026,ST,PENDENTE,,,,,17400-26,,-19.92629704,-54.36617689
SUP-6806-23,22/03/2026,ST,PENDENTE,,,,,17400-26,,-19.9253918,-54.3664571
SUP-6806-23,22/03/2026,ST,PENDENTE,,,,,17400-26,,-19.92458802,-54.36670318
SUP-6806-23,22/03/2026,ST,PENDENTE,,,,,17400-26,,-19.92367977,-54.36696278
SUP-6806-23,22/03/2026,ST,PENDENTE,,,,,17418-26,,-19.92720214,-54.36585031
SUP-6806-23,22/03/2026,ST,PENDENTE,,,,,17400-26,,-19.92279485,-54.36723213
SUP-6806-23,22/03/2026,ST,PENDENTE,,,,,17418-26,,-19.92648284,-54.36631803
SUP-6806-23,22/03/2026,ST,PENDENTE,,,,,17418-26,,-19.92559659,-54.36658626
SUP-6806-23,22/03/2026,ST,PENDENTE,,,,,17418-26,,-19.92518184,-54.36675256
SUP-6806-23,22/03/2026,ST,PENDENTE,,,,,17400-26,,-19.92192814,-54.36748559
SUP-6806-23,22/03/2026,ST,PENDENTE,,,,,17400-26,,-19.92027115,-54.36793575
SUP-6806-23,22/03/2026,ST,PENDENTE,,,,,17400-26,,-19.91937123,-54.36807385
SUP-6806-23,22/03/2026,ST,PENDENTE,,,,,17400-26,,-19.91852677,-54.3684459
SUP-6806-23,22/03/2026,ST,PENDENTE,,,,,17400-26,,-19.91765454,-54.36876373
SUP-6806-23,22/03/2026,ST,PENDENTE,,,,,17400-26,,-19.91677386,-54.36900528
SUP-6806-23,22/03/2026,ST,PENDENTE,,,,,17400-26,,-19.91591044,-54.36929491
SUP-6806-23,22/03/2026,ST,PENDENTE,,,,,17400-26,,-19.91501127,-54.36953846
SUP-6806-23,22/03/2026,ST,PENDENTE,,,,,17400-26,,-19.9210517,-54.36757845
SUP-6806-23,22/03/2026,ST,PENDENTE,,,,,17400-26,,-19.91770424,-54.36891709
SUP-6806-23,22/03/2026,ST,PENDENTE,,,,,17400-26,,-19.91710811,-54.36905567
SUP-6806-23,22/03/2026,ST,PENDENTE,,,,,17409-26,,-19.91440336,-54.36988733
SUP-6806-23,22/03/2026,ST,PENDENTE,,,,,17409-26,,-19.91348758,-54.37001295
SUP-6806-23,22/03/2026,ST,PENDENTE,,,,,17409-26,,-19.91269152,-54.37056628
SUP-6806-23,22/03/2026,ST,PENDENTE,,,,,17409-26,,-19.91186589,-54.37086295
SUP-6806-23,22/03/2026,ST,PENDENTE,,,,,17409-26,,-19.9114623,-54.37082318
SUP-6806-23,22/03/2026,ST,PENDENTE,,,,,17409-26,,-19.91062964,-54.37120524
SUP-6806-23,22/03/2026,ST,PENDENTE,,,,,17409-26,,-19.90975717,-54.37143118
SUP-6806-23,22/03/2026,ST,PENDENTE,,,,,17409-26,,-19.90887495,-54.3717117
SUP-6806-23,22/03/2026,ST,PENDENTE,,,,,17409-26,,-19.90762956,-54.37205142
SUP-6806-23,22/03/2026,ST,PENDENTE,,,,,17409-26,,-19.90678015,-54.37234086
SUP-6806-23,22/03/2026,ST,PENDENTE,,,,,17409-26,,-19.90592334,-54.37256009
SUP-6806-23,22/03/2026,ST,PENDENTE,,,,,17409-26,,-19.90505934,-54.3727884
SUP-6806-23,22/03/2026,ST,PENDENTE,,,,,17409-26,,-19.91013846,-54.37102862
SUP-6806-23,22/03/2026,ST,PENDENTE,,,,,17418-26,,-19.90871975,-54.37142827
SUP-6806-23,22/03/2026,ST,PENDENTE,,,,,17409-26,,-19.90955273,-54.37112419
SUP-6806-23,22/03/2026,ST,PENDENTE,,,,,17409-26,,-19.90828748,-54.37189963
SUP-6806-23,22/03/2026,ST,PENDENTE,,,,,17409-26,,-19.90418252,-54.37297876
SUP-6806-23,22/03/2026,ST,PENDENTE,,,,,17409-26,,-19.90327985,-54.37313764
SUP-6806-23,22/03/2026,ST,PENDENTE,,,,,17409-26,,-19.90237135,-54.37330376
SUP-6806-23,22/03/2026,ST,PENDENTE,,,,,17409-26,,-19.90169186,-54.37322767
SUP-6806-23,22/03/2026,ST,PENDENTE,,,,,17409-26,,-19.90080411,-54.37308037
SUP-6806-23,22/03/2026,ST,PENDENTE,,,,,17409-26,,-19.89992215,-54.3733221
SUP-6806-23,22/03/2026,ST,PENDENTE,,,,,17409-26,,-19.89901582,-54.37321257
SUP-6806-23,22/03/2026,ST,PENDENTE,,,,,17409-26,,-19.89813127,-54.3732762
SUP-6806-23,22/03/2026,ST,PENDENTE,,,,,17409-26,,-19.89722433,-54.37335138
SUP-6806-23,22/03/2026,ST,PENDENTE,,,,,17409-26,,-19.89630676,-54.37341853
SUP-6806-23,22/03/2026,ST,PENDENTE,,,,,17418-26,,-19.90451237,-54.37323082
SUP-6806-23,22/03/2026,ST,PENDENTE,,,,,17409-26,,-19.89541095,-54.37342996
SUP-6806-23,22/03/2026,ST,PENDENTE,,,,,17409-26,,-19.89447601,-54.37353595
SUP-6806-23,22/03/2026,ST,PENDENTE,,,,,17409-26,,-19.89357723,-54.37359786
SUP-6806-23,22/03/2026,ST,PENDENTE,,,,,17409-26,,-19.8926906,-54.37366576
SUP-6806-23,22/03/2026,ST,PENDENTE,,,,,17409-26,,-19.89176412,-54.37372506
SUP-6806-23,22/03/2026,ST,PENDENTE,,,,,17409-26,,-19.89086428,-54.37382585
SUP-6806-23,22/03/2026,ST,PENDENTE,,,,,17409-26,,-19.88995821,-54.37389469
SUP-6806-23,22/03/2026,ST,PENDENTE,,,,,17409-26,,-19.88904812,-54.37395153
SUP-6806-23,22/03/2026,ST,PENDENTE,,,,,17409-26,,-19.88814268,-54.37403541
SUP-6806-23,22/03/2026,ST,PENDENTE,,,,,17409-26,,-19.88720758,-54.37408846
SUP-6806-23,22/03/2026,ST,PENDENTE,,,,,17409-26,,-19.88627371,-54.37412189
SUP-6806-23,22/03/2026,ST,PENDENTE,,,,,17409-26,,-19.87722367,-54.37214817
SUP-6806-23,22/03/2026,ST,PENDENTE,,,,,17409-26,,-19.87641926,-54.37178315
SUP-6806-23,22/03/2026,ST,PENDENTE,,,,,17409-26,,-19.87554475,-54.37155397
SUP-6806-23,22/03/2026,ST,PENDENTE,,,,,17409-26,,-19.87493341,-54.37134955
SUP-6806-23,22/03/2026,ST,PENDENTE,,,,,17409-26,,-19.86598345,-54.36867715
SUP-6806-23,22/03/2026,ST,PENDENTE,,,,,17409-26,,-19.86508173,-54.36857691
SUP-6806-23,22/03/2026,ST,PENDENTE,,,,,17409-26,,-19.86419577,-54.36875113
SUP-6806-23,22/03/2026,ST,PENDENTE,,,,,17409-26,,-19.86328712,-54.36866408
SUP-6806-23,22/03/2026,ST,PENDENTE,,,,,17409-26,,-19.86238838,-54.36885166
SUP-6806-23,22/03/2026,ST,PENDENTE,,,,,17409-26,,-19.86148174,-54.36870993
SUP-6806-23,22/03/2026,ST,PENDENTE,,,,,17409-26,,-19.86055774,-54.36892911
SUP-6806-23,22/03/2026,ST,PENDENTE,,,,,17409-26,,-19.85965087,-54.36881806
SUP-6806-23,22/03/2026,ST,PENDENTE,,,,,17409-26,,-19.85875643,-54.36902117
SUP-6806-23,22/03/2026,ST,PENDENTE,,,,,17409-26,,-19.85786084,-54.36891207
SUP-6806-23,22/03/2026,ST,PENDENTE,,,,,17409-26,,-19.85696425,-54.36909596
SUP-6806-23,22/03/2026,ST,PENDENTE,,,,,17409-26,,-19.85244303,-54.36928052
SUP-6806-23,22/03/2026,ST,PENDENTE,,,,,17409-26,,-19.85153178,-54.36920212
SUP-6806-23,22/03/2026,ST,PENDENTE,,,,,17409-26,,-19.85063255,-54.36937772
SUP-6806-23,22/03/2026,ST,PENDENTE,,,,,17409-26,,-19.84972928,-54.36928841
SUP-6806-23,22/03/2026,ST,PENDENTE,,,,,17409-26,,-19.84881756,-54.36947682
SUP-6806-23,22/03/2026,ST,PENDENTE,,,,,17409-26,,-19.84792272,-54.36931679
SUP-6806-23,22/03/2026,ST,PENDENTE,,,,,17409-26,,-19.84701016,-54.36955521
SUP-6806-23,22/03/2026,ST,PENDENTE,,,,,17409-26,,-19.84612185,-54.36944465
SUP-6806-23,22/03/2026,ST,PENDENTE,,,,,17409-26,,-19.84522136,-54.3696311
SUP-6806-23,22/03/2026,ST,PENDENTE,,,,,17409-26,,-19.84432438,-54.36953092
SUP-6806-23,22/03/2026,ST,PENDENTE,,,,,17409-26,,-19.84343906,-54.36972107
SUP-6806-23,22/03/2026,ST,PENDENTE,,,,,17409-26,,-19.842516,-54.36961166
SUP-6806-23,22/03/2026,ST,PENDENTE,,,,,17409-26,,-19.84161085,-54.36978805
SUP-6806-23,22/03/2026,ST,PENDENTE,,,,,17409-26,,-19.84071381,-54.36982366
SUP-6806-23,22/03/2026,ST,PENDENTE,,,,,17409-26,,-19.79662602,-54.36843763
SUP-6806-23,22/03/2026,ST,PENDENTE,,,,,17409-26,,-19.79574691,-54.36821905
SUP-6806-23,22/03/2026,ST,PENDENTE,,,,,17409-26,,-19.79375471,-54.36781762
SUP-6806-23,22/03/2026,ST,PENDENTE,,,,,17409-26,,-19.7928719,-54.36761287
SUP-6806-23,22/03/2026,ST,PENDENTE,,,,,17409-26,,-19.79199087,-54.36738285
SUP-6806-23,22/03/2026,ST,PENDENTE,,,,,17409-26,,-19.79173229,-54.36709672
SUP-6806-23,22/03/2026,ST,PENDENTE,,,,,17409-26,,-19.79089877,-54.36673576
SUP-6806-23,22/03/2026,ST,PENDENTE,,,,,17409-26,,-19.78998291,-54.36686376
SUP-6806-23,22/03/2026,ST,PENDENTE,,,,,17409-26,,-19.78915761,-54.36648164
SUP-6806-23,22/03/2026,ST,PENDENTE,,,,,17418-26,,-19.7912769,-54.3672824
SUP-6806-23,22/03/2026,ST,PENDENTE,,,,,17409-26,,-19.78824683,-54.36638483
SUP-6806-23,22/03/2026,ST,PENDENTE,,,,,17409-26,,-19.78726943,-54.36614485
SUP-6806-23,22/03/2026,ST,PENDENTE,,,,,17409-26,,-19.77742341,-54.36341933
SUP-6806-23,22/03/2026,ST,PENDENTE,,,,,17409-26,,-19.77479674,-54.36274072
SUP-6806-23,22/03/2026,ST,PENDENTE,,,,,17409-26,,-19.7729618,-54.36226252
SUP-6806-23,22/03/2026,ST,PENDENTE,,,,,17409-26,,-19.7720879,-54.36204216
SUP-6806-23,22/03/2026,ST,PENDENTE,,,,,17409-26,,-19.77122197,-54.36178772
SUP-6806-23,22/03/2026,ST,PENDENTE,,,,,17409-26,,-19.77032385,-54.36158496
SUP-6806-23,22/03/2026,ST,PENDENTE,,,,,17409-26,,-19.76944167,-54.36136271
SUP-6806-23,22/03/2026,ST,PENDENTE,,,,,17409-26,,-19.76856539,-54.3611154
SUP-6806-23,22/03/2026,ST,PENDENTE,,,,,17409-26,,-19.76768608,-54.36089388
SUP-6806-23,22/03/2026,ST,PENDENTE,,,,,17409-26,,-19.766819,-54.360643
SUP-6806-23,22/03/2026,ST,PENDENTE,,,,,17409-26,,-19.765751,-54.360405
SUP-6806-23,22/03/2026,ST,PENDENTE,,,,,17409-26,,-19.76485715,-54.36016446
SUP-6806-23,22/03/2026,ST,PENDENTE,,,,,17409-26,,-19.76171774,-54.35935199
SUP-6806-23,22/03/2026,ST,PENDENTE,,,,,17409-26,,-19.76094231,-54.35914308
SUP-6806-23,22/03/2026,ST,PENDENTE,,,,,17409-26,,-19.7601303,-54.358937
SUP-6806-23,22/03/2026,ST,PENDENTE,,,,,17409-26,,-19.75925131,-54.35870978
SUP-6806-23,22/03/2026,ST,PENDENTE,,,,,17409-26,,-19.75838835,-54.35845568
SUP-6806-23,22/03/2026,ST,PENDENTE,,,,,17409-26,,-19.7574997,-54.35825381
SUP-6806-23,22/03/2026,ST,PENDENTE,,,,,17409-26,,-19.7566227,-54.35801906
SUP-6806-23,22/03/2026,ST,PENDENTE,,,,,17409-26,,-19.75574724,-54.35778587
SUP-6806-23,22/03/2026,ST,PENDENTE,,,,,17409-26,,-19.75486325,-54.35756443
SUP-6806-23,22/03/2026,ST,PENDENTE,,,,,17409-26,,-19.75396688,-54.35731753
SUP-6806-23,22/03/2026,ST,PENDENTE,,,,,17409-26,,-19.75309793,-54.3571005
SUP-6806-23,22/03/2026,ST,PENDENTE,,,,,17409-26,,-19.73352972,-54.35193733
SUP-6806-23,22/03/2026,ST,PENDENTE,,,,,17409-26,,-19.73264884,-54.35172096
SUP-6806-23,22/03/2026,ST,PENDENTE,,,,,17409-26,,-19.73174747,-54.35155498
SUP-6806-23,22/03/2026,ST,PENDENTE,,,,,17409-26,,-19.73083123,-54.35144987
SUP-6806-23,22/03/2026,ST,PENDENTE,,,,,17409-26,,-19.73001573,-54.35144289
SUP-6806-23,22/03/2026,ST,PENDENTE,,,,,17409-26,,-19.72893292,-54.35139645
SUP-6806-23,22/03/2026,ST,PENDENTE,,,,,17409-26,,-19.72810103,-54.35139269
SUP-6806-23,22/03/2026,ST,PENDENTE,,,,,17409-26,,-19.7271838,-54.35134913
SUP-6806-23,22/03/2026,ST,PENDENTE,,,,,17409-26,,-19.72632427,-54.3513422
SUP-6806-23,22/03/2026,ST,PENDENTE,,,,,17409-26,,-19.72522003,-54.35144436
SUP-6806-23,22/03/2026,ST,PENDENTE,,,,,17409-26,,-19.72432395,-54.35128582
SUP-6806-23,22/03/2026,ST,PENDENTE,,,,,17409-26,,-19.72341873,-54.35138773
SUP-6806-23,22/03/2026,ST,PENDENTE,,,,,17409-26,,-19.72252645,-54.35123432
SUP-6806-23,22/03/2026,ST,PENDENTE,,,,,17409-26,,-19.72162434,-54.35136013
SUP-6806-23,22/03/2026,ST,PENDENTE,,,,,17409-26,,-19.72073073,-54.35120555
SUP-6806-23,22/03/2026,ST,PENDENTE,,,,,17409-26,,-19.7198308,-54.35128813
SUP-6806-23,22/03/2026,ST,PENDENTE,,,,,17418-26,,-19.72179476,-54.35147011
SUP-6806-23,22/03/2026,ST,PENDENTE,,,,,17409-26,,-19.71893046,-54.35128031
SUP-6806-23,22/03/2026,ST,PENDENTE,,,,,17409-26,,-19.72569556,-54.35132358
SUP-6806-23,22/03/2026,ST,PENDENTE,,,,,17409-26,,-19.71803056,-54.35129471
SUP-6806-23,22/03/2026,ST,PENDENTE,,,,,17409-26,,-19.71712442,-54.3512291
SUP-6806-23,22/03/2026,ST,PENDENTE,,,,,17409-26,,-19.70795516,-54.35084486
SUP-6806-23,22/03/2026,ST,PENDENTE,,,,,17409-26,,-19.70704634,-54.35085184
SUP-6806-23,22/03/2026,ST,PENDENTE,,,,,17409-26,,-19.70613454,-54.35079435
SUP-6806-23,22/03/2026,ST,PENDENTE,,,,,17409-26,,-19.70523113,-54.35077055
SUP-6806-23,22/03/2026,ST,PENDENTE,,,,,17409-26,,-19.70433626,-54.35074828
SUP-6806-23,22/03/2026,ST,PENDENTE,,,,,17409-26,,-19.70342601,-54.35069577
SUP-6806-23,22/03/2026,ST,PENDENTE,,,,,17409-26,,-19.70250562,-54.35069403
SUP-6806-23,22/03/2026,ST,PENDENTE,,,,,17409-26,,-19.70168306,-54.35066757
SUP-6806-23,22/03/2026,ST,PENDENTE,,,,,17408-26,,-19.68555956,-54.35040763
SUP-6806-23,22/03/2026,ST,PENDENTE,,,,,17408-26,,-19.68465353,-54.35041021
SUP-6806-23,22/03/2026,ST,PENDENTE,,,,,17408-26,,-19.68293909,-54.35045489
SUP-6806-23,22/03/2026,ST,PENDENTE,,,,,17408-26,,-19.68374776,-54.3504534
SUP-6806-23,22/03/2026,ST,PENDENTE,,,,,17408-26,,-19.6820338,-54.35042211
SUP-6806-23,22/03/2026,ST,PENDENTE,,,,,17408-26,,-19.68112803,-54.35039211
SUP-6806-23,22/03/2026,ST,PENDENTE,,,,,17408-26,,-19.68014357,-54.35038357
SUP-6806-23,22/03/2026,ST,PENDENTE,,,,,17408-26,,-19.67925681,-54.35029844
SUP-6806-23,22/03/2026,ST,PENDENTE,,,,,17408-26,,-19.67837108,-54.35034026
SUP-6806-23,22/03/2026,ST,PENDENTE,,,,,17408-26,,-19.67751519,-54.35057562
SUP-6806-23,22/03/2026,ST,PENDENTE,,,,,17408-26,,-19.67810568,-54.35009284
SUP-6806-23,22/03/2026,ST,PENDENTE,,,,,17408-26,,-19.67701061,-54.3500469
SUP-6806-23,22/03/2026,ST,PENDENTE,,,,,17408-26,,-19.67745901,-54.35031484
SUP-6806-23,22/03/2026,ST,PENDENTE,,,,,17408-26,,-19.67613644,-54.34998904
SUP-6806-23,22/03/2026,ST,PENDENTE,,,,,17408-26,,-19.67520104,-54.35021423
SUP-6806-23,22/03/2026,ST,PENDENTE,,,,,17408-26,,-19.67437594,-54.35020594
SUP-6806-23,22/03/2026,ST,PENDENTE,,,,,17408-26,,-19.67346963,-54.3501772
SUP-6806-23,22/03/2026,ST,PENDENTE,,,,,17408-26,,-19.67149541,-54.35014694
SUP-6806-23,22/03/2026,ST,PENDENTE,,,,,17408-26,,-19.67059072,-54.35011646
SUP-6806-23,22/03/2026,ST,PENDENTE,,,,,17408-26,,-19.66969758,-54.35008755
SUP-6806-23,22/03/2026,ST,PENDENTE,,,,,17408-26,,-19.66878608,-54.35008045
SUP-6806-23,22/03/2026,ST,PENDENTE,,,,,17408-26,,-19.66787888,-54.35005392
SUP-6806-23,22/03/2026,ST,PENDENTE,,,,,17408-26,,-19.66696971,-54.35002722
SUP-6806-23,22/03/2026,ST,PENDENTE,,,,,17408-26,,-19.66607694,-54.34999476
SUP-6806-23,22/03/2026,ST,PENDENTE,,,,,17408-26,,-19.66516756,-54.35000397
SUP-6806-23,22/03/2026,ST,PENDENTE,,,,,17408-26,,-19.67245953,-54.35016001
SUP-6806-23,22/03/2026,ST,PENDENTE,,,,,17408-26,,-19.66427286,-54.35012375
SUP-6806-23,22/03/2026,ST,PENDENTE,,,,,17408-26,,-19.6568166,-54.35469596
SUP-6806-23,22/03/2026,ST,PENDENTE,,,,,17408-26,,-19.66339996,-54.35033395
SUP-6806-23,22/03/2026,ST,PENDENTE,,,,,17408-26,,-19.66254805,-54.3506514
SUP-6806-23,22/03/2026,ST,PENDENTE,,,,,17408-26,,-19.65945092,-54.35273332
SUP-6806-23,22/03/2026,ST,PENDENTE,,,,,17408-26,,-19.6586721,-54.35329411
SUP-6806-23,22/03/2026,ST,PENDENTE,,,,,17408-26,,-19.65605274,-54.35525218
SUP-6806-23,22/03/2026,ST,PENDENTE,,,,,17408-26,,-19.65530703,-54.35580251
SUP-6806-23,22/03/2026,ST,PENDENTE,,,,,17408-26,,-19.65456592,-54.35634307
SUP-6806-23,22/03/2026,ST,PENDENTE,,,,,17408-26,,-19.65382643,-54.35688974
SUP-6806-23,22/03/2026,ST,PENDENTE,,,,,17408-26,,-19.65307567,-54.35742866
SUP-6806-23,22/03/2026,ST,PENDENTE,,,,,17408-26,,-19.65232848,-54.35799234
SUP-6806-23,22/03/2026,ST,PENDENTE,,,,,17408-26,,-19.65166219,-54.35865177
SUP-6806-23,02/07/2026,ST,PENDENTE,,,,,17789-26,,-19.595689,-54.399136
SUP-6806-23,22/03/2026,ST,PENDENTE,,,,,17418-26,,-19.59619268,-54.39887353
SUP-6806-23,22/03/2026,ST,PENDENTE,,,,,17418-26,,-19.59564532,-54.39921065
SUP-6806-23,22/03/2026,ST,PENDENTE,,,,,17418-26,,-19.59493474,-54.39978879
SUP-6806-23,22/03/2026,ST,PENDENTE,,,,,17418-26,,-19.58917961,-54.40360038
SUP-6806-23,22/03/2026,ST,PENDENTE,,,,,17418-26,,-19.58861043,-54.40389683
SUP-6806-23,22/03/2026,ST,PENDENTE,,,,,17418-26,,-19.58787481,-54.40445528
SUP-6806-23,22/03/2026,ST,PENDENTE,,,,,17418-26,,-19.55046057,-54.43255786
SUP-6806-23,22/03/2026,ST,PENDENTE,,,,,17418-26,,-19.54968878,-54.4330802
SUP-6806-23,22/03/2026,ST,PENDENTE,,,,,17418-26,,-19.54893224,-54.43359805
SUP-6806-23,22/03/2026,ST,PENDENTE,,,,,17401-26,,-19.54437745,-54.43820949
SUP-6806-23,22/03/2026,ST,PENDENTE,,,,,17401-26,,-19.54400327,-54.43914331
SUP-6806-23,22/03/2026,ST,PENDENTE,,,,,17401-26,,-19.5433088,-54.43976601
SUP-6806-23,22/03/2026,ST,PENDENTE,,,,,17401-26,,-19.54283059,-54.44058443
SUP-6806-23,22/03/2026,ST,PENDENTE,,,,,17401-26,,-19.54225934,-54.4413297
SUP-6806-23,22/03/2026,ST,PENDENTE,,,,,17401-26,,-19.54180188,-54.44215787
SUP-6806-23,22/03/2026,ST,PENDENTE,,,,,17418-26,,-19.52606119,-54.46179048
SUP-6806-23,22/03/2026,ST,PENDENTE,,,,,17418-26,,-19.52531047,-54.46231904
SUP-6806-23,22/03/2026,ST,PENDENTE,,,,,17418-26,,-19.52490676,-54.46265457
SUP-6806-23,22/03/2026,ST,PENDENTE,,,,,17402-26,,-19.47918836,-54.49117969
SUP-6806-23,22/03/2026,ST,PENDENTE,,,,,17402-26,,-19.47865548,-54.49194829
SUP-6806-23,22/03/2026,ST,PENDENTE,,,,,17402-26,,-19.47783101,-54.49239781
SUP-6806-23,22/03/2026,ST,PENDENTE,,,,,17402-26,,-19.47747393,-54.49282293
SUP-6806-23,22/03/2026,ST,PENDENTE,,,,,17402-26,,-19.47695832,-54.49359585
SUP-6806-23,22/03/2026,ST,PENDENTE,,,,,17403-26,,-19.470896,-54.49932193
SUP-6806-23,22/03/2026,ST,PENDENTE,,,,,17403-26,,-19.47024499,-54.49988562
SUP-6806-23,22/03/2026,ST,PENDENTE,,,,,17403-26,,-19.46955583,-54.50062779
SUP-6806-23,22/03/2026,ST,PENDENTE,,,,,17403-26,,-19.47166712,-54.49891336
SUP-6806-23,22/03/2026,ST,PENDENTE,,,,,17403-26,,-19.4684914,-54.50163637
SUP-6806-23,22/03/2026,ST,PENDENTE,,,,,17403-26,,-19.46784898,-54.50231713
SUP-6806-23,22/03/2026,ST,PENDENTE,,,,,17403-26,,-19.46922448,-54.50118949
SUP-6806-23,02/07/2026,ST,PENDENTE,,,,,17790-26,,-19.45569966,-54.51573165
SUP-6806-23,22/03/2026,ST,PENDENTE,,,,,17418-26,,-19.45594615,-54.51555448
SUP-6806-23,22/03/2026,ST,PENDENTE,,,,,17418-26,,-19.45539031,-54.51608338
SUP-6806-23,22/03/2026,ST,PENDENTE,,,,,17418-26,,-19.45482207,-54.51682248
SUP-6806-23,22/03/2026,ST,PENDENTE,,,,,17407-26,,-19.44674811,-54.52572409
SUP-6806-23,22/03/2026,ST,PENDENTE,,,,,17407-26,,-19.44603706,-54.52630573
SUP-6806-23,22/03/2026,ST,PENDENTE,,,,,17407-26,,-19.44536595,-54.52691668
SUP-6806-23,22/03/2026,ST,PENDENTE,,,,,17407-26,,-19.44467773,-54.52752832
SUP-6806-23,22/03/2026,ST,PENDENTE,,,,,17407-26,,-19.44400673,-54.52814047
SUP-6806-23,22/03/2026,ST,PENDENTE,,,,,17407-26,,-19.44335101,-54.52880444
SUP-6806-23,22/03/2026,ST,PENDENTE,,,,,17407-26,,-19.44267531,-54.52943048
SUP-6806-23,22/03/2026,ST,PENDENTE,,,,,17407-26,,-19.44200919,-54.53006039
SUP-6806-23,22/03/2026,ST,PENDENTE,,,,,17407-26,,-19.44132941,-54.53067754
SUP-6806-23,22/03/2026,ST,PENDENTE,,,,,17407-26,,-19.44064106,-54.5313148
SUP-6806-23,22/03/2026,ST,PENDENTE,,,,,17407-26,,-19.4399661,-54.5319653
SUP-6806-23,22/03/2026,ST,PENDENTE,,,,,17407-26,,-19.43928436,-54.53259028
SUP-6806-23,22/03/2026,ST,PENDENTE,,,,,17407-26,,-19.43800618,-54.53378688
SUP-6806-23,22/03/2026,ST,PENDENTE,,,,,17407-26,,-19.438709,-54.53329315
SUP-6806-23,22/03/2026,ST,PENDENTE,,,,,17407-26,,-19.43733698,-54.53439404
SUP-6806-23,22/03/2026,ST,PENDENTE,,,,,17407-26,,-19.4366542,-54.53501977
SUP-6806-23,22/03/2026,ST,PENDENTE,,,,,17407-26,,-19.43530937,-54.53622668
SUP-6806-23,22/03/2026,ST,PENDENTE,,,,,17407-26,,-19.43447915,-54.53664571
SUP-6806-23,22/03/2026,ST,PENDENTE,,,,,17407-26,,-19.43398142,-54.53742302
SUP-6806-23,22/03/2026,ST,PENDENTE,,,,,17407-26,,-19.43315956,-54.53782427
SUP-6806-23,22/03/2026,ST,PENDENTE,,,,,17407-26,,-19.43264577,-54.53861335
SUP-6806-23,22/03/2026,ST,PENDENTE,,,,,17407-26,,-19.43183573,-54.5390285
SUP-6806-23,22/03/2026,ST,PENDENTE,,,,,17407-26,,-19.43116927,-54.53966394
SUP-6806-23,22/03/2026,ST,PENDENTE,,,,,17407-26,,-19.43047479,-54.54028818
SUP-6806-23,22/03/2026,ST,PENDENTE,,,,,17407-26,,-19.43584508,-54.53550562
SUP-6806-23,22/03/2026,ST,PENDENTE,,,,,17407-26,,-19.42980571,-54.54091366
SUP-6806-23,22/03/2026,ST,PENDENTE,,,,,17407-26,,-19.42910774,-54.5415391
SUP-6806-23,22/03/2026,ST,PENDENTE,,,,,17407-26,,-19.42848877,-54.542118
SUP-6806-23,22/03/2026,ST,PENDENTE,,,,,17418-26,,-19.4249879,-54.54568038
SUP-6806-23,22/03/2026,ST,PENDENTE,,,,,17407-26,,-19.42803175,-54.54255858
SUP-6806-23,22/03/2026,ST,PENDENTE,,,,,17418-26,,-19.42404567,-54.54661156
SUP-6806-23,22/03/2026,ST,PENDENTE,,,,,17407-26,,-19.4273324,-54.54313768
SUP-6806-23,22/03/2026,ST,PENDENTE,,,,,17407-26,,-19.42625131,-54.54431736
SUP-6806-23,22/03/2026,ST,PENDENTE,,,,,17407-26,,-19.42686737,-54.54378818
SUP-6806-23,22/03/2026,ST,PENDENTE,,,,,17407-26,,-19.42556855,-54.54495272
SUP-6806-23,22/03/2026,ST,PENDENTE,,,,,17407-26,,-19.42433034,-54.545934
SUP-6806-23,22/03/2026,ST,PENDENTE,,,,,17407-26,,-19.42077788,-54.54920077
SUP-6806-23,22/03/2026,ST,PENDENTE,,,,,17407-26,,-19.41942853,-54.55050942
SUP-6806-23,22/03/2026,ST,PENDENTE,,,,,17407-26,,-19.41874878,-54.5511239
SUP-6806-23,22/03/2026,ST,PENDENTE,,,,,17407-26,,-19.41777335,-54.5520149
SUP-6806-23,22/03/2026,ST,PENDENTE,,,,,17407-26,,-19.4171027,-54.55265838
SUP-6806-23,22/03/2026,ST,PENDENTE,,,,,17407-26,,-19.42252766,-54.54777997
SUP-6806-23,22/03/2026,ST,PENDENTE,,,,,17418-26,,-19.42328557,-54.54723325
SUP-6806-23,22/03/2026,ST,PENDENTE,,,,,17407-26,,-19.42191469,-54.54816976
SUP-6806-23,22/03/2026,ST,PENDENTE,,,,,17407-26,,-19.42131875,-54.5485431
SUP-6806-23,22/03/2026,ST,PENDENTE,,,,,17407-26,,-19.42019273,-54.54997573
SUP-6806-23,22/03/2026,ST,PENDENTE,,,,,17407-26,,-19.41825291,-54.5515656
SUP-6806-23,22/03/2026,ST,PENDENTE,,,,,17407-26,,-19.41576136,-54.55391955
SUP-6806-23,22/03/2026,ST,PENDENTE,,,,,17407-26,,-19.41508002,-54.55454504
SUP-6806-23,22/03/2026,ST,PENDENTE,,,,,17407-26,,-19.41441374,-54.55518867
SUP-6806-23,22/03/2026,ST,PENDENTE,,,,,17407-26,,-19.41373441,-54.55580718
SUP-6806-23,22/03/2026,ST,PENDENTE,,,,,17407-26,,-19.41304237,-54.55644723
SUP-6806-23,22/03/2026,ST,PENDENTE,,,,,17407-26,,-19.41233014,-54.55702224
SUP-6806-23,22/03/2026,ST,PENDENTE,,,,,17407-26,,-19.41157272,-54.55752566
SUP-6806-23,22/03/2026,ST,PENDENTE,,,,,17407-26,,-19.41077468,-54.55794802
SUP-6806-23,22/03/2026,ST,PENDENTE,,,,,17407-26,,-19.41002808,-54.55863179
SUP-6806-23,22/03/2026,ST,PENDENTE,,,,,17407-26,,-19.41642575,-54.55327926
SUP-6806-23,22/03/2026,ST,PENDENTE,,,,,17407-26,,-19.4089505,-54.55930808
SUP-6806-23,22/03/2026,ST,PENDENTE,,,,,17407-26,,-19.40817391,-54.55978556
SUP-6806-23,22/03/2026,ST,PENDENTE,,,,,17407-26,,-19.40732167,-54.56024395
SUP-6806-23,22/03/2026,ST,PENDENTE,,,,,17407-26,,-19.40656019,-54.56071547
SUP-6806-23,22/03/2026,ST,PENDENTE,,,,,17407-26,,-19.40501887,-54.56164538
SUP-6806-23,22/03/2026,ST,PENDENTE,,,,,17407-26,,-19.40428326,-54.56212352
SUP-6806-23,22/03/2026,ST,PENDENTE,,,,,17407-26,,-19.40950336,-54.55895644
SUP-6806-23,22/03/2026,ST,PENDENTE,,,,,17407-26,,-19.40576187,-54.56117198
SUP-6806-23,22/03/2026,ST,PENDENTE,,,,,17407-26,,-19.4003879,-54.56452242
SUP-6806-23,22/03/2026,ST,PENDENTE,,,,,17407-26,,-19.39952357,-54.56495576
SUP-6806-23,22/03/2026,ST,PENDENTE,,,,,17407-26,,-19.39872972,-54.56534204
SUP-6806-23,22/03/2026,ST,PENDENTE,,,,,17407-26,,-19.39835379,-54.56578557
SUP-6806-23,22/03/2026,ST,PENDENTE,,,,,17407-26,,-19.39791644,-54.56577624
SUP-6806-23,22/03/2026,ST,PENDENTE,,,,,17407-26,,-19.39717987,-54.56632722
SUP-6806-23,22/03/2026,ST,PENDENTE,,,,,17407-26,,-19.39640295,-54.56692716
SUP-6806-23,22/03/2026,ST,PENDENTE,,,,,17407-26,,-19.3954656,-54.5674605
SUP-6806-23,22/03/2026,ST,PENDENTE,,,,,17418-26,,-19.3977157,-54.56641001
SUP-6806-23,22/03/2026,ST,PENDENTE,,,,,17407-26,,-19.39464781,-54.56785149
SUP-6806-23,22/03/2026,ST,PENDENTE,,,,,17418-26,,-19.39698415,-54.56686029
SUP-6806-23,22/03/2026,ST,PENDENTE,,,,,17418-26,,-19.39533767,-54.56788718
SUP-6806-23,22/03/2026,ST,PENDENTE,,,,,17407-26,,-19.40124053,-54.56417559
SUP-6806-23,22/03/2026,ST,PENDENTE,,,,,17407-26,,-19.39623626,-54.56741749
SUP-6806-23,22/03/2026,ST,PENDENTE,,,,,17407-26,,-19.39385306,-54.5683126
SUP-6806-23,22/03/2026,ST,PENDENTE,,,,,17407-26,,-19.39166712,-54.56990779
SUP-6806-23,22/03/2026,ST,PENDENTE,,,,,17407-26,,-19.39081338,-54.57046141
SUP-6806-23,22/03/2026,ST,PENDENTE,,,,,17407-26,,-19.39003283,-54.57094661
SUP-6806-23,22/03/2026,ST,PENDENTE,,,,,17407-26,,-19.38927663,-54.57136761
SUP-6806-23,22/03/2026,ST,PENDENTE,,,,,17407-26,,-19.3884777,-54.57189812
SUP-6806-23,22/03/2026,ST,PENDENTE,,,,,17407-26,,-19.38769586,-54.57237528
SUP-6806-23,22/03/2026,ST,PENDENTE,,,,,17407-26,,-19.38692663,-54.57285224
SUP-6806-23,22/03/2026,ST,PENDENTE,,,,,17407-26,,-19.39395032,-54.56853355
SUP-6806-23,22/03/2026,ST,PENDENTE,,,,,17407-26,,-19.39311129,-54.56882803
SUP-6806-23,22/03/2026,ST,PENDENTE,,,,,17407-26,,-19.39238354,-54.56937782
SUP-6806-23,22/03/2026,ST,PENDENTE,,,,,17407-26,,-19.38627938,-54.57325294
SUP-6806-23,22/03/2026,ST,PENDENTE,,,,,17407-26,,-19.38399193,-54.57465331
SUP-6806-23,22/03/2026,ST,PENDENTE,,,,,17407-26,,-19.38320648,-54.5751304
SUP-6806-23,22/03/2026,ST,PENDENTE,,,,,17407-26,,-19.38243026,-54.57563613
SUP-6806-23,22/03/2026,ST,PENDENTE,,,,,17407-26,,-19.38122931,-54.57639632
SUP-6806-23,22/03/2026,ST,PENDENTE,,,,,17407-26,,-19.38055167,-54.57710254
SUP-6806-23,22/03/2026,ST,PENDENTE,,,,,17407-26,,-19.37964752,-54.57736951
SUP-6806-23,22/03/2026,ST,PENDENTE,,,,,17407-26,,-19.37886638,-54.57785139
SUP-6806-23,22/03/2026,ST,PENDENTE,,,,,17418-26,,-19.38296954,-54.5751227
SUP-6806-23,22/03/2026,ST,PENDENTE,,,,,17407-26,,-19.38209466,-54.57606396
SUP-6806-23,22/03/2026,ST,PENDENTE,,,,,17407-26,,-19.37818274,-54.57827749
SUP-6806-23,22/03/2026,ST,PENDENTE,,,,,17407-26,,-19.37636329,-54.5796433
SUP-6806-23,22/03/2026,ST,PENDENTE,,,,,17407-26,,-19.37477181,-54.58062937
SUP-6806-23,22/03/2026,ST,PENDENTE,,,,,17418-26,,-19.37844311,-54.57800965
SUP-6806-23,22/03/2026,ST,PENDENTE,,,,,17407-26,,-19.37301164,-54.58138187
SUP-6806-23,22/03/2026,ST,PENDENTE,,,,,17418-26,,-19.37844301,-54.57853561
SUP-6806-23,22/03/2026,ST,PENDENTE,,,,,17407-26,,-19.37756136,-54.57904434
SUP-6806-23,22/03/2026,ST,PENDENTE,,,,,17407-26,,-19.37660562,-54.5792414
SUP-6806-23,22/03/2026,ST,PENDENTE,,,,,17407-26,,-19.3755993,-54.58022333
SUP-6806-23,22/03/2026,ST,PENDENTE,,,,,17407-26,,-19.37382469,-54.58089651
SUP-6806-23,22/03/2026,ST,PENDENTE,,,,,17407-26,,-19.37220249,-54.58187793
SUP-6806-23,22/03/2026,ST,PENDENTE,,,,,17407-26,,-19.37140216,-54.58235876
SUP-6806-23,22/03/2026,ST,PENDENTE,,,,,17407-26,,-19.36888321,-54.58396065
SUP-6806-23,22/03/2026,ST,PENDENTE,,,,,17407-26,,-19.36810569,-54.58446481
SUP-6806-23,22/03/2026,ST,PENDENTE,,,,,17407-26,,-19.36731618,-54.58497102
SUP-6806-23,22/03/2026,ST,PENDENTE,,,,,17407-26,,-19.36672718,-54.5852892
SUP-6806-23,22/03/2026,ST,PENDENTE,,,,,17407-26,,-19.36401737,-54.58698361
SUP-6806-23,22/03/2026,ST,PENDENTE,,,,,17407-26,,-19.36326386,-54.58748293
SUP-6806-23,22/03/2026,ST,PENDENTE,,,,,17407-26,,-19.37061293,-54.58286686
SUP-6806-23,22/03/2026,ST,PENDENTE,,,,,17407-26,,-19.36983279,-54.58335002
SUP-6806-23,22/03/2026,ST,PENDENTE,,,,,17407-26,,-19.36933526,-54.583675
SUP-6806-23,22/03/2026,ST,PENDENTE,,,,,17407-26,,-19.36249037,-54.58798419
SUP-6806-23,22/03/2026,ST,PENDENTE,,,,,17407-26,,-19.36169337,-54.58846423
SUP-6806-23,23/06/2026,ST,PENDENTE,,,,,17768-26,,-19.10251118,-54.77221455
SUP-6806-23,23/06/2026,ST,PENDENTE,,,,,17768-26,,-19.08870025,-54.77707725
SUP-6806-23,23/06/2026,ST,PENDENTE,,,,,17768-26,,-19.08838487,-54.77776268
SUP-6806-23,23/06/2026,ST,PENDENTE,,,,,17768-26,,-19.08058429,-54.78735109
SUP-6806-23,23/06/2026,ST,PENDENTE,,,,,17768-26,,-19.07806306,-54.78971669
SUP-6806-23,23/06/2026,ST,PENDENTE,,,,,17768-26,,-19.07364066,-54.79189799
SUP-6806-23,23/06/2026,ST,PENDENTE,,,,,17768-26,,-19.07332241,-54.79174925
SUP-6806-23,23/06/2026,ST,PENDENTE,,,,,17768-26,,-19.07274696,-54.79207329
SUP-6806-23,23/06/2026,ST,PENDENTE,,,,,17768-26,,-19.07242331,-54.79183741
SUP-6806-23,23/06/2026,ST,PENDENTE,,,,,17768-26,,-19.07185912,-54.79224958
SUP-6806-23,23/06/2026,ST,PENDENTE,,,,,17768-26,,-19.07152362,-54.79192252
SUP-6806-23,23/06/2026,ST,PENDENTE,,,,,17768-26,,-19.07095925,-54.79233064
SUP-6806-23,23/06/2026,ST,PENDENTE,,,,,17768-26,,-19.0706259,-54.79201637
SUP-6806-23,23/06/2026,ST,PENDENTE,,,,,17768-26,,-19.07005642,-54.79235598
SUP-6806-23,23/06/2026,ST,PENDENTE,,,,,17768-26,,-19.06913131,-54.79237509
SUP-6806-23,23/06/2026,ST,PENDENTE,,,,,17768-26,,-19.06892703,-54.79218008
SUP-6806-23,23/06/2026,ST,PENDENTE,,,,,17768-26,,-19.04631407,-54.80944272
SUP-6806-23,23/06/2026,ST,PENDENTE,,,,,17769-26,,-19.01555477,-54.82755083
SUP-6806-23,23/06/2026,ST,PENDENTE,,,,,17769-26,,-19.01467124,-54.82767509
SUP-6806-23,23/06/2026,ST,PENDENTE,,,,,17769-26,,-19.0139181,-54.8277787
SUP-6806-23,23/06/2026,ST,PENDENTE,,,,,17769-26,,-19.01246,-54.82775421
SUP-6806-23,23/06/2026,ST,PENDENTE,,,,,17769-26,,-19.01159469,-54.82798557
SUP-6806-23,23/06/2026,ST,PENDENTE,,,,,17769-26,,-19.01103606,-54.82791966
SUP-6806-23,23/06/2026,ST,PENDENTE,,,,,17769-26,,-19.01010697,-54.82824938
SUP-6806-23,30/06/2026,ST,PENDENTE,,,,,17781-26,,-18.98269736,-54.8259193
SUP-6806-23,30/06/2026,ST,PENDENTE,,,,,17781-26,,-18.96465944,-54.82515646
SUP-6806-23,30/06/2026,ST,PENDENTE,,,,,17781-26,,-18.94340336,-54.82957077
SUP-6806-23,23/06/2026,ST,PENDENTE,,,,,17770-26,,-18.92207091,-54.83675066
SUP-6806-23,23/06/2026,ST,PENDENTE,,,,,17770-26,,-18.92190783,-54.83662223
SUP-6806-23,23/06/2026,ST,PENDENTE,,,,,17770-26,,-18.92114135,-54.83689527
SUP-6806-23,23/06/2026,ST,PENDENTE,,,,,17770-26,,-18.9206687,-54.83754273
SUP-6806-23,23/06/2026,ST,PENDENTE,,,,,17770-26,,-18.92047903,-54.83721904
SUP-6806-23,23/06/2026,ST,PENDENTE,,,,,17770-26,,-18.91970608,-54.83777168
SUP-6806-23,30/06/2026,ST,PENDENTE,,,,,17781-26,,-18.91799605,-54.8382038
SUP-6806-23,23/06/2026,ST,PENDENTE,,,,,17771-26,,-18.90832565,-54.84073026
SUP-6806-23,23/06/2026,ST,PENDENTE,,,,,17771-26,,-18.9078411,-54.84037135
SUP-6806-23,23/06/2026,ST,PENDENTE,,,,,17771-26,,-18.90695063,-54.84051604
SUP-6806-23,23/06/2026,ST,PENDENTE,,,,,17771-26,,-18.90698185,-54.84111736
SUP-6806-23,23/06/2026,ST,PENDENTE,,,,,17771-26,,-18.90646355,-54.84087315
SUP-6806-23,23/06/2026,ST,PENDENTE,,,,,17771-26,,-18.9060691,-54.84075392
SUP-6806-23,23/06/2026,ST,PENDENTE,,,,,17771-26,,-18.90579023,-54.84154271
SUP-6806-23,23/06/2026,ST,PENDENTE,,,,,17771-26,,-18.90494335,-54.84124243
SUP-6806-23,23/06/2026,ST,PENDENTE,,,,,17771-26,,-18.90290197,-54.84205282
SUP-6806-23,23/06/2026,ST,PENDENTE,,,,,17771-26,,-18.90194935,-54.84228954
SUP-6806-23,23/06/2026,ST,PENDENTE,,,,,17771-26,,-18.90099859,-54.8423429
SUP-6806-23,23/06/2026,ST,PENDENTE,,,,,17771-26,,-18.90013109,-54.84257579
SUP-6806-23,23/06/2026,ST,PENDENTE,,,,,17771-26,,-18.89924814,-54.84278092
SUP-6806-23,23/06/2026,ST,PENDENTE,,,,,17771-26,,-18.89837332,-54.84295688
SUP-6806-23,27/03/2026,ST,PENDENTE,,,,,17445-26,,-18.88711955,-54.84432357
SUP-6806-23,27/03/2026,ST,PENDENTE,,,,,17445-26,,-18.88560119,-54.84326784
SUP-6806-23,27/03/2026,ST,PENDENTE,,,,,17445-26,,-18.88239879,-54.84043843
SUP-6806-23,27/03/2026,ST,PENDENTE,,,,,17445-26,,-18.88170338,-54.83982279
SUP-6806-23,27/03/2026,ST,PENDENTE,,,,,17445-26,,-18.88099092,-54.83925708
SUP-6806-23,27/03/2026,ST,PENDENTE,,,,,17445-26,,-18.88031102,-54.83863463
SUP-6806-23,27/03/2026,ST,PENDENTE,,,,,17445-26,,-18.87961677,-54.83801941
SUP-6806-23,27/03/2026,ST,PENDENTE,,,,,17445-26,,-18.87892369,-54.83740433
SUP-6806-23,27/03/2026,ST,PENDENTE,,,,,17445-26,,-18.87823583,-54.83677353
SUP-6806-23,27/03/2026,ST,PENDENTE,,,,,17445-26,,-18.87754136,-54.83616622
SUP-6806-23,27/03/2026,ST,PENDENTE,,,,,17445-26,,-18.87685661,-54.83553877
SUP-6806-23,27/03/2026,ST,PENDENTE,,,,,17445-26,,-18.8761709,-54.83491661
SUP-6806-23,27/03/2026,ST,PENDENTE,,,,,17445-26,,-18.87548222,-54.83430318
SUP-6806-23,27/03/2026,ST,PENDENTE,,,,,17445-26,,-18.87478641,-54.83368515
SUP-6806-23,27/03/2026,ST,PENDENTE,,,,,17445-26,,-18.87408705,-54.83308036
SUP-6806-23,27/03/2026,ST,PENDENTE,,,,,17445-26,,-18.87335691,-54.8325246
SUP-6806-23,27/03/2026,ST,PENDENTE,,,,,17445-26,,-18.87264511,-54.83194694
SUP-6806-23,27/03/2026,ST,PENDENTE,,,,,17445-26,,-18.87231613,-54.83153343
SUP-6806-23,27/03/2026,ST,PENDENTE,,,,,17451-26,,-18.87450023,-54.83306145
SUP-6806-23,27/03/2026,ST,PENDENTE,,,,,17445-26,,-18.87160178,-54.83094999
SUP-6806-23,27/03/2026,ST,PENDENTE,,,,,17451-26,,-18.87406314,-54.8325911
SUP-6806-23,27/03/2026,ST,PENDENTE,,,,,17451-26,,-18.87333063,-54.83201475
SUP-6806-23,27/03/2026,ST,PENDENTE,,,,,17445-26,,-18.87095244,-54.83027921
SUP-6806-23,27/03/2026,ST,PENDENTE,,,,,17445-26,,-18.87026896,-54.82967832
SUP-6806-23,27/03/2026,ST,PENDENTE,,,,,17445-26,,-18.86954381,-54.8290863
SUP-6806-23,27/03/2026,ST,PENDENTE,,,,,17445-26,,-18.86880775,-54.82854597
SUP-6806-23,27/03/2026,ST,PENDENTE,,,,,17445-26,,-18.86801428,-54.82809437
SUP-6806-23,27/03/2026,ST,PENDENTE,,,,,17445-26,,-18.86719581,-54.8276702
SUP-6806-23,27/03/2026,ST,PENDENTE,,,,,17445-26,,-18.86638457,-54.82724887
SUP-6806-23,27/03/2026,ST,PENDENTE,,,,,17445-26,,-18.86556596,-54.82685331
SUP-6806-23,27/03/2026,ST,PENDENTE,,,,,17445-26,,-18.86462039,-54.82642945
SUP-6806-23,27/03/2026,ST,PENDENTE,,,,,17445-26,,-18.86363615,-54.82596043
SUP-6806-23,27/03/2026,ST,PENDENTE,,,,,17445-26,,-18.86280917,-54.82556139
SUP-6806-23,27/03/2026,ST,PENDENTE,,,,,17445-26,,-18.86198795,-54.8251729
SUP-6806-23,27/03/2026,ST,PENDENTE,,,,,17445-26,,-18.86116276,-54.82477382
SUP-6806-23,27/03/2026,ST,PENDENTE,,,,,17445-26,,-18.86033048,-54.8243739
SUP-6806-23,27/03/2026,ST,PENDENTE,,,,,17445-26,,-18.85951389,-54.82396156
SUP-6806-23,27/03/2026,ST,PENDENTE,,,,,17445-26,,-18.85868632,-54.82356901
SUP-6806-23,27/03/2026,ST,PENDENTE,,,,,17445-26,,-18.85786074,-54.82318049
SUP-6806-23,27/03/2026,ST,PENDENTE,,,,,17445-26,,-18.85703534,-54.8227782
SUP-6806-23,27/03/2026,ST,PENDENTE,,,,,17445-26,,-18.85620129,-54.82237789
SUP-6806-23,27/03/2026,ST,PENDENTE,,,,,17445-26,,-18.85537505,-54.82198065
SUP-6806-23,27/03/2026,ST,PENDENTE,,,,,17445-26,,-18.85447842,-54.82159389
SUP-6806-23,27/03/2026,ST,PENDENTE,,,,,17445-26,,-18.8536565,-54.82117002
SUP-6806-23,27/03/2026,ST,PENDENTE,,,,,17445-26,,-18.85282781,-54.82078441
SUP-6806-23,27/03/2026,ST,PENDENTE,,,,,17445-26,,-18.85199755,-54.82039072
SUP-6806-23,27/03/2026,ST,PENDENTE,,,,,17445-26,,-18.85117743,-54.81999363
SUP-6806-23,27/03/2026,ST,PENDENTE,,,,,17445-26,,-18.85035242,-54.81961448
SUP-6806-23,27/03/2026,ST,PENDENTE,,,,,17445-26,,-18.84953563,-54.81920747
SUP-6806-23,27/03/2026,ST,PENDENTE,,,,,17445-26,,-18.84870436,-54.81881934
SUP-6806-23,27/03/2026,ST,PENDENTE,,,,,17445-26,,-18.84787375,-54.8184183
SUP-6806-23,27/03/2026,ST,PENDENTE,,,,,17445-26,,-18.84704813,-54.81802501
SUP-6806-23,27/03/2026,ST,PENDENTE,,,,,17445-26,,-18.84537512,-54.81726783
SUP-6806-23,27/03/2026,ST,PENDENTE,,,,,17445-26,,-18.84208302,-54.81565247
SUP-6806-23,27/03/2026,ST,PENDENTE,,,,,17445-26,,-18.84042148,-54.81488657
SUP-6806-23,27/03/2026,ST,PENDENTE,,,,,17451-26,,-18.84293947,-54.8157674
SUP-6806-23,27/03/2026,ST,PENDENTE,,,,,17445-26,,-18.83959036,-54.81450378
SUP-6806-23,27/03/2026,ST,PENDENTE,,,,,17451-26,,-18.84232337,-54.81536842
SUP-6806-23,27/03/2026,ST,PENDENTE,,,,,17451-26,,-18.84144606,-54.81504868
SUP-6806-23,27/03/2026,ST,PENDENTE,,,,,17445-26,,-18.83791432,-54.81377269
SUP-6806-23,27/03/2026,ST,PENDENTE,,,,,17445-26,,-18.83701307,-54.81358709
SUP-6806-23,27/03/2026,ST,PENDENTE,,,,,17445-26,,-18.835241,-54.81360394
SUP-6806-23,27/03/2026,ST,PENDENTE,,,,,17445-26,,-18.83436026,-54.81383534
SUP-6806-23,27/03/2026,ST,PENDENTE,,,,,17445-26,,-18.82864205,-54.81545365
SUP-6806-23,27/03/2026,ST,PENDENTE,,,,,17445-26,,-18.8277676,-54.81571245
SUP-6806-23,27/03/2026,ST,PENDENTE,,,,,17445-26,,-18.82689886,-54.81596382
SUP-6806-23,27/03/2026,ST,PENDENTE,,,,,17445-26,,-18.82602407,-54.81622091
SUP-6806-23,27/03/2026,ST,PENDENTE,,,,,17445-26,,-18.82515248,-54.81648272
SUP-6806-23,27/03/2026,ST,PENDENTE,,,,,17445-26,,-18.82428198,-54.81673491
SUP-6806-23,27/03/2026,ST,PENDENTE,,,,,17445-26,,-18.82340712,-54.81698805
SUP-6806-23,27/03/2026,ST,PENDENTE,,,,,17448-26,,-18.78995041,-54.82653699
SUP-6806-23,27/03/2026,ST,PENDENTE,,,,,17448-26,,-18.7890664,-54.82674177
SUP-6806-23,27/03/2026,ST,PENDENTE,,,,,17448-26,,-18.78817007,-54.82693839
SUP-6806-23,27/03/2026,ST,PENDENTE,,,,,17448-26,,-18.78730104,-54.8271958
SUP-6806-23,27/03/2026,ST,PENDENTE,,,,,17448-26,,-18.78642394,-54.82740837
SUP-6806-23,27/03/2026,ST,PENDENTE,,,,,17448-26,,-18.78554754,-54.82762082
SUP-6806-23,27/03/2026,ST,PENDENTE,,,,,17448-26,,-18.78465561,-54.82780869
SUP-6806-23,27/03/2026,ST,PENDENTE,,,,,17448-26,,-18.78390536,-54.82794774
SUP-6806-23,27/03/2026,ST,PENDENTE,,,,,17455-26,,-18.77485731,-54.82971034
SUP-6806-23,27/03/2026,ST,PENDENTE,,,,,17455-26,,-18.7739702,-54.82980742
SUP-6806-23,27/03/2026,ST,PENDENTE,,,,,17455-26,,-18.77266991,-54.82998134
SUP-6806-23,27/03/2026,ST,PENDENTE,,,,,17455-26,,-18.77178006,-54.83011226
SUP-6806-23,27/03/2026,ST,PENDENTE,,,,,17455-26,,-18.77087485,-54.83017264
SUP-6806-23,27/03/2026,ST,PENDENTE,,,,,17455-26,,-18.76997235,-54.83013852
SUP-6806-23,27/03/2026,ST,PENDENTE,,,,,17455-26,,-18.76907637,-54.82999026
SUP-6806-23,27/03/2026,ST,PENDENTE,,,,,17455-26,,-18.75854,-54.82471862
SUP-6806-23,27/03/2026,ST,PENDENTE,,,,,17455-26,,-18.7541023,-54.82351466
SUP-6806-23,27/03/2026,ST,PENDENTE,,,,,17455-26,,-18.75321892,-54.82326428
SUP-6806-23,27/03/2026,ST,PENDENTE,,,,,17455-26,,-18.76655241,-54.82893979
SUP-6806-23,27/03/2026,ST,PENDENTE,,,,,17455-26,,-18.75258775,-54.8232583
SUP-6806-23,27/03/2026,ST,PENDENTE,,,,,17455-26,,-18.76579963,-54.82845238
SUP-6806-23,27/03/2026,ST,PENDENTE,,,,,17455-26,,-18.76502933,-54.82795342
SUP-6806-23,27/03/2026,ST,PENDENTE,,,,,17455-26,,-18.76426029,-54.8274708
SUP-6806-23,27/03/2026,ST,PENDENTE,,,,,17455-26,,-18.7634781,-54.82697777
SUP-6806-23,27/03/2026,ST,PENDENTE,,,,,17455-26,,-18.76270552,-54.82648007
SUP-6806-23,27/03/2026,ST,PENDENTE,,,,,17455-26,,-18.7517657,-54.82288051
SUP-6806-23,27/03/2026,ST,PENDENTE,,,,,17455-26,,-18.75089452,-54.82265049
SUP-6806-23,27/03/2026,ST,PENDENTE,,,,,17455-26,,-18.75002395,-54.82241777
SUP-6806-23,27/03/2026,ST,PENDENTE,,,,,17455-26,,-18.74914725,-54.82218767
SUP-6806-23,27/03/2026,ST,PENDENTE,,,,,17455-26,,-18.7482664,-54.82194926
SUP-6806-23,27/03/2026,ST,PENDENTE,,,,,17455-26,,-18.74738568,-54.82170118
SUP-6806-23,27/03/2026,ST,PENDENTE,,,,,17455-26,,-18.74651151,-54.82147837
SUP-6806-23,27/03/2026,ST,PENDENTE,,,,,17455-26,,-18.74561021,-54.82122357
SUP-6806-23,27/03/2026,ST,PENDENTE,,,,,17455-26,,-18.74247379,-54.8203848
SUP-6806-23,27/03/2026,ST,PENDENTE,,,,,17455-26,,-18.74160185,-54.82015022
SUP-6806-23,27/03/2026,ST,PENDENTE,,,,,17463-26,,-18.71910068,-54.81421986
SUP-6806-23,27/03/2026,ST,PENDENTE,,,,,17463-26,,-18.71823087,-54.81398839
SUP-6806-23,27/03/2026,ST,PENDENTE,,,,,17463-26,,-18.71743746,-54.81383187
SUP-6806-23,27/03/2026,ST,PENDENTE,,,,,17463-26,,-18.71723307,-54.81361682
SUP-6806-23,27/03/2026,ST,PENDENTE,,,,,17463-26,,-18.71643083,-54.81332602
SUP-6806-23,27/03/2026,ST,PENDENTE,,,,,17463-26,,-18.71547147,-54.81326038
SUP-6806-23,27/03/2026,ST,PENDENTE,,,,,17463-26,,-18.71456962,-54.81337904
SUP-6806-23,27/03/2026,ST,PENDENTE,,,,,17463-26,,-18.71369504,-54.81358291
SUP-6806-23,27/03/2026,ST,PENDENTE,,,,,17463-26,,-18.69954313,-54.81794034
SUP-6806-23,27/03/2026,ST,PENDENTE,,,,,17463-26,,-18.69867319,-54.81819527
SUP-6806-23,27/03/2026,ST,PENDENTE,,,,,17463-26,,-18.6979189,-54.81841702
SUP-6806-23,27/03/2026,ST,PENDENTE,,,,,17463-26,,-18.69690449,-54.81854838
SUP-6806-23,27/03/2026,ST,PENDENTE,,,,,17463-26,,-18.69509672,-54.8184791
SUP-6806-23,27/03/2026,ST,PENDENTE,,,,,17463-26,,-18.69419389,-54.8182497
SUP-6806-23,27/03/2026,ST,PENDENTE,,,,,17464-26,,-18.68452928,-54.8143749
SUP-6806-23,27/03/2026,ST,PENDENTE,,,,,17464-26,,-18.68367758,-54.81405371
SUP-6806-23,27/03/2026,ST,PENDENTE,,,,,17464-26,,-18.68282839,-54.81372347
SUP-6806-23,26/06/2026,ST,PENDENTE,,,,,17791-26,,-18.68304222,-54.81378334
SUP-6806-23,26/06/2026,ST,PENDENTE,,,,,17791-26,,-18.6813987,-54.81304621
SUP-6806-23,27/03/2026,ST,PENDENTE,,,,,17464-26,,-18.6819986,-54.81334297
SUP-6806-23,27/03/2026,ST,PENDENTE,,,,,17464-26,,-18.6811177,-54.81311983
SUP-6806-23,27/03/2026,ST,PENDENTE,,,,,17464-26,,-18.67730714,-54.81061418
SUP-6806-23,27/03/2026,ST,PENDENTE,,,,,17464-26,,-18.6765513,-54.81015075
SUP-6806-23,27/03/2026,ST,PENDENTE,,,,,17464-26,,-18.67577775,-54.80967993
SUP-6806-23,27/03/2026,ST,PENDENTE,,,,,17464-26,,-18.67497704,-54.80920278
SUP-6806-23,27/03/2026,ST,PENDENTE,,,,,17464-26,,-18.67423106,-54.80871979
SUP-6806-23,27/03/2026,ST,PENDENTE,,,,,17464-26,,-18.68095999,-54.81275534
SUP-6806-23,27/03/2026,ST,PENDENTE,,,,,17465-26,,-18.66616967,-54.80388873
SUP-6806-23,27/03/2026,ST,PENDENTE,,,,,17465-26,,-18.66542352,-54.80335198
SUP-6806-23,27/03/2026,ST,PENDENTE,,,,,17465-26,,-18.66343026,-54.80154171
SUP-6806-23,27/03/2026,ST,PENDENTE,,,,,17465-26,,-18.66265347,-54.80110385
SUP-6806-23,27/03/2026,ST,PENDENTE,,,,,17465-26,,-18.66195124,-54.80051953
SUP-6806-23,27/03/2026,ST,PENDENTE,,,,,17465-26,,-18.66123774,-54.79993797
SUP-6806-23,27/03/2026,ST,PENDENTE,,,,,17465-26,,-18.65985047,-54.79862157
SUP-6806-23,27/03/2026,ST,PENDENTE,,,,,17465-26,,-18.65918543,-54.79805435
SUP-6806-23,27/03/2026,ST,PENDENTE,,,,,17465-26,,-18.65776922,-54.79690061
SUP-6806-23,27/03/2026,ST,PENDENTE,,,,,17465-26,,-18.65484614,-54.79457349
SUP-6806-23,27/03/2026,ST,PENDENTE,,,,,17465-26,,-18.65407365,-54.79408979
SUP-6806-23,27/03/2026,ST,PENDENTE,,,,,17465-26,,-18.65344915,-54.79341792
SUP-6806-23,27/03/2026,ST,PENDENTE,,,,,17465-26,,-18.65292156,-54.79320689
SUP-6806-23,27/03/2026,ST,PENDENTE,,,,,17456-26,,-18.64568352,-54.7862337
SUP-6806-23,27/03/2026,ST,PENDENTE,,,,,17456-26,,-18.64330104,-54.78385373
SUP-6806-23,27/03/2026,ST,PENDENTE,,,,,17456-26,,-18.64195025,-54.78253141
SUP-6806-23,27/03/2026,ST,PENDENTE,,,,,17456-26,,-18.64137959,-54.78186627
SUP-6806-23,27/03/2026,ST,PENDENTE,,,,,17456-26,,-18.64508595,-54.78552337
SUP-6806-23,27/03/2026,ST,PENDENTE,,,,,17456-26,,-18.64401057,-54.7844426
SUP-6806-23,27/03/2026,ST,PENDENTE,,,,,17456-26,,-18.64268116,-54.78311996
SUP-6806-23,27/03/2026,ST,PENDENTE,,,,,17462-26,,-18.54766819,-54.74830942
SUP-6806-23,27/03/2026,ST,PENDENTE,,,,,17462-26,,-18.54770147,-54.74857547
SUP-6806-23,27/03/2026,ST,PENDENTE,,,,,17462-26,,-18.54715962,-54.74795428
SUP-6806-23,27/03/2026,ST,PENDENTE,,,,,17462-26,,-18.54626391,-54.74774046
SUP-6806-23,27/03/2026,ST,PENDENTE,,,,,17462-26,,-18.54550744,-54.74757062
SUP-6806-23,27/03/2026,ST,PENDENTE,,,,,17462-26,,-18.53605152,-54.74274208
SUP-6806-23,27/03/2026,ST,PENDENTE,,,,,17462-26,,-18.5288503,-54.74047246
SUP-6806-23,27/03/2026,ST,PENDENTE,,,,,17457-26,,-18.52583845,-54.74015177
SUP-6806-23,27/03/2026,ST,PENDENTE,,,,,17457-26,,-18.52502388,-54.73975209
SUP-6806-23,27/03/2026,ST,PENDENTE,,,,,17462-26,,-18.52348406,-54.73990256
SUP-6806-23,27/03/2026,ST,PENDENTE,,,,,17457-26,,-18.52410712,-54.73980922
SUP-6806-23,27/03/2026,ST,PENDENTE,,,,,17457-26,,-18.5233025,-54.73936442
SUP-6806-23,27/03/2026,ST,PENDENTE,,,,,17457-26,,-18.5247081,-54.73955727
SUP-6806-23,27/03/2026,ST,PENDENTE,,,,,17457-26,,-18.52237469,-54.73932051
SUP-6806-23,27/03/2026,ST,PENDENTE,,,,,17457-26,,-18.51951921,-54.738594
SUP-6806-23,27/03/2026,ST,PENDENTE,,,,,17457-26,,-18.5214753,-54.73898715
SUP-6806-23,27/03/2026,ST,PENDENTE,,,,,17457-26,,-18.52060117,-54.73877904
SUP-6806-23,27/03/2026,ST,PENDENTE,,,,,17462-26,,-18.51621367,-54.73773322
SUP-6806-23,27/03/2026,ST,PENDENTE,,,,,17462-26,,-18.51534324,-54.73752845
SUP-6806-23,27/03/2026,ST,PENDENTE,,,,,17462-26,,-18.51447405,-54.73717393
SUP-6806-23,27/03/2026,ST,PENDENTE,,,,,17462-26,,-18.51357669,-54.73693038
SUP-6806-23,27/03/2026,ST,PENDENTE,,,,,17462-26,,-18.51270736,-54.73671699
SUP-6806-23,27/03/2026,ST,PENDENTE,,,,,17460-26,,-18.5081933,-54.73559152
SUP-6806-23,27/03/2026,ST,PENDENTE,,,,,17460-26,,-18.50731266,-54.73535285
SUP-6806-23,27/03/2026,ST,PENDENTE,,,,,17460-26,,-18.50647542,-54.73498903
SUP-6806-23,27/03/2026,ST,PENDENTE,,,,,17460-26,,-18.50566316,-54.73454726
SUP-6806-23,27/03/2026,ST,PENDENTE,,,,,17460-26,,-18.50538744,-54.73462665
SUP-6806-23,27/03/2026,ST,PENDENTE,,,,,17460-26,,-18.50464704,-54.73407032
SUP-6806-23,27/03/2026,ST,PENDENTE,,,,,17460-26,,-18.50380764,-54.73371279
SUP-6806-23,27/03/2026,ST,PENDENTE,,,,,17460-26,,-18.5032365,-54.73347878
SUP-6806-23,27/03/2026,ST,PENDENTE,,,,,17460-26,,-18.50236199,-54.73292937
SUP-6806-23,27/03/2026,ST,PENDENTE,,,,,17460-26,,-18.50156645,-54.73244956
SUP-6806-23,27/03/2026,ST,PENDENTE,,,,,17460-26,,-18.5009368,-54.73235641
SUP-6806-23,27/03/2026,ST,PENDENTE,,,,,17460-26,,-18.50020023,-54.73180152
SUP-6806-23,27/03/2026,ST,PENDENTE,,,,,17460-26,,-18.49933058,-54.73151007
SUP-6806-23,27/03/2026,ST,PENDENTE,,,,,17462-26,,-18.50434307,-54.73431487
SUP-6806-23,27/03/2026,ST,PENDENTE,,,,,17460-26,,-18.49851089,-54.73113553
SUP-6806-23,27/03/2026,ST,PENDENTE,,,,,17462-26,,-18.50211508,-54.73314099
SUP-6806-23,27/03/2026,ST,PENDENTE,,,,,17460-26,,-18.50314004,-54.73376855
SUP-6806-23,27/03/2026,ST,PENDENTE,,,,,17462-26,,-18.50128965,-54.73274618
SUP-6806-23,27/03/2026,ST,PENDENTE,,,,,17462-26,,-18.48478821,-54.72420809
SUP-6806-23,27/03/2026,ST,PENDENTE,,,,,17462-26,,-18.48397467,-54.7237987
SUP-6806-23,27/03/2026,ST,PENDENTE,,,,,17462-26,,-18.48352112,-54.72365399
SUP-6806-23,27/03/2026,ST,PENDENTE,,,,,17462-26,,-18.48273936,-54.72316493
SUP-6806-23,22/03/2026,ST,PENDENTE,,,,,17410-26,,-18.48107047,-54.72231809
SUP-6806-23,22/03/2026,ST,PENDENTE,,,,,17410-26,,-18.4802589,-54.72191605
SUP-6806-23,22/03/2026,ST,PENDENTE,,,,,17410-26,,-18.47941414,-54.72157358
SUP-6806-23,22/03/2026,ST,PENDENTE,,,,,17410-26,,-18.47833205,-54.72091844
SUP-6806-23,22/03/2026,ST,PENDENTE,,,,,17410-26,,-18.47739967,-54.72062044
SUP-6806-23,22/03/2026,ST,PENDENTE,,,,,17410-26,,-18.47662454,-54.72009704
SUP-6806-23,22/03/2026,ST,PENDENTE,,,,,17410-26,,-18.47583143,-54.71961939
SUP-6806-23,22/03/2026,ST,PENDENTE,,,,,17410-26,,-18.4747707,-54.7190727
SUP-6806-23,22/03/2026,ST,PENDENTE,,,,,17410-26,,-18.47394878,-54.71864517
SUP-6806-23,22/03/2026,ST,PENDENTE,,,,,17410-26,,-18.47312166,-54.71823119
SUP-6806-23,22/03/2026,ST,PENDENTE,,,,,17410-26,,-18.47899204,-54.72117926
SUP-6806-23,22/03/2026,ST,PENDENTE,,,,,17410-26,,-18.47538802,-54.71936713
SUP-6806-23,22/03/2026,ST,PENDENTE,,,,,17410-26,,-18.47231731,-54.71781506
SUP-6806-23,22/03/2026,ST,PENDENTE,,,,,17410-26,,-18.47151515,-54.71738405
SUP-6806-23,22/03/2026,ST,PENDENTE,,,,,17410-26,,-18.47077576,-54.7168291
SUP-6806-23,22/03/2026,ST,PENDENTE,,,,,17410-26,,-18.46989868,-54.716561
SUP-6806-23,22/03/2026,ST,PENDENTE,,,,,17410-26,,-18.46914233,-54.71603501
SUP-6806-23,22/03/2026,ST,PENDENTE,,,,,17410-26,,-18.46827226,-54.71574306
SUP-6806-23,22/03/2026,ST,PENDENTE,,,,,17410-26,,-18.46752644,-54.71521037
SUP-6806-23,22/03/2026,ST,PENDENTE,,,,,17410-26,,-18.46666342,-54.71490122
SUP-6806-23,22/03/2026,ST,PENDENTE,,,,,17410-26,,-18.46591442,-54.71437264
SUP-6806-23,22/03/2026,ST,PENDENTE,,,,,17410-26,,-18.46509575,-54.71395238
SUP-6806-23,22/03/2026,ST,PENDENTE,,,,,17410-26,,-18.46449028,-54.71364951
SUP-6806-23,22/03/2026,ST,PENDENTE,,,,,17410-26,,-18.46392437,-54.71335878
SUP-6806-23,22/03/2026,ST,PENDENTE,,,,,17410-26,,-18.46306436,-54.71306307
SUP-6806-23,22/03/2026,ST,PENDENTE,,,,,17410-26,,-18.46231651,-54.71253575
SUP-6806-23,22/03/2026,ST,PENDENTE,,,,,17410-26,,-18.46129903,-54.71223974
SUP-6806-23,22/03/2026,ST,PENDENTE,,,,,17410-26,,-18.46071263,-54.71171238
SUP-6806-23,22/03/2026,ST,PENDENTE,,,,,17410-26,,-18.45997016,-54.71150652
SUP-6806-23,22/03/2026,ST,PENDENTE,,,,,17410-26,,-18.45923697,-54.71094419
SUP-6806-23,22/03/2026,ST,PENDENTE,,,,,17410-26,,-18.45841436,-54.71053494
SUP-6806-23,22/03/2026,ST,PENDENTE,,,,,17410-26,,-18.45759881,-54.71011833
SUP-6806-23,27/03/2026,ST,PENDENTE,,,,,17462-26,,-18.46247622,-54.71278479
SUP-6806-23,27/03/2026,ST,PENDENTE,,,,,17462-26,,-18.46167972,-54.71236659
SUP-6806-23,27/03/2026,ST,PENDENTE,,,,,17462-26,,-18.4611785,-54.71217203
SUP-6806-23,27/03/2026,ST,PENDENTE,,,,,17462-26,,-18.46039586,-54.7116977
SUP-6806-23,22/03/2026,ST,PENDENTE,,,,,17410-26,,-18.45679646,-54.70968526
SUP-6806-23,22/03/2026,ST,PENDENTE,,,,,17410-26,,-18.45597621,-54.70928501
SUP-6806-23,22/03/2026,ST,PENDENTE,,,,,17410-26,,-18.45516456,-54.708852
SUP-6806-23,22/03/2026,ST,PENDENTE,,,,,17410-26,,-18.45436313,-54.70839653
SUP-6806-23,22/03/2026,ST,PENDENTE,,,,,17410-26,,-18.45353588,-54.70800777
SUP-6806-23,22/03/2026,ST,PENDENTE,,,,,17410-26,,-18.45271395,-54.70760452
SUP-6806-23,22/03/2026,ST,PENDENTE,,,,,17410-26,,-18.45189315,-54.70718933
SUP-6806-23,22/03/2026,ST,PENDENTE,,,,,17410-26,,-18.4510279,-54.70688808
SUP-6806-23,22/03/2026,ST,PENDENTE,,,,,17410-26,,-18.45027764,-54.70634637
SUP-6806-23,22/03/2026,ST,PENDENTE,,,,,17410-26,,-18.44940023,-54.70604485
SUP-6806-23,22/03/2026,ST,PENDENTE,,,,,17410-26,,-18.44865134,-54.70551678
SUP-6806-23,22/03/2026,ST,PENDENTE,,,,,17410-26,,-18.44778291,-54.70522248
SUP-6806-23,22/03/2026,ST,PENDENTE,,,,,17410-26,,-18.44702714,-54.70469658
SUP-6806-23,22/03/2026,ST,PENDENTE,,,,,17410-26,,-18.44615986,-54.70439054
SUP-6806-23,22/03/2026,ST,PENDENTE,,,,,17410-26,,-18.44541048,-54.70386581
SUP-6806-23,22/03/2026,ST,PENDENTE,,,,,17410-26,,-18.44454724,-54.70355501
SUP-6806-23,22/03/2026,ST,PENDENTE,,,,,17410-26,,-18.44379,-54.70303599
SUP-6806-23,22/03/2026,ST,PENDENTE,,,,,17410-26,,-18.44291462,-54.70275514
SUP-6806-23,22/03/2026,ST,PENDENTE,,,,,17410-26,,-18.44217812,-54.702207
SUP-6806-23,22/03/2026,ST,PENDENTE,,,,,17410-26,,-18.44129877,-54.70191535
SUP-6806-23,22/03/2026,ST,PENDENTE,,,,,17410-26,,-18.44056391,-54.70137125
SUP-6806-23,22/03/2026,ST,PENDENTE,,,,,17410-26,,-18.43968562,-54.70108147
SUP-6806-23,22/03/2026,ST,PENDENTE,,,,,17410-26,,-18.43892815,-54.70054502
SUP-6806-23,22/03/2026,ST,PENDENTE,,,,,17410-26,,-18.4380606,-54.7002465
SUP-6806-23,22/03/2026,ST,PENDENTE,,,,,17410-26,,-18.43731195,-54.69971303
SUP-6806-23,22/03/2026,ST,PENDENTE,,,,,17410-26,,-18.4364379,-54.69942513
SUP-6806-23,22/03/2026,ST,PENDENTE,,,,,17410-26,,-18.43568872,-54.6988702
SUP-6806-23,22/03/2026,ST,PENDENTE,,,,,17410-26,,-18.43480885,-54.69854736
SUP-6806-23,22/03/2026,ST,PENDENTE,,,,,17410-26,,-18.43442883,-54.69817991
SUP-6806-23,22/03/2026,ST,PENDENTE,,,,,17404-26,,-18.42422117,-54.69252436
SUP-6806-23,22/03/2026,ST,PENDENTE,,,,,17404-26,,-18.42363195,-54.69213951
SUP-6806-23,22/03/2026,ST,PENDENTE,,,,,17404-26,,-18.42146063,-54.69061916
SUP-6806-23,22/03/2026,ST,PENDENTE,,,,,17404-26,,-18.41942844,-54.68921197
SUP-6806-23,22/03/2026,ST,PENDENTE,,,,,17404-26,,-18.41865455,-54.68871029
SUP-6806-23,22/03/2026,ST,PENDENTE,,,,,17404-26,,-18.42022017,-54.68966641
SUP-6806-23,22/03/2026,ST,PENDENTE,,,,,17405-26,,-18.41802528,-54.68827032
SUP-6806-23,22/03/2026,ST,PENDENTE,,,,,17405-26,,-18.41728206,-54.68773103
SUP-6806-23,22/03/2026,ST,PENDENTE,,,,,17405-26,,-18.41663983,-54.68715763
SUP-6806-23,22/03/2026,ST,PENDENTE,,,,,17405-26,,-18.41524272,-54.68634984
SUP-6806-23,22/03/2026,ST,PENDENTE,,,,,17405-26,,-18.41362295,-54.68520543
SUP-6806-23,22/03/2026,ST,PENDENTE,,,,,17405-26,,-18.4128799,-54.68468007
SUP-6806-23,22/03/2026,ST,PENDENTE,,,,,17405-26,,-18.41596548,-54.68657686
SUP-6806-23,22/03/2026,ST,PENDENTE,,,,,17405-26,,-18.41444637,-54.68559551
SUP-6806-23,27/03/2026,ST,PENDENTE,,,,,17462-26,,-18.40739198,-54.67813461
SUP-6806-23,27/03/2026,ST,PENDENTE,,,,,17462-26,,-18.40721569,-54.6776387
SUP-6806-23,27/03/2026,ST,PENDENTE,,,,,17462-26,,-18.40669282,-54.67685885
SUP-6806-23,27/03/2026,ST,PENDENTE,,,,,17462-26,,-18.40625132,-54.67606848
SUP-6806-23,22/03/2026,ST,PENDENTE,,,,,17419-26,,-18.32995098,-54.66562104
SUP-6806-23,22/03/2026,ST,PENDENTE,,,,,17419-26,,-18.32932769,-54.66556475
SUP-6806-23,22/03/2026,ST,PENDENTE,,,,,17419-26,,-18.32843387,-54.66564471
SUP-6806-23,22/03/2026,ST,PENDENTE,,,,,17411-26,,-18.32651361,-54.66567709
SUP-6806-23,22/03/2026,ST,PENDENTE,,,,,17411-26,,-18.32561062,-54.66569119
SUP-6806-23,22/03/2026,ST,PENDENTE,,,,,17411-26,,-18.32483386,-54.66560003
SUP-6806-23,22/03/2026,ST,PENDENTE,,,,,17411-26,,-18.32394207,-54.66552399
SUP-6806-23,22/03/2026,ST,PENDENTE,,,,,17411-26,,-18.32358287,-54.66568979
SUP-6806-23,22/03/2026,ST,PENDENTE,,,,,17411-26,,-18.32268687,-54.66556775
SUP-6806-23,22/03/2026,ST,PENDENTE,,,,,17411-26,,-18.3217858,-54.66562015
SUP-6806-23,22/03/2026,ST,PENDENTE,,,,,17411-26,,-18.3208791,-54.66563944
SUP-6806-23,22/03/2026,ST,PENDENTE,,,,,17411-26,,-18.31998929,-54.66564338
SUP-6806-23,22/03/2026,ST,PENDENTE,,,,,17411-26,,-18.31908624,-54.66563224
SUP-6806-23,22/03/2026,ST,PENDENTE,,,,,17411-26,,-18.31875528,-54.66583375
SUP-6806-23,22/03/2026,ST,PENDENTE,,,,,17411-26,,-18.31844617,-54.66602033
SUP-6806-23,22/03/2026,ST,PENDENTE,,,,,17411-26,,-18.31784527,-54.66571338
SUP-6806-23,22/03/2026,ST,PENDENTE,,,,,17411-26,,-18.31695779,-54.6658675
SUP-6806-23,22/03/2026,ST,PENDENTE,,,,,17411-26,,-18.31605514,-54.66594023
SUP-6806-23,22/03/2026,ST,PENDENTE,,,,,17419-26,,-18.32120166,-54.66553545
SUP-6806-23,22/03/2026,ST,PENDENTE,,,,,17411-26,,-18.31514609,-54.66605008
SUP-6806-23,22/03/2026,ST,PENDENTE,,,,,17411-26,,-18.31425268,-54.66610884
SUP-6806-23,22/03/2026,ST,PENDENTE,,,,,17411-26,,-18.31335947,-54.6661277
SUP-6806-23,22/03/2026,ST,PENDENTE,,,,,17411-26,,-18.31245864,-54.66614448
SUP-6806-23,22/03/2026,ST,PENDENTE,,,,,17411-26,,-18.31154844,-54.66615976
SUP-6806-23,22/03/2026,ST,PENDENTE,,,,,17411-26,,-18.31067345,-54.66615805
SUP-6806-23,22/03/2026,ST,PENDENTE,,,,,17411-26,,-18.30995324,-54.66620143
SUP-6806-23,22/03/2026,ST,PENDENTE,,,,,17411-26,,-18.30675777,-54.66609917
SUP-6806-23,22/03/2026,ST,PENDENTE,,,,,17411-26,,-18.30584206,-54.66613273
SUP-6806-23,22/03/2026,ST,PENDENTE,,,,,17411-26,,-18.30493483,-54.66616903
SUP-6806-23,22/03/2026,ST,PENDENTE,,,,,17411-26,,-18.30402732,-54.66618733
SUP-6806-23,22/03/2026,ST,PENDENTE,,,,,17411-26,,-18.30310874,-54.66621197
SUP-6806-23,22/03/2026,ST,PENDENTE,,,,,17411-26,,-18.30220335,-54.66621512
SUP-6806-23,22/03/2026,ST,PENDENTE,,,,,17411-26,,-18.30129039,-54.66624114
SUP-6806-23,22/03/2026,ST,PENDENTE,,,,,17411-26,,-18.30038205,-54.66625956
SUP-6806-23,22/03/2026,ST,PENDENTE,,,,,17411-26,,-18.29948642,-54.66626109
SUP-6806-23,22/03/2026,ST,PENDENTE,,,,,17419-26,,-18.30263598,-54.66634486
SUP-6806-23,22/03/2026,ST,PENDENTE,,,,,17411-26,,-18.29876407,-54.66628015
SUP-6806-23,22/03/2026,ST,PENDENTE,,,,,17419-26,,-18.30173873,-54.6663651
SUP-6806-23,22/03/2026,ST,PENDENTE,,,,,17411-26,,-18.29815294,-54.66630499
SUP-6806-23,22/03/2026,ST,PENDENTE,,,,,17419-26,,-18.30126863,-54.66646429
SUP-6806-23,22/03/2026,ST,PENDENTE,,,,,17419-26,,-18.30049134,-54.66640362
SUP-6806-23,02/04/2026,ST,PENDENTE,,,,,17414-26,,-18.28169143,-54.66668939
SUP-6806-23,02/04/2026,ST,PENDENTE,,,,,17414-26,,-18.28075894,-54.66672607
SUP-6806-23,02/04/2026,ST,PENDENTE,,,,,17414-26,,-18.27984111,-54.66674181
SUP-6806-23,02/04/2026,ST,PENDENTE,,,,,17414-26,,-18.27893898,-54.66675974
SUP-6806-23,02/04/2026,ST,PENDENTE,,,,,17414-26,,-18.27802485,-54.66678463
SUP-6806-23,02/04/2026,ST,PENDENTE,,,,,17414-26,,-18.2771495,-54.66678285
SUP-6806-23,02/04/2026,ST,PENDENTE,,,,,17414-26,,-18.27622072,-54.66681819
SUP-6806-23,02/04/2026,ST,PENDENTE,,,,,17414-26,,-18.27531803,-54.66684738
SUP-6806-23,02/04/2026,ST,PENDENTE,,,,,17414-26,,-18.27441491,-54.66687168
SUP-6806-23,02/04/2026,ST,PENDENTE,,,,,17414-26,,-18.2735008,-54.6668899
SUP-6806-23,02/04/2026,ST,PENDENTE,,,,,17414-26,,-18.27261045,-54.66689901
SUP-6806-23,02/04/2026,ST,PENDENTE,,,,,17414-26,,-18.27171106,-54.66692995
SUP-6806-23,02/04/2026,ST,PENDENTE,,,,,17414-26,,-18.2707794,-54.66695847
SUP-6806-23,02/04/2026,ST,PENDENTE,,,,,17414-26,,-18.26985716,-54.66690537
SUP-6806-23,02/04/2026,ST,PENDENTE,,,,,17414-26,,-18.26839724,-54.66664556
SUP-6806-23,02/04/2026,ST,PENDENTE,,,,,17414-26,,-18.26770803,-54.66640935
SUP-6806-23,02/04/2026,ST,PENDENTE,,,,,17414-26,,-18.26684633,-54.66608604
SUP-6806-23,02/04/2026,ST,PENDENTE,,,,,17414-26,,-18.26534822,-54.6654943
SUP-6806-23,02/04/2026,ST,PENDENTE,,,,,17414-26,,-18.26449964,-54.66517077
SUP-6806-23,02/04/2026,ST,PENDENTE,,,,,17414-26,,-18.26364666,-54.66482182
SUP-6806-23,02/04/2026,ST,PENDENTE,,,,,17414-26,,-18.26279908,-54.66448541
SUP-6806-23,02/04/2026,ST,PENDENTE,,,,,17414-26,,-18.26612836,-54.6658088
SUP-6806-23,02/04/2026,ST,PENDENTE,,,,,17414-26,,-18.26194818,-54.66414434
SUP-6806-23,02/04/2026,ST,PENDENTE,,,,,17414-26,,-18.26109788,-54.66380945
SUP-6806-23,02/04/2026,ST,PENDENTE,,,,,17414-26,,-18.26024756,-54.66347416
SUP-6806-23,02/04/2026,ST,PENDENTE,,,,,17414-26,,-18.25940203,-54.66313321
SUP-6806-23,02/04/2026,ST,PENDENTE,,,,,17414-26,,-18.25855133,-54.66281664
SUP-6806-23,22/03/2026,ST,PENDENTE,,,,,17419-26,,-18.26068769,-54.66354651
SUP-6806-23,02/04/2026,ST,PENDENTE,,,,,17414-26,,-18.25770579,-54.66247716
SUP-6806-23,22/03/2026,ST,PENDENTE,,,,,17419-26,,-18.25359109,-54.66084334
SUP-6806-23,22/03/2026,ST,PENDENTE,,,,,17419-26,,-18.25307522,-54.6605674
SUP-6806-23,22/03/2026,ST,PENDENTE,,,,,17419-26,,-18.25218272,-54.66034
SUP-6806-23,22/03/2026,ST,PENDENTE,,,,,17419-26,,-18.24780979,-54.65928277
SUP-6806-23,22/03/2026,ST,PENDENTE,,,,,17419-26,,-18.2472201,-54.65907989
SUP-6806-23,22/03/2026,ST,PENDENTE,,,,,17419-26,,-18.24632524,-54.65892118
SUP-6806-23,22/03/2026,ST,PENDENTE,,,,,17419-26,,-18.2293536,-54.65526212
SUP-6806-23,22/03/2026,ST,PENDENTE,,,,,17419-26,,-18.22874798,-54.65513589
SUP-6806-23,22/03/2026,ST,PENDENTE,,,,,17419-26,,-18.22780731,-54.65510659
SUP-6806-23,22/03/2026,ST,PENDENTE,,,,,17415-26,,-18.22378271,-54.65469495
SUP-6806-23,22/03/2026,ST,PENDENTE,,,,,17415-26,,-18.22288299,-54.65462522
SUP-6806-23,22/03/2026,ST,PENDENTE,,,,,17415-26,,-18.22197453,-54.65454384
SUP-6806-23,22/03/2026,ST,PENDENTE,,,,,17415-26,,-18.22106934,-54.65445403
SUP-6806-23,22/03/2026,ST,PENDENTE,,,,,17415-26,,-18.22016718,-54.65436389
SUP-6806-23,22/03/2026,ST,PENDENTE,,,,,17415-26,,-18.21927244,-54.65426377
SUP-6806-23,22/03/2026,ST,PENDENTE,,,,,17415-26,,-18.21835665,-54.65418642
SUP-6806-23,22/03/2026,ST,PENDENTE,,,,,17415-26,,-18.21744719,-54.65410344
SUP-6806-23,22/03/2026,ST,PENDENTE,,,,,17415-26,,-18.2165372,-54.65400291
SUP-6806-23,22/03/2026,ST,PENDENTE,,,,,17415-26,,-18.21563033,-54.65393149
SUP-6806-23,22/03/2026,ST,PENDENTE,,,,,17415-26,,-18.21472248,-54.65384231
SUP-6806-23,22/03/2026,ST,PENDENTE,,,,,17415-26,,-18.21383043,-54.65374564
SUP-6806-23,22/03/2026,ST,PENDENTE,,,,,17415-26,,-18.21291447,-54.65366146
SUP-6806-23,22/03/2026,ST,PENDENTE,,,,,17415-26,,-18.21201199,-54.65358164
SUP-6806-23,22/03/2026,ST,PENDENTE,,,,,17415-26,,-18.21110847,-54.65349089
SUP-6806-23,22/03/2026,ST,PENDENTE,,,,,17415-26,,-18.21020713,-54.65341021
SUP-6806-23,22/03/2026,ST,PENDENTE,,,,,17415-26,,-18.20931539,-54.65329186
SUP-6806-23,22/03/2026,ST,PENDENTE,,,,,17415-26,,-18.20840742,-54.65314854
SUP-6806-23,22/03/2026,ST,PENDENTE,,,,,17415-26,,-18.20753651,-54.65297219
SUP-6806-23,22/03/2026,ST,PENDENTE,,,,,17415-26,,-18.20666006,-54.65274121
SUP-6806-23,22/03/2026,ST,PENDENTE,,,,,17415-26,,-18.20541619,-54.65241036
SUP-6806-23,22/03/2026,ST,PENDENTE,,,,,17415-26,,-18.20449986,-54.65234139
SUP-6806-23,22/03/2026,ST,PENDENTE,,,,,17415-26,,-18.2036834,-54.65192192
SUP-6806-23,22/03/2026,ST,PENDENTE,,,,,17415-26,,-18.20274248,-54.65186901
SUP-6806-23,22/03/2026,ST,PENDENTE,,,,,17415-26,,-18.20191514,-54.65148111
SUP-6806-23,22/03/2026,ST,PENDENTE,,,,,17415-26,,-18.20098729,-54.65140459
SUP-6806-23,22/03/2026,ST,PENDENTE,,,,,17415-26,,-18.20009136,-54.65112673
SUP-6806-23,22/03/2026,ST,PENDENTE,,,,,17415-26,,-18.19917789,-54.65125322
SUP-6806-23,22/03/2026,ST,PENDENTE,,,,,17415-26,,-18.19828064,-54.65116881
SUP-6806-23,22/03/2026,ST,PENDENTE,,,,,17415-26,,-18.19758407,-54.65138828
SUP-6806-23,22/03/2026,ST,PENDENTE,,,,,17415-26,,-18.1967112,-54.65138696
SUP-6806-23,22/03/2026,ST,PENDENTE,,,,,17415-26,,-18.19578929,-54.65148583
SUP-6806-23,22/03/2026,ST,PENDENTE,,,,,17415-26,,-18.19521976,-54.65156304
SUP-6806-23,22/03/2026,ST,PENDENTE,,,,,17415-26,,-18.19404613,-54.65174784
SUP-6806-23,22/03/2026,ST,PENDENTE,,,,,17415-26,,-18.19316597,-54.65184925
SUP-6806-23,22/03/2026,ST,PENDENTE,,,,,17415-26,,-18.19224207,-54.65200387
SUP-6806-23,22/03/2026,ST,PENDENTE,,,,,17415-26,,-18.19135172,-54.65223492
SUP-6806-23,22/03/2026,ST,PENDENTE,,,,,17415-26,,-18.19049256,-54.65256342
SUP-6806-23,22/03/2026,ST,PENDENTE,,,,,17415-26,,-18.1895281,-54.65290408
SUP-6806-23,22/03/2026,ST,PENDENTE,,,,,17415-26,,-18.18867121,-54.65314133
SUP-6806-23,22/03/2026,ST,PENDENTE,,,,,17415-26,,-18.18804335,-54.65351775
SUP-6806-23,22/03/2026,ST,PENDENTE,,,,,17415-26,,-18.18716158,-54.6537497
SUP-6806-23,22/03/2026,ST,PENDENTE,,,,,17415-26,,-18.18637588,-54.65414527
SUP-6806-23,22/03/2026,ST,PENDENTE,,,,,17415-26,,-18.1857562,-54.65446969
SUP-6806-23,22/03/2026,ST,PENDENTE,,,,,17415-26,,-18.18353532,-54.65539098
SUP-6806-23,22/03/2026,ST,PENDENTE,,,,,17415-26,,-18.18563108,-54.65412571
SUP-6806-23,22/03/2026,ST,PENDENTE,,,,,17415-26,,-18.18146618,-54.65626511
SUP-6806-23,22/03/2026,ST,PENDENTE,,,,,17415-26,,-18.1806109,-54.65663277
SUP-6806-23,22/03/2026,ST,PENDENTE,,,,,17415-26,,-18.17976648,-54.65700502
SUP-6806-23,22/03/2026,ST,PENDENTE,,,,,17415-26,,-18.17890835,-54.65734903
SUP-6806-23,22/03/2026,ST,PENDENTE,,,,,17415-26,,-18.17806938,-54.65773444
SUP-6806-23,22/03/2026,ST,PENDENTE,,,,,17415-26,,-18.17726168,-54.6581088
SUP-6806-23,22/03/2026,ST,PENDENTE,,,,,17415-26,,-18.17641238,-54.65854113
SUP-6806-23,02/04/2026,ST,PENDENTE,,,,,17416-26,,-18.16355152,-54.66486938
SUP-6806-23,02/04/2026,ST,PENDENTE,,,,,17416-26,,-18.16275063,-54.66533459
SUP-6806-23,02/04/2026,ST,PENDENTE,,,,,17416-26,,-18.15983436,-54.66679514
SUP-6806-23,02/04/2026,ST,PENDENTE,,,,,17416-26,,-18.1619402,-54.6657268
SUP-6806-23,02/04/2026,ST,PENDENTE,,,,,17416-26,,-18.16112964,-54.66613233
SUP-6806-23,02/04/2026,ST,PENDENTE,,,,,17416-26,,-18.16048901,-54.66645852
SUP-6806-23,02/04/2026,ST,PENDENTE,,,,,17416-26,,-18.15851919,-54.66772075
SUP-6806-23,02/04/2026,ST,PENDENTE,,,,,17416-26,,-18.15905002,-54.66725098
SUP-6806-23,02/04/2026,ST,PENDENTE,,,,,17416-26,,-18.15777115,-54.66821805
SUP-6806-23,02/04/2026,ST,PENDENTE,,,,,17416-26,,-18.15706707,-54.66887874
SUP-6806-23,02/04/2026,ST,PENDENTE,,,,,17416-26,,-18.1564853,-54.66961426
SUP-6806-23,02/04/2026,ST,PENDENTE,,,,,17416-26,,-18.15574094,-54.67009987
SUP-6806-23,02/04/2026,ST,PENDENTE,,,,,17416-26,,-18.15517306,-54.67085391
SUP-6806-23,02/04/2026,ST,PENDENTE,,,,,17416-26,,-18.15439257,-54.67134442
SUP-6806-23,02/04/2026,ST,PENDENTE,,,,,17416-26,,-18.15387006,-54.67210966
SUP-6806-23,22/03/2026,ST,PENDENTE,,,,,17419-26,,-18.15600187,-54.66976127
SUP-6806-23,02/04/2026,ST,PENDENTE,,,,,17416-26,,-18.15320084,-54.67269092
SUP-6806-23,02/04/2026,ST,PENDENTE,,,,,17416-26,,-18.15250899,-54.67334363
SUP-6806-23,02/04/2026,ST,PENDENTE,,,,,17416-26,,-18.15761423,-54.6685477
SUP-6806-23,02/04/2026,ST,PENDENTE,,,,,17416-26,,-18.15035544,-54.67515156
SUP-6806-23,02/04/2026,ST,PENDENTE,,,,,17416-26,,-18.14908869,-54.6763863
SUP-6806-23,02/04/2026,ST,PENDENTE,,,,,17416-26,,-18.14808017,-54.67754084
SUP-6806-23,02/04/2026,ST,PENDENTE,,,,,17416-26,,-18.14752707,-54.6782832
SUP-6806-23,02/04/2026,ST,PENDENTE,,,,,17416-26,,-18.14695253,-54.67902979
SUP-6806-23,02/04/2026,ST,PENDENTE,,,,,17416-26,,-18.1463762,-54.67980117
SUP-6806-23,02/04/2026,ST,PENDENTE,,,,,17416-26,,-18.14975703,-54.67573811
SUP-6806-23,02/04/2026,ST,PENDENTE,,,,,17416-26,,-18.1485788,-54.67695566
SUP-6806-23,02/04/2026,ST,PENDENTE,,,,,17416-26,,-18.15103231,-54.67454042
SUP-6806-23,22/03/2026,ST,PENDENTE,,,,,17419-26,,-18.12952281,-54.69896878
SUP-6806-23,22/03/2026,ST,PENDENTE,,,,,17419-26,,-18.12874521,-54.69944295
SUP-6806-23,22/03/2026,ST,PENDENTE,,,,,17419-26,,-18.1283546,-54.69975239
SUP-6806-23,22/03/2026,ST,PENDENTE,,,,,17419-26,,-18.12750381,-54.70007137
SUP-6806-23,22/03/2026,ST,PENDENTE,,,,,17406-26,,-18.1191293,-54.69965818
SUP-6806-23,22/03/2026,ST,PENDENTE,,,,,17413-26,,-18.11913484,-54.69964553
SUP-6806-23,22/03/2026,ST,PENDENTE,,,,,17406-26,,-18.11823057,-54.69948228
SUP-6806-23,22/03/2026,ST,PENDENTE,,,,,17413-26,,-18.11823082,-54.69949618
SUP-6806-23,22/03/2026,ST,PENDENTE,,,,,17406-26,,-18.11734399,-54.69932634
SUP-6806-23,22/03/2026,ST,PENDENTE,,,,,17413-26,,-18.11732873,-54.69933291
SUP-6806-23,22/03/2026,ST,PENDENTE,,,,,17406-26,,-18.11643306,-54.69918831
SUP-6806-23,22/03/2026,ST,PENDENTE,,,,,17413-26,,-18.11642755,-54.69917146
SUP-6806-23,22/03/2026,ST,PENDENTE,,,,,17406-26,,-18.11554418,-54.69904825
SUP-6806-23,22/03/2026,ST,PENDENTE,,,,,17413-26,,-18.11552883,-54.69902195
SUP-6806-23,22/03/2026,ST,PENDENTE,,,,,17406-26,,-18.11466537,-54.69888087
SUP-6806-23,22/03/2026,ST,PENDENTE,,,,,17413-26,,-18.11463535,-54.698893
SUP-6806-23,22/03/2026,ST,PENDENTE,,,,,17406-26,,-18.11376196,-54.69872389
SUP-6806-23,22/03/2026,ST,PENDENTE,,,,,17413-26,,-18.1113427,-54.69830548
SUP-6806-23,22/03/2026,ST,PENDENTE,,,,,17406-26,,-18.11286626,-54.69856238
SUP-6806-23,22/03/2026,ST,PENDENTE,,,,,17413-26,,-18.11045194,-54.69817161
SUP-6806-23,22/03/2026,ST,PENDENTE,,,,,17406-26,,-18.11193794,-54.69841194
SUP-6806-23,22/03/2026,ST,PENDENTE,,,,,17413-26,,-18.10948617,-54.69799418
SUP-6806-23,22/03/2026,ST,PENDENTE,,,,,17406-26,,-18.11104854,-54.69826103
SUP-6806-23,22/03/2026,ST,PENDENTE,,,,,17413-26,,-18.11374772,-54.69870416
SUP-6806-23,22/03/2026,ST,PENDENTE,,,,,17406-26,,-18.1101582,-54.69811886
SUP-6806-23,22/03/2026,ST,PENDENTE,,,,,17413-26,,-18.11283159,-54.69854536
SUP-6806-23,22/03/2026,ST,PENDENTE,,,,,17406-26,,-18.10925914,-54.69798803
SUP-6806-23,22/03/2026,ST,PENDENTE,,,,,17413-26,,-18.11212829,-54.69841911
SUP-6806-23,22/03/2026,ST,PENDENTE,,,,,17406-26,,-18.10837089,-54.69782186
SUP-6806-23,22/03/2026,ST,PENDENTE,,,,,17413-26,,-18.10705618,-54.69760771
SUP-6806-23,22/03/2026,ST,PENDENTE,,,,,17406-26,,-18.10745586,-54.69769283
SUP-6806-23,22/03/2026,ST,PENDENTE,,,,,17413-26,,-18.10616142,-54.6974581
SUP-6806-23,22/03/2026,ST,PENDENTE,,,,,17406-26,,-18.10655808,-54.69752272
SUP-6806-23,22/03/2026,ST,PENDENTE,,,,,17413-26,,-18.10524485,-54.69727297
SUP-6806-23,22/03/2026,ST,PENDENTE,,,,,17406-26,,-18.10561928,-54.69737394
SUP-6806-23,22/03/2026,ST,PENDENTE,,,,,17413-26,,-18.10435831,-54.69712565
SUP-6806-23,22/03/2026,ST,PENDENTE,,,,,17406-26,,-18.10384437,-54.69703921
SUP-6806-23,22/03/2026,ST,PENDENTE,,,,,17413-26,,-18.10346419,-54.69697719
SUP-6806-23,22/03/2026,ST,PENDENTE,,,,,17406-26,,-18.10294152,-54.69687924
SUP-6806-23,22/03/2026,ST,PENDENTE,,,,,17413-26,,-18.10257009,-54.69682091
SUP-6806-23,22/03/2026,ST,PENDENTE,,,,,17406-26,,-18.10204587,-54.69675175
SUP-6806-23,22/03/2026,ST,PENDENTE,,,,,17413-26,,-18.10176529,-54.69668546
SUP-6806-23,22/03/2026,ST,PENDENTE,,,,,17413-26,,-18.10857892,-54.69780805
SUP-6806-23,22/03/2026,ST,PENDENTE,,,,,17413-26,,-18.10782482,-54.6976843
SUP-6806-23,22/03/2026,ST,PENDENTE,,,,,17413-26,,-18.09497786,-54.69537045
SUP-6806-23,22/03/2026,ST,PENDENTE,,,,,17413-26,,-18.09171514,-54.69479378
SUP-6806-23,22/03/2026,ST,PENDENTE,,,,,17413-26,,-18.0940582,-54.69522444
SUP-6806-23,22/03/2026,ST,PENDENTE,,,,,17413-26,,-18.09130419,-54.69455182
SUP-6806-23,22/03/2026,ST,PENDENTE,,,,,17413-26,,-18.0904313,-54.6944918
SUP-6806-23,22/03/2026,ST,PENDENTE,,,,,17413-26,,-18.08950883,-54.69444991
SUP-6806-23,22/03/2026,ST,PENDENTE,,,,,17413-26,,-18.08863027,-54.69427724
SUP-6806-23,22/03/2026,ST,PENDENTE,,,,,17412-26,,-18.07723662,-54.69249483
SUP-6806-23,22/03/2026,ST,PENDENTE,,,,,17412-26,,-18.07633923,-54.69233197
SUP-6806-23,22/03/2026,ST,PENDENTE,,,,,17412-26,,-18.07543395,-54.69220568
SUP-6806-23,22/03/2026,ST,PENDENTE,,,,,17412-26,,-18.07453227,-54.69206547
SUP-6806-23,22/03/2026,ST,PENDENTE,,,,,17412-26,,-18.07364047,-54.69188516
SUP-6806-23,22/03/2026,ST,PENDENTE,,,,,17412-26,,-18.07274728,-54.69172283
SUP-6806-23,22/03/2026,ST,PENDENTE,,,,,17412-26,,-18.07188004,-54.69155404
SUP-6806-23,22/03/2026,ST,PENDENTE,,,,,17412-26,,-18.07098791,-54.69142059
SUP-6806-23,22/03/2026,ST,PENDENTE,,,,,17412-26,,-18.07009417,-54.69127235
SUP-6806-23,22/03/2026,ST,PENDENTE,,,,,17412-26,,-18.06919917,-54.69111924
SUP-6806-23,22/03/2026,ST,PENDENTE,,,,,17412-26,,-18.06827723,-54.69096542
SUP-6806-23,22/03/2026,ST,PENDENTE,,,,,17412-26,,-18.06739848,-54.69084476
SUP-6806-23,22/03/2026,ST,PENDENTE,,,,,17412-26,,-18.06648799,-54.69067466
SUP-6806-23,22/03/2026,ST,PENDENTE,,,,,17412-26,,-18.06560424,-54.6905106
SUP-6806-23,22/03/2026,ST,PENDENTE,,,,,17412-26,,-18.06471393,-54.69034888
SUP-6806-23,22/03/2026,ST,PENDENTE,,,,,17412-26,,-18.06382338,-54.69019466
SUP-6806-23,22/03/2026,ST,PENDENTE,,,,,17412-26,,-18.06293293,-54.69004194
SUP-6806-23,22/03/2026,ST,PENDENTE,,,,,17412-26,,-18.0621736,-54.68991619
SUP-6806-23,22/03/2026,ST,PENDENTE,,,,,17412-26,,-18.06127466,-54.68975144
SUP-6806-23,22/03/2026,ST,PENDENTE,,,,,17412-26,,-18.06037642,-54.68959888
SUP-6806-23,22/03/2026,ST,PENDENTE,,,,,17412-26,,-18.0594825,-54.68944962
SUP-6806-23,22/03/2026,ST,PENDENTE,,,,,17412-26,,-18.05858821,-54.68931237
SUP-6806-23,22/03/2026,ST,PENDENTE,,,,,17417-26,,-18.02804058,-54.68402688
SUP-6806-23,22/03/2026,ST,PENDENTE,,,,,17417-26,,-18.02712177,-54.68389337
SUP-6806-23,22/03/2026,ST,PENDENTE,,,,,17417-26,,-18.02623058,-54.68373876
SUP-6806-23,22/03/2026,ST,PENDENTE,,,,,17417-26,,-18.02534858,-54.68357631
SUP-6806-23,22/03/2026,ST,PENDENTE,,,,,17417-26,,-18.02447991,-54.68341948
SUP-6806-23,22/03/2026,ST,PENDENTE,,,,,17417-26,,-18.02358953,-54.6832641
SUP-6806-23,22/03/2026,ST,PENDENTE,,,,,17417-26,,-18.02269852,-54.68310902
SUP-6806-23,22/03/2026,ST,PENDENTE,,,,,17417-26,,-18.02178719,-54.68296918
SUP-6806-23,22/03/2026,ST,PENDENTE,,,,,17417-26,,-18.02088269,-54.68284276
SUP-6806-23,22/03/2026,ST,PENDENTE,,,,,17417-26,,-18.0198978,-54.68264637
SUP-6806-23,22/03/2026,ST,PENDENTE,,,,,17417-26,,-18.01614266,-54.68160042
SUP-6806-23,22/03/2026,ST,PENDENTE,,,,,17417-26,,-18.01525643,-54.68139492
SUP-6806-23,22/03/2026,ST,PENDENTE,,,,,17417-26,,-18.01435842,-54.68117324
SUP-6806-23,22/03/2026,ST,PENDENTE,,,,,17417-26,,-18.01348316,-54.68096447
SUP-6806-23,22/03/2026,ST,PENDENTE,,,,,17417-26,,-18.01259212,-54.68075798
SUP-6806-23,22/03/2026,ST,PENDENTE,,,,,17417-26,,-18.01169389,-54.68054689
SUP-6806-23,22/03/2026,ST,PENDENTE,,,,,17417-26,,-18.01081206,-54.68033754
SUP-6806-23,22/03/2026,ST,PENDENTE,,,,,17417-26,,-18.00992029,-54.68012535
SUP-6806-23,22/03/2026,ST,PENDENTE,,,,,17417-26,,-18.00903357,-54.67989206
SUP-6806-23,22/03/2026,ST,PENDENTE,,,,,17417-26,,-18.00815373,-54.67969687
SUP-6806-23,22/03/2026,ST,PENDENTE,,,,,17417-26,,-18.00726072,-54.67952629
SUP-6806-23,22/03/2026,ST,PENDENTE,,,,,17417-26,,-18.00636339,-54.67939342
SUP-6806-23,22/03/2026,ST,PENDENTE,,,,,17419-26,,-18.00877471,-54.67972867
SUP-6806-23,22/03/2026,ST,PENDENTE,,,,,17417-26,,-18.00545609,-54.67931548
SUP-6806-23,22/03/2026,ST,PENDENTE,,,,,17417-26,,-18.00455515,-54.6792676
SUP-6806-23,22/03/2026,ST,PENDENTE,,,,,17417-26,,-17.99902943,-54.67920279
SUP-6806-23,22/03/2026,ST,PENDENTE,,,,,17417-26,,-17.99813563,-54.67918368
SUP-6806-23,22/03/2026,ST,PENDENTE,,,,,17417-26,,-17.99721351,-54.67915078
SUP-6806-23,22/03/2026,ST,PENDENTE,,,,,17417-26,,-17.99632013,-54.6791244
SUP-6806-23,22/03/2026,ST,PENDENTE,,,,,17417-26,,-17.99541886,-54.6790882
SUP-6806-23,22/03/2026,ST,PENDENTE,,,,,17417-26,,-17.99451101,-54.67905747
SUP-6806-23,22/03/2026,ST,PENDENTE,,,,,17417-26,,-17.99361463,-54.67902524
SUP-6806-23,22/03/2026,ST,PENDENTE,,,,,17417-26,,-17.99270059,-54.67898856
SUP-6806-23,22/03/2026,ST,PENDENTE,,,,,17417-26,,-17.99179775,-54.67895932
SUP-6806-23,22/03/2026,ST,PENDENTE,,,,,17417-26,,-17.99089592,-54.6789272
SUP-6806-23,22/03/2026,ST,PENDENTE,,,,,17417-26,,-17.99000001,-54.67888763
SUP-6806-23,22/03/2026,ST,PENDENTE,,,,,17417-26,,-17.98910485,-54.67886115
SUP-6806-23,22/03/2026,ST,PENDENTE,,,,,17417-26,,-17.9877631,-54.67880616
SUP-6806-23,22/03/2026,ST,PENDENTE,,,,,17417-26,,-17.98686134,-54.67875902
SUP-6806-23,22/03/2026,ST,PENDENTE,,,,,17417-26,,-17.98596223,-54.67873147
SUP-6806-23,22/03/2026,ST,PENDENTE,,,,,17417-26,,-17.98504532,-54.6787005
SUP-6806-23,22/03/2026,ST,PENDENTE,,,,,17417-26,,-17.98419504,-54.67867428
SUP-6806-23,22/03/2026,ST,PENDENTE,,,,,17417-26,,-17.98328864,-54.67864033
SUP-6806-23,22/03/2026,ST,PENDENTE,,,,,17417-26,,-17.98236748,-54.67862734
SUP-6806-23,22/03/2026,ST,PENDENTE,,,,,17417-26,,-17.98148346,-54.67855745
SUP-6806-23,22/03/2026,ST,PENDENTE,,,,,17417-26,,-17.98055646,-54.67853408
SUP-6806-23,22/03/2026,ST,PENDENTE,,,,,17417-26,,-17.97963206,-54.6784825
SUP-6806-23,22/03/2026,ST,PENDENTE,,,,,17417-26,,-17.97872428,-54.67821897
SUP-6806-23,22/03/2026,ST,PENDENTE,,,,,17417-26,,-17.97780884,-54.67841206
SUP-6806-23,22/03/2026,ST,PENDENTE,,,,,17417-26,,-17.97740134,-54.678258
SUP-6806-23,22/03/2026,ST,PENDENTE,,,,,17417-26,,-17.97650428,-54.67839258
SUP-6806-23,22/03/2026,ST,PENDENTE,,,,,17417-26,,-17.9756384,-54.67810938
SUP-6806-23,22/03/2026,ST,PENDENTE,,,,,17419-26,,-17.97511363,-54.67795028
SUP-6806-23,22/03/2026,ST,PENDENTE,,,,,17417-26,,-17.97475512,-54.67832306
SUP-6806-23,22/03/2026,ST,PENDENTE,,,,,17417-26,,-17.97388248,-54.67799505
SUP-6806-23,22/03/2026,ST,PENDENTE,,,,,17417-26,,-17.97305749,-54.67825352
SUP-6806-23,22/03/2026,ST,PENDENTE,,,,,17417-26,,-17.97257617,-54.67806017
SUP-6806-23,22/03/2026,ST,PENDENTE,,,,,17417-26,,-17.97143276,-54.67820458
SUP-6806-23,22/03/2026,ST,PENDENTE,,,,,17417-26,,-17.97043455,-54.67801968
SUP-6806-23,22/03/2026,ST,PENDENTE,,,,,17417-26,,-17.96963438,-54.67795255
SUP-6806-23,22/03/2026,ST,PENDENTE,,,,,17417-26,,-17.96872972,-54.67810425
SUP-6806-23,22/03/2026,ST,PENDENTE,,,,,17417-26,,-17.96612265,-54.67799982
SUP-6806-23,22/03/2026,ST,PENDENTE,,,,,17417-26,,-17.97202541,-54.67788991
SUP-6806-23,22/03/2026,ST,PENDENTE,,,,,17417-26,,-17.96777999,-54.67804575
SUP-6806-23,22/03/2026,ST,PENDENTE,,,,,17417-26,,-17.96687528,-54.67803234
SUP-6806-23,22/03/2026,ST,PENDENTE,,,,,17417-26,,-17.96519618,-54.67798509
SUP-6806-23,22/03/2026,ST,PENDENTE,,,,,17417-26,,-17.96429139,-54.67802444
SUP-6806-23,22/03/2026,ST,PENDENTE,,,,,17417-26,,-17.96339023,-54.67815849
SUP-6806-23,22/03/2026,ST,PENDENTE,,,,,17417-26,,-17.9624966,-54.67836027
SUP-6806-23,22/03/2026,ST,PENDENTE,,,,,17417-26,,-17.96160666,-54.67856685
SUP-6806-23,22/03/2026,ST,PENDENTE,,,,,17417-26,,-17.96086107,-54.67875176
SUP-6806-23,22/03/2026,ST,PENDENTE,,,,,17417-26,,-17.95998248,-54.6789499
SUP-6806-23,22/03/2026,ST,PENDENTE,,,,,17417-26,,-17.95909163,-54.67916308
SUP-6806-23,22/03/2026,ST,PENDENTE,,,,,17417-26,,-17.9581886,-54.67938106
SUP-6806-23,22/03/2026,ST,PENDENTE,,,,,17417-26,,-17.95731531,-54.67959283
SUP-6806-23,22/03/2026,ST,PENDENTE,,,,,17417-26,,-17.95642484,-54.67980124
SUP-6806-23,22/03/2026,ST,PENDENTE,,,,,17417-26,,-17.93407068,-54.68509113
SUP-6806-23,22/03/2026,ST,PENDENTE,,,,,17417-26,,-17.93318075,-54.6852983
SUP-6806-23,22/03/2026,ST,PENDENTE,,,,,17417-26,,-17.93227117,-54.68538247
SUP-6806-23,22/03/2026,ST,PENDENTE,,,,,17417-26,,-17.93143132,-54.68571533
SUP-6806-23,22/03/2026,ST,PENDENTE,,,,,17417-26,,-17.93053429,-54.68560315
SUP-6806-23,22/03/2026,ST,PENDENTE,,,,,17417-26,,-17.92983067,-54.68591435
SUP-6806-23,22/03/2026,ST,PENDENTE,,,,,17417-26,,-17.928909,-54.68631354
SUP-6806-23,22/03/2026,ST,PENDENTE,,,,,17417-26,,-17.9280143,-54.68628138
SUP-6806-23,22/03/2026,ST,PENDENTE,,,,,17417-26,,-17.92719011,-54.68672395
SUP-6806-23,22/03/2026,ST,PENDENTE,,,,,17417-26,,-17.92628944,-54.68662288
SUP-6806-23,22/03/2026,ST,PENDENTE,,,,,17417-26,,-17.92507787,-54.68700847
SUP-6806-23,22/03/2026,ST,PENDENTE,,,,,17417-26,,-17.92425678,-54.68740913
SUP-6806-23,22/03/2026,ST,PENDENTE,,,,,17417-26,,-17.92335372,-54.68744943
SUP-6806-23,22/03/2026,ST,PENDENTE,,,,,17417-26,,-17.92224707,-54.68773136
SUP-6806-23,22/03/2026,ST,PENDENTE,,,,,17419-26,,-17.92748468,-54.68679328
SUP-6806-23,22/03/2026,ST,PENDENTE,,,,,17417-26,,-17.92572168,-54.68696068
SUP-6806-23,22/03/2026,ST,PENDENTE,,,,,17417-26,,-17.92288144,-54.68769966
SUP-6806-23,12/03/2026,ST,PENDENTE,,,,,17354-26,,-17.91296106,-54.68992135
SUP-6806-23,22/03/2026,ST,PENDENTE,,,,,17417-26,,-17.92138536,-54.68809249
SUP-6806-23,22/03/2026,ST,PENDENTE,,,,,17417-26,,-17.92049908,-54.68830342
SUP-6806-23,22/03/2026,ST,PENDENTE,,,,,17417-26,,-17.91981541,-54.68847762
SUP-6806-23,12/03/2026,ST,PENDENTE,,,,,17354-26,,-17.91208786,-54.6901765
SUP-6806-23,12/03/2026,ST,PENDENTE,,,,,17354-26,,-17.90751787,-54.69123089
SUP-6806-23,12/03/2026,ST,PENDENTE,,,,,17354-26,,-17.90661525,-54.69145543
SUP-6806-23,12/03/2026,ST,PENDENTE,,,,,17354-26,,-17.90573578,-54.69165412
SUP-6806-23,12/03/2026,ST,PENDENTE,,,,,17354-26,,-17.90838642,-54.6910355
SUP-6806-23,12/03/2026,ST,PENDENTE,,,,,17354-26,,-17.90709061,-54.69144855
SUP-6806-23,12/03/2026,ST,PENDENTE,,,,,17354-26,,-17.90536151,-54.69188607
SUP-6806-23,12/03/2026,ST,PENDENTE,,,,,17354-26,,-17.90486501,-54.69191137
SUP-6806-23,22/03/2026,ST,PENDENTE,,,,,17419-26,,-17.90661899,-54.69159464
SUP-6806-23,22/03/2026,ST,PENDENTE,,,,,17419-26,,-17.90573519,-54.69180731
SUP-6806-23,22/03/2026,ST,PENDENTE,,,,,17419-26,,-17.90527618,-54.69194133
SUP-6806-23,22/03/2026,ST,PENDENTE,,,,,17419-26,,-17.90437829,-54.69198575
SUP-6806-23,12/03/2026,ST,PENDENTE,,,,,17354-26,,-17.90393689,-54.69186612
SUP-6806-23,12/03/2026,ST,PENDENTE,,,,,17354-26,,-17.90319457,-54.69184993
SUP-6806-23,12/03/2026,ST,PENDENTE,,,,,17354-26,,-17.90228777,-54.69183744
SUP-6806-23,12/03/2026,ST,PENDENTE,,,,,17354-26,,-17.90137792,-54.69181941
SUP-6806-23,12/03/2026,ST,PENDENTE,,,,,17354-26,,-17.89956787,-54.69177624
SUP-6806-23,12/03/2026,ST,PENDENTE,,,,,17354-26,,-17.89865763,-54.69176182
SUP-6806-23,12/03/2026,ST,PENDENTE,,,,,17354-26,,-17.89774149,-54.69173904
SUP-6806-23,12/03/2026,ST,PENDENTE,,,,,17354-26,,-17.89683616,-54.69171671
SUP-6806-23,12/03/2026,ST,PENDENTE,,,,,17354-26,,-17.90047387,-54.69180781
SUP-6806-23,12/03/2026,ST,PENDENTE,,,,,17354-26,,-17.89592027,-54.69171577
SUP-6806-23,12/03/2026,ST,PENDENTE,,,,,17354-26,,-17.89504603,-54.69169014
SUP-6806-23,12/03/2026,ST,PENDENTE,,,,,17354-26,,-17.89415026,-54.69167197
SUP-6806-23,12/03/2026,ST,PENDENTE,,,,,17354-26,,-17.89322713,-54.69164908
SUP-6806-23,12/03/2026,ST,PENDENTE,,,,,17354-26,,-17.89232235,-54.69162578
SUP-6806-23,12/03/2026,ST,PENDENTE,,,,,17354-26,,-17.89082089,-54.69161195
SUP-6806-23,12/03/2026,ST,PENDENTE,,,,,17354-26,,-17.88998822,-54.691592
SUP-6806-23,12/03/2026,ST,PENDENTE,,,,,17354-26,,-17.88908754,-54.69157016
SUP-6806-23,12/03/2026,ST,PENDENTE,,,,,17354-26,,-17.88730203,-54.69154786
SUP-6806-23,12/03/2026,ST,PENDENTE,,,,,17354-26,,-17.89159257,-54.69163024
SUP-6806-23,12/03/2026,ST,PENDENTE,,,,,17354-26,,-17.88818641,-54.69156109
SUP-6806-23,12/03/2026,ST,PENDENTE,,,,,17354-26,,-17.88515366,-54.69166051
SUP-6806-23,12/03/2026,ST,PENDENTE,,,,,17354-26,,-17.88425362,-54.69179546
SUP-6806-23,12/03/2026,ST,PENDENTE,,,,,17354-26,,-17.88247662,-54.69219257
SUP-6806-23,12/03/2026,ST,PENDENTE,,,,,17354-26,,-17.88091001,-54.69269475
SUP-6806-23,12/03/2026,ST,PENDENTE,,,,,17354-26,,-17.87981088,-54.69311331
SUP-6806-23,12/03/2026,ST,PENDENTE,,,,,17354-26,,-17.87820964,-54.69373169
SUP-6806-23,12/03/2026,ST,PENDENTE,,,,,17354-26,,-17.88334984,-54.69198211
SUP-6806-23,12/03/2026,ST,PENDENTE,,,,,17354-26,,-17.88168418,-54.69243759
SUP-6806-23,12/03/2026,ST,PENDENTE,,,,,17354-26,,-17.88036204,-54.69291692
SUP-6806-23,12/03/2026,ST,PENDENTE,,,,,17354-26,,-17.87898627,-54.6934441
SUP-6806-23,12/03/2026,ST,PENDENTE,,,,,17354-26,,-17.87735551,-54.69405376
SUP-6806-23,12/03/2026,ST,PENDENTE,,,,,17354-26,,-17.87650011,-54.6943851
SUP-6806-23,12/03/2026,ST,PENDENTE,,,,,17354-26,,-17.87574238,-54.69467777
SUP-6806-23,12/03/2026,ST,PENDENTE,,,,,17354-26,,-17.87404765,-54.69532925
SUP-6806-23,12/03/2026,ST,PENDENTE,,,,,17354-26,,-17.87321334,-54.69565196
SUP-6806-23,12/03/2026,ST,PENDENTE,,,,,17354-26,,-17.8723558,-54.69597225
SUP-6806-23,12/03/2026,ST,PENDENTE,,,,,17354-26,,-17.87150668,-54.69631316
SUP-6806-23,12/03/2026,ST,PENDENTE,,,,,17354-26,,-17.86979767,-54.69697493
SUP-6806-23,12/03/2026,ST,PENDENTE,,,,,17354-26,,-17.86893052,-54.69729981
SUP-6806-23,12/03/2026,ST,PENDENTE,,,,,17354-26,,-17.87489518,-54.69503456
SUP-6806-23,12/03/2026,ST,PENDENTE,,,,,17354-26,,-17.87064172,-54.6966459
SUP-6806-23,12/03/2026,ST,PENDENTE,,,,,17354-26,,-17.86808314,-54.69762759
SUP-6806-23,12/03/2026,ST,PENDENTE,,,,,17354-26,,-17.86723794,-54.69794993
SUP-6806-23,12/03/2026,ST,PENDENTE,,,,,17354-26,,-17.86551894,-54.69860992
SUP-6806-23,12/03/2026,ST,PENDENTE,,,,,17354-26,,-17.86466484,-54.69893733
SUP-6806-23,12/03/2026,ST,PENDENTE,,,,,17354-26,,-17.8638151,-54.6992633
SUP-6806-23,12/03/2026,ST,PENDENTE,,,,,17354-26,,-17.86295692,-54.69959314
SUP-6806-23,12/03/2026,ST,PENDENTE,,,,,17354-26,,-17.86124646,-54.70024759
SUP-6806-23,12/03/2026,ST,PENDENTE,,,,,17354-26,,-17.86040397,-54.70044349
SUP-6806-23,12/03/2026,ST,PENDENTE,,,,,17354-26,,-17.86638836,-54.69826658
SUP-6806-23,12/03/2026,ST,PENDENTE,,,,,17354-26,,-17.86210832,-54.69992524
SUP-6806-23,12/03/2026,ST,PENDENTE,,,,,17354-26,,-17.85959202,-54.70087212
SUP-6806-23,12/03/2026,ST,PENDENTE,,,,,17354-26,,-17.858738,-54.70121594
SUP-6806-23,12/03/2026,ST,PENDENTE,,,,,17354-26,,-17.85701911,-54.70186919
SUP-6806-23,12/03/2026,ST,PENDENTE,,,,,17354-26,,-17.85616719,-54.70220219
SUP-6806-23,12/03/2026,ST,PENDENTE,,,,,17354-26,,-17.85531385,-54.7025254
SUP-6806-23,12/03/2026,ST,PENDENTE,,,,,17354-26,,-17.85445092,-54.70285788
SUP-6806-23,12/03/2026,ST,PENDENTE,,,,,17354-26,,-17.85787308,-54.70155494
SUP-6806-23,12/03/2026,ST,PENDENTE,,,,,17359-26,,-17.8449668,-54.70798009
SUP-6806-23,12/03/2026,ST,PENDENTE,,,,,17359-26,,-17.84425853,-54.70857777
SUP-6806-23,12/03/2026,ST,PENDENTE,,,,,17359-26,,-17.84366573,-54.70928918
SUP-6806-23,12/03/2026,ST,PENDENTE,,,,,17359-26,,-17.84340442,-54.70917652
SUP-6806-23,12/03/2026,ST,PENDENTE,,,,,17359-26,,-17.84294039,-54.7100073
SUP-6806-23,12/03/2026,ST,PENDENTE,,,,,17359-26,,-17.84213454,-54.71042599
SUP-6806-23,12/03/2026,ST,PENDENTE,,,,,17359-26,,-17.84143829,-54.71102251
SUP-6806-23,12/03/2026,ST,PENDENTE,,,,,17359-26,,-17.84072702,-54.71162803
SUP-6806-23,12/03/2026,ST,PENDENTE,,,,,17359-26,,-17.84002724,-54.71223086
SUP-6806-23,12/03/2026,ST,PENDENTE,,,,,17359-26,,-17.83932505,-54.71283698
SUP-6806-23,12/03/2026,ST,PENDENTE,,,,,17359-26,,-17.83793205,-54.71404252
SUP-6806-23,12/03/2026,ST,PENDENTE,,,,,17359-26,,-17.83863724,-54.71344047
SUP-6806-23,12/03/2026,ST,PENDENTE,,,,,17359-26,,-17.83723506,-54.71465386
SUP-6806-23,12/03/2026,ST,PENDENTE,,,,,17359-26,,-17.83686187,-54.71455516
SUP-6806-23,12/03/2026,ST,PENDENTE,,,,,17359-26,,-17.83646298,-54.71522811
SUP-6806-23,12/03/2026,ST,PENDENTE,,,,,17359-26,,-17.83580328,-54.71586671
SUP-6806-23,12/03/2026,ST,PENDENTE,,,,,17359-26,,-17.83510814,-54.71646516
SUP-6806-23,12/03/2026,ST,PENDENTE,,,,,17359-26,,-17.8337149,-54.71767343
SUP-6806-23,12/03/2026,ST,PENDENTE,,,,,17359-26,,-17.83301354,-54.71827204
SUP-6806-23,12/03/2026,ST,PENDENTE,,,,,17359-26,,-17.83231524,-54.71887526
SUP-6806-23,12/03/2026,ST,PENDENTE,,,,,17359-26,,-17.83161487,-54.71947827
SUP-6806-23,12/03/2026,ST,PENDENTE,,,,,17359-26,,-17.83090147,-54.72008445
SUP-6806-23,12/03/2026,ST,PENDENTE,,,,,17359-26,,-17.83440714,-54.71706895
SUP-6806-23,12/03/2026,ST,PENDENTE,,,,,17359-26,,-17.83021716,-54.72068147
SUP-6806-23,12/03/2026,ST,PENDENTE,,,,,17359-26,,-17.82951227,-54.72127748
SUP-6806-23,12/03/2026,ST,PENDENTE,,,,,17359-26,,-17.82882853,-54.72187411
SUP-6806-23,12/03/2026,ST,PENDENTE,,,,,17359-26,,-17.82812305,-54.72247892
SUP-6806-23,12/03/2026,ST,PENDENTE,,,,,17359-26,,-17.8267168,-54.72368732
SUP-6806-23,12/03/2026,ST,PENDENTE,,,,,17359-26,,-17.82602599,-54.72428895
SUP-6806-23,12/03/2026,ST,PENDENTE,,,,,17359-26,,-17.82532786,-54.72489122
SUP-6806-23,12/03/2026,ST,PENDENTE,,,,,17359-26,,-17.82463261,-54.72548526
SUP-6806-23,12/03/2026,ST,PENDENTE,,,,,17359-26,,-17.8274225,-54.72307119
SUP-6806-23,12/03/2026,ST,PENDENTE,,,,,17359-26,,-17.82391659,-54.72607701
SUP-6806-23,12/03/2026,ST,PENDENTE,,,,,17359-26,,-17.82323836,-54.72668773
SUP-6806-23,12/03/2026,ST,PENDENTE,,,,,17359-26,,-17.82253657,-54.72729166
SUP-6806-23,12/03/2026,ST,PENDENTE,,,,,17359-26,,-17.82182466,-54.72788678
SUP-6806-23,12/03/2026,ST,PENDENTE,,,,,17359-26,,-17.82114965,-54.72848365
SUP-6806-23,12/03/2026,ST,PENDENTE,,,,,17359-26,,-17.81973434,-54.72967259
SUP-6806-23,12/03/2026,ST,PENDENTE,,,,,17359-26,,-17.81897469,-54.73018667
SUP-6806-23,12/03/2026,ST,PENDENTE,,,,,17359-26,,-17.81816466,-54.73061044
SUP-6806-23,12/03/2026,ST,PENDENTE,,,,,17359-26,,-17.81733438,-54.730999
SUP-6806-23,12/03/2026,ST,PENDENTE,,,,,17359-26,,-17.82043772,-54.72908237
SUP-6806-23,12/03/2026,ST,PENDENTE,,,,,17359-26,,-17.81650825,-54.73140488
SUP-6806-23,12/03/2026,ST,PENDENTE,,,,,17359-26,,-17.81571257,-54.73179558
SUP-6806-23,12/03/2026,ST,PENDENTE,,,,,17359-26,,-17.81488457,-54.73218317
SUP-6806-23,12/03/2026,ST,PENDENTE,,,,,17359-26,,-17.81405451,-54.73257227
SUP-6806-23,12/03/2026,ST,PENDENTE,,,,,17359-26,,-17.81323363,-54.73296818
SUP-6806-23,12/03/2026,ST,PENDENTE,,,,,17359-26,,-17.81158384,-54.73375066
SUP-6806-23,12/03/2026,ST,PENDENTE,,,,,17359-26,,-17.8107752,-54.73413949
SUP-6806-23,12/03/2026,ST,PENDENTE,,,,,17359-26,,-17.81000768,-54.73464942
SUP-6806-23,12/03/2026,ST,PENDENTE,,,,,17359-26,,-17.80942484,-54.73502248
SUP-6806-23,12/03/2026,ST,PENDENTE,,,,,17359-26,,-17.8091501,-54.73491056
SUP-6806-23,12/03/2026,ST,PENDENTE,,,,,17359-26,,-17.80838875,-54.7354022
SUP-6806-23,12/03/2026,ST,PENDENTE,,,,,17359-26,,-17.81239372,-54.73335242
SUP-6806-23,12/03/2026,ST,PENDENTE,,,,,17359-26,,-17.80714715,-54.73581229
SUP-6806-23,12/03/2026,ST,PENDENTE,,,,,17359-26,,-17.80629619,-54.7360874
SUP-6806-23,12/03/2026,ST,PENDENTE,,,,,17359-26,,-17.80546044,-54.73640842
SUP-6806-23,12/03/2026,ST,PENDENTE,,,,,17359-26,,-17.80547536,-54.73662234
SUP-6806-23,12/03/2026,ST,PENDENTE,,,,,17359-26,,-17.80480976,-54.73672316
SUP-6806-23,12/03/2026,ST,PENDENTE,,,,,17359-26,,-17.80386289,-54.73728628
SUP-6806-23,12/03/2026,ST,PENDENTE,,,,,17359-26,,-17.80317194,-54.73793046
SUP-6806-23,12/03/2026,ST,PENDENTE,,,,,17359-26,,-17.80290143,-54.73812162
SUP-6806-23,12/03/2026,ST,PENDENTE,,,,,17359-26,,-17.80227855,-54.73805033
SUP-6806-23,12/03/2026,ST,PENDENTE,,,,,17359-26,,-17.80142241,-54.73842
SUP-6806-23,12/03/2026,ST,PENDENTE,,,,,17359-26,,-17.80057649,-54.73875446
SUP-6806-23,12/03/2026,ST,PENDENTE,,,,,17359-26,,-17.79998802,-54.73923299
SUP-6806-23,12/03/2026,ST,PENDENTE,,,,,17359-26,,-17.79973799,-54.73913199
SUP-6806-23,12/03/2026,ST,PENDENTE,,,,,17359-26,,-17.7989554,-54.73959729
SUP-6806-23,12/03/2026,ST,PENDENTE,,,,,17359-26,,-17.79818246,-54.74010283
SUP-6806-23,12/03/2026,ST,PENDENTE,,,,,17359-26,,-17.7765328,-54.74876057
SUP-6806-23,12/03/2026,ST,PENDENTE,,,,,17359-26,,-17.77563318,-54.74879594
SUP-6806-23,12/03/2026,ST,PENDENTE,,,,,17359-26,,-17.77521312,-54.74875324
SUP-6806-23,12/03/2026,ST,PENDENTE,,,,,17359-26,,-17.77429881,-54.74897642
SUP-6806-23,12/03/2026,ST,PENDENTE,,,,,17359-26,,-17.77410534,-54.74923528
SUP-6806-23,12/03/2026,ST,PENDENTE,,,,,17359-26,,-17.77342422,-54.74918613
SUP-6806-23,12/03/2026,ST,PENDENTE,,,,,17359-26,,-17.77256508,-54.74949466
SUP-6806-23,12/03/2026,ST,PENDENTE,,,,,17360-26,,-17.75711442,-54.75251704
SUP-6806-23,12/03/2026,ST,PENDENTE,,,,,17360-26,,-17.75622021,-54.75269865
SUP-6806-23,12/03/2026,ST,PENDENTE,,,,,17360-26,,-17.75533382,-54.75286815
SUP-6806-23,12/03/2026,ST,PENDENTE,,,,,17360-26,,-17.75444687,-54.7530292
SUP-6806-23,12/03/2026,ST,PENDENTE,,,,,17360-26,,-17.75354346,-54.75312579
SUP-6806-23,12/03/2026,ST,PENDENTE,,,,,17360-26,,-17.75263938,-54.7532312
SUP-6806-23,12/03/2026,ST,PENDENTE,,,,,17360-26,,-17.75268761,-54.7534487
SUP-6806-23,12/03/2026,ST,PENDENTE,,,,,17360-26,,-17.7517415,-54.75344343
SUP-6806-23,12/03/2026,ST,PENDENTE,,,,,17360-26,,-17.75087738,-54.75368998
SUP-6806-23,12/03/2026,ST,PENDENTE,,,,,17360-26,,-17.75000783,-54.75393522
SUP-6806-23,12/03/2026,ST,PENDENTE,,,,,17360-26,,-17.74912269,-54.75410965
SUP-6806-23,12/03/2026,ST,PENDENTE,,,,,17360-26,,-17.74824985,-54.75428722
SUP-6806-23,08/04/2026,ST,PENDENTE,,,,,17501-26,,-17.74871121,-54.75407915
SUP-6806-23,12/03/2026,ST,PENDENTE,,,,,17360-26,,-17.74736758,-54.75447538
SUP-6806-23,12/03/2026,ST,PENDENTE,,,,,17360-26,,-17.74648577,-54.75465013
SUP-6806-23,12/03/2026,ST,PENDENTE,,,,,17360-26,,-17.74559015,-54.75482695
SUP-6806-23,12/03/2026,ST,PENDENTE,,,,,17360-26,,-17.74470128,-54.75500408
SUP-6806-23,12/03/2026,ST,PENDENTE,,,,,17360-26,,-17.74381272,-54.75518583
SUP-6806-23,12/03/2026,ST,PENDENTE,,,,,17360-26,,-17.74292824,-54.75536278
SUP-6806-23,12/03/2026,ST,PENDENTE,,,,,17360-26,,-17.74204561,-54.75553227
SUP-6806-23,12/03/2026,ST,PENDENTE,,,,,17360-26,,-17.7411571,-54.75570926
SUP-6806-23,12/03/2026,ST,PENDENTE,,,,,17360-26,,-17.74026383,-54.75588831
SUP-6806-23,12/03/2026,ST,PENDENTE,,,,,17360-26,,-17.73937186,-54.75605187
SUP-6806-23,12/03/2026,ST,PENDENTE,,,,,17360-26,,-17.73849244,-54.75622236
SUP-6806-23,12/03/2026,ST,PENDENTE,,,,,17360-26,,-17.73761768,-54.75640574
SUP-6806-23,12/03/2026,ST,PENDENTE,,,,,17360-26,,-17.73673927,-54.75658526
SUP-6806-23,12/03/2026,ST,PENDENTE,,,,,17360-26,,-17.73587,-54.75675335
SUP-6806-23,12/03/2026,ST,PENDENTE,,,,,17360-26,,-17.73497939,-54.75695036
SUP-6806-23,12/03/2026,ST,PENDENTE,,,,,17360-26,,-17.73408845,-54.75712047
SUP-6806-23,12/03/2026,ST,PENDENTE,,,,,17360-26,,-17.73320851,-54.75727111
SUP-6806-23,12/03/2026,ST,PENDENTE,,,,,17360-26,,-17.73151302,-54.75736037
SUP-6806-23,12/03/2026,ST,PENDENTE,,,,,17360-26,,-17.73061745,-54.75728407
SUP-6806-23,12/03/2026,ST,PENDENTE,,,,,17360-26,,-17.73230262,-54.75737124
SUP-6806-23,08/04/2026,ST,PENDENTE,,,,,17501-26,,-17.73675055,-54.75646152
SUP-6806-23,12/03/2026,ST,PENDENTE,,,,,17360-26,,-17.72973521,-54.75710519
SUP-6806-23,12/03/2026,ST,PENDENTE,,,,,17360-26,,-17.728867,-54.75689142
SUP-6806-23,12/03/2026,ST,PENDENTE,,,,,17360-26,,-17.72709754,-54.75647565
SUP-6806-23,12/03/2026,ST,PENDENTE,,,,,17360-26,,-17.72622973,-54.75625198
SUP-6806-23,12/03/2026,ST,PENDENTE,,,,,17360-26,,-17.72535118,-54.75604872
SUP-6806-23,12/03/2026,ST,PENDENTE,,,,,17360-26,,-17.72446657,-54.75584341
SUP-6806-23,12/03/2026,ST,PENDENTE,,,,,17360-26,,-17.72801308,-54.7566894
SUP-6806-23,17/03/2026,ST,PENDENTE,,,,,17380-26,,-17.64992854,-54.74799791
SUP-6806-23,17/03/2026,ST,PENDENTE,,,,,17380-26,,-17.64901581,-54.74793739
SUP-6806-23,17/03/2026,ST,PENDENTE,,,,,17380-26,,-17.64811851,-54.7478576
SUP-6806-23,17/03/2026,ST,PENDENTE,,,,,17380-26,,-17.64722483,-54.74772567
SUP-6806-23,17/03/2026,ST,PENDENTE,,,,,17380-26,,-17.64596305,-54.74772319
SUP-6806-23,17/03/2026,ST,PENDENTE,,,,,17380-26,,-17.64497201,-54.74762211
SUP-6806-23,17/03/2026,ST,PENDENTE,,,,,17380-26,,-17.64412612,-54.74731791
SUP-6806-23,17/03/2026,ST,PENDENTE,,,,,17380-26,,-17.64322274,-54.74738282
SUP-6806-23,08/04/2026,ST,PENDENTE,,,,,17501-26,,-17.64361679,-54.7471291
SUP-6806-23,17/03/2026,ST,PENDENTE,,,,,17380-26,,-17.64240168,-54.7470249
SUP-6806-23,17/03/2026,ST,PENDENTE,,,,,17380-26,,-17.64123039,-54.74704627
SUP-6806-23,17/03/2026,ST,PENDENTE,,,,,17380-26,,-17.64633941,-54.74750797
SUP-6806-23,17/03/2026,ST,PENDENTE,,,,,17380-26,,-17.64180073,-54.74716123
SUP-6806-23,17/03/2026,ST,PENDENTE,,,,,17380-26,,-17.64037125,-54.74675221
SUP-6806-23,17/03/2026,ST,PENDENTE,,,,,17380-26,,-17.63946679,-54.74671499
SUP-6806-23,17/03/2026,ST,PENDENTE,,,,,17380-26,,-17.63856086,-54.74662694
SUP-6806-23,17/03/2026,ST,PENDENTE,,,,,17380-26,,-17.63766763,-54.74650031
SUP-6806-23,17/03/2026,ST,PENDENTE,,,,,17380-26,,-17.6367583,-54.74637689
SUP-6806-23,17/03/2026,ST,PENDENTE,,,,,17380-26,,-17.63586032,-54.74624548
SUP-6806-23,17/03/2026,ST,PENDENTE,,,,,17380-26,,-17.63497218,-54.74612153
SUP-6806-23,17/03/2026,ST,PENDENTE,,,,,17380-26,,-17.63407924,-54.74598895
SUP-6806-23,17/03/2026,ST,PENDENTE,,,,,17380-26,,-17.63318059,-54.74586769
SUP-6806-23,17/03/2026,ST,PENDENTE,,,,,17380-26,,-17.63228195,-54.74573908
SUP-6806-23,17/03/2026,ST,PENDENTE,,,,,17380-26,,-17.63138723,-54.74561557
SUP-6806-23,17/03/2026,ST,PENDENTE,,,,,17380-26,,-17.6304909,-54.74549009
SUP-6806-23,17/03/2026,ST,PENDENTE,,,,,17380-26,,-17.62959997,-54.74536829
SUP-6806-23,17/03/2026,ST,PENDENTE,,,,,17380-26,,-17.62870416,-54.74524419
SUP-6806-23,17/03/2026,ST,PENDENTE,,,,,17380-26,,-17.62779111,-54.74511491
SUP-6806-23,17/03/2026,ST,PENDENTE,,,,,17380-26,,-17.62688889,-54.7449929
SUP-6806-23,17/03/2026,ST,PENDENTE,,,,,17380-26,,-17.62599447,-54.74487079
SUP-6806-23,17/03/2026,ST,PENDENTE,,,,,17380-26,,-17.6251018,-54.74474472
SUP-6806-23,17/03/2026,ST,PENDENTE,,,,,17380-26,,-17.62421374,-54.74462538
SUP-6806-23,17/03/2026,ST,PENDENTE,,,,,17380-26,,-17.62331376,-54.74450417
SUP-6806-23,17/03/2026,ST,PENDENTE,,,,,17380-26,,-17.62241178,-54.74437662
SUP-6806-23,17/03/2026,ST,PENDENTE,,,,,17380-26,,-17.62151808,-54.74425366
SUP-6806-23,17/03/2026,ST,PENDENTE,,,,,17380-26,,-17.62063392,-54.74416291
SUP-6806-23,17/03/2026,ST,PENDENTE,,,,,17380-26,,-17.61972332,-54.74409513
SUP-6806-23,17/03/2026,ST,PENDENTE,,,,,17380-26,,-17.61882633,-54.74401173
SUP-6806-23,17/03/2026,ST,PENDENTE,,,,,17380-26,,-17.61790803,-54.74400666
SUP-6806-23,17/03/2026,ST,PENDENTE,,,,,17380-26,,-17.61701353,-54.74399945
SUP-6806-23,17/03/2026,ST,PENDENTE,,,,,17380-26,,-17.61634648,-54.74399751
SUP-6806-23,17/03/2026,ST,PENDENTE,,,,,17380-26,,-17.61479627,-54.74411818
SUP-6806-23,17/03/2026,ST,PENDENTE,,,,,17380-26,,-17.61389219,-54.74420091
SUP-6806-23,17/03/2026,ST,PENDENTE,,,,,17380-26,,-17.61558944,-54.74405013
SUP-6806-23,17/03/2026,ST,PENDENTE,,,,,17380-26,,-17.6129929,-54.74434323
SUP-6806-23,17/03/2026,ST,PENDENTE,,,,,17380-26,,-17.6121061,-54.74448957
SUP-6806-23,17/03/2026,ST,PENDENTE,,,,,17380-26,,-17.61121198,-54.74464644
SUP-6806-23,17/03/2026,ST,PENDENTE,,,,,17380-26,,-17.61032464,-54.74484546
SUP-6806-23,17/03/2026,ST,PENDENTE,,,,,17380-26,,-17.60944949,-54.74503424
SUP-6806-23,17/03/2026,ST,PENDENTE,,,,,17380-26,,-17.60856802,-54.74523952
SUP-6806-23,17/03/2026,ST,PENDENTE,,,,,17380-26,,-17.60768452,-54.74543947
SUP-6806-23,17/03/2026,ST,PENDENTE,,,,,17380-26,,-17.60679571,-54.74561634
SUP-6806-23,17/03/2026,ST,PENDENTE,,,,,17380-26,,-17.60590573,-54.74578282
SUP-6806-23,17/03/2026,ST,PENDENTE,,,,,17380-26,,-17.60501338,-54.74589807
SUP-6806-23,17/03/2026,ST,PENDENTE,,,,,17380-26,,-17.60412329,-54.74601373
SUP-6806-23,17/03/2026,ST,PENDENTE,,,,,17380-26,,-17.60321115,-54.74607393
SUP-6806-23,17/03/2026,ST,PENDENTE,,,,,17380-26,,-17.60236508,-54.7461337
SUP-6806-23,17/03/2026,ST,PENDENTE,,,,,17380-26,,-17.60144878,-54.74614424
SUP-6806-23,17/03/2026,ST,PENDENTE,,,,,17380-26,,-17.60054119,-54.74614886
SUP-6806-23,17/03/2026,ST,PENDENTE,,,,,17380-26,,-17.59963489,-54.74610344
SUP-6806-23,17/03/2026,ST,PENDENTE,,,,,17380-26,,-17.59871654,-54.74603972
SUP-6806-23,17/03/2026,ST,PENDENTE,,,,,17380-26,,-17.59784591,-54.74588108
SUP-6806-23,17/03/2026,ST,PENDENTE,,,,,17380-26,,-17.59694068,-54.74567762
SUP-6806-23,17/03/2026,ST,PENDENTE,,,,,17380-26,,-17.59657784,-54.74579819
SUP-6806-23,17/03/2026,ST,PENDENTE,,,,,17380-26,,-17.59570989,-54.74547954
SUP-6806-23,17/03/2026,ST,PENDENTE,,,,,17380-26,,-17.59479766,-54.74540188
SUP-6806-23,17/03/2026,ST,PENDENTE,,,,,17380-26,,-17.59389096,-54.74527515
SUP-6806-23,17/03/2026,ST,PENDENTE,,,,,17380-26,,-17.59299993,-54.74511407
SUP-6806-23,17/03/2026,ST,PENDENTE,,,,,17380-26,,-17.5914334,-54.74478579
SUP-6806-23,17/03/2026,ST,PENDENTE,,,,,17380-26,,-17.58986917,-54.74431641
SUP-6806-23,17/03/2026,ST,PENDENTE,,,,,17380-26,,-17.58899295,-54.74410374
SUP-6806-23,17/03/2026,ST,PENDENTE,,,,,17380-26,,-17.58889137,-54.74429804
SUP-6806-23,17/03/2026,ST,PENDENTE,,,,,17380-26,,-17.58809901,-54.7439843
SUP-6806-23,17/03/2026,ST,PENDENTE,,,,,17380-26,,-17.58719734,-54.74388685
SUP-6806-23,17/03/2026,ST,PENDENTE,,,,,17380-26,,-17.59423366,-54.74565122
SUP-6806-23,08/04/2026,ST,PENDENTE,,,,,17501-26,,-17.59564279,-54.7458712
SUP-6806-23,17/03/2026,ST,PENDENTE,,,,,17380-26,,-17.59225949,-54.74495851
SUP-6806-23,08/04/2026,ST,PENDENTE,,,,,17501-26,,-17.59347776,-54.74543915
SUP-6806-23,17/03/2026,ST,PENDENTE,,,,,17380-26,,-17.59130251,-54.74532304
SUP-6806-23,08/04/2026,ST,PENDENTE,,,,,17501-26,,-17.59261046,-54.74525248
SUP-6806-23,17/03/2026,ST,PENDENTE,,,,,17380-26,,-17.59067443,-54.74455943
SUP-6806-23,08/04/2026,ST,PENDENTE,,,,,17501-26,,-17.59010021,-54.74474818
SUP-6806-23,17/03/2026,ST,PENDENTE,,,,,17380-26,,-17.58631584,-54.74372932
SUP-6806-23,17/03/2026,ST,PENDENTE,,,,,17380-26,,-17.58543866,-54.74354941
SUP-6806-23,17/03/2026,ST,PENDENTE,,,,,17380-26,,-17.58455302,-54.74338288
SUP-6806-23,17/03/2026,ST,PENDENTE,,,,,17380-26,,-17.58367167,-54.74320617
SUP-6806-23,17/03/2026,ST,PENDENTE,,,,,17380-26,,-17.58278568,-54.74303623
SUP-6806-23,17/03/2026,ST,PENDENTE,,,,,17380-26,,-17.58188948,-54.7428548
SUP-6806-23,17/03/2026,ST,PENDENTE,,,,,17380-26,,-17.58099617,-54.74268136
SUP-6806-23,17/03/2026,ST,PENDENTE,,,,,17380-26,,-17.58010467,-54.7425053
SUP-6806-23,17/03/2026,ST,PENDENTE,,,,,17380-26,,-17.57922399,-54.74233142
SUP-6806-23,17/03/2026,ST,PENDENTE,,,,,17380-26,,-17.57832556,-54.7421519
SUP-6806-23,17/03/2026,ST,PENDENTE,,,,,17380-26,,-17.57685527,-54.74185617
SUP-6806-23,17/03/2026,ST,PENDENTE,,,,,17380-26,,-17.57597068,-54.74167486
SUP-6806-23,17/03/2026,ST,PENDENTE,,,,,17380-26,,-17.57510898,-54.74140605
SUP-6806-23,17/03/2026,ST,PENDENTE,,,,,17380-26,,-17.5742262,-54.74117513
SUP-6806-23,17/03/2026,ST,PENDENTE,,,,,17380-26,,-17.57364799,-54.74124867
SUP-6806-23,17/03/2026,ST,PENDENTE,,,,,17380-26,,-17.57279979,-54.74093535
SUP-6806-23,17/03/2026,ST,PENDENTE,,,,,17380-26,,-17.57189537,-54.74085815
SUP-6806-23,17/03/2026,ST,PENDENTE,,,,,17380-26,,-17.57099284,-54.74073523
SUP-6806-23,17/03/2026,ST,PENDENTE,,,,,17380-26,,-17.57010152,-54.74061095
SUP-6806-23,17/03/2026,ST,PENDENTE,,,,,17380-26,,-17.57758627,-54.74199609
SUP-6806-23,17/03/2026,ST,PENDENTE,,,,,17380-26,,-17.57451233,-54.74149476
SUP-6806-23,17/03/2026,ST,PENDENTE,,,,,17380-26,,-17.56920834,-54.74050712
SUP-6806-23,17/03/2026,ST,PENDENTE,,,,,17380-26,,-17.5683041,-54.74044537
SUP-6806-23,17/03/2026,ST,PENDENTE,,,,,17380-26,,-17.56740095,-54.74038994
SUP-6806-23,17/03/2026,ST,PENDENTE,,,,,17380-26,,-17.56653636,-54.74037978
SUP-6806-23,17/03/2026,ST,PENDENTE,,,,,17380-26,,-17.56496421,-54.74040467
SUP-6806-23,17/03/2026,ST,PENDENTE,,,,,17380-26,,-17.56405609,-54.74044738
SUP-6806-23,17/03/2026,ST,PENDENTE,,,,,17380-26,,-17.56315356,-54.7405196
SUP-6806-23,17/03/2026,ST,PENDENTE,,,,,17380-26,,-17.56224893,-54.7405916
SUP-6806-23,17/03/2026,ST,PENDENTE,,,,,17380-26,,-17.561352,-54.74066132
SUP-6806-23,17/03/2026,ST,PENDENTE,,,,,17380-26,,-17.56044755,-54.74072709
SUP-6806-23,17/03/2026,ST,PENDENTE,,,,,17380-26,,-17.56148286,-54.74047472
SUP-6806-23,17/03/2026,ST,PENDENTE,,,,,17380-26,,-17.55954478,-54.7407962
SUP-6806-23,17/03/2026,ST,PENDENTE,,,,,17380-26,,-17.55864557,-54.74086583
SUP-6806-23,17/03/2026,ST,PENDENTE,,,,,17380-26,,-17.55773757,-54.74093635
SUP-6806-23,17/03/2026,ST,PENDENTE,,,,,17380-26,,-17.55682853,-54.74100626
SUP-6806-23,17/03/2026,ST,PENDENTE,,,,,17380-26,,-17.55592698,-54.74107468
SUP-6806-23,17/03/2026,ST,PENDENTE,,,,,17380-26,,-17.55502301,-54.74114423
SUP-6806-23,17/03/2026,ST,PENDENTE,,,,,17380-26,,-17.55411156,-54.74120653
SUP-6806-23,17/03/2026,ST,PENDENTE,,,,,17380-26,,-17.5532042,-54.74124769
SUP-6806-23,17/03/2026,ST,PENDENTE,,,,,17380-26,,-17.55230123,-54.74127125
SUP-6806-23,17/03/2026,ST,PENDENTE,,,,,17380-26,,-17.55139543,-54.74125761
SUP-6806-23,17/03/2026,ST,PENDENTE,,,,,17380-26,,-17.55048744,-54.74122953
SUP-6806-23,17/03/2026,ST,PENDENTE,,,,,17380-26,,-17.54958592,-54.74120139
SUP-6806-23,17/03/2026,ST,PENDENTE,,,,,17380-26,,-17.54867889,-54.74116429
SUP-6806-23,17/03/2026,ST,PENDENTE,,,,,17380-26,,-17.54777617,-54.74112204
SUP-6806-23,17/03/2026,ST,PENDENTE,,,,,17380-26,,-17.54687426,-54.74108635
SUP-6806-23,17/03/2026,ST,PENDENTE,,,,,17380-26,,-17.54597831,-54.74105272
SUP-6806-23,17/03/2026,ST,PENDENTE,,,,,17380-26,,-17.54507945,-54.74101193
SUP-6806-23,17/03/2026,ST,PENDENTE,,,,,17380-26,,-17.54416481,-54.74097301
SUP-6806-23,17/03/2026,ST,PENDENTE,,,,,17380-26,,-17.54326184,-54.74093749
SUP-6806-23,17/03/2026,ST,PENDENTE,,,,,17380-26,,-17.54235806,-54.7409014
SUP-6806-23,17/03/2026,ST,PENDENTE,,,,,17380-26,,-17.54145878,-54.7408625
SUP-6806-23,17/03/2026,ST,PENDENTE,,,,,17380-26,,-17.54056143,-54.74082366
SUP-6806-23,17/03/2026,ST,PENDENTE,,,,,17380-26,,-17.53965806,-54.74079424
SUP-6806-23,17/03/2026,ST,PENDENTE,,,,,17380-26,,-17.5387516,-54.74075255
SUP-6806-23,17/03/2026,ST,PENDENTE,,,,,17380-26,,-17.53466548,-54.74058276
SUP-6806-23,17/03/2026,ST,PENDENTE,,,,,17380-26,,-17.53375001,-54.74053305
SUP-6806-23,17/03/2026,ST,PENDENTE,,,,,17380-26,,-17.53284855,-54.74051177
SUP-6806-23,17/03/2026,ST,PENDENTE,,,,,17380-26,,-17.53194559,-54.7404764
SUP-6806-23,17/03/2026,ST,PENDENTE,,,,,17380-26,,-17.53104025,-54.74043868
SUP-6806-23,17/03/2026,ST,PENDENTE,,,,,17380-26,,-17.53013817,-54.74039654
SUP-6806-23,17/03/2026,ST,PENDENTE,,,,,17380-26,,-17.52924739,-54.74036004
SUP-6806-23,17/03/2026,ST,PENDENTE,,,,,17380-26,,-17.5283361,-54.74032142
SUP-6806-23,17/03/2026,ST,PENDENTE,,,,,17380-26,,-17.52743155,-54.74027723
SUP-6806-23,17/03/2026,ST,PENDENTE,,,,,17380-26,,-17.53048647,-54.74029849
SUP-8551-26,20/08/2026,ST,PENDENTE,,,,,17938-26,,-23.52557314,-46.34409032
SUP-8551-26,20/08/2026,ST,PENDENTE,,,,,17938-26,,-23.52595072,-46.34429004
SUP-8551-26,20/08/2026,ST,PENDENTE,,,,,17939-26,,-23.51353259,-46.55210192
SUP-8551-26,20/08/2026,ST,PENDENTE,,,,,17939-26,,-23.51324633,-46.5527351
SUP-8551-26,20/08/2026,ST,PENDENTE,,,,,17940-26,,-23.48757372,-46.46396229
SUP-8551-26,20/08/2026,ST,PENDENTE,,,,,17940-26,,-23.48744038,-46.46373562
SUP-8551-26,20/08/2026,ST,PENDENTE,,,,,17941-26,,-23.49208597,-46.45369185
SUP-8551-26,20/08/2026,ST,PENDENTE,,,,,17941-26,,-23.49168227,-46.45340346
SUP-8551-26,20/08/2026,ST,PENDENTE,,,,,17942-26,,-23.48764727,-46.34141429
SUP-8551-26,20/08/2026,ST,PENDENTE,,,,,17943-26,,-23.48816648,-46.34404369
SUP-8551-26,20/08/2026,ST,PENDENTE,,,,,17942-26,,-23.48789911,-46.34153434
SUP-8551-26,20/08/2026,ST,PENDENTE,,,,,17943-26,,-23.48853867,-46.34382225
SUP-8408-26,30/07/2026,ST,PENDENTE,,,,,17891-26,,-23.06150647,-49.63979612
SUP-8408-26,30/07/2026,ST,PENDENTE,,,,,17891-26,,-23.06157999,-49.64055817
SUP-8408-26,30/07/2026,ST,PENDENTE,,,,,17891-26,,-23.06061178,-49.64631945
SUP-8408-26,30/07/2026,ST,PENDENTE,,,,,17891-26,,-23.06038782,-49.64727006
SUP-8408-26,30/07/2026,ST,PENDENTE,,,,,17891-26,,-23.06017562,-49.64821016
SUP-8408-26,30/07/2026,ST,PENDENTE,,,,,17891-26,,-23.05617358,-49.66623809
SUP-8408-26,30/07/2026,ST,PENDENTE,,,,,17891-26,,-23.05566646,-49.66711187
SUP-8408-26,30/07/2026,ST,PENDENTE,,,,,17891-26,,-23.05520998,-49.66900102
SUP-8408-26,30/07/2026,ST,PENDENTE,,,,,17891-26,,-23.05485925,-49.670917
SUP-8408-26,30/07/2026,ST,PENDENTE,,,,,17891-26,,-23.04822418,-49.70031135
SUP-8408-26,30/07/2026,ST,PENDENTE,,,,,17891-26,,-23.0480005,-49.70124934
SUP-8408-26,30/07/2026,ST,PENDENTE,,,,,17891-26,,-23.04778743,-49.70219291
SUP-8408-26,30/07/2026,ST,PENDENTE,,,,,17891-26,,-23.04764263,-49.70316347
SUP-8408-26,30/07/2026,ST,PENDENTE,,,,,17891-26,,-23.04742893,-49.70411259
SUP-8408-26,30/07/2026,ST,PENDENTE,,,,,17891-26,,-23.04723091,-49.70505246
SUP-8408-26,30/07/2026,ST,PENDENTE,,,,,17891-26,,-23.04709626,-49.70599893
SUP-8408-26,30/07/2026,ST,PENDENTE,,,,,17891-26,,-23.04663491,-49.70838179
SUP-8408-26,30/07/2026,ST,PENDENTE,,,,,17891-26,,-23.0464494,-49.70925609
SUP-8408-26,10/08/2026,ST,PENDENTE,,,,,17913-26,,-23.01642523,-49.77136442
SUP-8408-26,30/07/2026,ST,PENDENTE,,,,,17891-26,,-23.01447759,-49.77389508
SUP-8408-26,30/07/2026,ST,PENDENTE,,,,,17891-26,,-23.01353805,-49.77426084
SUP-8408-26,30/07/2026,ST,PENDENTE,,,,,17891-26,,-23.01301856,-49.77445289
SUP-8408-26,30/07/2026,ST,PENDENTE,,,,,17891-26,,-23.01403302,-49.77462962
SUP-8408-26,30/07/2026,ST,PENDENTE,,,,,17891-26,,-23.01395848,-49.77535486
SUP-8408-26,30/07/2026,ST,PENDENTE,,,,,17891-26,,-23.01093018,-49.79333051
SUP-8408-26,30/07/2026,ST,PENDENTE,,,,,17891-26,,-23.01089873,-49.79734963
SUP-8848-26,20/08/2026,ST,PENDENTE,,,,,17944-26,,-23.73180632,-46.88383535
SUP-8848-26,20/08/2026,ST,PENDENTE,,,,,17944-26,,-23.73181257,-46.88370264
SUP-8848-26,20/08/2026,ST,PENDENTE,,,,,17944-26,,-23.73727691,-46.86995568
SUP-8848-26,20/08/2026,ST,PENDENTE,,,,,17944-26,,-23.73766063,-46.86971448
SUP-8848-26,20/08/2026,ST,PENDENTE,,,,,17944-26,,-23.73708236,-46.85182525
SUP-8848-26,20/08/2026,ST,PENDENTE,,,,,17944-26,,-23.73654475,-46.85151415
SUP-6806-23,26/06/2026,ST,PENDENTE,,,,,17788-26,,-20.14302404,-54.44015373
SUP-6806-23,02/07/2026,ST,PENDENTE,,,,,17790-26,,-19.45263182,-54.5192152
SUP-6806-23,26/06/2026,ST,PENDENTE,,,,,17791-26,,-18.68919795,-54.81649093
SUP-6806-23,26/06/2026,ST,PENDENTE,,,,,17788-26,,-20.14251961,-54.44023844
SUP-6806-23,02/07/2026,ST,PENDENTE,,,,,17790-26,,-19.45202724,-54.51990985
SUP-6806-23,26/06/2026,ST,PENDENTE,,,,,17791-26,,-18.68985108,-54.81672899
SUP-7593-24,06/08/2026,SM,PENDENTE,,,,,17903-26,,-20.26663258,-43.95649113
SUP-7593-24,24/08/2026,SM,PENDENTE,,,,,17964-26,,-20.49672104,-43.83704847
SUP-7593-24,24/08/2026,SM,PENDENTE,,,,,17964-26,,-20.51081907,-43.8403176
SUP-7593-24,24/08/2026,SM,PENDENTE,,,,,17964-26,,-20.51409891,-43.83918408
SUP-7593-24,24/08/2026,SM,PENDENTE,,,,,17964-26,,-20.51442872,-43.83931419
SUP-7593-24,24/08/2026,SM,PENDENTE,,,,,17964-26,,-20.5147308,-43.83904645
SUP-7769-24,17/07/2026,SM,PENDENTE,,,,,17828-26,,-18.8842078,-48.04017977
SUP-7769-24,17/07/2026,SM,PENDENTE,,,,,17828-26,,-18.88139376,-48.04773143
SUP-7769-24,17/07/2026,SM,PENDENTE,,,,,17828-26,,-18.871779,-48.084338
SUP-7769-24,17/07/2026,SM,PENDENTE,,,,,17828-26,,-18.875502,-48.091462
SUP-7769-24,17/07/2026,SM,PENDENTE,,,,,17828-26,,-18.88356334,-48.10935403
SUP-6498-23,02/06/2026,BL,PENDENTE,,,,,17671-26,,-23.0334699,-44.18021591
SUP-6498-23,02/06/2026,BL,PENDENTE,,,,,17671-26,,-23.03874885,-44.18451376
SUP-6498-23,02/06/2026,BL,PENDENTE,,,,,17671-26,,-23.03048264,-44.2072772
SUP-6498-23,02/06/2026,BL,PENDENTE,,,,,17671-26,,-23.02732938,-44.21804401
SUP-6498-23,02/06/2026,BL,PENDENTE,,,,,17671-26,,-23.01873175,-44.21472337
SUP-6498-23,02/06/2026,BL,PENDENTE,,,,,17671-26,,-23.0160642,-44.2123285
SUP-6498-23,02/06/2026,BL,PENDENTE,,,,,17671-26,,-23.010412,-44.20937255
SUP-6498-23,02/06/2026,BL,PENDENTE,,,,,17671-26,,-23.00745291,-44.21536437
SUP-6498-23,02/06/2026,BL,PENDENTE,,,,,17671-26,,-23.00586134,-44.21578889
SUP-6498-23,02/06/2026,BL,PENDENTE,,,,,17671-26,,-23.00142542,-44.2277032
SUP-6498-23,02/06/2026,BL,PENDENTE,,,,,17671-26,,-22.99128674,-44.24567904
SUP-6498-23,02/06/2026,BL,PENDENTE,,,,,17671-26,,-23.00366985,-44.25903524
SUP-6498-23,02/06/2026,BL,PENDENTE,,,,,17671-26,,-23.00296409,-44.26247631
SUP-6498-23,02/06/2026,BL,PENDENTE,,,,,17671-26,,-23.01217125,-44.28843696
SUP-6498-23,02/06/2026,BL,PENDENTE,,,,,17671-26,,-23.00627557,-44.29448326
SUP-8848-26,20/08/2026,VT,PENDENTE,,,,,17944-26,,-23.73180543,-46.88383435
SUP-8848-26,20/08/2026,VT,PENDENTE,,,,,17944-26,,-23.73181168,-46.88370164
SUP-8848-26,20/08/2026,VT,PENDENTE,,,,,17944-26,,-23.73727602,-46.86995468
SUP-8848-26,20/08/2026,VT,PENDENTE,,,,,17944-26,,-23.73765974,-46.86971349
SUP-8848-26,20/08/2026,VT,PENDENTE,,,,,17944-26,,-23.73708147,-46.85182426
SUP-8848-26,20/08/2026,VT,PENDENTE,,,,,17944-26,,-23.73654386,-46.85151316
SUP-6806-23,28/07/2026,VT,PENDENTE,,,,,17722-26,,-21.11219227,-54.48412997
SUP-6806-23,28/07/2026,VT,PENDENTE,,,,,17722-26,,-21.11205096,-54.484258
SUP-6806-23,28/07/2026,VT,PENDENTE,,,,,17722-26,,-21.09068555,-54.48930557
SUP-6806-23,28/07/2026,VT,PENDENTE,,,,,17722-26,,-21.04412461,-54.50062703
SUP-6806-23,28/07/2026,VT,PENDENTE,,,,,17722-26,,-21.04409278,-54.5002761
SUP-6806-23,28/07/2026,VT,PENDENTE,,,,,17722-26,,-20.96148159,-54.50320902
SUP-6806-23,28/07/2026,VT,PENDENTE,,,,,17722-26,,-20.91038569,-54.49954781
SUP-6806-23,04/08/2026,VT,PENDENTE,,,,,17894-26,,-20.60593533,-54.57761117
SUP-6806-23,04/08/2026,VT,PENDENTE,,,,,17894-26,,-20.60500512,-54.57768188
SUP-6806-23,04/08/2026,VT,PENDENTE,,,,,17895-26,,-20.48279409,-54.55909273
SUP-6806-23,04/08/2026,VT,PENDENTE,,,,,17895-26,,-20.40072782,-54.55490031
SUP-7133-24,20/08/2026,VT,PENDENTE,,,,,17948-26,,-25.05691848,-50.33096808
SUP-7133-24,20/08/2026,VT,PENDENTE,,,,,17948-26,,-25.07376102,-50.39614034
SUP-7133-24,20/08/2026,VT,PENDENTE,,,,,17948-26,,-25.0567425,-50.33316177
SUP-6806-23,22/06/2026,VT,PENDENTE,,,,,17734-26,,-20.71040016,-54.54610732
SUP-6806-23,22/06/2026,VT,PENDENTE,,,,,17734-26,,-20.71032576,-54.54583106
